순번,회사명,공장대표주소,업종명,전화번호
1, 나현섬유,"부산광역시 강서구 녹산산단362로 17, 1742-1번지 (송정동)",어망 및 기타 끈 가공품 제조업,051-832-1217
2, 대호,부산광역시 강서구 녹산산단261로60번길 40 (송정동),구조용 금속 판제품 및 공작물 제조업 외 1종,미등록
3, 빵내음주식회사,부산광역시 강서구 낙동북로138번길 17-1 (강동동),빵류 제조업,미등록
4, 주식회사 케이앤에프트레이드,"부산광역시 강서구 미음산단3로 88(미음동, (주)한국비철 부산지점)",그 외 기타 특수목적용 기계 제조업,02-333-4363
5,(사)골든장애인협회 사업단,"부산광역시 사하구 보덕포1길 100, B동, 지하1층 (장림동)",기타 음향기기 제조업 외 6종,051-311-1791
6,(사)골든장애인협회사업단,"부산광역시 사상구 새벽로121번길 21, 2층 (감전동)",배전반 및 전기 자동제어반 제조업 외 7종,051-464-1791
7,(사)부산16개구군장애인법인연합회,부산광역시 사상구 장인로37번길 13-13(감전동),배전반 및 전기 자동제어반 제조업 외 2종,051-552-1597
8,(사)부산고등어식품전략사업단,부산광역시 서구 원양로 242 (암남동),기타 수산동물 가공 및 저장 처리업,051-714-7140
9,(사)부산광역시부산진구장애인협회 희망피복사업소,"부산광역시 북구 기찰로 181-7, 2층(만덕동, 광덕물산)",편조의복 제조업 외 6종,051-338-5556
10,(사)친환경복지가로누리,부산광역시 기장군 정관읍 곰내길 603-30,"치약, 비누 및 기타 세제 제조업",051-900-0880
11,(사)하나복지회 피복사업장,"부산광역시 사하구 다대로354번안길 20, 2층(장림동)",남자용 겉옷 제조업 외 24종,051-262-6911
12,(사)한국신체장애인복지회봉제사업부,"부산광역시 사상구 사상로 415, 3층(모라동, (주)제이드엠)",남자용 겉옷 제조업 외 13종,051-363-9392
13,(사)한국장애인공존협회,"부산광역시 기장군 정관읍 예림1로 82, 주2",전구 및 램프 제조업 외 2종,051-521-8815
14,(사)한국장애인공존협회 정관지점,부산광역시 기장군 정관읍 예림1로 82,직물포대 제조업 외 2종,051-521-8815
15,(사)한국장애인녹색재단 녹색섬유사업단,"부산광역시 북구 구만덕로60번길 52, 3층(만덕동)",침구 및 관련제품 제조업 외 12종,051-332-3002
16,(사)한국장애인녹색재단 녹색섬유사업단,"부산광역시 북구 만덕2로44번길 72, 106동비01호 (만덕동, 대성종합상가)",침구 및 관련제품 제조업,051-332-3002
17,(사)한국장애인자립협회,부산광역시 강서구 체육공원로52번길 84-1 (대저1동),위생용 종이제품 제조업,051-959-4511
18,(사복)영광직업재활원,부산광역시 해운대구 삼어로91번길 11 (반여동),기타 편조의복 액세서리 제조업,051-523-5421
19,(유)고려금속,부산광역시 강서구 상덕로49번길 135 (강동동),그 외 기타 분류 안된 금속 가공 제품 제조업 외 1종,051-972-0813
20,(유)광명금속,부산광역시 강서구 녹산산업중로 354 (송정동),강주물 주조업,051-972-1300
21,(유)극동산업기계,부산광역시 사상구 학감대로147번길 54 (학장동),그 외 기타 일반목적용 기계 제조업 외 1종,051-325-1161
22,(유)대동,부산광역시 사하구 다산로 212 (다대동),기타 가정용 전기기기 제조업 외 6종,051-264-8833
23,(유)류진글로벌,부산광역시 기장군 장안읍 장안산단4로 78,그 외 기타 전자부품 제조업 외 4종,051-723-7778
24,(유)미화프라스틱,부산광역시 기장군 정관면 산단2로 16-6 ((주)미화 플라스틱),그 외 자동차용 신품 부품 제조업 외 3종,051-303-0554
25,(유)비씨코로텍,부산광역시 강서구 낙동남로683번길 15 (녹산동),선박 구성 부분품 제조업,051-412-8551
26,(유)신아종합,부산광역시 서구 충무대로241번길 5-16 (남부민동),기타 무선 통신장비 제조업 외 1종,051-241-6151
27,(유)태린세이프티인터내셔날,"부산광역시 사상구 모덕로96번길 55, 3층(덕포동)",구두류 제조업 외 2종,051-325-7775
28,(유)프라이그파이스트,부산광역시 강서구 녹산산단27로 19 (송정동),"탭, 밸브 및 유사장치 제조업 외 3종",051-831-6985
29,(유)피피지코리아,부산광역시 남구 신선로356번길 21 (용당동),일반용 도료 및 관련제품 제조업,051-620-8221
30,(재)부산테크노파크,부산광역시 기장군 일광면 횡계길 7 (해양생물산업육성센터),화장품 제조업,051-720-8926
31,(재)부산테크노파크,"부산광역시 강서구 녹산산단382로14번길 55 (송정동, 부산광역시 신발산업진흥센타)",기타 신발 제조업 외 1종,051-600-1700
32,(주) 대성FNT,부산광역시 강서구 식만로 33-34 (죽림동),기타 직물제품 제조업,미등록
33,(주) 라인자동화,부산광역시 강서구 공항로533번가길 54 (대저2동),산업용 로봇 제조업,051-316-3707
34,(주) 송림드리움,부산광역시 연제구 과정로287번길 52 (연산동),커튼 및 유사제품 제조업,051-862-8170
35,(주) 아이티씨,부산광역시 강서구 생곡산단1로24번길 14 (생곡동),위생용 종이제품 제조업,051-831-4620
36,(주) 예맥통상,부산광역시 사하구 비봉로 56 (신평동),"수산동물 훈제, 조리 및 유사 조제식품 제조업",051-207-9393
37,(주) 제이케이이엔지,부산광역시 강서구 녹산산단262로50번길 7 (송정동),절삭가공 및 유사처리업 외 6종,051-831-7186
38,(주) 천명하이텍,부산광역시 사상구 새벽시장로 124 (감전동) Woon Micron,주철관 제조업 외 29종,051-514-3104
39,(주) 티아,부산광역시 강서구 화전산단5로84번길 22 (화전동),유압기기 제조업,051-941-2097
40,(주) 한솔아이스컴패니,"부산광역시 부산진구 동성로49번길 13, 1층 (전포동)",얼음 제조업,051-907-9235
41,(주) 화림제약,"부산광역시 남구 용호로159번길 94, A동 7층 전체 (용호동)",한의약품 제조업,051-626-7726
42,(주)21씨정공,부산광역시 강서구 공항앞길85번길 100 (대저2동),절삭가공 및 유사처리업,051-301-7741
43,(주)ABB코리아,부산광역시 금정구 개좌로 274 (회동동),비주거용 건물 임대업,051-933-0500
44,(주)ALF,"부산광역시 사상구 새벽로 37(학장동, (주) ALF)","산업용 오븐, 노 및 노용 버너 제조업",051-311-4682
45,(주)ALF,"부산광역시 사상구 새벽로 37 (학장동, (주)ALF)","산업용 오븐, 노 및 노용 버너 제조업 외 1종",051-311-4682
46,(주)BM,"부산광역시 영도구 태종로 727,  한국해양대학교 창업보육센터508 (동삼동)",바이오매스계 기초 화학물질 제조업 외 2종,070-4066-1310
47,(주)DH전장,"부산광역시 금정구 공단동로41번길 10, 보림팩토피아 407호~411호 (금사동)",전투용 차량 제조업 외 14종,051-521-1120
48,(주)HJ중공업,"부산광역시 영도구 태종로 233, 외 2필지 (봉래동5가)",강선 건조업 외 7종,051-410-3114
49,(주)HN푸드,부산광역시 사하구 하신중앙로27번길 15 (장림동),기타 곡물 가공품 제조업,051-263-7249
50,(주)IEN한창,부산광역시 강서구 녹산산단261로14번길 14 (송정동),기타 전기 변환장치 제조업 외 3종,051-831-3470
51,(주)IEN한창,부산광역시 기장군 장안읍 반룡리 835-1 번지,변압기 제조업 외 1종,051-831-3470
52,(주)JH테크,부산광역시 사상구 낙동대로815번길 50-26 (감전동),볼트 및 너트류 제조업 외 2종,051-316-8062
53,(주)JK알에스티,"부산광역시 강서구 가달2로 24(생곡동, (주)JK알에스티)",배전반 및 전기 자동제어반 제조업 외 9종,051-832-0533
54,(주)KD밸브,부산광역시 사하구 다산로106번길 61 (다대동),"탭, 밸브 및 유사장치 제조업",051-261-0856
55,(주)KEM,부산광역시 강서구 유통단지1로65번길 9 (대저2동),"전기회로 개폐, 보호장치 제조업 외 1종",051-322-5151
56,(주)KS연합건설,부산광역시 기장군 정관읍 산단2로 16-5,구조용 금속 판제품 및 공작물 제조업 외 1종,055-381-0748
57,(주)KTE,부산광역시 강서구 녹산산단77로22번길 38 (송정동),"산업용 섬유 세척, 염색, 정리 및 가공 기계 제조업 외 3종",051-265-0255
58,(주)KTE,부산광역시 강서구 녹산산업대로 95-12 (송정동),배전반 및 전기 자동제어반 제조업 외 5종,051-265-0255
59,(주)MS가스,부산광역시 사상구 가야대로176번길 92 (학장동),수소 제조업 외 1종,051-316-2301
60,(주)MS동남산업가스,부산광역시 사상구 가야대로176번길 90 (학장동),기타 기초 유기화학 물질 제조업 외 2종,051-312-2825
61,(주)MS이엔지,부산광역시 사상구 학장로 165 (학장동),"탭, 밸브 및 유사장치 제조업 외 2종",051-312-5501
62,(주)The예주,"부산광역시 북구 구만덕로60번길 50, 1,2층(만덕동)","근무복, 작업복 및 유사의복 제조업 외 14종",051-331-9003
63,(주)Y2산업,부산광역시 사하구 장림로 100 (장림동),기타 가공 공작기계 제조업,051-264-4714
64,(주)가가대소,"부산광역시 해운대구 우동3로11번길 28, 2층 (우동)",과자류 및 코코아 제품 제조업,051-913-6884
65,(주)가나,"부산광역시 해운대구 센텀북대로 60, 6층 614호(재송동, 센텀아이에스타워)","근무복, 작업복 및 유사의복 제조업",070-4035-1350
66,(주)가나랜드건설,부산광역시 강서구 낙동북로138번길 116 (강동동),놀이터용 장비 제조업 외 1종,051-941-3055
67,(주)가나에스아이피,부산광역시 금정구 금사로 159 (회동동),간판 및 광고물 제조업 외 1종,051-531-7557
68,(주)가람디자인,"부산광역시 금정구 개좌로 90, 1~2층 (금사동)",간판 및 광고물 제조업 외 3종,051-747-9733
69,(주)가람이앤씨,"부산광역시 기장군 정관읍 용수공단2길 45, B동",전동기 및 발전기 제조업 외 3종,062-974-1305
70,(주)가야기술,부산광역시 사상구 학장로248번길 67 (학장동),금속탱크 및 저장용기 제조업 외 1종,051-314-6837
71,(주)가야기술,부산광역시 사상구 새벽시장로 106 (감전동),액체 여과기 제조업 외 12종,051-314-6837
72,(주)가야특수강,부산광역시 강서구 과학산단로 509 (지사동),"탭, 밸브 및 유사장치 제조업",051-831-9041
73,(주)가온테크,부산광역시 사상구 대동로 206(학장동),유압기기 제조업 외 27종,051-319-4530
74,(주)가온테크,부산광역시 사상구 대동로 206 (학장동),유압기기 제조업 외 13종,051-319-4530
75,(주)가우리기술,부산광역시 강서구 녹산산단77로22번길 23 (송정동),산업용 로봇 제조업,미등록
76,(주)가유,부산광역시 강서구 미음국제9로가길 15 (생곡동),자동차용 신품 동력전달장치 제조업 외 2종,055-252-1701
77,(주)가유 부산1공장,부산광역시 강서구 미음산단로 93 (구랑동),기어 및 동력전달장치 제조업,055-252-1701
78,(주)가유 부산2공장,부산광역시 강서구 미음국제3로 126 (미음동),자동차용 신품 동력전달장치 제조업 외 2종,055-252-1701
79,(주)가포,"부산광역시 동래구 미남로132번길 104 (온천동, 가포)",간판 및 광고물 제조업 외 13종,051-505-6191
80,(주)가현식품,부산광역시 강서구 대저중앙로172번길 32 (대저1동),빵류 제조업,051-991-1672
81,(주)감성플랜,"부산광역시 해운대구 센텀중앙로 78, 12층 1205 (우동, 센텀그린타워(CENTUM GREEN TOWER))",그 외 기타 달리 분류되지 않은 제품 제조업 외 3종,051-746-9055
82,(주)강남,부산광역시 사하구 구평로16번길 71 (구평동),강선 건조업 외 4종,051-260-6000
83,(주)강동미디어,"부산광역시 연제구 거제대로 176, 3층 (거제동, 한신상가)",비디오 및 기타 영상기기 제조업 외 2종,051-864-6500
84,(주)강림씨에스피,부산광역시 강서구 화전산단3로 10 (화전동),강관 제조업 외 1종,051-644-3111
85,(주)강림정공,"부산광역시 사상구 사상로440번길 28 (모라동, 강림정공)",그 외 자동차용 신품 부품 제조업 외 10종,051-301-0560
86,(주)강만,부산광역시 강서구 신호산단1로 220-3 (신호동),육상 금속 골조 구조재 제조업 외 1종,051-831-9025
87,(주)강산지앤지,부산광역시 강서구 대부길 279 (강동동),그 외 기타 분류 안된 섬유제품 제조업,051-313-3397
88,(주)강원이솔루션,부산광역시 강서구 과학산단로305번길 8(지사동),그 외 기타 특수목적용 기계 제조업 외 1종,051-974-5892
89,(주)강진금속,"부산광역시 사상구 새벽로 20 (학장동, (주)강진금속)",육상 금속 골조 구조재 제조업 외 1종,051-311-9500
90,(주)개원강철,부산광역시 강서구 가달2로16번길 18 (생곡동),그 외 기타 1차 철강 제조업,051-971-8182
91,(주)갭스앤디컴퍼니,"부산광역시 해운대구 센텀중앙로 66, 801호 (태아티타워) (우동)",경 인쇄업 외 4종,051-911-9890
92,(주)거둠,부산광역시 사상구 사상로425번길 17 (모라동),주방용 전기기기 제조업 외 2종,051-305-3555
93,(주)거림케미칼,부산광역시 부산진구 개금온정로26번길 31 (개금동),기타 신발 제조업 외 1종,051-894-8111
94,(주)거맥에스엔피,부산광역시 사하구 다산로53번길 15 (다대동),그 외 기타 금속가공업 외 1종,051-264-3315
95,(주)거보,부산광역시 강서구 녹산산업중로 130 (송정동),선박 구성 부분품 제조업 외 2종,051-831-1291
96,(주)거보녹산지점,부산광역시 강서구 녹산산단165로14번길 11-21 (송정동),선박 구성 부분품 제조업 외 1종,051-831-1291
97,(주)거성모방,부산광역시 사하구 신산로 20 (신평동),솜 및 실 염색가공업,051-207-6584
98,(주)거성엔지니어링,부산광역시 기장군 정관면 산단4로 2-1 (엠에스플라텍),구조용 금속 판제품 및 공작물 제조업,051-516-1882
99,(주)거연기업,부산광역시 강서구 낙동남로456번길 25-24 (녹산동),그 외 기타 분류 안된 금속 가공 제품 제조업 외 4종,051-973-0409
100,(주)거청,"부산광역시 영도구 해양로 125 (청학동, (주)거청) (총 6 필지)",선박 구성 부분품 제조업,051-418-7741
101,(주)건국테크,부산광역시 기장군 정관읍 산단4로 54,운송장비용 조명장치 제조업 외 1종,051-526-5222
102,(주)건안산업,"부산광역시 북구 낙동대로 1600 (구포동, 건안산업구포공장)",플라스틱 창호 제조업 외 2종,051-303-3003
103,(주)건양아이티티,부산광역시 강서구 미음산단5로60번길 15 (미음동),그 외 기타 일반목적용 기계 제조업 외 1종,051-660-9192
104,(주)건영주물,부산광역시 사상구 감전천로 84 (학장동),주형 및 금형 제조업,051-315-5567
105,(주)건영패밀리,부산광역시 강서구 신호산단2로75번길 49 (신호동),그 외 기타 전기장비 제조업 외 4종,미등록
106,(주)건우테크,부산광역시 강서구 과학산단1로60번길 30 (지사동),전동기 및 발전기 제조업 외 3종,051-467-0041
107,(주)건인씨엔알,부산광역시 기장군 정관읍 용수공단1길 38,그 외 기타 분류 안된 비금속 광물제품 제조업,미등록
108,(주)건일,부산광역시 기장군 일광면 화용길 74-13,플라스틱 창호 제조업,051-704-0211
109,(주)건창축산유통,부산광역시 강서구 상덕로97번길 85 (강동동),육류 기타 가공 및 저장처리업 (가금류 제외) 외 1종,051-941-7601
110,(주)겐츠 베이커리,"부산광역시 남구 용호로159번길 94, B1층 103~107호 (용호동)",빵류 제조업,051-612-5011
111,(주)경강,"부산광역시 사상구 감전천로 49 (감전동, (주)경강)",그 외 기타 분류 안된 화학제품 제조업 외 3종,051-322-2703
112,(주)경기,부산광역시 강서구 녹산산업북로313번길 49 (송정동),운송장비 조립용 플라스틱제품 제조업 외 1종,051-832-2055
113,(주)경기색소,부산광역시 사하구 을숙도대로 526 (신평동),"염료, 조제 무기안료, 유연제 및 기타 착색제 제조업",051-291-0265
114,(주)경남엔지니어링,부산광역시 강서구 가리새2로13번길 11 (생곡동),가정용 및 산업용 공기 조화장치 제조업 외 2종,051-941-0001
115,(주)경동금속주방,"부산광역시 사상구 학감대로 184-23(학장동, 경동금속)",그 외 기타 일반목적용 기계 제조업 외 11종,051-312-0203
116,(주)경동금속주방,부산광역시 사상구 학감대로 184-23 (학장동),그 외 기타 일반목적용 기계 제조업 외 7종,051-312-0203
117,(주)경동열처리,부산광역시 강서구 녹산산업북로 259 (송정동),금속 열처리업,051-304-9318
118,(주)경동유리제경사,"부산광역시 금정구 반송로489번길 36(금사동, 선진제경)",디스플레이 장치용 유리 제조업,051-302-8882
119,(주)경동특수주강,"부산광역시 사상구 학장로95번길 20(학장동, 경동특수주강)",강주물 주조업,051-311-1670
120,(주)경동특수주강,부산광역시 강서구 화전산단5로38번길 20 (화전동),강주물 주조업,051-311-1670
121,(주)경동특수주강,부산광역시 사상구 학장로95번길 19 (학장동),강주물 주조업,051-311-1670
122,(주)경동특수주강,"부산광역시 사상구 학장로95번길 20 (학장동, 경동특수주강)",강주물 주조업,051-311-1670
123,(주)경동화학,부산광역시 강서구 녹산산단262로13번길 19 (송정동),기타 기초 무기 화학물질 제조업,051-313-8891
124,(주)경동화학,"부산광역시 사상구 새벽로17번길 11 (학장동, 경동화학)",기타 기초 유기화학 물질 제조업,051-313-8891
125,(주)경맥,부산광역시 사하구 다대로354번길 71 (장림동),기타 수산동물 가공 및 저장 처리업,051-292-8234
126,(주)경민호이스트 녹산지점,부산광역시 강서구 낙동남로549번길 16 (녹산동),기타 물품 취급장비 제조업 외 1종,055-343-6715
127,(주)경방어패럴,부산광역시 사하구 장평로 224 (신평동),셔츠 및 블라우스 제조업 외 6종,02-2670-7640
128,(주)경부산업,부산광역시 사하구 다산로 195 (다대동),그 외 기타 분류 안된 금속 가공 제품 제조업 외 1종,051-263-8186
129,(주)경부산업,부산광역시 사하구 다산로 195 (다대동),그 외 기타 분류 안된 금속 가공 제품 제조업 외 1종,051-263-8186
130,(주)경북전기,부산광역시 사하구 다산로105번길 20 (다대동),변압기 제조업,051-203-4133
131,(주)경성아이젠,부산광역시 강서구 화전산단2로 77 (화전동),절삭가공 및 유사처리업,051-972-3677
132,(주)경성이피알,부산광역시 강서구 녹산산단382로14번길 41 (송정동),선박 구성 부분품 제조업 외 2종,051-831-4960
133,(주)경성정기,부산광역시 강서구 녹산산단289로 66 (송정동),전동기 및 발전기 제조업 외 2종,051-831-1156
134,(주)경성정기,부산광역시 강서구 녹산산단261로74번길 38(송정동),철도차량 부품 및 관련 장치물 제조업,051-831-1156
135,(주)경성정기,"부산광역시 강서구 녹산산단261로60번길 33, (송정동,1603-7) (송정동)",철도차량 부품 및 관련 장치물 제조업,051-831-1156
136,(주)경성피엘에스,부산광역시 강서구 미음산단로92번길 12(구랑동),산업용 난방보일러 및 방열기 제조업 외 1종,051-974-1101
137,(주)경양엔지니어링,부산광역시 남구 신선로 217-10 (감만동),액체 펌프 제조업 외 1종,051-418-6628
138,(주)경원,"부산광역시 사상구 사상로393번길 74 (덕포동, (주)경원)",수동식 식품 가공기기 및 금속 주방용기 제조업 외 1종,051-302-1777
139,(주)경원R&D,부산광역시 사상구 낙동대로1292번길 9 (삼락동),그 외 자동차용 신품 부품 제조업 외 40종,051-304-4211
140,(주)경원화학,부산광역시 사하구 을숙도대로569번길 36 (신평동),주형 및 금형 제조업 외 1종,미등록
141,(주)경인,부산광역시 영도구 해양로 24-11 (청학동),선박 구성 부분품 제조업,051-418-5642
142,(주)경일금속,부산광역시 강서구 녹산산단261로31번길 9 (송정동),도금업,051-831-1667
143,(주)경일금속 2공장,부산광역시 강서구 녹산산단261로31번길 8 (송정동),도금업,051-831-1667
144,(주)경전산업,부산광역시 서구 보수대로184번길 32 (동대신동2가),전구 및 램프 제조업,051-242-2009
145,(주)경진스크류,부산광역시 영도구 대평로34번길 9-15 (대평동2가),선박 구성 부분품 제조업,051-416-3082
146,(주)경진하네스산업,부산광역시 사하구 장평로41번길 36 (장림동),자동차용 신품 전기장치 제조업 외 1종,051-264-1184
147,(주)경창엔지니어링,부산광역시 사상구 사상로477번길 56 (모라동),"산업용 오븐, 노 및 노용 버너 제조업 외 7종",051-304-5751
148,(주)경해냉장지점,부산광역시 서구 충무대로 166-47 (남부민동),얼음 제조업,051-254-8693
149,(주)고려금속,부산광역시 강서구 화전산단2로 114 (화전동),그 외 기타 특수목적용 기계 제조업 외 1종,051-304-1781
150,(주)고려금속,"부산광역시 사상구 사상로375번길 17 (덕포동, (주)고려금속)",강주물 주조업 외 1종,051-304-1781
151,(주)고려마이카,부산광역시 기장군 정관읍 정관상곡1길 106 (고려마이카),도장 및 기타 피막처리업 외 7종,051-508-1369
152,(주)고려식품,부산광역시 금정구 공단동로55번길 9 (금사동),가금류 가공 및 저장 처리업 외 2종,051-521-3001
153,(주)고려윈시스,부산광역시 기장군 정관면 정관상곡1길 27-80,일반철물 제조업,051-727-9305
154,(주)고려정밀공업,"부산광역시 사상구 낙동대로1338번길 37(삼락동, 고려정밀)",금속 스프링 제조업,051-303-9000
155,(주)고려특수파이프,부산광역시 강서구 화전산단6로90번길 23 (화전동),그 외 기타 1차 철강 제조업,051-208-4431
156,(주)고려티티알,"부산광역시 강서구 녹산산단382로14번길 55, 213호(송정동, 부산광역시 신발산업진흥센타)",기타 신발 제조업 외 2종,051-321-2012
157,(주)고려펌프마린,부산광역시 사상구 사상로402번길 22 (덕포동),"탭, 밸브 및 유사장치 제조업 외 1종",051-293-6610
158,(주)고려폴리머,부산광역시 연제구 거제대로 120(거제동),간판 및 광고물 제조업 외 12종,051-644-8877
159,(주)고려폴리머   ,부산광역시 기장군 장안읍 반룡리 908번지,전시 및 광고용 조명장치 제조업,051-644-8877
160,(주)고려화학,부산광역시 기장군 정관읍 용수공단2길 85 (고려화학),기타 기초 무기 화학물질 제조업 외 1종,051-728-6237
161,(주)고릴라브루잉컴퍼니 정관지점,부산광역시 기장군 정관읍 산단7로 99-56,맥아 및 맥주 제조업 외 1종,051-714-6258
162,(주)고성산업,부산광역시 강서구 대저중앙로233번길 46-15 (대저1동),육류 기타 가공 및 저장처리업 (가금류 제외),051-832-8322
163,(주)골드밀러,부산광역시 강서구 가락대로1397번길 337-9 (봉림동),그 외 기타 플라스틱 제품 제조업 외 2종,051-832-6786
164,(주)골드펌프엔지니어링,"부산광역시 사상구 낙동대로970번길 7 (감전동, 수중모터펌프백화점)",액체 펌프 제조업,051-311-2166
165,(주)골든블루,부산광역시 기장군 정관읍 농공길 89-2,탁주 및 약주 제조업,051-727-2883
166,(주)관광,부산광역시 사상구 농산물시장로26번길 21 (엄궁동),"탭, 밸브 및 유사장치 제조업",051-311-4124
167,(주)관문산업,부산광역시 기장군 장안읍 장안산단2로 35,주형 및 금형 제조업 외 4종,051-529-8052
168,(주)관우,"부산광역시 강서구 화전산단6로32번길 17, D동(화전동)",선박 구성 부분품 제조업,051-311-1295
169,(주)광덕창호산업,부산광역시 남구 수영로325번길 159-38 (대연동),플라스틱 창호 제조업 외 1종,051-628-0087
170,(주)광동산업기계,부산광역시 강서구 녹산산단77로 20 (송정동),"탭, 밸브 및 유사장치 제조업 외 1종",051-831-1833
171,(주)광동안전,부산광역시 사하구 다산로 34 (다대동),금속 표시판 제조업,051-203-2666
172,(주)광림마린테크,부산광역시 강서구 미음산단4로 45 (미음동),선박 구성 부분품 제조업 외 2종,051-313-0055
173,(주)광림마린테크,부산광역시 강서구 미음산단4로 58 (미음동),선박 구성 부분품 제조업 외 3종,미등록
174,(주)광명광고공사,부산광역시 사하구 낙동대로 246-1 (괴정동),간판 및 광고물 제조업,051-202-8897
175,(주)광명부직포,"부산광역시 사상구 가야대로176번길 39 (학장동, 광명부직포공업사)",부직포 및 펠트 제조업,051-312-3422
176,(주)광명생약,"부산광역시 남구 신선로 340, C동(용당동, (주)현대기아남구정비서비스)",한의약품 제조업,051-611-2257
177,(주)광명일렉,부산광역시 강서구 대저중앙로 63 (대저1동),배전반 및 전기 자동제어반 제조업 외 3종,051-302-0223
178,(주)광문오션케어,"부산광역시 영도구 남항서로 85, 227호(남항동2가, 국제선용품유통센터)",선박 구성 부분품 제조업 외 1종,051-710-7390
179,(주)광산,부산광역시 강서구 과학산단로 521 (지사동),선박 구성 부분품 제조업,051-974-6301
180,(주)광성계측기,부산광역시 기장군 장안읍 장안산단8로 126,그 외 자동차용 신품 부품 제조업 외 3종,051-723-3000
181,(주)광시스템,부산광역시 수영구 광남로 50 (남천동),방송장비 제조업,051-627-9700
182,(주)광신테크노,부산광역시 강서구 신호산단3로 99 (신호동),일반철물 제조업,051-971-9700
183,(주)광오라이팅,"부산광역시 부산진구 동성로15번길 6, 1층(전포동)",일반용 전기 조명장치 제조업 외 1종,051-818-1230
184,(주)광원메디텍,부산광역시 사상구 학장로169번길 92 (학장동),그 외 기타 의료용 기기 제조업,051-304-1520
185,(주)광일금속,부산광역시 사상구 가야대로 104 (학장동),그 외 기타 분류 안된 금속 가공 제품 제조업 외 1종,051-324-0006
186,(주)광일금속,부산광역시 강서구 녹산산단381로12번길 42 (송정동),그 외 기타 1차 철강 제조업,051-831-8133
187,(주)광일금속,부산광역시 사상구 가야대로104번길 3 (학장동),그 외 기타 분류 안된 금속 가공 제품 제조업 외 1종,051-324-0006
188,(주)광일정보시스템,부산광역시 사상구 사상로417번길 33 (모라동),방송장비 제조업 외 12종,051-321-0366
189,(주)광진 ,부산광역시 사상구 장인로 7-15(감전동),"탭, 밸브 및 유사장치 제조업",051-316-1232
190,(주)광진석재,부산광역시 기장군 정관읍 양수길 32,건설용 석제품 제조업,051-527-0171
191,(주)광진씨앤디,부산광역시 강서구 울만로25번길 177-2 (대저2동),방송장비 제조업,미등록
192,(주)구룡산업,부산광역시 사하구 다대로170번길 60 (신평동),액체 펌프 제조업 외 1종,051-291-3774
193,(주)구마자원 생곡지점,부산광역시 강서구 생곡산단2로11번길 29 (생곡동),"기타 비철금속 제련, 정련 및 합금 제조업",051-941-3364
194,(주)구일지엔티,부산광역시 강서구 가리새2로 10 (미음동),주형 및 금형 제조업,051-303-0160
195,(주)국도섬유,부산광역시 해운대구 선수촌로 137 (반여동),남자용 겉옷 제조업 외 27종,051-524-6001
196,(주)국일안전,"부산광역시 부산진구 당감로25번길 48 (당감동, 국일안전사)","천막, 텐트 및 유사 제품 제조업 외 2종",051-896-6628
197,(주)국제금속,부산광역시 강서구 미음산단3로 67 (미음동),육상 금속 골조 구조재 제조업 외 1종,051-831-1541
198,(주)국제기산,부산광역시 사하구 다산로176번길 58 (장림동),그 외 자동차용 신품 부품 제조업 외 9종,051-866-3700
199,(주)국제기산,부산광역시 사하구 다산로106번길 53 (다대동),액체 여과기 제조업 외 9종,051-266-3700
200,(주)국제비엠에스,부산광역시 연제구 토곡남로 9 (연산동),배전반 및 전기 자동제어반 제조업,051-852-4517
201,(주)국제산업전기,"부산광역시 사상구 광장로56번길 48-10 (괘법동, KN카블러)",운송장비 조립용 플라스틱제품 제조업 외 1종,051-328-8155
202,(주)국제산업전자,부산광역시 사상구 감전천로 240 (감전동),배전반 및 전기 자동제어반 제조업 외 1종,051-327-8530
203,(주)국제식품,"부산광역시 사상구 낙동대로 1498 (삼락동, 국제식품)",육류 기타 가공 및 저장처리업 (가금류 제외) 외 2종,051-304-4477
204,(주)국제에프씨,"부산광역시 사상구 학장로248번길 86, 1층 (학장동)",천연 및 혼합조제 조미료 제조업,ARS-1899-4847
205,(주)국제종합특수강,"부산광역시 사상구 새벽로 87 (학장동, (주)국제종합특수강)",그 외 기타 1차 철강 제조업,051-325-7799
206,(주)국제창호,부산광역시 사상구 대동로 36 (엄궁동),플라스틱 창호 제조업,051-312-2323
207,(주)국제파이프,부산광역시 사상구 낙동대로 1038 (감전동),강관 제조업 외 1종,051-311-8686
208,(주)국제패킹,부산광역시 강서구 공항로743번길 48-39 (대저2동),고무패킹류 제조업 외 1종,미등록
209,(주)국제호닝,부산광역시 사상구 대동로223번길 49 (학장동),그 외 기타 1차 철강 제조업,051-324-8473
210,(주)국제화학,부산광역시 사하구 을숙도대로755번길 98 (구평동),그 외 기타 플라스틱 제품 제조업 외 1종,051-264-1592
211,(주)국제환경기술,"부산광역시 강서구 낙동남로622번길 78-2, (주)국제환경기술 (녹산동)",그 외 기타 특수목적용 기계 제조업,051-305-8886
212,(주)그래코퍼레이션 몬스터프로 지점,부산광역시 기장군 장안읍 반룡산단2로 16,그 외 자동차용 신품 부품 제조업,070-4027-6819
213,(주)그레이트컴퍼니,부산광역시 기장군 정관면 산단2로 16-25,육상 금속 골조 구조재 제조업 외 1종,051-728-8872
214,(주)그린공간,부산광역시 사상구 대동로 303 (감전동) 부산디지털밸리아파트형공장,그 외 기타 플라스틱 제품 제조업,070-4322-5470
215,(주)그린메라민,부산광역시 사하구 다산로208번길 15 (장림동),주형 및 금형 제조업,051-327-3131
216,(주)그린애드랩스코리아,부산광역시 부산진구 진남로356번길 33(전포동),기타 인쇄업 외 1종,051-802-1500
217,(주)그린오토도어,부산광역시 강서구 제도로1092번다길 111-14 (강동동),그 외 기타 1차 철강 제조업,051-337-0091
218,(주)그린조이,부산광역시 기장군 장안읍 명례산단1로 115,셔츠 및 블라우스 제조업 외 2종,051-864-4478
219,(주)그린케미칼,"부산광역시 사상구 새벽로45번길 70-9 (학장동, 그린케미칼)",기타 기초 무기 화학물질 제조업,051-311-0361
220,(주)그린켐텍,부산광역시 강서구 낙동남로549번길 12 (녹산동),"탭, 밸브 및 유사장치 제조업",051-832-1616
221,(주)그린켐텍,부산광역시 강서구 녹산산업중로168번길 11 (송정동) (총 2 필지),계면활성제 제조업 외 4종,051-832-1616
222,(주)그린켐텍,부산광역시 강서구 녹산산업북로 200 (송정동),"탭, 밸브 및 유사장치 제조업",051-832-1618
223,(주)그린테크,"부산광역시 중구 충장대로9번길 17,  동일빌딩 지하1층 (중앙동4가)",컴퓨터 프린터 제조업 외 1종,051-467-8582
224,(주)그린테크아이앤씨,"부산광역시 해운대구 센텀중앙로 97, A동 13층 1308 (재송동, 센텀스카이비즈)","물질 검사, 측정 및 분석기구 제조업 외 1종",051-528-0578
225,(주)그린특수필터,부산광역시 강서구 원앙길 139 (강동동),그 외 기타 분류 안된 섬유제품 제조업 외 4종,051-971-9331
226,(주)그린푸드,"부산광역시 서구 원양로 67,  해원냉장 301 (암남동)",수산동물 건조 및 염장품 제조업,051-263-4076
227,(주)그린푸드,부산광역시 강서구 녹산산단407로 65 (송정동),수산동물 냉동품 제조업 외 1종,051-790-7777
228,(주)그린피앤티,부산광역시 강서구 녹산산업대로 117-7 (송정동),일반용 도료 및 관련제품 제조업,051-831-2291
229,(주)그림스,부산광역시 영도구 해양로65번길 29 (청학동),선박 구성 부분품 제조업,051-313-2222
230,(주)극동기계,부산광역시 사상구 학감대로147번길 38(학장동),그 외 기타 특수목적용 기계 제조업 외 2종,051-325-1161
231,(주)극동기계,부산광역시 사상구 학감대로147번길 54 (학장동),그 외 기타 특수목적용 기계 제조업 외 1종,051-325-1161
232,(주)극동마켓팅,부산광역시 강서구 가락대로 1326 (봉림동),,051-971-1163
233,(주)극동스텐,부산광역시 강서구 녹산산업북로 219 (송정동),금속탱크 및 저장용기 제조업 외 1종,051-832-1661
234,(주)극동에너토피아,부산광역시 강서구 제도로 975-9 (강동동),배전반 및 전기 자동제어반 제조업,051-896-1363
235,(주)글라막스코리아,부산광역시 강서구 과학산단1로103번길 48 (지사동),운송장비용 조명장치 제조업,051-971-7200
236,(주)글로리케이제이,부산광역시 사상구 가야대로11번길 10 (감전동),절삭가공 및 유사처리업,051-316-4594
237,(주)글로벌엔씨,"부산광역시 해운대구 센텀북대로 60, B4층 405 (재송동, 센텀 아이에스타워)","레이더, 항행용 무선기기 및 측량기구 제조업 외 5종",051-864-4441
238,(주)금강,부산광역시 사하구 다산로 168-1 (다대동),내연기관 제조업 외 1종,051-262-4894
239,(주)금강,부산광역시 사하구 다산로 170 (다대동),내연기관 제조업 외 2종,051-264-4890
240,(주)금강부러쉬,부산광역시 기장군 정관읍 산단7로 31,일반철물 제조업,051-525-4285
241,(주)금강부러쉬,"부산광역시 금정구 수원지로22번길 26 (회동동, 금강부러쉬)",일반철물 제조업,051-525-4285
242,(주)금강사,부산광역시 강서구 미음산단4로 25 (미음동),그 외 기타 분류 안된 금속 가공 제품 제조업 외 1종,051-714-2022
243,(주)금강씨엔텍,부산광역시 사상구 낙동대로 1472 (삼락동),그 외 자동차용 신품 부품 제조업 외 3종,051-305-5353
244,(주)금강엘엠이,부산광역시 사하구 다산로225번길 44 (장림동),도금업,051-263-3993
245,(주)금강정밀공업,부산광역시 사상구 대동로223번길 27 (학장동),절삭가공 및 유사처리업,051-327-0717
246,(주)금강제경유리,부산광역시 금정구 공단로 31 (금사동),안전유리 제조업 외 6종,051-525-6030
247,(주)금강제경유리,부산광역시 금정구 공단서로18번길 22 (금사동),안전유리 제조업 외 1종,051-525-6030
248,(주)금강피앤에스,부산광역시 기장군 장안읍 오리산단5로 3,"탭, 밸브 및 유사장치 제조업",051-723-6622
249,(주)금경라이팅,"부산광역시 기장군 정관면 산단6로 12-6, 제1공장 (정관읍)",절삭가공 및 유사처리업 외 6종,051-747-1041
250,(주)금광스텐,부산광역시 기장군 정관읍 산단4로 2-1,금속 위생용품 제조업 외 1종,051-522-5950
251,(주)금광어패럴,"부산광역시 남구 고동골로 130-31, 2층 (문현동)",셔츠 및 블라우스 제조업 외 4종,051-631-8895
252,(주)금남선박,"부산광역시 영도구 해양로23번길 16 (청학동, (주)금남)",목재문 및 관련제품 제조업 외 1종,051-413-8001
253,(주)금당메탈,부산광역시 사하구 을숙도대로569번길 13 (신평동),선박 구성 부분품 제조업,051-205-3351
254,(주)금동스틸,부산광역시 강서구 녹산산업북로 25 (송정동),육상 금속 골조 구조재 제조업 외 2종,051-832-1083
255,(주)금보섬유,부산광역시 부산진구 동평로73번길 46 (당감동),침구 및 관련제품 제조업,051-808-0093
256,(주)금보엘리베이터,"부산광역시 사상구 학장로248번길 77 (학장동, 금보엘리베이터)",승강기 제조업 외 2종,051-322-8496
257,(주)금복이엔지,부산광역시 강서구 낙동남로622번길 75 (녹산동),선박 구성 부분품 제조업,051-831-2435
258,(주)금산,부산광역시 강서구 녹산산업중로 259 (송정동),금속 캔 및 기타 포장용기 제조업,051-831-6060
259,(주)금산이엔지,부산광역시 사상구 낙동대로1302번길 38 (삼락동),산업용 난방보일러 및 방열기 제조업 외 4종,051-304-7084
260,(주)금성메탈,부산광역시 강서구 미음국제5로다길 9(미음동),그 외 기타 일반목적용 기계 제조업,미등록
261,(주)금성이엔지,부산광역시 사하구 감천항로190번길 37 (구평동),산업용 냉장 및 냉동 장비 제조업,051-261-0375
262,(주)금수커넥팅,부산광역시 강서구 녹산산단335로 34 (송정동) (총 2 필지),강관 제조업 외 4종,051-831-6023
263,(주)금양,부산광역시 강서구 과학산단2로19번길 194(지사동),그 외 기타 분류 안된 화학제품 제조업 외 1종,051-310-5870
264,(주)금양,부산광역시 사상구 낙동대로960번길 79 (감전동),운송장비용 이차전지 제조업 외 3종,051-316-5881
265,(주)금양,부산광역시 사상구 감전천로 133 (감전동),그 외 기타 분류 안된 화학제품 제조업 외 3종,051-325-5887
266,(주)금영엔터테인먼트,부산광역시 기장군 정관읍 달산리 248-15번지,텔레비전 제조업,051-744-7810
267,(주)금영테크,부산광역시 강서구 녹산산단261로31번길 28 (송정동),도금업,051-831-4689
268,(주)금오이엔에스,부산광역시 기장군 기장읍 읍내로15번길 10,그 외 기타 특수목적용 기계 제조업,070-7733-1403
269,(주)금오테크,부산광역시 사하구 장평로71번길 36-6 (장림동),합성수지 및 기타 플라스틱 물질 제조업,051-264-9881
270,(주)금오테크,"부산광역시 사하구 다대로300번길 21 (장림동, (주)금오테크) (총 2 필지)",플라스틱 창호 제조업,051-264-9881
271,(주)금오퍼니처,부산광역시 사하구 장평로 406 (괴정동),금속 가구 제조업,051-262-8991
272,(주)금우정공,부산광역시 강서구 미음국제5로나길 27(미음동),"탭, 밸브 및 유사장치 제조업 외 1종",051-971-0120
273,(주)금원아이디에스,부산광역시 사상구 학장로 249 (학장동),그 외 기타 1차 철강 제조업,051-312-4213
274,(주)금정씨푸드,"부산광역시 사하구 두송로 265, 지하1층 (구평동)",수산동물 냉동품 제조업,051-253-9400
275,(주)금진식품,부산광역시 사하구 장림번영로104번길 80 (장림동),"수산동물 훈제, 조리 및 유사 조제식품 제조업",051-263-2116
276,(주)금창수산,부산광역시 사하구 장림로 212 (장림동),기타 수산동물 가공 및 저장 처리업,051-261-4441
277,(주)금천메카트로닉스,부산광역시 강서구 가락대로1397번길 103 (봉림동),기체 펌프 및 압축기 제조업,051-973-5145
278,(주)금하기업,"부산광역시 사상구 사상로375번길 68 (덕포동, (주)금하기업)",그 외 기타 플라스틱 제품 제조업,051-305-5211
279,(주)금하정공,부산광역시 강서구 식만로85번길 51 (죽림동),금속 절삭기계 제조업,051-941-8947
280,(주)금하플러스,부산광역시 강서구 미음산단로 60 (구랑동),강관 제조업 외 1종,051-831-2624
281,(주)금호산업,부산광역시 사상구 낙동대로881번길 37 (감전동),가정용 비전기식 조리 및 난방 기구 제조업,051-315-2780
282,(주)금호이엔지,부산광역시 기장군 장안읍 명례산단5로 115,선박 구성 부분품 제조업 외 1종,051-728-3827
283,(주)금호창호,"부산광역시 강서구 울만로25번길 103-9,  외 2필지 (대저2동)",목재문 및 관련제품 제조업 외 2종,051-506-4915
284,(주)금화스틸,부산광역시 금정구 개좌로272번길 21-12 (회동동),구조용 금속 판제품 및 공작물 제조업,051-552-9302
285,(주)금화정밀,부산광역시 사상구 새벽시장로 91 (감전동),자동차 차체용 신품 부품 제조업 외 1종,051-314-3330
286,(주)기성후렌지,부산광역시 강서구 녹산산단262로49번길 12 (송정동),강관 제조업 외 1종,051-941-2544
287,(주)기수정밀,부산광역시 기장군 정관읍 농공길 2-69,그 외 자동차용 신품 부품 제조업,051-728-9913
288,(주)기영포맥스       ,부산광역시 기장군 정관읍 산단7로 77 (정관읍),금속 가구 제조업 외 2종,051-634-4754
289,(주)기원솔루텍,부산광역시 강서구 과학산단1로103번길 47 (지사동),기어 및 동력전달장치 제조업 외 4종,051-997-9600
290,(주)기장끝집,부산광역시 기장군 정관읍 산단3로 91-24,기타 식사용 가공처리 조리식품 제조업,미등록
291,(주)기장명품특산물,부산광역시 기장군 장안읍 오리길 166,수산동물 건조 및 염장품 제조업,051-727-3083
292,(주)기장사람들,부산광역시 기장군 일광면 일광로 747-2,수산식물 가공 및 저장 처리업,051-722-2248
293,(주)기장사람들   ,부산광역시 기장군 장안읍 반룡산단2로 16,수산식물 가공 및 저장 처리업,051-722-2248
294,(주)기펠,부산광역시 강서구 미음국제5로다길 23(미음동),기타 물품 취급장비 제조업,051-832-0667
295,(주)기하정밀,부산광역시 강서구 미음산단로92번길 16 (구랑동),그 외 기타 금속가공업 외 1종,051-831-8086
296,(주)기하정밀,부산광역시 강서구 가달1로 33 (생곡동),주형 및 금형 제조업 외 4종,051-831-5081
297,(주)기하정밀,"부산광역시 강서구 녹산산단382로14번길 55, 305호 (송정동, 부산광역시 신발산업진흥센타)",특수 직물 및 기타 직물 직조업,051-831-2136
298,(주)길빛,"부산광역시 사상구 장인로 70, 2층(학장동)",간판 및 광고물 제조업,미등록
299,(주)김해합동양조장,부산광역시 강서구 가락대로1397번길 243-1 (봉림동),탁주 및 약주 제조업,051-941-2666
300,(주)깊은바다,"부산광역시 사하구 다대동로6번길 17, 201호 (다대동)",기타 수산동물 가공 및 저장 처리업,051-201-0167
301,(주)까사세라믹 홈디포,"부산광역시 기장군 장안읍 에코산단2로 59, 외 2필지(1152-9, 1152-10)",비내화 모르타르 제조업 외 1종,051-728-6370
302,(주)까치원색,부산광역시 중구 대청로135번길 7-1 (동광동4가),기타 인쇄업,051-464-0514
303,(주)깐깐한여니씨 기장지점,부산광역시 기장군 장안읍 오리산단로 189,차류 가공업 외 2종,ARS-1577-2095
304,(주)꼬모,"부산광역시 부산진구 신암로 93, 영신빌딩 5층 (범천동)",셔츠 및 블라우스 제조업 외 4종,070-7634-1234
305,(주)나경테크,부산광역시 사상구 모덕로96번길 59-21 (덕포동),금속 표시판 제조업 외 1종,미등록
306,(주)나노켐,부산광역시 강서구 녹산산업중로168번길 13 (송정동),계면활성제 제조업,051-632-0771
307,(주)나노텍세라믹스,부산광역시 강서구 녹산산업중로167번길 42 (송정동),비금속광물 분쇄물 생산업 외 2종,051-831-2468
308,(주)나노텍세라믹스,부산광역시 강서구 낙동남로533번길 41 (녹산동),기타 신발 제조업,051-831-2468
309,(주)나노휠  ,부산광역시 기장군 장안읍 반룡산단1로 44 ,그 외 기타 달리 분류되지 않은 운송장비 제조업,미등록
310,(주)나라코퍼레이션,부산광역시 강서구 낙동남로1013번길 37 (명지동),기어 및 동력전달장치 제조업,051-264-2590
311,(주)나래전자,부산광역시 사상구 사상로368번길 41-6 (덕포동),전자부품 실장기판 제조업,051-305-1138
312,(주)나무인터내셔널,부산광역시 강서구 범방2로 5(범방동),그 외 기타 달리 분류되지 않은 제품 제조업 외 2종,051-941-3140
313,(주)나브텍,"부산광역시 기장군 정관읍 산단3로 91-6, (제2공장: 산단3로 91-20)",금속탱크 및 저장용기 제조업 외 2종,051-728-5055
314,(주)나브텍 ,부산광역시 기장군 정관읍 산단3로 91-20,금속탱크 및 저장용기 제조업 외 2종,051-728-5055
315,(주)나우시스템,"부산광역시 사상구 가야대로103번길 26(감전동, 일양택배)",기타 석제품 제조업 외 1종,051-863-4070
316,(주)나우이엔티,부산광역시 강서구 범방2로9번길 16 (범방동),전동기 및 발전기 제조업,051-961-5684
317,(주)나웅,"부산광역시 사상구 낙동대로1420번길 41,  부산인쇄타운 516,517호 (삼락동)",기타 인쇄업 외 1종,051-647-0404
318,(주)나인텔레콤넷,"부산광역시 남구 유엔평화로126번길 19, 상가동 1층 (용당동, 용당 대광아파트)",유선 통신장비 제조업 외 7종,051-900-0114
319,(주)남강,부산광역시 기장군 정관읍 용수공단2길 82,설치용 및 위생용 플라스틱제품 제조업 외 5종,051-923-5326
320,(주)남경엔지니어링  ,부산광역시 기장군 장안읍 장안산단1로 66,"탭, 밸브 및 유사장치 제조업 외 63종",051-723-5184
321,(주)남광식품,부산광역시 사하구 장평로132번길 7 (장림동),수산식물 가공 및 저장 처리업,051-263-9821
322,(주)남국기전,부산광역시 강서구 입소정관길 193 (대저2동),배전반 및 전기 자동제어반 제조업,051-972-5040
323,(주)남영스텐,부산광역시 사상구 대동로 269 (감전동),"금속 문, 창, 셔터 및 관련제품 제조업 외 1종",051-313-7611
324,(주)남영축산,부산광역시 사상구 사상로551번길 8 (모라동),육류 포장육 및 냉동육 가공업 (가금류 제외),051-303-3838
325,(주)남일,부산광역시 사상구 백양대로 560 (감전동),금속 표시판 제조업 외 15종,051-317-3877
326,(주)남일,"부산광역시 사상구 백양대로 562-11 (감전동, (주)남일)",금속 표시판 제조업 외 16종,051-317-3877
327,(주)남일,부산광역시 사상구 학감대로 184-13(학장동),일반용 도료 및 관련제품 제조업 외 1종,051-317-3877
328,(주)남청,부산광역시 사하구 다대로1066번길 42 (장림동),모피 및 가죽 제조업,051-265-0141
329,(주)내셔널피피이코리아,"부산광역시 사상구 광장로13번길 51, 2층 (괘법동)",기타 신발 제조업,051-247-2468
330,(주)네가트론,부산광역시 기장군 장안읍 장안산단2로 29,액체 펌프 제조업 외 19종,051-325-0803
331,(주)네스아이,"부산광역시 해운대구 해운대로61번가길 6, 상가동 302호 (재송동, 재송삼익아파트)",방송장비 제조업 외 12종,051-853-9799
332,(주)네오메드,부산광역시 사하구 장림로196번길 20 (장림동),치과기공물 제조업 외 4종,051-262-6331
333,(주)네오텍,"부산광역시 동구 중앙대로 263, 2004(초량동, 국제오피스텔)",기타 무선 통신장비 제조업 외 5종,051-468-7722
334,(주)네오하드페이싱,부산광역시 강서구 과학산단1로 54 (지사동),절삭가공 및 유사처리업,051-971-0063
335,(주)네옥스,부산광역시 강서구 맥도강변길 909 (대저2동),간판 및 광고물 제조업,051-1522-5191
336,(주)네팝코리아,부산광역시 강서구 과학산단1로103번길 33(지사동),"목재 포장용 상자, 드럼 및 유사용기 제조업",051-973-7427
337,(주)넥손엘이디,부산광역시 강서구 제도로 830 (강동동),그 외 기타 전자부품 제조업 외 2종,051-502-6080
338,(주)넥스디,부산광역시 사상구 백양대로646번나길 73 (괘법동),산업용 송풍기 및 배기장치 제조업,051-266-7490
339,(주)넥스트 도어,부산광역시 강서구 녹산산업북로 263 (송정동),주형 및 금형 제조업,051-831-6410
340,(주)넥스트론,"부산광역시 금정구 개좌로 273-20, 6층 608, 609호(회동동, 브이원타워)",반도체 제조용 기계 제조업 외 3종,051-512-6770
341,(주)노라노디자인가구,부산광역시 기장군 정관면 정관로 819-11 (자원공장),표면 가공 목재 및 특정 목적용 제재목 제조업,051-728-4351
342,(주)노바인터내쇼널,부산광역시 강서구 범방2로 73(범방동),기타 신발 제조업 외 1종,051-305-3060
343,(주)노아에스비엠에이,"부산광역시 남구 신선로 2, 1동 3층 311호  (우암동)",기타 전기 변환장치 제조업 외 2종,미등록
344,(주)녹채원,부산광역시 강서구 녹산산업중로 348 (송정동),도시락류 제조업 외 1종,051-831-2114
345,(주)놀시스템즈코리아,"부산광역시 기장군 일광읍 일광로 647, LJ TOWER",기기용 자동측정 및 제어장치 제조업,051-715-6952
346,(주)농심 녹산공장,부산광역시 강서구 녹산산단261로73번길 48 (송정동),"면류, 마카로니 및 유사식품 제조업 외 1종",051-329-4100
347,(주)농심부산공장,"부산광역시 사상구 사상로455번길 46(모라동, 농심(주))","면류, 마카로니 및 유사식품 제조업 외 2종",051-366-5300
348,(주)농협사료,"부산광역시 남구 우암로 337 (문현동, 부산특수사료공장)",반려동물용 사료 제조업 외 2종,051-606-1900
349,(주)누리엠텍,부산광역시 사하구 구평로16번길 25 (구평동),산업용 냉장 및 냉동 장비 제조업,051-243-8882
350,(주)누리칸,"부산광역시 남구 신선로 365,  산학협력단 신관 402,403호 (창업보육센터 402,403호) (용당동)",기타 전기 변환장치 제조업 외 21종,051-627-9870
351,(주)누리테크,부산광역시 사하구 홍티로 123 (다대동),구조용 금속 판제품 및 공작물 제조업 외 6종,051-544-0077
352,(주)누리테크,부산광역시 사하구 보덕포1길 2 (장림동),그 외 기타 1차 철강 제조업 외 4종,051-544-0077
353,(주)누리테크,부산광역시 사하구 다산로 150 (다대동),구조용 금속 판제품 및 공작물 제조업 외 4종,051-973-0506
354,(주)뉴라이즌 ,"부산광역시 해운대구 센텀중앙로 97, B동 4층 401호(재송동, 센텀스카이비즈)",기체 여과기 제조업 외 2종,051-754-2721
355,(주)뉴블루오션 ,부산광역시 기장군 장안읍 장안산단1로 12-15,산업용 냉장 및 냉동 장비 제조업,051-727-9994
356,(주)뉴스코베큠,부산광역시 강서구 미음국제5로 9 (미음동),기체 펌프 및 압축기 제조업,051-831-9012
357,(주)뉴코리아테크,부산광역시 사상구 낙동대로1390번길 66 (삼락동),절삭가공 및 유사처리업,051-301-0663
358,(주)뉴텍글로벌,부산광역시 강서구 녹산산단261로13번길 49 (송정동),표면처리 및 적층 직물 제조업,051-831-3171
359,(주)뉴텍상사김해지점,부산광역시 강서구 봉죽길482번길 252 (죽동동),"체조, 육상 및 체력단련용 장비 제조업",051-442-5677
360,(주)늘푸른바다,부산광역시 사하구 다대로1066번길 35 (장림동),그 외 기타 일반목적용 기계 제조업 외 2종,051-266-2395
361,(주)늘푸른정보기술,"부산광역시 해운대구 센텀서로 30, 1702호 (우동, KNN 타워)",컴퓨터 제조업 외 1종,051-554-1006
362,(주)니토,부산광역시 해운대구 반송로513번길 66-47 (석대동) 테크노타워,기타 조명장치 제조업,051-522-1988
363,(주)니토 ,"부산광역시 해운대구 반송로513번길 66-47, 5층 503호  (석대동)",기타 조명장치 제조업,미등록
364,(주)닛시라이텍,부산광역시 사하구 을숙도대로 570 (장림동),일반용 전기 조명장치 제조업 외 3종,051-714-1560
365,(주)다건프로덕트,"부산광역시 사하구 다대로300번길 40, 2층 (장림동)",전자부품 실장기판 제조업 외 5종,051-711-7057
366,(주)다그로푸드,"부산광역시 사상구 사상로319번길 56(덕포동, 일신유압)",육류 기타 가공 및 저장처리업 (가금류 제외),051-892-8876
367,(주)다니엘시스템,부산광역시 기장군 일광읍 이천8길 132-13,기타 표시장치 제조업 외 1종,ARS-1644-3350
368,(주)다돌,"부산광역시 강서구 명지국제8로10번길 38, 329호 (명지동)",그 외 기타 플라스틱 제품 제조업,ARS-1544-5969
369,(주)다보광고,부산광역시 기장군 정관면 산단3로 87 ((주)다보광고 기장점),간판 및 광고물 제조업 외 11종,051-502-0600
370,(주)다비스톤,"부산광역시 수영구 연수로369번길 8, 3층 (수영동)",그 외 기타 분류 안된 화학제품 제조업 외 1종,051-558-9611
371,(주)다산기술 ,부산광역시 강서구 녹산산업중로 126 (송정동),육상 금속 골조 구조재 제조업 외 1종,051-971-1896
372,(주)다솔이앤씨,"부산광역시 금정구 부산대학로63번길 2, 효원산학협동관 309호(장전동, 부산대학교)",건설 및 채광용 기계장비 제조업 외 2종,051-518-1900
373,(주)다스코,부산광역시 강서구 미음산단1로15번길 33(구랑동),"증류기, 열교환기 및 가스발생기 제조업 외 1종",051-973-4895
374,(주)다스코,"부산광역시 강서구 녹산산단17로78번길 33, (주)다스코 (송정동)","증류기, 열교환기 및 가스발생기 제조업 외 1종",051-973-4895
375,(주)다스코리아,부산광역시 강서구 식만로 13-21 (죽림동),전기경보 및 신호장치 제조업,051-715-0119
376,(주)다온테크,"부산광역시 강서구 녹산산단382로14번가길 20, 1층 113호 (송정동, 한국청정도금센터)",도금업,051-832-5657
377,(주)다온테크닉스,부산광역시 기장군 정관읍 예림1로 87-34,전동기 및 발전기 제조업 외 2종,051-323-6311
378,(주)다완테크  ,부산광역시 기장군 장안읍 오리산단5로 25,승강기 제조업 외 2종,051-831-5015
379,(주)다우델타,부산광역시 강서구 화전산단3로 76 (화전동),주형 및 금형 제조업,051-302-3982
380,(주)다우정밀,부산광역시 강서구 녹산산업중로 105 (송정동),그 외 자동차용 신품 부품 제조업,051-973-0123
381,(주)다우정밀,부산광역시 강서구 녹산산업중로 99 (송정동),자동차 엔진용 신품 부품 제조업 외 4종,051-832-0970
382,(주)다우코 영도지점,부산광역시 영도구 대평로 10-4 (대평동1가),유압기기 제조업,051-415-3155
383,(주)다원씨엔피 지점,부산광역시 강서구 미음국제5로다길 31 (미음동),자동차 차체용 신품 부품 제조업,051-831-5026
384,(주)다원테크,부산광역시 강서구 녹산산단382로50번길 29 (송정동),"플라스틱 포대, 봉투 및 유사제품 제조업",051-831-8733
385,(주)다이닝푸드,부산광역시 기장군 기장읍 차성로365번길 30,육류 포장육 및 냉동육 가공업 (가금류 제외) 외 1종,051-722-9567
386,(주)다이레카,부산광역시 강서구 평강로 11 (강동동),트레일러 및 세미트레일러 제조업 외 1종,051-322-0041
387,(주)다이아몬드,부산광역시 강서구 대저로 64-1 (대저1동),톱 및 호환성 공구 제조업,051-971-8782
388,(주)다인메디케어,"부산광역시 사하구 신산로 120, A동 10층 A1011호  (신평동)",기타 직물제품 제조업,미등록
389,(주)다인정보,부산광역시 수영구 망미로27번길 42 (광안동),유선 통신장비 제조업 외 10종,051-626-5454
390,(주)다짠다 앤 컴포드,부산광역시 기장군 정관읍 산단3로 101-24,주방용 전기기기 제조업 외 2종,051-714-3692
391,(주)다츠,"부산광역시 금정구 부산대학로63번길 2, 삼성산학협동관 612호(장전동, 부산대학교)","물질 검사, 측정 및 분석기구 제조업",051-926-2021
392,(주)다함엘리베이터,"부산광역시 사상구 장인로 7-16(감전동, 미래스텐)",승강기 제조업,미등록
393,(주)다해씨푸드,부산광역시 사하구 장평로15번길 30 (장림동),기타 수산동물 가공 및 저장 처리업,051-264-2025
394,(주)다헌유통,부산광역시 강서구 신덕길1번길 27-1 (대저1동),육류 기타 가공 및 저장처리업 (가금류 제외),051-941-9677
395,(주)다현하이테크,부산광역시 강서구 낙동북로108번길 28 (강동동),일반용 전기 조명장치 제조업,070-7776-5352
396,(주)다호씨앤티,부산광역시 기장군 정관읍 매학리 143-20,운송장비용 조명장치 제조업,070-4335-5099
397,(주)다흥,부산광역시 강서구 녹산산단261로87번길 22 (송정동),"탭, 밸브 및 유사장치 제조업 외 1종",051-311-1882
398,(주)다흥,부산광역시 강서구 화전산단5로84번길 22 (화전동),"탭, 밸브 및 유사장치 제조업",051-311-1882
399,(주)닥터큐메딕스,"부산광역시 동래구 금강로 69, 지하 제1층 101호(온천동, 온천프라자)",그 외 기타 달리 분류되지 않은 제품 제조업,051-913-4217
400,(주)단비 바이오,부산광역시 강서구 공항앞길51번길 38 (대저2동),화학 살균.살충제 및 농업용 약제 제조업 외 1종,051-971-9780
401,(주)담따,부산광역시 사하구 장평로132번길 23 (장림동),"목재 포장용 상자, 드럼 및 유사용기 제조업",미등록
402,(주)대강선재,부산광역시 강서구 가달1로 7 (생곡동),철강선 제조업,051-831-2155
403,(주)대강수산,부산광역시 강서구 녹산산업북로 400 (송정동),기타 수산동물 가공 및 저장 처리업,051-831-1611
404,(주)대건,부산광역시 강서구 호계로 52-1 (죽림동),기타 신발 제조업,051-205-7839
405,(주)대경,부산광역시 사하구 다산로 23 (다대동),기타 물품 취급장비 제조업,051-264-6611
406,(주)대경 제2공장,부산광역시 강서구 미음산단1로15번길 5 (구랑동),기타 물품 취급장비 제조업,051-264-6020
407,(주)대경금속,부산광역시 사하구 다대로170번길 92 (신평동),금속 절삭기계 제조업,051-203-8820
408,(주)대경이엔에스,"부산광역시 사상구 새벽로215번길 114, 2층 (괘법동)",배전반 및 전기 자동제어반 제조업,051-327-1160
409,(주)대경지티씨,부산광역시 영도구 해양로 33-13 (청학동),선박 구성 부분품 제조업,051-418-1117
410,(주)대경티에스,부산광역시 강서구 대저동서로61번길 15 (대저1동),그 외 기타 1차 철강 제조업 외 2종,051-941-2126
411,(주)대광기계,부산광역시 사하구 다산로 79 (다대동),음ㆍ식료품 및 담배 가공기계 제조업,051-263-7011
412,(주)대광변압기,부산광역시 강서구 녹산산단381로 41 (송정동),변압기 제조업,051-832-0223
413,(주)대광브레이크,"부산광역시 사상구 낙동대로1390번길 83 (삼락동, 대광브레이크)",그 외 기타 전자부품 제조업 외 1종,051-303-8100
414,(주)대광산업,부산광역시 강서구 가달1로 64 (생곡동),선박 구성 부분품 제조업,051-831-5886
415,(주)대광오토텍,부산광역시 강서구 미음산단로76번길 29 (구랑동) (주)엠스,주형 및 금형 제조업,051-264-3614
416,(주)대광이엔지,부산광역시 강서구 미음국제5로다길 33(미음동),선박 구성 부분품 제조업,051-715-3390
417,(주)대광중공업,부산광역시 강서구 과학산단2로19번길 19 (지사동),기어 및 동력전달장치 제조업,051-941-1184
418,(주)대광테크,"부산광역시 강서구 낙동남로533번길 86(녹산동, (주)대광테크)",선박 구성 부분품 제조업 외 1종,051-973-7500
419,(주)대광테크,부산광역시 강서구 과학산단2로3번길 102(지사동),선박 구성 부분품 제조업,051-831-9751
420,(주)대광테크,부산광역시 강서구 과학산단로 437 (지사동),선박 구성 부분품 제조업,051-973-7500
421,(주)대광테크,부산광역시 강서구 녹산산단261로73번길 16 (송정동),선박 구성 부분품 제조업,051-831-9751
422,(주)대광테크,부산광역시 강서구 과학산단2로19번길 116(지사동),선박 구성 부분품 제조업,051-831-9751
423,(주)대광테크,부산광역시 강서구 녹산산단261로 36 (송정동),도장 및 기타 피막처리업 외 1종,051-327-2517
424,(주)대광테크인,부산광역시 강서구 녹산산단261로 36 (송정동),절삭가공 및 유사처리업 외 1종,051-612-3640
425,(주)대국아이.엔.티,"부산광역시 금정구 개좌로 42 (금사동, 대국 INT)",그 외 자동차용 신품 부품 제조업 외 3종,051-524-9777
426,(주)대길통상,부산광역시 강서구 범방3로29번길 7 (범방동),그 외 기타 1차 철강 제조업 외 1종,051-314-6300
427,(주)대덕,"부산광역시 사상구 사상로425번길 12 (모라동, (주)대덕)",그 외 자동차용 신품 부품 제조업 외 3종,051-302-4542
428,(주)대덕R&P,부산광역시 사상구 낙동대로901번길 41 (감전동),액체 펌프 제조업 외 1종,051-317-4222
429,(주)대덕정밀 ,부산광역시 해운대구 반송로513번길 66-32 (석대동),금속 절삭기계 제조업,051-327-6736
430,(주)대덕화학,부산광역시 사상구 낙동대로 809-37 (엄궁동),그 외 기타 분류 안된 화학제품 제조업 외 4종,051-325-0552
431,(주)대동계측,부산광역시 사상구 사상로375번길 46 (덕포동),"기타 측정, 시험, 항해, 제어 및 정밀기기 제조업 외 10종",051-301-5069
432,(주)대동메탈,부산광역시 사상구 사상로45번길 12 (주례동),그 외 기타 금속가공업,051-322-2952
433,(주)대동물류포장,"부산광역시 강서구 녹산산업중로 235, (주)대동물류포장 (송정동)","목재 포장용 상자, 드럼 및 유사용기 제조업",051-973-5425
434,(주)대동스프링,부산광역시 강서구 과학산단2로19번길 9 (지사동),그 외 자동차용 신품 부품 제조업 외 5종,051-972-1005
435,(주)대동신관,부산광역시 강서구 화전산단2로134번길 27 (화전동),"동 제련, 정련 및 합금 제조업",051-264-4300
436,(주)대동신관,부산광역시 사하구 다산로260번길 58 (장림동),"동 제련, 정련 및 합금 제조업",051-264-4300
437,(주)대동씨엠,부산광역시 강서구 녹산산단382로59번길 33 (송정동) (총 3 필지),자동차 엔진용 신품 부품 제조업 외 5종,051-831-8111
438,(주)대동유공압 부산점,"부산광역시 사상구 가야대로 165 (감전동, (주)대동유공압)",선박 구성 부분품 제조업,051-802-7358
439,(주)대동전자,"부산광역시 해운대구 삼어로 180 (반여동, 대동전자)","전자코일, 변성기 및 기타 전자 유도자 제조업",051-522-5355
440,(주)대동테크윈,부산광역시 강서구 가락대로1397번길 79 (봉림동),그 외 기타 특수목적용 기계 제조업 외 1종,051-831-8060
441,(주)대동테크윈,"부산광역시 강서구 가락대로1397번길 89,  외1필지 (봉림동)",그 외 기타 전자부품 제조업 외 1종,051-831-8060
442,(주)대동테크윈,부산광역시 강서구 가락대로1397번길 81 (봉림동),그 외 기타 전자부품 제조업 외 1종,051-831-8060
443,(주)대동피아이,"부산광역시 사상구 새벽로63번길 46 (학장동, (주)대동피아이)",액체 펌프 제조업 외 10종,미등록
444,(주)대동피팅메탈즈,부산광역시 강서구 녹산산단382로59번길 21 (송정동),그 외 기타 금속가공업,051-246-4192
445,(주)대둔,부산광역시 강서구 대저동서로229번길 18 (대저2동),그 외 자동차용 신품 부품 제조업 외 3종,051-941-2312
446,(주)대륙건설광고공사,"부산광역시 연제구 반송로 104, 연산동 104-36번지 (연산동)",간판 및 광고물 제조업 외 8종,051-867-9999
447,(주)대륙산전,부산광역시 기장군 장안읍 오리길 320,배전반 및 전기 자동제어반 제조업 외 2종,051-727-9834
448,(주)대륙피앤아이,부산광역시 사하구 신산로 116 (신평동),운송장비 조립용 플라스틱제품 제조업 외 1종,051-293-4072
449,(주)대림기공,부산광역시 강서구 화전산단6로90번길 19 (화전동),철도차량 부품 및 관련 장치물 제조업,051-301-1455
450,(주)대림기공,부산광역시 강서구 녹산산단381로 64 (송정동),금속탱크 및 저장용기 제조업 외 1종,051-831-1456
451,(주)대림모노레일,부산광역시 강서구 식만로233번길 26 (식만동),기타 구조용 금속제품 제조업 외 1종,051-972-8707
452,(주)대림목재포장,부산광역시 강서구 녹산산단407로 19 (송정동),목재 깔판류 및 기타 적재판 제조업 외 2종,051-831-1234
453,(주)대림산업,부산광역시 사상구 모덕로27번길 59 (삼락동),합성수지 및 기타 플라스틱 물질 제조업 외 4종,051-301-3562
454,(주)대림씨푸드,"부산광역시 사하구 다산로 262, 가동 (장림동)",수산동물 냉동품 제조업,051-263-2650
455,(주)대림에스텍,부산광역시 사하구 하신중앙로 92 (신평동),자동차 차체용 신품 부품 제조업 외 1종,051-292-7775
456,(주)대림정공,부산광역시 사하구 을숙도대로569번길 45 (신평동),"금속 문, 창, 셔터 및 관련제품 제조업 외 7종",051-293-7726
457,(주)대림창호,부산광역시 사하구 하신번영로 288 (하단동),플라스틱 창호 제조업,051-207-6363
458,(주)대림테크,"부산광역시 동구 성남로49번길 9 (좌천동, 세방기업) 홍익빌딩 4층",유선 통신장비 제조업 외 3종,051-441-5151
459,(주)대림테크놀로지,부산광역시 강서구 평강로 215 (대저1동),선박 구성 부분품 제조업 외 34종,051-831-5075
460,(주)대림텍스 녹산공장,부산광역시 강서구 녹산산단382로14번길 14 (송정동),"직물, 편조원단 및 의복류 염색 가공업",051-832-1011
461,(주)대립,부산광역시 강서구 과학산단로333번길 22 (지사동),육상 금속 골조 구조재 제조업 외 31종,051-262-1891
462,(주)대립,부산광역시 강서구 미음국제6로 81 (미음동),자동차 차체용 신품 부품 제조업,051-262-1891
463,(주)대마상사,부산광역시 사하구 다산로225번길 66 (장림동),모피 및 가죽 제조업,051-262-6505
464,(주)대명금속,부산광역시 사상구 가야대로 117 (감전동),그 외 기타 금속가공업,051-323-4221
465,(주)대명어구,부산광역시 강서구 녹산산단262로60번길 30 (송정동),낚시 및 수렵용구 제조업,051-831-6681
466,(주)대명제관,부산광역시 강서구 녹산산업중로61번길 25 (송정동),금속 캔 및 기타 포장용기 제조업,051-831-1911
467,(주)대명컨테이너상사,부산광역시 강서구 낙동남로683번길 1 (녹산동),트레일러 및 세미트레일러 제조업 외 4종,미등록
468,(주)대명피엠씨,"부산광역시 사상구 가야대로 229-8 (주례동, 대명PMC)",운송장비 조립용 플라스틱제품 제조업 외 1종,051-317-2105
469,(주)대보,"부산광역시 영도구 절영로 72, 3,4층 (남항동2가)","근무복, 작업복 및 유사의복 제조업 외 2종",051-412-1775
470,(주)대봉기연,부산광역시 강서구 가리새1로 9 (생곡동),기타 가공 공작기계 제조업 외 2종,051-831-8881
471,(주)대봉엔지니어링,부산광역시 강서구 화전산단5로38번길 31 (화전동),액체 펌프 제조업 외 4종,051-313-6611
472,(주)대산엔지니어링,부산광역시 강서구 녹산산단261로40번길 22 (송정동),선박 구성 부분품 제조업 외 1종,051-831-0090
473,(주)대생엔지니어링,부산광역시 사하구 다산로 154 (다대동),산업용 냉장 및 냉동 장비 제조업,051-266-2871
474,(주)대성,"부산광역시 금정구 동천로 13 (회동동, (주)대성)",금속 스프링 제조업,051-524-2123
475,(주)대성기계,부산광역시 사상구 가야대로176번길 100 (학장동),"기타 섬유, 의복 및 가죽 가공 기계 제조업 외 1종",051-324-5658
476,(주)대성기계,부산광역시 사상구 학감대로192번길 26 (학장동),"기타 섬유, 의복 및 가죽 가공 기계 제조업",051-324-5658
477,(주)대성기어,부산광역시 기장군 정관읍 산단2로 6-5 ((주)대성기어),자동차용 신품 동력전달장치 제조업 외 1종,051-727-3633
478,(주)대성리싸이클,부산광역시 사하구 보덕포1길 88 (장림동) (총 3 필지),비금속류 해체 및 선별업 외 1종,051-266-5866
479,(주)대성상사지엘에스,부산광역시 강서구 과학산단로333번길 77-69 (지사동),일반 창고업 외 1종,051-464-8686
480,(주)대성섬유,부산광역시 금정구 서동로176번길 14-7 (서동),셔츠 및 블라우스 제조업 외 15종,051-522-2112
481,(주)대성씨엠피,부산광역시 강서구 녹산산단290로 31 (송정동),운송장비 조립용 플라스틱제품 제조업 외 2종,051-832-2071
482,(주)대성아이엔디,부산광역시 사상구 낙동대로 887,선박 구성 부분품 제조업,051-418-3505
483,(주)대성어패럴,"부산광역시 금정구 공단동로41번길 10, 5층 503~507 (금사동)",셔츠 및 블라우스 제조업 외 4종,051-522-0941
484,(주)대성에코,부산광역시 사상구 대동로 262 (감전동),그 외 기타 플라스틱 제품 제조업 외 1종,051-244-7123
485,(주)대성인쇄,부산광역시 중구 복병산길6번길 13 (대청동1가),기타 인쇄업 외 1종,051-469-4696
486,(주)대성전자 ,"부산광역시 금정구 개좌로 273-20, 5층 507호  (회동동)",그 외 기타 전자부품 제조업 외 1종,051-668-5191
487,(주)대성조선,부산광역시 사하구 다대로605번길 41 (다대동),기타 선박 건조업,051-263-0016
488,(주)대성철강다대공장,부산광역시 사하구 다산로 60 (다대동),열간 압연 및 압출 제품 제조업,051-264-1555
489,(주)대성코퍼레이션,부산광역시 기장군 장안읍 장안산단로 139,그 외 기타 일반목적용 기계 제조업,051-727-1997
490,(주)대성테크,부산광역시 강서구 녹산산단165로14번길 25 (송정동),합성수지 및 기타 플라스틱 물질 제조업,051-831-4440
491,(주)대성테크,부산광역시 강서구 녹산산단261로74번길 33 (송정동),면직물 직조업 외 16종,051-831-4440
492,(주)대성테크노히타,부산광역시 사상구 학감대로192번길 22 (학장동),그 외 기타 전기장비 제조업 외 15종,미등록
493,(주)대성테크노히타,"부산광역시 사상구 괘감로 56-17 (감전동, (주)대성테크노히타)",그 외 기타 전기장비 제조업 외 4종,051-817-8405
494,(주)대성티엠씨,부산광역시 강서구 호계로103번길 35-1 (죽동동),승강기 제조업 외 12종,051-313-5341
495,(주)대성프라임,부산광역시 강서구 미음산단로76번길 13 (구랑동),기타 기관 및 터빈 제조업 외 6종,051-832-1384
496,(주)대성프린텍,"부산광역시 부산진구 부전로 5-1, 거북골빌딩 7층 (701,704호)(부전동)",오프셋 인쇄업 외 2종,051-807-2373
497,(주)대성피티씨,"부산광역시 사상구 새벽로201번길 30 (괘법동, 대성)",기어 및 동력전달장치 제조업 외 1종,051-326-0377
498,(주)대성하이테크,부산광역시 기장군 장안읍 반룡산단2로 41,그 외 기타 특수목적용 기계 제조업,미등록
499,(주)대수기업,부산광역시 사하구 서포로 7 (구평동),그 외 기타 종이 및 판지 제품 제조업,051-262-1126
500,(주)대신기술,부산광역시 기장군 정관면 산단4로 8-15 (신우메탈(주)) (총 3 필지),내연기관 제조업 외 1종,051-728-6680
501,(주)대신기연,부산광역시 강서구 가리새1로17번길 14 (생곡동),"전자코일, 변성기 및 기타 전자 유도자 제조업 외 1종",051-313-8439
502,(주)대신레이저,"부산광역시 사상구 낙동대로916번길 40 (감전동, 대신레이저)",그 외 자동차용 신품 부품 제조업 외 5종,051-328-5733
503,(주)대신인더스,부산광역시 사하구 장평로 204 (장림동),기타 신발 제조업,051-266-4408
504,(주)대신정밀,부산광역시 영도구 봉래나루로 174 (봉래동2가),선박 구성 부분품 제조업,051-417-8874
505,(주)대신테크,부산광역시 강서구 녹산산업중로 31-14 (송정동),그 외 기타 특수목적용 기계 제조업 외 1종,051-207-8006
506,(주)대아선재,부산광역시 사하구 다산로 15 (다대동),금속선 가공제품 제조업 외 4종,051-263-2346
507,(주)대아선재 녹산공장,부산광역시 강서구 녹산산단407로 16 (송정동),철강선 제조업,051-831-1080
508,(주)대아정밀,"부산광역시 사상구 낙동대로1436번길 29(삼락동, 대아정밀연마)",금속 가구 제조업,051-301-0451
509,(주)대암전기,부산광역시 강서구 미음국제3로 111 (미음동),전동기 및 발전기 제조업,051-971-7666
510,(주)대양,부산광역시 강서구 미음동 0-0번지 부산신항배후 국제산업물류도시 1단계 I3 8L,구조용 금속 판제품 및 공작물 제조업 외 1종,051-831-8777
511,(주)대양,부산광역시 강서구 미음국제5로가길 8 (미음동),구조용 금속 판제품 및 공작물 제조업 외 1종,051-831-8777
512,(주)대양계기,부산광역시 강서구 녹산산단261로14번길 45-10 (송정동),선박 구성 부분품 제조업 외 5종,051-200-9712
513,(주)대양바이오랩,부산광역시 금정구 공단동로41번길 10 (금사동),그 외 기타 분류 안된 섬유제품 제조업,051-921-3001
514,(주)대양볼트,부산광역시 강서구 가리새2로13번길 42 (생곡동),볼트 및 너트류 제조업,051-324-1414
515,(주)대양분산기,부산광역시 기장군 정관읍 용수공단2길 38 (엔젤아쿠아),연마재 제조업,051-728-6176
516,(주)대양산전,부산광역시 기장군 정관읍 곰내길 643,배전반 및 전기 자동제어반 제조업 외 1종,051-526-4156
517,(주)대양식품,부산광역시 사하구 다대로1066번길 47 (장림동),기타 수산동물 가공 및 저장 처리업,051-256-7367
518,(주)대양아이앤씨,"부산광역시 해운대구 선수촌로207번가길 59 (반여동, 대양통상)",그 외 기타 분류 안된 섬유제품 제조업 외 3종,051-532-8801
519,(주)대양엠에스티,부산광역시 강서구 영강길 185 (명지동),절삭가공 및 유사처리업,051-325-7777
520,(주)대양전장,부산광역시 사하구 두송로 233 (구평동),기타 전기 변환장치 제조업 외 1종,051-414-9937
521,(주)대양캐스텍,부산광역시 강서구 과학산단2로43번길 9 (지사동),자동차 엔진용 신품 부품 제조업 외 2종,051-305-6593
522,(주)대연상사,부산광역시 강서구 죽림동 567-4 번지,신발 부분품 제조업,055-335-0435
523,(주)대연상사,부산광역시 강서구 식만로 13-73 (죽림동),신발 부분품 제조업,051-335-0435
524,(주)대영밸브,"부산광역시 사상구 강변대로456번길 34-19 (엄궁동, 대영밸브)","탭, 밸브 및 유사장치 제조업",051-831-1431
525,(주)대영사,부산광역시 강서구 녹산산단382로14번길 40 (송정동),신발 부분품 제조업,051-832-0123
526,(주)대영아이엔시,부산광역시 사하구 장림번영로104번길 28 (장림동),그 외 자동차용 신품 부품 제조업 외 3종,051-323-6462
527,(주)대영에스엔에스,부산광역시 사상구 학장동 275-51,"근무복, 작업복 및 유사의복 제조업",051-311-9788
528,(주)대영에스엔에스,"부산광역시 사상구 진사로36번길 57 (주례동, 대영)","근무복, 작업복 및 유사의복 제조업 외 2종",051-311-9788
529,(주)대영정기,부산광역시 사하구 다산로 227 (장림동),도금업 외 1종,051-264-2886
530,(주)대영철강,부산광역시 강서구 공항로393번길 60-11(대저2동),그 외 기타 1차 철강 제조업,051-627-6600
531,(주)대영특수고무,부산광역시 기장군 정관읍 모전리 16-1번지,자동차 차체용 신품 부품 제조업 외 6종,051-728-3900
532,(주)대우공업사,부산광역시 사하구 다대로1066번길 62 (장림동),"플라스틱 포대, 봉투 및 유사제품 제조업",051-262-0880
533,(주)대우공업사,부산광역시 사하구 홍티로 77 (다대동),금속 단조제품 제조업,051-262-0880
534,(주)대우공업사 지사동지점,부산광역시 강서구 과학산단2로19번길 43(지사동),그 외 자동차용 신품 부품 제조업 외 1종,051-262-0880
535,(주)대우인더스트리,부산광역시 기장군 기장읍 대청로72번길 24-1 (대우캐리어에어컨),가정용 및 산업용 공기 조화장치 제조업 외 1종,051-722-8822
536,(주)대웅,부산광역시 사하구 신산로 50 (신평동),솜 및 실 염색가공업,051-207-1992
537,(주)대웅씨티,부산광역시 강서구 화전산단5로84번길 30(화전동),"증류기, 열교환기 및 가스발생기 제조업",051-714-6177
538,(주)대웅씨티,부산광역시 강서구 미음산단로 136 (구랑동),금속탱크 및 저장용기 제조업 외 4종,051-714-6177
539,(주)대웅이티,부산광역시 강서구 화전산단3로 90 (화전동),금속탱크 및 저장용기 제조업,051-715-3435
540,(주)대원마린텍,부산광역시 강서구 녹산산단382로60번길 42 (송정동) (총 2 필지),합성수지선 건조업 외 11종,051-831-7540
541,(주)대원몰드,"부산광역시 사상구 사상로367번길 22 (덕포동, 대원정밀)",주형 및 금형 제조업,051-304-3605
542,(주)대원물산,부산광역시 사하구 신산로 145 (신평동),그 외 기타 분류 안된 화학제품 제조업 외 2종,051-204-5601
543,(주)대원엘파,부산광역시 북구 만덕3로 38 (만덕동),배전반 및 전기 자동제어반 제조업,051-342-0204
544,(주)대원엠텍,부산광역시 사하구 다대로354번길 72 (장림동),산업용 냉장 및 냉동 장비 제조업 외 2종,051-264-0377
545,(주)대원이엔지,부산광역시 사상구 낙동대로1446번길 16 (삼락동),배전반 및 전기 자동제어반 제조업 외 2종,051-302-8950
546,(주)대원정보통신,"부산광역시 서구 충무대로149번다길 13-1, 1층 (남부민동)",방송장비 제조업 외 12종,051-911-1400
547,(주)대원코퍼레이션,"부산광역시 금정구 공단동로29번길 46, 2층 (금사동)",기타 직물제품 제조업,051-558-8334
548,(주)대원테크,"부산광역시 사상구 낙동대로881번길 15 (감전동, (주)대원테크)",강주물 주조업,051-322-4917
549,(주)대일,부산광역시 기장군 정관면 산단4로 99 ((주)대일),산업용 냉장 및 냉동 장비 제조업 외 4종,051-730-8500
550,(주)대일 스마트공장,부산광역시 기장군 정관읍 산단4로 100,산업용 냉장 및 냉동 장비 제조업 외 4종,051-730-8500
551,(주)대일밸브,"부산광역시 사상구 낙동대로1404번길 9 (삼락동, 대일산업)",육상 금속 골조 구조재 제조업 외 1종,051-304-0604
552,(주)대일산업,"부산광역시 사상구 낙동대로1356번길 28, 2층(삼락동)",세폭직물 제조업 외 10종,051-302-4280
553,(주)대일프린텍,부산광역시 사상구 낙동대로 801 (엄궁동),기타 인쇄업 외 1종,051-320-5555
554,(주)대정,"부산광역시 사상구 낙동대로 1420 (삼락동, 대정(주))",기타 운동 및 경기용구 제조업 외 1종,051-304-2511
555,(주)대주애드,부산광역시 부산진구 동평로405번길 92 (양정동),경 인쇄업,051-803-6630
556,(주)대주인쇄문화사,"부산광역시 사상구 낙동대로1366번길 12 (삼락동, 대림하이테크)",기타 인쇄업 외 1종,051-305-1273
557,(주)대진물산제2공장,부산광역시 사하구 다대로1066번길 47 (장림동),모피 및 가죽 제조업 외 1종,051-263-5595
558,(주)대진산업,부산광역시 강서구 녹산산단262로59번길 7 (송정동),액체 여과기 제조업 외 1종,051-301-2988
559,(주)대진산업,"부산광역시 강서구 과학산단1로60번길 31, 2층 202-2 (지사동)",폴리스티렌 발포 성형제품 제조업 외 2종,051-728-7278
560,(주)대진유압기계,부산광역시 사상구 가야대로103번길 72 (감전동),유압기기 제조업 외 4종,051-325-9472
561,(주)대진이앤지,부산광역시 강서구 화전산단6로 57 (화전동),절삭가공 및 유사처리업,051-600-0162
562,(주)대진정밀,부산광역시 강서구 녹산산업중로167번길 46 (송정동),자동차용 신품 조향장치 및 현가 장치 제조업,051-304-7930
563,(주)대진지에스,"부산광역시 금정구 동천로7번길 48-20 (회동동, 대진정밀)",그 외 자동차용 신품 부품 제조업 외 3종,051-521-2466
564,(주)대진지피아이,부산광역시 기장군 정관읍 산단5로 100-237 (대진GPI),"플라스틱 선, 봉, 관 및 호스 제조업",051-728-5100
565,(주)대진코엔텍,부산광역시 강서구 녹산산단290로 27-14 (송정동),도장 및 기타 피막처리업,051-941-0828
566,(주)대창솔루션,부산광역시 강서구 화전산단1로 155 (화전동),"탭, 밸브 및 유사장치 제조업 외 1종",051-899-5684
567,(주)대창중기계,부산광역시 강서구 울만로25번길 143-16 (대저2동),건설 및 채광용 기계장비 제조업,051-317-8574
568,(주)대창철강,부산광역시 사상구 낙동대로 875 (감전동),그 외 기타 금속가공업,051-315-6593
569,(주)대천,부산광역시 기장군 장안읍 명례산단6로 74,선박 구성 부분품 제조업,051-717-3672
570,(주)대추,부산광역시 사상구 가야대로213번길 12-29(주례동),전동기 및 발전기 제조업 외 1종,051-791-2136
571,(주)대풍수산식품,"부산광역시 서구 원양로 1, B동 3층 308 (암남동)",기타 수산동물 가공 및 저장 처리업,051-246-9110
572,(주)대하,부산광역시 강서구 미음산단3로 137 (미음동),유압기기 제조업 외 3종,051-326-1870
573,(주)대하냉기,부산광역시 강서구 공항로743번길 13 (대저2동),산업용 냉장 및 냉동 장비 제조업,051-324-6781
574,(주)대하산업,부산광역시 사상구 사상로447번길 41 (모라동),기타 직물제품 제조업,051-301-8611
575,(주)대하이엔지,부산광역시 강서구 녹산산단153로 63 (송정동),배전반 및 전기 자동제어반 제조업 외 4종,051-817-9547
576,(주)대하테크,"부산광역시 사상구 낙동대로1420번길 41, 인쇄타운 515호 (삼락동)",방송장비 제조업 외 4종,051-362-7171
577,(주)대하팩키지(본사),부산광역시 강서구 공항로339번길 75 (대저2동),기타 종이 상자 및 용기 제조업,051-972-4641
578,(주)대하팩키지(지사),부산광역시 강서구 대저2동 5180-2 번지,기타 종이 상자 및 용기 제조업,051-972-4641
579,(주)대한가구,부산광역시 강서구 식만로 207-9 (식만동),기타 목재가구 제조업 외 1종,051-973-3657
580,(주)대한공업사,부산광역시 사하구 다산로 208 (다대동),그 외 자동차용 신품 부품 제조업 외 3종,051-262-0071
581,(주)대한금속,부산광역시 강서구 녹산산단382로50번길 3 (송정동),그 외 기타 1차 철강 제조업 외 1종,051-831-9006
582,(주)대한버터플라이,"부산광역시 사상구 새벽시장로 144-14 (감전동, 대한버터플라이)","탭, 밸브 및 유사장치 제조업",051-317-1151
583,(주)대한산업기계,부산광역시 강서구 녹산산단289로 69 (송정동),자동차용 금속 압형제품 제조업 외 1종,051-831-2935
584,(주)대한심층수,"부산광역시 사하구 다송로72번길 82,  에스엔씨 112호 (다대동)",기타 비알코올 음료 제조업,051-264-7711
585,(주)대한엔드레스휄트,"부산광역시 사상구 사상로341번길 42 (덕포동, 대한휄트공업사)",부직포 및 펠트 제조업,051-304-4272
586,(주)대한이앤씨,부산광역시 금정구 회천로19번길 13 (회동동),일반용 도료 및 관련제품 제조업,051-928-0404
587,(주)대한이엔씨,부산광역시 사하구 신산로13번길 59 (신평동),"금속 문, 창, 셔터 및 관련제품 제조업 외 2종",055-314-6117
588,(주)대한이화,부산광역시 사상구 주례동 684-7,스크린 인쇄업,051-631-1757
589,(주)대한전광,"부산광역시 사상구 학감대로147번길 38, 2층(학장동)",금속 표시판 제조업,02-593-0350
590,(주)대한콘트롤,부산광역시 강서구 가달1로 39 (생곡동),"탭, 밸브 및 유사장치 제조업 외 1종",051-974-1221
591,(주)대한하이테크,부산광역시 강서구 낙동북로60번길 4-3 (강동동),기타 인쇄업 외 1종,051-972-9906
592,(주)대한히타,부산광역시 부산진구 서전로38번길 82-4 (전포동),배전반 및 전기 자동제어반 제조업 외 2종,051-809-4876
593,(주)대헌정밀,부산광역시 기장군 장안읍 명례산단6로 140,절삭가공 및 유사처리업 외 1종,051-621-6731
594,(주)대현냉동ENG,"부산광역시 사상구 낙동대로1396번길 55 (삼락동, COS)",산업용 냉장 및 냉동 장비 제조업,051-301-0881
595,(주)대현어패럴,부산광역시 남구 수영로69번가길 2 (문현동),"근무복, 작업복 및 유사의복 제조업 외 5종",051-635-9981
596,(주)대현우드,부산광역시 강서구 녹산산단381로12번길 68 (송정동),목재 깔판류 및 기타 적재판 제조업,051-831-1066
597,(주)대현우드,부산광역시 강서구 녹산화전로 8 (송정동),목재 깔판류 및 기타 적재판 제조업,051-831-1066
598,(주)대현정밀,부산광역시 사상구 장인로37번길 47-19(감전동),그 외 금속 압형제품 제조업,051-305-0396
599,(주)대현정밀화학,부산광역시 강서구 과학산단로333번길 77-26 (지사동),그 외 기타 분류 안된 화학제품 제조업 외 3종,051-941-2081
600,(주)대호,"부산광역시 사상구 새벽시장로 74, 외 1필지 1호동 3층 (감전동)",일반용 전기 조명장치 제조업 외 1종,051-1577-1269
601,(주)대호기계,부산광역시 사상구 가야대로12번길 42 (감전동),금속 절삭기계 제조업,051-326-2163
602,(주)대호비투비,부산광역시 강서구 낙동북로31번길 10 (강동동),주형 및 금형 제조업 외 1종,051-866-1209
603,(주)대호스크류,"부산광역시 사상구 낙동대로1318번길 40 (삼락동, (주)대호스크류)",주형 및 금형 제조업,051-303-9271
604,(주)대홍전기,부산광역시 기장군 장안읍 장안산단9로 65,자동차 엔진용 신품 부품 제조업 외 10종,051-728-5533
605,(주)대홍전력,부산광역시 강서구 대부길 279 (강동동),산업용 로봇 제조업,051-941-2332
606,(주)대화콘베어  ,부산광역시 기장군 장안읍 장안산단2로 7,컨베이어장치 제조업,051-274-3480
607,(주)대훈산업기계,부산광역시 강서구 녹산산단261로40번길 54 (송정동),강관 제조업 외 1종,051-831-2935
608,(주)대흥TECH,부산광역시 사상구 학감대로178번길 10 (학장동),강관 제조업 외 1종,051-315-0681
609,(주)대흥TECH,부산광역시 사상구 학감대로178번길 12 (학장동),강관 제조업 외 1종,051-315-0681
610,(주)대흥기업,부산광역시 해운대구 해운대로 1138 (송정동),교통 신호장치 제조업 외 20종,051-704-8015
611,(주)대흥기전,부산광역시 사하구 감천항로 487 (구평동),전동기 및 발전기 제조업 외 8종,051-266-5995
612,(주)대흥장유양조장,부산광역시 사상구 낙동대로1310번길 15 (삼락동),장류 제조업,051-304-3491
613,(주)대흥쿨러,부산광역시 강서구 가달2로55번길 24 (생곡동),"증류기, 열교환기 및 가스발생기 제조업 외 1종",031-532-9667
614,(주)대흥포징,부산광역시 강서구 녹산산업북로313번길 23 (송정동),금속 단조제품 제조업,051-382-6501
615,(주)댁호즈,부산광역시 강서구 녹산산업북로 326 (송정동),그 외 기타 1차 철강 제조업,054-335-1110
616,(주)더몰론코리아,부산광역시 강서구 녹산산단165로14번길 11-16 (송정동),일반용 도료 및 관련제품 제조업,051-831-8863
617,(주)더베스트이앤씨,부산광역시 기장군 정관읍 신정관로 431,전동기 및 발전기 제조업,ARS-1800-5133
618,(주)더베스트이앤씨  ,부산광역시 기장군 장안읍 에코산단2로 76,전기회로 접속장치 제조업,051-557-4266
619,(주)더블유그룹,부산광역시 기장군 정관읍 매학리 492,전자감지장치 제조업,미등록
620,(주)더블유아이티,"부산광역시 기장군 기장읍 차성남로 37-1, (2층)",금속 위생용품 제조업,051-724-0022
621,(주)더블유에스지,부산광역시 기장군 장안읍 기장대로 1921-16,강관 제조업 외 3종,051-710-1700
622,(주)더블유에스지,부산광역시 기장군 장안읍 오리산단3로 10,강관 제조업 외 1종,051-710-1700
623,(주)더블유에프엔,부산광역시 강서구 화전산단6로114번길 19 (화전동),강관 제조업 외 1종,051-609-9070
624,(주)더블유에프엔,"부산광역시 사상구 모라로 22, 10층 1005호(부산벤처타워) (모라동)",절삭가공 및 유사처리업,051-609-9070
625,(주)더블헬스케어,부산광역시 강서구 낙동남로 1030-23 (명지동),곡물 제분업,미등록
626,(주)더센 스마트 에너지,부산광역시 강서구 녹산산단261로 54 (송정동),절삭가공 및 유사처리업 외 1종,070-4403-3714
627,(주)더소스코리아,부산광역시 강서구 녹산산단381로 39 (송정동),천연 및 혼합조제 조미료 제조업,055-328-0677
628,(주)더스윙오퍼레이션,부산광역시 기장군 장안읍 반룡산단1로 57,개인용 전기식 이동수단 제조업,미등록
629,(주)더엔진,"부산광역시 사하구 하신중앙로54번길 42, 3층 (장림동)",남자용 겉옷 제조업 외 4종,02-6272-7080
630,(주)더엔진,"부산광역시 금정구 삼어로 213-1, 3층(금사동)",침구 및 관련제품 제조업 외 22종,070-4700-0072
631,(주)더엠알네트웍스,"부산광역시 금정구 개좌로 273-20, 408호(회동동, 브이원타워)",컴퓨터 제조업 외 1종,ARS-1899-5781
632,(주)더올라,부산광역시 사상구 새벽로 225 (괘법동),차류 가공업,051-323-3222
633,(주)더원씨푸드,부산광역시 사하구 장평로 228 (신평동),기타 수산동물 가공 및 저장 처리업,051-257-2500
634,(주)더원에코파워텍,부산광역시 강서구 범방3로 5 (범방동),배전반 및 전기 자동제어반 제조업 외 1종,051-326-7446
635,(주)더원전기,부산광역시 강서구 범방3로 5 (범방동),그 외 자동차용 신품 부품 제조업 외 1종,051-326-7446
636,(주)더이로운,"부산광역시 금정구 공단로49번길 9, 1층 (금사동)",육상 금속 골조 구조재 제조업 외 3종,051-715-0136
637,(주)더조은,부산광역시 강서구 미음국제7로가길 9 (미음동),액체 여과기 제조업 외 9종,051-314-8400
638,(주)더존테크,부산광역시 사하구 다산로225번길 46 (장림동),도금업,051-314-2795
639,(주)더켐뱅크,부산광역시 강서구 과학산단2로19번길 100-56(지사동),기타 기초 유기화학 물질 제조업,051-315-6801
640,(주)더휴,부산광역시 사상구 낙동대로1390번길 73 (삼락동),구두류 제조업 외 2종,051-206-0191
641,(주)덕성,부산광역시 강서구 녹산산단261로13번길 56 (송정동),편조원단 제조업,051-973-6591
642,(주)덕성메탈라이저,"부산광역시 해운대구 센텀북대로 60, 18층 1805호 (재송동, 센텀 아이에스타워)",그 외 기타 전자부품 제조업 외 1종,051-780-8123
643,(주)덕신사,부산광역시 금정구 공단서로 25 (금사동),귀금속 및 관련제품 제조업,051-797-6621
644,(주)덕신엔지니어링,"부산광역시 사상구 낙동대로1390번길 35(삼락동, 삼성열처리산업사)","탭, 밸브 및 유사장치 제조업",051-302-6119
645,(주)덕영어패럴,부산광역시 사하구 을숙도대로724번길 2 (구평동),셔츠 및 블라우스 제조업 외 1종,051-291-4441
646,(주)덕우,부산광역시 기장군 장안읍 장안산단1로 12-9,기타 무선 통신장비 제조업,051-923-5737
647,(주)덕원밸브,부산광역시 강서구 미음산단로 152 (구랑동),"탭, 밸브 및 유사장치 제조업",051-831-9020
648,(주)덕윤,"부산광역시 사상구 사상로333번길 57, 3층 (덕포동)",기타 신발 제조업,031-811-5500
649,(주)덕진엔지니어링,"부산광역시 사상구 새벽로63번길 57 (학장동, (주)덕진엔지니어링)",금속탱크 및 저장용기 제조업 외 19종,051-313-8771
650,(주)덕진하이텍,부산광역시 강서구 공항로1347번길 98-3 (대저1동),그 외 기타 일반목적용 기계 제조업 외 1종,051-313-3670
651,(주)덕포금형재,"부산광역시 사상구 새벽로201번길 26 (괘법동, 덕포금형재)",주형 및 금형 제조업,051-327-1022
652,(주)덕포양행,"부산광역시 사상구 사상로163번길 29 (괘법동, 덕포양행)",주형 및 금형 제조업,051-311-2401
653,(주)덕화푸드,"부산광역시 서구 원양로 35, 도매시장동 3층 (암남동, 국제수산물도매시장)",수산동물 건조 및 염장품 제조업,051-265-8163
654,(주)데코컴퍼지트,부산광역시 기장군 기장읍 차성로389번길 7,기타 주변기기 제조업,051-712-0058
655,(주)덴아트덴탈랩,부산광역시 동래구 아시아드대로220번길 49 (온천동),치과기공물 제조업 외 2종,051-506-2820
656,(주)도사,부산광역시 강서구 녹산산단46로 85 (송정동),그 외 기타 특수목적용 기계 제조업,070-4190-7293
657,(주)도시전기,"부산광역시 사상구 낙동대로 910, F-201호 (감전동)",그 외 기타 전자부품 제조업 외 2종,051-417-8336
658,(주)도올,부산광역시 기장군 정관읍 양수길 49,건설용 석제품 제조업,051-728-7003
659,(주)도원타워정관공장,부산광역시 기장군 정관읍 매학리 475-16번지,기타 1차 비철금속 제조업,미등록
660,(주)도원플라텍,부산광역시 강서구 제도로 1187 (강동동),체외 진단 시약 제조업 외 1종,070-4633-2199
661,(주)동경기전,부산광역시 사하구 다산로53번길 7 (다대동),금속 캔 및 기타 포장용기 제조업 외 4종,051-261-2587
662,(주)동광,부산광역시 영도구 남항서로92번길 26 (남항동2가),선박 구성 부분품 제조업,051-418-7335
663,(주)동광STS,부산광역시 강서구 신호산단1로 220-8 (신호동),그 외 기타 분류 안된 금속 가공 제품 제조업 외 1종,051-832-8011
664,(주)동광주물,"부산광역시 사상구 학장로95번길 9 (학장동, 동광주물)",강주물 주조업,051-325-0598
665,(주)동광화학,부산광역시 사하구 신산북로 21 (신평동),그 외 기타 플라스틱 제품 제조업,051-204-2621
666,(주)동구인프라,부산광역시 강서구 송동길 505 (대저2동),전동기 및 발전기 제조업 외 2종,051-973-1890
667,(주)동국필스텍,"부산광역시 강서구 녹산산단261로60번길 8, (송정동,1585-2) (송정동)",선박 구성 부분품 제조업,051-831-2262
668,(주)동남금속,부산광역시 강서구 낙동남로 1048 (명지동),기타 1차 비철금속 제조업,051-327-9966
669,(주)동남기계,부산광역시 기장군 정관읍 산단4로 75,그 외 자동차용 신품 부품 제조업,051-724-6241
670,(주)동남비엔씨,부산광역시 영도구 대평남로 66-1 (대평동2가),선박 구성 부분품 제조업,051-413-1675
671,(주)동남섬유,부산광역시 강서구 울만로25번길 188 (대저2동),면직물 직조업,051-971-0461
672,(주)동남엘씨,"부산광역시 사상구 가야대로104번길 1 (학장동, (주)동남엘씨)",구조용 금속 판제품 및 공작물 제조업 외 1종,051-314-6400
673,(주)동남전자부품,"부산광역시 사상구 학장로323번길 12 (주례동, 동남전자부품(주))","알루미늄 압연, 압출 및 연신제품 제조업",051-323-3151
674,(주)동남코리아,부산광역시 강서구 미음산단1로15번길 34 (구랑동),강관 제조업,051-899-6403
675,(주)동남티에스,"부산광역시 사상구 괘감로 56-21(감전동, (주)동남티에스)",유압기기 제조업,051-322-2384
676,(주)동남팩,부산광역시 사하구 두송로 39 (장림동),기타 인쇄업 외 1종,051-261-9525
677,(주)동도실업스텐레스,부산광역시 사상구 새벽로121번길 91 (감전동),수동식 식품 가공기기 및 금속 주방용기 제조업,051-312-8919
678,(주)동림ENG,부산광역시 사하구 하신중앙로3번가길 74 (장림동),그 외 기타 가구 제조업 외 1종,051-262-0573
679,(주)동림피앤티,부산광역시 금정구 개좌로 203 (회동동),합성수지 및 기타 플라스틱 물질 제조업,051-523-7731
680,(주)동명,부산광역시 강서구 낙동남로605번길 24-17 (녹산동),기타 선박 건조업 외 4종,051-961-3008
681,(주)동명바이오,"부산광역시 남구 신선로 428, 학생군사교육관 402호 (용당동, 동명대학교)",화장품 제조업,051-627-0420
682,(주)동명오앤씨,부산광역시 강서구 녹산산단262로49번길 40 (송정동),계면활성제 제조업,051-832-2280
683,(주)동명이엔씨,부산광역시 사상구 삼덕로 30 (덕포동),무기 및 총포탄 제조업 외 76종,051-465-1147
684,(주)동명테크디엠티,부산광역시 기장군 장안읍 오리산단8로 17,주형 및 금형 제조업,051-727-8361
685,(주)동명펀칭,부산광역시 사상구 가야대로12번길 46 (감전동),신발 부분품 제조업 외 1종,051-323-3256
686,(주)동방메카니칼,부산광역시 강서구 녹산산단261로31번길 24 (송정동),도금업,051-831-2760
687,(주)동방비에프,부산광역시 기장군 정관읍 용수공단2길 51 (동방부라쉬),냉간 압연 및 압출 제품 제조업,051-728-5577
688,(주)동방선기,부산광역시 강서구 녹산산단261로14번길 43 (송정동),선박 구성 부분품 제조업,051-831-1882
689,(주)동방선기,부산광역시 강서구 과학산단1로103번길 41 (지사동),선박 구성 부분품 제조업,051-972-0882
690,(주)동방선기,부산광역시 강서구 녹산산단165로14번길 31 (송정동),"증류기, 열교환기 및 가스발생기 제조업 외 2종",051-831-1882
691,(주)동방선기,부산광역시 강서구 미음산단로 417(미음동),선박 구성 부분품 제조업,055-545-0882
692,(주)동방에이티,부산광역시 강서구 체육공원로6번길 117 (대저1동),기체 펌프 및 압축기 제조업,051-316-0639
693,(주)동방엠텍,부산광역시 사상구 새벽로 83-16 (학장동),자동차 엔진용 신품 부품 제조업,051-326-7811
694,(주)동방유통,부산광역시 사하구 감천항로429번길 37 (구평동),수산동물 냉동품 제조업,051-314-4452
695,(주)동방테크윈,부산광역시 강서구 녹산산업북로 33 (송정동),분사기 및 소화기 제조업 외 1종,051-831-9756
696,(주)동방테크윈,부산광역시 강서구 녹산산단165로14번길 32(송정동),분사기 및 소화기 제조업 외 2종,051-831-9756
697,(주)동방특수고무,부산광역시 사상구 광장로56번길 60-18 (괘법동),그 외 기타 고무제품 제조업,051-315-5691
698,(주)동방화학,부산광역시 강서구 녹산산단165로 28 (송정동),기타 기초 유기화학 물질 제조업,051-831-2728
699,(주)동백양조,부산광역시 기장군 정관읍 정관로 266 (하이소파),탁주 및 약주 제조업,051-727-1472
700,(주)동보에스엠,"부산광역시 사상구 광장로13번길 51 (괘법동, 동보에스엠)",신발 부분품 제조업 외 1종,051-326-5077
701,(주)동부엔지니어링,부산광역시 사하구 하신중앙로54번길 43 (장림동),배전반 및 전기 자동제어반 제조업,051-261-4209
702,(주)동부엘리베이터,부산광역시 기장군 정관읍 정관상곡2길 59-2,승강기 제조업,051-704-9962
703,(주)동산금형,부산광역시 사상구 강변대로456번길 16-23 (엄궁동),주형 및 금형 제조업,051-326-4317
704,(주)동산전기물류,부산광역시 강서구 공항로811번나길 75 (대저2동),육상 금속 골조 구조재 제조업 외 1종,051-314-0632
705,(주)동산화학,부산광역시 강서구 녹산산단262로50번길 6 (송정동),그 외 자동차용 신품 부품 제조업 외 5종,051-322-5725
706,(주)동서기연,부산광역시 강서구 녹산산단46로 75 (송정동),기어 및 동력전달장치 제조업 외 2종,051-831-2046
707,(주)동서산업,부산광역시 영도구 해양로 225 (동삼동),레미콘 제조업,051-403-3055
708,(주)동서정밀,부산광역시 사상구 사상로456번길 24 (모라동),합금철 제조업,051-305-3684
709,(주)동서피앤엘      ,부산광역시 기장군 장안읍 반룡산단2로 53,그 외 자동차용 신품 부품 제조업,051-714-2472
710,(주)동성기공,부산광역시 강서구 녹산산업중로167번길 29 (송정동),자동차용 신품 의자 제조업 외 2종,051-970-3500
711,(주)동성로라,부산광역시 강서구 녹산산단261로 25 (송정동),도금업,051-832-0112
712,(주)동성바텍,"부산광역시 부산진구 가야대로552번길 119-1 (가야동, 가야동 공장 주택 B동)",분사기 및 소화기 제조업,051-897-8005
713,(주)동성사,부산광역시 사하구 신산로 123 (신평동),종이 포대 및 가방 제조업,051-203-0570
714,(주)동성씨앤티,부산광역시 기장군 기장읍 대청로14번길 15,기타 음향기기 제조업 외 5종,051-804-4556
715,(주)동성엔텍,부산광역시 강서구 녹산산단382로14번가길 23 (송정동),그 외 기타 금속가공업,051-973-5272
716,(주)동성이에스,부산광역시 강서구 녹산산업중로 112 (송정동),배전반 및 전기 자동제어반 제조업 외 2종,051-405-1105
717,(주)동성지기,"부산광역시 연제구 중앙대로1133번길 21 (연산동, 주식회사 동성지기)",포장용판지상자및기타종이용기제조업,051-852-7321
718,(주)동성케미컬,부산광역시 사하구 신산로 99 (신평동),일반용 도료 및 관련제품 제조업,051-200-4500
719,(주)동성케미컬 신평공장,부산광역시 사하구 하신번영로 19 (신평동),신발 부분품 제조업 외 3종,051-200-4573
720,(주)동성테크 부산지점,부산광역시 강서구 낙동북로60번길 32-9 (강동동),그 외 기타 전자부품 제조업 외 1종,055-328-5388
721,(주)동성플러스,"부산광역시 사상구 농산물시장로26번길 39 (엄궁동, 동성PLUS)",간판 및 광고물 제조업 외 7종,051-313-4233
722,(주)동순덕식품,신산북로 46,"면류, 마카로니 및 유사식품 제조업",051-203-8881
723,(주)동순덕식품,부산광역시 사하구 신산북로 46 (신평동),"면류, 마카로니 및 유사식품 제조업",051-203-8881
724,(주)동스틸,부산광역시 강서구 신호산단3로88번길 12 (신호동),그 외 기타 1차 철강 제조업,070-7734-5766
725,(주)동신기전,부산광역시 영도구 해양로 221 (동삼동),선박 구성 부분품 제조업,051-418-7880
726,(주)동신모텍 부산공장,"부산광역시 강서구 르노삼성대로 61, 제5동 트랜드엑셀공장 (신호동)",내연기관 승용차 및 기타 여객용 자동차 제조업 외 4종,미등록
727,(주)동신이엔텍,부산광역시 강서구 녹산산단381로40번길 51 (송정동),그 외 기타 1차 철강 제조업 외 2종,051-832-1473
728,(주)동신제지,부산광역시 기장군 정관읍 산단7로 89 ((주)동신제지),위생용 종이제품 제조업 외 1종,051-727-2621
729,(주)동신화스너,"부산광역시 사상구 감전천로 172 (학장동, 성진스텐)",볼트 및 너트류 제조업 외 2종,051-316-0676
730,(주)동아,"부산광역시 사상구 사상로425번길 12, 1층(모라동)","근무복, 작업복 및 유사의복 제조업 외 2종",051-245-1505
731,(주)동아,부산광역시 서구 구덕로 155-1 (초장동),"근무복, 작업복 및 유사의복 제조업 외 7종",051-245-1505
732,(주)동아디젤,부산광역시 영도구 대평로6번길 14 (남항동1가),선박 구성 부분품 제조업 외 1종,051-415-1250
733,(주)동아벨트산업,부산광역시 강서구 공항로361번길 29 (대저2동),컨베이어장치 제조업,051-819-2700
734,(주)동아산업기계,부산광역시 사하구 다산로78번길 28 (다대동),절삭가공 및 유사처리업,051-262-4375
735,(주)동아위드,"부산광역시 사하구 낙동대로 536, 2층 (일부)(하단동)",남자용 겉옷 제조업 외 3종,051-291-0911
736,(주)동아위드,"부산광역시 사하구 낙동대로 542, 301 (하단동, 대우에덴프라자)",기타 인쇄업 외 2종,051-911-0173
737,(주)동아유화,부산광역시 사상구 가야대로11번길 72 (감전동),기타 석유정제물 재처리업 외 1종,051-323-4411
738,(주)동아이엔씨,부산광역시 강서구 송정동 1489-5번지,"증류기, 열교환기 및 가스발생기 제조업",051-319-0290
739,(주)동아인더스트리,부산광역시 사상구 사상로 389 (덕포동),그 외 기타 분류 안된 금속 가공 제품 제조업 외 1종,051-304-9534
740,(주)동아인더스트리,부산광역시 사상구 삼덕로 55 (덕포동),그 외 기타 분류 안된 금속 가공 제품 제조업 외 1종,051-304-9534
741,(주)동아지반   ,부산광역시 기장군 장안읍 반룡산단2로 40,건설 및 채광용 기계장비 제조업,051-315-5067
742,(주)동아티엔씨,부산광역시 서구 남부민로12번길 69 (남부민동),전시 및 광고용 조명장치 제조업 외 7종,051-242-3330
743,(주)동아플레이팅,"부산광역시 강서구 녹산산단382로14번가길 20, 1층 107호 (송정동, 한국청정도금센터)",도금업 외 1종,051-972-2171
744,(주)동아피앤피,부산광역시 사하구 하신중앙로27번길 6 (장림동),오프셋 인쇄업,051-807-0600
745,(주)동아하이텍,"부산광역시 사상구 모라로192번길 9, 401호 (모라동, 모라아파트형공장)",기타 전기 변환장치 제조업 외 1종,051-302-2380
746,(주)동안테크,부산광역시 기장군 장안읍 반룡산단3로 100,금속 주조 및 기타 야금용 기계 제조업,051-987-0622
747,(주)동양/건재부문 부산공장,부산광역시 서구 원양로 268 (암남동) (총 6 필지),레미콘 제조업 외 3종,051-253-3300
748,(주)동양/건재부문 서부산공장,부산광역시 강서구 과학산단로 141 (구랑동),레미콘 제조업,051-972-9880
749,(주)동양/건재부문 정관공장,부산광역시 기장군 정관읍 산단7로 8-19 ((주)동양메이저),레미콘 제조업,051-728-6657
750,(주)동양기전,부산광역시 강서구 체육공원로6번길 161-22 (대저1동),배전반 및 전기 자동제어반 제조업,051-714-6880
751,(주)동양메탈,"부산광역시 사상구 장인로77번길 103-11 (학장동, 동양메탈)",절삭가공 및 유사처리업,051-314-5156
752,(주)동양에프앤에프,"부산광역시 사상구 학감대로 238-12(감전동, HJ메탈)",강관 제조업 외 1종,051-941-6878
753,(주)동양염색,부산광역시 사하구 신산로29번길 10 (신평동),"직물, 편조원단 및 의복류 염색 가공업",051-292-2122
754,(주)동양윈텍,부산광역시 기장군 장안읍 장안산단로 190-7,"금속 문, 창, 셔터 및 관련제품 제조업",051-515-2544
755,(주)동양윈텍,부산광역시 기장군 정관읍 정관로 929-19,"금속 문, 창, 셔터 및 관련제품 제조업",051-515-2544
756,(주)동양이엔씨,"부산광역시 영도구 태종로 40, 202호(대교동1가, 브릿지타워)",배전반 및 전기 자동제어반 제조업,02-575-9526
757,(주)동양이엠텍,부산광역시 강서구 범방2로 54 (범방동),"전기회로 개폐, 보호장치 제조업 외 1종",051-831-3776
758,(주)동양전기,"부산광역시 사상구 가야대로 164 (학장동, 동양전기(주))",전동기 및 발전기 제조업,051-327-1715
759,(주)동양전기정공,부산광역시 강서구 녹산산업대로 117-7 (송정동),"전기회로 개폐, 보호장치 제조업 외 11종",051-831-0750
760,(주)동양정공,부산광역시 사상구 장인로20번길 80 (감전동),자동차 차체용 신품 부품 제조업 외 2종,051-316-3355
761,(주)동양터보엔텍,부산광역시 영도구 대평로 63 (대평동2가),선박 구성 부분품 제조업,051-417-9002
762,(주)동양테크,부산광역시 기장군 정관읍 산단4로 90 ((주)동양테크),자동차 차체용 신품 부품 제조업 외 2종,070-7116-6221
763,(주)동양테크윈,부산광역시 강서구 녹산산단231로 46 (송정동),도금업,051-831-5782
764,(주)동양하이텍,부산광역시 사상구 학감대로192번길 16 (학장동),자동차용 금속 압형제품 제조업,051-311-1332
765,(주)동양화인텍,부산광역시 강서구 미음국제5로 168 (범방동) (주)동양휄트오일씰,절삭가공 및 유사처리업,051-316-6850
766,(주)동양화학,부산광역시 사상구 학감대로192번길 60-49 (학장동),합성수지 및 기타 플라스틱 물질 제조업,051-324-6611
767,(주)동영2PTC,부산광역시 강서구 과학산단로 473 (지사동),가정용 및 산업용 공기 조화장치 제조업 외 2종,051-971-3584
768,(주)동영기건,"부산광역시 북구 사상로558번가길 90, 1층 (구포동)",배전반 및 전기 자동제어반 제조업,051-747-4540
769,(주)동영물산,부산광역시 강서구 녹산화전로 82 (송정동),"박판, 합판 및 유사 적층판 제조업",051-832-2393
770,(주)동영실업,부산광역시 강서구 미음산단4로 115 (미음동),가정용 및 산업용 공기 조화장치 제조업 외 2종,051-971-3584
771,(주)동우무역산업,"부산광역시 사상구 가야대로230번길 8 (학장동, 동우무역산업)",기타 신발 제조업 외 1종,051-312-7791
772,(주)동우에프지엠,부산광역시 강서구 녹산산단261로88번길 22 (송정동) (총 2 필지),육상 금속 골조 구조재 제조업 외 2종,051-831-2525
773,(주)동우정기,부산광역시 강서구 공항로339번길 126 (대저2동),그 외 자동차용 신품 부품 제조업 외 3종,051-941-9941
774,(주)동원용접재,부산광역시 강서구 유통단지1로132번길 38 (대저2동),그 외 기타 전기장비 제조업,051-322-2511
775,(주)동원테크,부산광역시 사상구 사상로333번길 45 (덕포동),절삭가공 및 유사처리업,051-319-4677
776,(주)동원통영수산,부산광역시 사하구 감천항로 24 (감천동) (총 4 필지),수산동물 냉동품 제조업 외 1종,051-712-6305
777,(주)동원특강,부산광역시 강서구 미음산단5로42번길 36 (미음동),그 외 기타 1차 철강 제조업,051-832-1234
778,(주)동원해사랑,부산광역시 사하구 감천항로 24 (감천동),수산동물 냉동품 제조업 외 1종,051-291-5101
779,(주)동이에코스,부산광역시 사하구 홍티로 10 (다대동),기타 전기 변환장치 제조업 외 10종,051-266-7755
780,(주)동이티씨에스,부산광역시 강서구 과학산단1로103번길 62 (지사동),선박 구성 부분품 제조업,051-941-3617
781,(주)동인산업,부산광역시 연제구 과정로344번길 53 (연산동),위생용 종이제품 제조업 외 2종,051-863-5983
782,(주)동인엔시스,부산광역시 기장군 정관읍 달음산길 20 (주)동인기전,배전반 및 전기 자동제어반 제조업,051-862-3668
783,(주)동인호,부산광역시 동래구 미남로 84 (온천동),구조용 금속 판제품 및 공작물 제조업,051-506-1437
784,(주)동일,부산광역시 사상구 가야대로 133 (감전동),신발 부분품 제조업,051-893-1907
785,(주)동일케미칼,"부산광역시 사상구 장인로77번길 103-22 (학장동, 주식회사 동일케미칼)",그 외 기타 고무제품 제조업 외 2종,051-313-0657
786,(주)동주엔지니어링,부산광역시 강서구 공항로767번다길 16 (대저2동),유선 통신장비 제조업,070-4322-4277
787,(주)동주이엔씨,부산광역시 강서구 제도로1041번다길 22 (강동동),금속 표시판 제조업 외 11종,051-631-0113
788,(주)동진금속,부산광역시 사하구 감천항로419번길 21 (구평동),"동 제련, 정련 및 합금 제조업",051-263-6031
789,(주)동진다이닝,부산광역시 사하구 하신번영로127번길 25 (신평동),"직물, 편조원단 및 의복류 염색 가공업 외 1종",051-202-9408
790,(주)동진아노텍,"부산광역시 강서구 녹산산단261로 47,  (송정동,1567-11) (송정동)",도금업,051-831-2302
791,(주)동진에프앤티,부산광역시 강서구 경전철로39번나길 6 (대저2동),그 외 기타 1차 철강 제조업 외 23종,051-973-4133
792,(주)동진염색,부산광역시 사하구 하신번영로73번길 40 (신평동),"직물, 편조원단 및 의복류 염색 가공업",051-201-0247
793,(주)동진전기,부산광역시 사하구 구평로 7 (구평동),선박 구성 부분품 제조업,051-417-2808
794,(주)동진정보통신,"부산광역시 수영구 장대골로 75-5, 1층 (광안동)",전시 및 광고용 조명장치 제조업 외 12종,051-758-0800
795,(주)동진테크,"부산광역시 사상구 장인로77번길 103-20 (학장동, (주)동진테크)",자동차 차체용 신품 부품 제조업 외 2종,051-317-5677
796,(주)동진특수금속,부산광역시 강서구 녹산산단382로59번길 41 (송정동),강주물 주조업 외 1종,미등록
797,(주)동진해상교역,부산광역시 영도구 남항서로 64 (남항동3가),선박 구성 부분품 제조업 외 1종,051-418-8501
798,(주)동하,부산광역시 사하구 감천항로 151 (구평동),컨베이어장치 제조업 외 1종,051-256-1774
799,(주)동하,부산광역시 사하구 구평로 19-1 (구평동),컨베이어장치 제조업 외 1종,051-256-1774
800,(주)동하씨푸드,부산광역시 사하구 다산로 12 (다대동),"수산동물 훈제, 조리 및 유사 조제식품 제조업",051-263-0125
801,(주)동하씨푸드 지점,"부산광역시 사하구 다산로 271, B동 3층 (장림동)",수산동물 건조 및 염장품 제조업,051-265-9181
802,(주)동합철강,부산광역시 사상구 대동로 232(학장동),그 외 기타 1차 철강 제조업,051-313-5281
803,(주)동합철강,부산광역시 사상구 대동로 232 (학장동),그 외 기타 1차 철강 제조업,051-313-5281
804,(주)동해공영,부산광역시 강서구 녹산산단382로60번길 50 (송정동),안전유리 제조업 외 2종,051-831-6125
805,(주)동해공영,부산광역시 강서구 녹산산단382로60번길 32 (송정동),"금속 문, 창, 셔터 및 관련제품 제조업",051-831-6130
806,(주)동해내산펌프,부산광역시 사상구 모덕로95번길 40 (모라동),액체 펌프 제조업,051-305-3373
807,(주)동해로씨푸드,부산광역시 사하구 다대로1066번길 64-10(장림동),수산동물 냉동품 제조업 외 1종,051-909-9229
808,(주)동해산업,부산광역시 사하구 하신중앙로3번길 56 (장림동),기타 건축용 플라스틱 조립제품 제조업,02-472-6077
809,(주)동해엠티,부산광역시 사하구 감천항로405번길 74 (구평동),선박 구성 부분품 제조업 외 1종,051-266-6877
810,(주)동헌레미콘,부산광역시 강서구 명동길 47 (지사동),레미콘 제조업,051-972-8702
811,(주)동현기업,부산광역시 강서구 낙동남로511번길 55 (녹산동),그 외 기타 분류 안된 금속 가공 제품 제조업,051-466-2812
812,(주)동현이엔지,부산광역시 강서구 화전산단5로14번길 31(화전동),절삭가공 및 유사처리업 외 2종,051-831-2977
813,(주)동호에이텍,부산광역시 강서구 화전산단3로 82 (화전동),주형 및 금형 제조업,051-304-1600
814,(주)동호전자,"부산광역시 금정구 회천로5번길 20, 1, 2층 (회동동)",비디오 및 기타 영상기기 제조업,051-527-8707
815,(주)동화기업,부산광역시 사상구 낙동대로1396번길 15 (삼락동),기체 여과기 제조업,051-531-7200
816,(주)동화뉴텍,부산광역시 강서구 미음산단로8번길 75 (구랑동),기체 펌프 및 압축기 제조업 외 1종,051-974-4806
817,(주)동화뉴텍,부산광역시 강서구 미음산단로8번길 85 (구랑동),"증류기, 열교환기 및 가스발생기 제조업 외 2종",051-899-9670
818,(주)동화뉴텍,"부산광역시 강서구 미음산단로8번길 93(구랑동, 한신기계)",기체 펌프 및 압축기 제조업 외 1종,051-974-4810
819,(주)동화에프에이,"부산광역시 사상구 대동로 303, 402,403호 (감전동, 부산디지털밸리아파트형공장)",배전반 및 전기 자동제어반 제조업,051-329-7011
820,(주)동화엔텍,부산광역시 강서구 화전산단1로63번길 20 (화전동),"증류기, 열교환기 및 가스발생기 제조업",051-970-1000
821,(주)동화엔텍,부산광역시 강서구 과학산단로305번길 7 (지사동),"증류기, 열교환기 및 가스발생기 제조업 외 1종",051-970-1067
822,(주)동화엔텍,부산광역시 강서구 녹산산단261로 7 (송정동) (총 4 필지),"증류기, 열교환기 및 가스발생기 제조업 외 4종",051-970-1010
823,(주)동화엔텍,"부산광역시 강서구 과학산단1로60번길 31, (재)부산테크노파크 시험생산동동 102, 103호 (지사동)",배전반 및 전기 자동제어반 제조업,051-970-1067
824,(주)동화웰딩,부산광역시 강서구 미음국제5로다길 20(미음동),절삭가공 및 유사처리업 외 1종,051-322-0445
825,(주)동화웰딩,부산광역시 사상구 학감대로 230 (감전동),절삭가공 및 유사처리업 외 1종,051-322-0445
826,(주)동화일렉트릭,부산광역시 강서구 화전산단2로134번길 46 (화전동),배전반 및 전기 자동제어반 제조업,051-941-8642
827,(주)동화정밀공업,부산광역시 강서구 미음국제4로 94 (미음동),자동차 엔진용 신품 부품 제조업,051-3223-7999
828,(주)동화정밀공업,부산광역시 사상구 낙동대로970번길 86 (감전동),자동차 엔진용 신품 부품 제조업 외 1종,051-323-7999
829,(주)동화테크,부산광역시 강서구 녹산산업북로313번길 32 (송정동),"증류기, 열교환기 및 가스발생기 제조업",0507-1456-9602
830,(주)동화피에이치이,부산광역시 강서구 화전산단3로 60 (화전동),금속탱크 및 저장용기 제조업 외 4종,051-831-5093
831,(주)동화하이테크,"부산광역시 사상구 낙동대로1356번길 62 (삼락동, 동화하이테크)","증류기, 열교환기 및 가스발생기 제조업 외 8종",051-323-2219
832,(주)동화하이텍,부산광역시 강서구 화전산단1로63번길 20 (화전동),기체 펌프 및 압축기 제조업 외 1종,051-970-1026
833,(주)두경수산,부산광역시 서구 등대로 122-20 (남부민동),기타 수산동물 가공 및 저장 처리업,051-256-9422
834,(주)두리온,"부산광역시 금정구 금사로 98, 2층(금사동)","근무복, 작업복 및 유사의복 제조업 외 9종",02-6959-6200
835,(주)두산에이치에프컨트롤스아시아,"부산광역시 해운대구 센텀동로 99, 6층 609 (재송동, 벽산e센텀클래스원)",기기용 자동측정 및 제어장치 제조업,051-783-6575
836,(주)두성공업사,부산광역시 강서구 가달2로 49 (생곡동),그 외 자동차용 신품 부품 제조업,051-941-9965
837,(주)두성테크,부산광역시 강서구 평강로 267 (대저1동),기타 구조용 금속제품 제조업 외 6종,051-941-9965
838,(주)두아,부산광역시 강서구 녹산산단27로 43 (송정동),구조용 금속 판제품 및 공작물 제조업 외 1종,051-832-0517
839,(주)두연스틸,부산광역시 강서구 녹산산단262로50번길 15 (송정동) (총 2 필지),자동차용 금속 압형제품 제조업 외 1종,051-971-5526
840,(주)두영산기,부산광역시 강서구 낙동남로549번길 21 (녹산동),절삭가공 및 유사처리업,051-831-2477
841,(주)두영산기,부산광역시 강서구 미음산단4로 10 (미음동),절삭가공 및 유사처리업,051-831-2477
842,(주)두원스틸,부산광역시 기장군 장안읍 장안리 692-4번지,그 외 기타 1차 철강 제조업 외 1종,051-518-0013
843,(주)두익이엔지,"부산광역시 영도구 해양로 31, 1,3층 (청학동, (주)세화기업 공장)",선박 구성 부분품 제조업,051-466-9492
844,(주)두인티앤피,부산광역시 강서구 과학산단1로 171(지사동),강관 제조업,051-715-9931
845,(주)드라이브포스,"부산광역시 기장군 장안읍 의과학2로 88, (산업 10-8)",산업용 로봇 제조업 외 2종,051-710-7760
846,(주)드림덴탈  ,"부산광역시 해운대구 반송로513번길 66-47, 5층 501 (석대동, 석대동 6170000 공장 ((주)테크노에스에스))",그 외 기타 의료용 기기 제조업,051-636-2814
847,(주)드림레이,"부산광역시 남구 신선로 365,  부경대 창업보육센터 신관 404, 405호 (용당동)",방사선 장치 제조업,051-627-9362
848,(주)드림컴퍼니    ,부산광역시 기장군 장안읍 반룡산단2로 54,기타 가정용 전기기기 제조업,051-939-7000
849,(주)드림테크,부산광역시 강서구 과학산단2로19번길 43 (지사동),기타 가공 공작기계 제조업 외 1종,051-714-4969
850,(주)드림하이테크,부산광역시 강서구 과학산단2로19번길 43(지사동),기타 가공 공작기계 제조업 외 1종,051-972-0656
851,(주)득일정밀,부산광역시 강서구 새진목길 33-8 (명지동),그 외 자동차용 신품 부품 제조업 외 4종,051-302-0457
852,(주)등대식품,부산광역시 사하구 다대로1066번길 59 (장림동),"수산동물 훈제, 조리 및 유사 조제식품 제조업 외 1종",051-900-6410
853,(주)등푸른식품,부산광역시 사하구 다산로 265 (장림동),기타 수산동물 가공 및 저장 처리업,051-263-6363
854,(주)디네스,부산광역시 강서구 낙동남로 690 (녹산동),선박 구성 부분품 제조업,051-971-0972
855,(주)디락,부산광역시 강서구 과학산단2로19번길 100-58 (지사동),그 외 기타 분류 안된 금속 가공 제품 제조업 외 1종,070-4038-6789
856,(주)디보슨,"부산광역시 사상구 대동로 303, 411호(감전동, 부산디지털밸리아파트형공장)",그 외 기타 전기장비 제조업 외 1종,ARS-1544-1733
857,(주)디비엠,부산광역시 강서구 허왕후길 132 (지사동),선박 구성 부분품 제조업 외 2종,051-205-1585
858,(주)디비텍,"부산광역시 금정구 동천로 19, 2층 (회동동)",기타 인쇄업 외 1종,051-624-7327
859,(주)디씨아이테크,부산광역시 사하구 감천항로190번길 8 (구평동),그 외 기타 전자부품 제조업 외 1종,051-264-7436
860,(주)디아이씨    ,부산광역시 기장군 정관읍 정관로 801,그 외 자동차용 신품 부품 제조업 외 3종,051-728-5936
861,(주)디알모빌리티,부산광역시 기장군 장안읍 장안산단9로 140,자동차 엔진용 신품 부품 제조업 외 1종,070-8640-6500
862,(주)디알모빌리티 정관공장,부산광역시 기장군 정관면 농공길 73,자동차 엔진용 신품 부품 제조업 외 1종,070-8640-6500
863,(주)디알비오토메이션,부산광역시 기장군 장안읍 명례산단3로 60,"유인 항공기, 항공우주선 및 보조장치 제조업",051-790-9000
864,(주)디알액시온 ,부산광역시 기장군 정관읍 농공길 2-127,자동차 엔진용 신품 부품 제조업 외 1종,070-8640-6512
865,(주)디알액시온 장안공장,부산광역시 기장군 장안읍 장안산단9로 140,자동차 엔진용 신품 부품 제조업 외 1종,070-8640-6600
866,(주)디알액시온 정관공장 ,부산광역시 기장군 정관읍 농공길 73,자동차 엔진용 신품 부품 제조업 외 1종,070-8640-6635
867,(주)디앤블루션,부산광역시 강서구 신호산단3로87번길 19(신호동),절삭가공 및 유사처리업 외 5종,051-831-8414
868,(주)디앤비,부산광역시 강서구 범방2로 24 (미음동),비동력식 수공구 제조업 외 20종,051-831-7583
869,(주)디에스 토탈마린,"부산광역시 영도구 해양로111번길 32, 2층(청학동)",선박 구성 부분품 제조업 외 1종,051-412-9993
870,(주)디에스메탈,부산광역시 강서구 녹산산단77로 20 (송정동),절삭가공 및 유사처리업,051-831-4235
871,(주)디에스브이,부산광역시 강서구 녹산산업중로 251 (송정동),"탭, 밸브 및 유사장치 제조업",051-316-9824
872,(주)디에스아이프리징솔루션,부산광역시 사하구 을숙도대로873번길 26(감천동),산업용 냉장 및 냉동 장비 제조업,051-959-4315
873,(주)디에스앤,부산광역시 사하구 하신중앙로53번길 16 (신평동),선박 구성 부분품 제조업,051-207-9391
874,(주)디에스에너지   ,부산광역시 기장군 장안읍 장안산단9로 65,배전반 및 전기 자동제어반 제조업,070-8688-0666
875,(주)디에스에스비,부산광역시 사상구 새벽시장로 141-8 (감전동),비디오 및 기타 영상기기 제조업 외 9종,051-323-9301
876,(주)디에스엠,부산광역시 강서구 화전산단2로133번길 33 (화전동),철도차량 부품 및 관련 장치물 제조업,051-832-0821
877,(주)디에스원 부산공장,부산광역시 강서구 화전산단6로 36 (화전동),그 외 기타 전기장비 제조업 외 5종,051-832-6631
878,(주)디에스이,부산광역시 남구 신선로 227 (용당동),"전기회로 개폐, 보호장치 제조업 외 3종",051-266-8811
879,(주)디에스이엔지,부산광역시 강서구 체육공원로52번길 83 (대저1동),컨베이어장치 제조업 외 1종,051-973-6551
880,(주)디에스케이,부산광역시 영도구 남항남로 24 (남항동3가),선박 구성 부분품 제조업 외 5종,051-417-7800
881,(주)디에스케이,부산광역시 강서구 미음산단5로 11 (미음동),선박 구성 부분품 제조업,051-417-7800
882,(주)디에이씨테크,"부산광역시 해운대구 센텀북대로 60, 17층 1715 (재송동, 센텀 아이에스타워)",기기용 자동측정 및 제어장치 제조업,051-903-9531
883,(주)디에이치공업,부산광역시 사하구 구평동 422-10번지,도장 및 기타 피막처리업,미등록
884,(주)디에이치머티리얼즈 부산지점,"부산광역시 사상구 낙동대로 917(감전동, (주)경부철강)",그 외 기타 금속가공업,051-311-5083
885,(주)디에이치앤솔루션,"부산광역시 사상구 대동로 303, 5층 511호(감전동, 부산디지털밸리아파트형공장)",표면광택제 및 실내가향제 제조업,051-939-7875
886,(주)디에이치오션,부산광역시 남구 신선로 365 (용당동) 부경대학교용당캠퍼스,방송장비 제조업,051-323-0329
887,(주)디에이치오션,"부산광역시 사상구 대동로 303, 503,504호(감전동, 부산디지털밸리아파트형공장)",오락 및 스포츠용 보트 건조업 외 2종,051-323-0329
888,(주)디에이치콘트롤스,부산광역시 강서구 미음국제4로 74 (미음동),산업처리공정 제어장비 제조업 외 4종,051-831-2654
889,(주)디에이치폴리,부산광역시 강서구 가달2로55번길 38 (생곡동),"고무, 화학섬유 및 플라스틱 성형기 제조업 외 1종",051-831-3556
890,(주)디에이치하이드록스,부산광역시 사하구 장림로 132 (장림동),유압기기 제조업 외 6종,051-265-5391
891,(주)디에이치하이드록스,부산광역시 강서구 녹산산단381로12번길 13-21 (송정동),유압기기 제조업,051-265-5391
892,(주)디엔디이,"부산광역시 해운대구 센텀중앙로 48, 7층 706 (우동, 에이스하이테크21)",기타 기관 및 터빈 제조업 외 1종,051-920-2480
893,(주)디엔케이,부산광역시 강서구 낙동남로605번길 24-15 (녹산동),배전반 및 전기 자동제어반 제조업,051-262-0430
894,(주)디엔테크,부산광역시 사상구 장인로20번길 16 (감전동),기타 신발 제조업 외 1종,070-8860-5499
895,(주)디엘시스템,부산광역시 기장군 정관읍 산단5로 76-45,배전반 및 전기 자동제어반 제조업,051-928-1465
896,(주)디엘이엔지,부산광역시 기장군 장안읍 장안산단9로 65,배전반 및 전기 자동제어반 제조업 외 9종,051-728-5533
897,(주)디엘창호,부산광역시 사하구 하신번영로 288(하단동),플라스틱 창호 제조업 외 1종,051-205-1718
898,(주)디엘피,부산광역시 강서구 화전산단6로 71 (화전동),배전반 및 전기 자동제어반 제조업,051-971-9321
899,(주)디엠,부산광역시 강서구 미음산단로92번길 6 (구랑동),"용기 세척, 포장 및 충전기 제조업 외 1종",051-202-2019
900,(주)디엠중공업,부산광역시 사상구 새벽로 53-23(학장동),절삭가공 및 유사처리업 외 9종,051-722-8477
901,(주)디엠텍,부산광역시 강서구 미음산단로403번길 8 (미음동),합금철 제조업 외 1종,055-327-9000
902,(주)디오,"부산광역시 해운대구 센텀서로 66 (우동, (주)DIO)",치과기공물 제조업 외 2종,051-745-7791
903,(주)디오텍,"부산광역시 사하구 낙동대로 301, 212호 (괴정동, 일동지에닌)",그 외 기타 의료용 기기 제조업 외 2종,051-292-6237
904,(주)디와이그린에쎄스,부산광역시 강서구 녹산동 1335-10,선박 구성 부분품 제조업,051-714-5344
905,(주)디와이씨 인터내셔날,"부산광역시 해운대구 센텀5로 41,  엔에스엔 2층 (우동)",가죽의복 제조업,051-523-0763
906,(주)디와이에스엠 부산직영점,부산광역시 강서구 화전산단6로66번길 14 (화전동),절삭가공 및 유사처리업,051-973-1710
907,(주)디와이이엔지,"부산광역시 사상구 새벽로121번길 26 (감전동, 디와이엔지)","탭, 밸브 및 유사장치 제조업 외 2종",051-314-6114
908,(주)디와이팩,부산광역시 사하구 장평로138번길 19 (장림동),기타 인쇄업,051-941-4005
909,(주)디유티코리아,"부산광역시 사하구 다산로208번길 32,  장림월드리치 301호 (장림동) (총 3 필지)","고무, 화학섬유 및 플라스틱 성형기 제조업 외 2종",051-202-0586
910,(주)디유티코리아,부산광역시 강서구 화전산단1로 173 (화전동),"고무, 화학섬유 및 플라스틱 성형기 제조업 외 3종",051-202-0586
911,(주)디이엑스,"부산광역시 남구 황령대로319번길 148,  3층 (대연동)",컴퓨터 모니터 제조업,051-583-2255
912,(주)디자인마인드플러스,부산광역시 사상구 새벽시장로 90 (감전동),간판 및 광고물 제조업,051-931-1259
913,(주)디자인월드,"부산광역시 중구 중구로62번길 8, 1,3층 (대청동3가)",경 인쇄업 외 1종,051-916-1533
914,(주)디자인표현,부산광역시 사하구 낙동남로 1352-1 (하단동),간판 및 광고물 제조업 외 5종,051-292-9922
915,(주)디제이에프,부산광역시 강서구 화전산단6로 59 (화전동),기타 가공 공작기계 제조업 외 1종,051-312-3591
916,(주)디제이에프,부산광역시 강서구 미음산단3로 129 (미음동),금속 단조제품 제조업 외 1종,051-312-3591
917,(주)디케이금속,부산광역시 강서구 미음동 1528-4번지,기타 구조용 금속제품 제조업 외 3종,055-343-9860
918,(주)디케이금속,부산광역시 강서구 범방2로 100 (범방동),금속 캔 및 기타 포장용기 제조업 외 3종,051-343-9860
919,(주)디케이씨,부산광역시 사하구 다산로 203 (다대동),기어 및 동력전달장치 제조업,051-262-1501
920,(주)디케이오스텍,부산광역시 기장군 정관면 농공길 23 ((주)디케이오스텍),그 외 자동차용 신품 부품 제조업 외 4종,051-727-7071
921,(주)디프로매트,부산광역시 강서구 녹산산단261로60번길 19 (송정동),그 외 기타 분류 안된 금속 가공 제품 제조업 외 1종,051-831-4400
922,(주)디피이에이,"부산광역시 사하구 낙동대로550번길 37, 창업관 3층 304호 (하단동, 부산동아대학교승학캠퍼스)","산업용 오븐, 노 및 노용 버너 제조업 외 1종",051-220-7588
923,(주)라미트론,부산광역시 강서구 녹산산업북로 188 (송정동),금속 성형기계 제조업,051-713-3938
924,(주)라엘코리아,부산광역시 기장군 기장읍 청강로 39-1,모조 귀금속 및 모조 장신용품 제조업,051-723-2428
925,(주)라엘코리아,부산광역시 기장군 장안읍 오리 404,모조 귀금속 및 모조 장신용품 제조업,051-723-2428
926,(주)라온케이디,"부산광역시 사하구 다대로354번안길 20, 3층(장림동)","근무복, 작업복 및 유사의복 제조업 외 15종",02-953-3320
927,(주)라온파워인터내셔널,"부산광역시 금정구 공단동로41번길 10, 603호(금사동, 보림팩토피아)",운송장비용 이차전지 제조업 외 1종,051-791-0402
928,(주)라이스베이커리,"부산광역시 해운대구 세실로 87, 101호(좌동, 영진파스타)",빵류 제조업,051-727-9121
929,(주)라이징썬,"부산광역시 금정구 공단동로41번길 10, 3층 309호(금사동, 보림팩토피아)",일반용 전기 조명장치 제조업 외 2종,070-7760-7776
930,(주)라이프앤젬,부산광역시 강서구 과학산단2로19번길 33 (지사동),기체 여과기 제조업,미등록
931,(주)라인테크엔지니어링(부산지점),부산광역시 강서구 과학산단2로19번길 150(지사동),절삭가공 및 유사처리업,031-499-8688
932,(주)라텍,부산광역시 사상구 강변대로532번길 94 (엄궁동),배전반 및 전기 자동제어반 제조업 외 2종,051-312-7711
933,(주)라현,부산광역시 사상구 낙동대로 905 (감전동),그 외 기타 1차 철강 제조업,051-323-9877
934,(주)락피쉬,"부산광역시 서구 원양로 1, B동 5층 503 (암남동, 수산가공선진화단지)",수산동물 냉동품 제조업 외 1종,051-717-3386
935,(주)래치원,부산광역시 사하구 하신중앙로3번가길 38 (장림동),"전기회로 개폐, 보호장치 제조업 외 1종",051-325-6542
936,(주)램프쿡,부산광역시 사하구 장평로 232 (신평동),수동식 식품 가공기기 및 금속 주방용기 제조업,051-201-4179
937,(주)러쉬엔터프라이즈,부산광역시 강서구 화전산단6로114번길 16 (화전동),기체 펌프 및 압축기 제조업,051-413-9733
938,(주)럭스코 부산지점,부산광역시 사하구 하신중앙로3번길 100 (장림동),변압기 제조업 외 5종,051-262-8587
939,(주)럭키,부산광역시 사상구 가야대로196번길 6(학장동),절삭가공 및 유사처리업 외 7종,051-314-0011
940,(주)런텍,부산광역시 강서구 미음산단4로 6 (미음동),"증류기, 열교환기 및 가스발생기 제조업 외 5종",051-831-0718
941,(주)레오테크코리아,부산광역시 기장군 장안읍 정관로 1122-1,기타 무선 통신장비 제조업 외 1종,051-727-2889
942,(주)레오파드,부산광역시 강서구 낙동남로533번길 27 (녹산동),그 외 기타 봉제의복 제조업 외 1종,051-362-1213
943,(주)레인보우에프엔에스,부산광역시 사하구 장림로 78-23 (장림동),기타 식사용 가공처리 조리식품 제조업,ARS-1833-9089
944,(주)렌지메이트,부산광역시 사상구 사상로374번길 15 (덕포동),수동식 식품 가공기기 및 금속 주방용기 제조업,051-333-9599
945,(주)렘코,부산광역시 사상구 낙동대로1446번길 11 (삼락동),유압기기 제조업 외 42종,051-301-6222
946,(주)로드위드,"부산광역시 사상구 대동로 303, 608호(감전동, 부산디지털밸리아파트형공장)",기타 무선 통신장비 제조업,0507-1741-7525
947,(주)로버스텍,부산광역시 강서구 미음산단2로16번길 15 (구랑동),배전반 및 전기 자동제어반 제조업,051-715-7748
948,(주)로보스타비에스디,"부산광역시 기장군 장안읍 명례산단4로 146, 로보스타비에스디",항공기용 부품 제조업 외 2종,051-715-7901
949,(주)로보스타비에스디,부산광역시 기장군 장안읍 명례산단4로 75,그 외 기타 1차 철강 제조업,051-325-2901
950,(주)로보스텍,부산광역시 기장군 장안읍 의과학7로 21,무인 항공기 및 무인 비행장치 제조업,051-977-8155
951,(주)로보테크,부산광역시 사상구 농산물시장로26번길 33 (엄궁동),산업용 로봇 제조업,051-301-6488
952,(주)로스팅코리아  ,부산광역시 기장군 장안읍 오리산단로 161,커피 가공업,070-7765-1000
953,(주)로얄정공 부산지사,"부산광역시 사하구 신산로 120, 3층 307호(신평동)","탭, 밸브 및 유사장치 제조업 외 4종",053-583-8651
954,(주)로코와,부산광역시 강서구 제도로 791 (강동동),주방용 전기기기 제조업,051-973-1090
955,(주)로텍     ,부산광역시 기장군 장안읍 반룡산단로 34 ,"전기회로 개폐, 보호장치 제조업 외 1종",051-527-5001
956,(주)로프캠프,부산광역시 기장군 정관읍 산단5로 76-21,놀이터용 장비 제조업 외 5종,051-728-5618
957,(주)로프캠프 3공장 철재동,부산광역시 기장군 정관읍 산단5로 103-7,육상 금속 골조 구조재 제조업 외 5종,051-727-5615
958,(주)로프캠프 제2공장,부산광역시 기장군 정관읍 산단5로 78,육상 금속 골조 구조재 제조업 외 5종,051-727-5615
959,(주)로프캠프 제3공장 ,부산광역시 기장군 정관읍 산단5로 103-17,육상 금속 골조 구조재 제조업 외 2종,051-727-5615
960,(주)로프캠프인도어,부산광역시 기장군 정관읍 산단7로 7-65,육상 금속 골조 구조재 제조업 외 2종,051-727-5615
961,(주)로프캠프인도어,부산광역시 기장군 정관읍 산단5로 76-29,놀이터용 장비 제조업 외 2종,051-727-5615
962,(주)루메나,부산광역시 기장군 기장읍 석산길 39-5,기타 전기 변환장치 제조업 외 1종,070-5030-1947
963,(주)루메나,부산광역시 기장군 장안읍 명례산단5로 119,기타 가정용 전기기기 제조업 외 1종,051-714-0484
964,(주)루츠엘리베이터코리아,부산광역시 기장군 장안읍 장안산단로 139,승강기 제조업,051-467-7377
965,(주)루트앤루트,"부산광역시 금정구 남산로 57,  나경유닉스빌라트 101호 (남산동)",방송장비 제조업 외 2종,051-583-3800
966,(주)리더나인,"부산광역시 강서구 녹산산단382로14번길 55 (송정동, 부산광역시 신발산업진흥센타)",표면처리 및 적층 직물 제조업,051-832-0708
967,(주)리더스,"부산광역시 북구 효열로 111, 부산지식산업센터 605호 (금곡동)",기기용 자동측정 및 제어장치 제조업 외 3종,051-342-5141
968,(주)리더스푸드,부산광역시 사상구 모라로37번길 64 (모라동),육류 포장육 및 냉동육 가공업 (가금류 제외),051-302-8723
969,(주)리딩,부산광역시 사하구 다산로 154(다대동),"탭, 밸브 및 유사장치 제조업",051-262-7758
970,(주)리딩,부산광역시 사하구 다대로 946 (다대동),절삭가공 및 유사처리업,051-262-7758
971,(주)리벤씨,"부산광역시 영도구 태종로 727, 산학허브관 607호(동삼동)",선박 구성 부분품 제조업,051-466-8222
972,(주)리벤씨,"부산광역시 강서구 녹산산단382로14번길 32, C동 402호 (송정동)",선박 구성 부분품 제조업,051-466-8222
973,(주)리빙글로리,부산광역시 금정구 공단동로29번길 55 (금사동),수동식 식품 가공기기 및 금속 주방용기 제조업 외 1종,051-891-1420
974,(주)리얼시큐,"부산광역시 해운대구 센텀북대로 60, 8층 804호(재송동, 센텀아이에스타워)",컴퓨터 제조업 외 1종,051-552-9118
975,(주)리엔리,부산광역시 사하구 두송로 38 (장림동),사무 및 회화용품 제조업,051-262-8311
976,(주)리오,부산광역시 강서구 녹산산업중로 51-20 (송정동),육상 금속 골조 구조재 제조업 외 1종,051-831-4810
977,(주)리젠파워,"부산광역시 금정구 공단동로41번길 10, 2층 211호 (금사동)",변압기 제조업,051-528-1518
978,(주)리카,부산광역시 기장군 기장읍 청강로 92,기타 주변기기 제조업 외 1종,070-8767-0030
979,(주)리키아지에스,부산광역시 강서구 녹산산단262로13번길 57 (송정동),운송장비 조립용 플라스틱제품 제조업 외 1종,051-831-2675
980,(주)리프팅글로벌,부산광역시 기장군 정관읍 정관로 925,금속선 가공제품 제조업,051-727-1583
981,(주)리호,부산광역시 사하구 하신중앙로54번길 68 (장림동),사무 및 회화용품 제조업,051-265-9777
982,(주)리호,부산광역시 사하구 장평로195번길 12 (장림동),사무 및 회화용품 제조업,051-265-9777
983,(주)린우드 ,부산광역시 기장군 정관읍 산단7로 7-25,일반 제재업 외 1종,051-728-2020
984,(주)릴라이온,"부산광역시 북구 낙동대로1762번길 111, 지하1층 (구포동)",신발 부분품 제조업,미등록
985,(주)마르센,부산광역시 강서구 새진목길 5 (명지동),그 외 기타 전자부품 제조업 외 1종,051-831-2108
986,(주)마린바이오프로세스,부산광역시 기장군 일광면 횡계길 7 해양생물산업육성센터,기타 식품 첨가물 제조업,051-722-5453
987,(주)마린스페이스 ,"부산광역시 해운대구 반송로513번길 66-35, 1층  (석대동)","기타 측정, 시험, 항해, 제어 및 정밀기기 제조업 외 4종",051-717-2827
988,(주)마린크래프트,부산광역시 기장군 장안읍 명례산단4로 68,기타 1차 비철금속 제조업 외 1종,051-747-8307
989,(주)마린테크니칼엔지니어링,부산광역시 사상구 삼덕로 91 (덕포동),액체 여과기 제조업 외 2종,051-831-1118
990,(주)마린푸드,부산광역시 사하구 다산로 265 (장림동),수산동물 건조 및 염장품 제조업,051-263-7681
991,(주)마스코리아,부산광역시 강서구 미음산단2로24번길 47 (구랑동),"탭, 밸브 및 유사장치 제조업",051-972-9092
992,(주)마이알,부산광역시 기장군 정관읍 매곡길 9,기타 플라스틱 발포 성형제품 제조업,051-515-3282
993,(주)마이엔텍,부산광역시 강서구 과학산단2로19번길 42 (지사동),선박 구성 부분품 제조업,미등록
994,(주)마이크로메디아,"부산광역시 사상구 대동로 303, 510호 (감전동, 부산디지털밸리아파트형공장)",그 외 기타 의료용 기기 제조업,051-253-9027
995,(주)마이크로텍,부산광역시 강서구 금호순서길89번가길 70 (대저2동),그 외 기타 특수목적용 기계 제조업 외 2종,051-782-5385
996,(주)마이텍,부산광역시 강서구 과학산단2로19번길 42 (지사동),"증류기, 열교환기 및 가스발생기 제조업",051-831-7474
997,(주)마이텍,부산광역시 강서구 미음산단4로 33 (미음동),"증류기, 열교환기 및 가스발생기 제조업 외 1종",051-831-7474
998,(주)마이텍,부산광역시 강서구 미음산단5로41번길 13 (미음동),"증류기, 열교환기 및 가스발생기 제조업 외 2종",051-831-7474
999,(주)마이텍,부산광역시 강서구 미음산단4로 33 (미음동),"증류기, 열교환기 및 가스발생기 제조업",051-831-7474
1000,(주)마이텍,부산광역시 강서구 미음산단4로 32(미음동),"증류기, 열교환기 및 가스발생기 제조업",051-831-7474
1001,(주)마조산업,부산광역시 강서구 화전산단6로66번길 14(화전동),절삭가공 및 유사처리업,051-831-3531
1002,(주)마텍산업   ,부산광역시 기장군 정관면 산단7로 8-12,"증류기, 열교환기 및 가스발생기 제조업",051-727-1560
1003,(주)만만한녀석들,부산광역시 사상구 모덕로 31(삼락동),기타 목재가구 제조업 외 5종,051-914-7555
1004,(주)만성케미칼,부산광역시 강서구 호계로103번길 27-1 (죽동동),기타 신발 제조업 외 1종,051-972-8567
1005,(주)만진산업,부산광역시 강서구 녹산산단261로87번길 23 (송정동),산업용 송풍기 및 배기장치 제조업,051-831-1060
1006,(주)만해전기,부산광역시 강서구 녹산산단77로22번길 25 (송정동),변압기 제조업,051-831-5958
1007,(주)맑은공기,"부산광역시 사상구 가야대로284번길 2, 상가18동 1층 9호(주례동, 럭키주례아파트)",기체 여과기 제조업 외 2종,051-322-3237
1008,(주)맘헬스케어,"부산광역시 금정구 개좌로 101, 2층 (금사동)",그 외 기타 의료용 기기 제조업,051-532-1935
1009,(주)맛뜰안식품,부산광역시 사하구 다대로1066번길 55 (장림동),기타 수산동물 가공 및 저장 처리업 외 1종,051-265-8537
1010,(주)맛아남,부산광역시 기장군 장안읍 반룡산단2로 66,기타 과실ㆍ채소 가공 및 저장 처리업 외 1종,미등록
1011,(주)매일마린,"부산광역시 영도구 해양로 17 (청학동, (주)매일마린)",액체 펌프 제조업 외 1종,051-417-9271
1012,(주)매일정기,부산광역시 강서구 과학산단로 529 (지사동),그 외 자동차용 신품 부품 제조업 외 7종,051-831-5943
1013,(주)매일정기,부산광역시 강서구 과학산단2로19번길 160 (지사동),가정용 및 산업용 공기 조화장치 제조업 외 5종,051-831-5945
1014,(주)매크로이빈,"부산광역시 해운대구 센텀동로 51, 2층 201 (우동)",비메모리용 및 기타 전자집적회로 제조업 외 5종,051-747-4591
1015,(주)맥스벨로,부산광역시 기장군 기장읍 대변로 144-5,놀이터용 장비 제조업 외 1종,051-722-6788
1016,(주)맥염바이오,"부산광역시 금정구 구서온천천로 59, 지하 1층(구서동, 하나로아파트 3차)",기타 식품 첨가물 제조업,051-582-3253
1017,(주)맥테크놀로지,부산광역시 강서구 녹산산업중로61번길 6 (송정동),그 외 기타 분류 안된 화학제품 제조업 외 2종,051-262-3020
1018,(주)맥하이텍,"부산광역시 사상구 낙동대로1420번길 41, 502, 502-1호(삼락동)",제판 및 조판업 외 2종,051-302-8246
1019,(주)메드랩,부산광역시 강서구 과학산단1로60번길 31 (지사동) 부산테크노파크,치과기공물 제조업 외 2종,051-710-9707
1020,(주)메드파크,"부산광역시 북구 낙동대로1570번길 24, 3,4,5층 (구포동)",체외 진단 시약 제조업 외 1종,070-8829-7777
1021,(주)메드파크 R&D센터,"부산광역시 사상구 모라로 22, 6층 601호(부산벤처타워) (모라동)",치과용 기기 제조업 외 1종,051-301-8777
1022,(주)메디위너,"부산광역시 사상구 모라로 22, 11층 1113, 1114호(모라동, 부산벤처타워)",체외 진단 시약 제조업 외 5종,070-4705-2395
1023,(주)메디칼이노베이션디벨로퍼,"부산광역시 해운대구 재반로 113-15, 202호, 207호(재송동)",전기식 진단 및 요법 기기 제조업,051-784-7608
1024,(주)메딕스케어,"부산광역시 해운대구 반송로513번길 66-47, 6층 602,603호(석대동)",그 외 기타 의료용 기기 제조업,051-757-7117
1025,(주)메카스,부산광역시 사상구 새벽로215번길 54 (괘법동),그 외 기타 특수목적용 기계 제조업 외 1종,051-361-1750
1026,(주)메타네트웍스,"부산광역시 금정구 개좌로 263, B동 2층 201호(회동동, 비젼테크)",유선 통신장비 제조업 외 5종,051-526-7797
1027,(주)메타스,부산광역시 강서구 과학산단2로3번길 40 (지사동),자동차 엔진용 신품 부품 제조업 외 5종,051-832-7500
1028,(주)메타크루,"부산광역시 사상구 모덕로67번길 159, 3층(모라동)",그 외 기타 전기장비 제조업,미등록
1029,(주)메탈엘엠이,부산광역시 사하구 다산로225번길 41 (장림동),도금업,051-265-8305
1030,(주)메트로이엔지,부산광역시 강서구 낙동남로622번길 71 (녹산동),그 외 기타 일반목적용 기계 제조업 외 1종,051-412-0144
1031,(주)메트스틸,부산광역시 강서구 미음산단4로62번길 9 (미음동),강관 제조업 외 1종,051-751-0831
1032,(주)멘티스,"부산광역시 해운대구 센텀중앙로 48, 9층 912 (우동, 에이스하이테크21)",그 외 기타 의료용 기기 제조업,070-4764-5914
1033,(주)면진테크,"부산광역시 금정구 반송로490번길 26-11 (금사동, 면진테크)",기타 구조용 금속제품 제조업 외 5종,051-503-8879
1034,(주)명서테크,부산광역시 기장군 장안읍 장안산단8로 110,기타 물품 취급장비 제조업,051-727-8201
1035,(주)명성레이저,"부산광역시 사상구 새벽로 90 (학장동, 명성레이져)",절삭가공 및 유사처리업,051-324-6936
1036,(주)명성알앤티,부산광역시 사하구 을숙도대로569번길 37 (신평동),산업용 냉장 및 냉동 장비 제조업,051-204-8262
1037,(주)명성에스엔티,"부산광역시 강서구 녹산산업북로 309, (송정동, 1622-6) (송정동)",강관 제조업,051-302-6162
1038,(주)명성엔아이,"부산광역시 금정구 공단동로41번길 21, T동 (금사동)","금속 문, 창, 셔터 및 관련제품 제조업",ARS-1588-8414
1039,(주)명성인더스,부산광역시 동래구 연안로74번길 13-13 (안락동),자동차용 신품 의자 제조업 외 2종,051-522-1271
1040,(주)명성철강산업,부산광역시 강서구 미음산단4로 190(미음동),그 외 기타 금속가공업,051-941-1524
1041,(주)명신기업,부산광역시 사상구 학장로 181 (학장동),금속 절삭기계 제조업 외 2종,051-313-5187
1042,(주)명심산업,"부산광역시 사하구 두송로 232, 1층 (구평동)",기타 목재가구 제조업 외 1종,051-973-7066
1043,(주)명왕,부산광역시 사상구 광장로2번길 21 (괘법동),그 외 기타 일반목적용 기계 제조업 외 1종,051-326-2063
1044,(주)명인수산,부산광역시 사하구 다대로354번길 64 (장림동),기타 수산동물 가공 및 저장 처리업 외 2종,051-265-4604
1045,(주)명진TSR,부산광역시 강서구 화전산단2로 17 (화전동),고무패킹류 제조업 외 3종,051-832-0002
1046,(주)명진에스피,부산광역시 사상구 학장로169번길 91 (학장동),그 외 기타 고무제품 제조업,051-321-0550
1047,(주)명진테크,부산광역시 기장군 정관읍 곰내길 591-42 ((주)명진테크),그 외 자동차용 신품 부품 제조업 외 3종,051-727-0425
1048,(주)명진테크 제2공장,부산광역시 기장군 정관읍 곰내길 591-47 ((주)동해코리아),자동차용 신품 동력전달장치 제조업 외 1종,051-727-0425
1049,(주)명푸드시스템,"부산광역시 사상구 모라로 22, 6층 609호 (모라동, 부산벤처타워)",음ㆍ식료품 및 담배 가공기계 제조업,051-332-0087
1050,(주)모가비,부산광역시 기장군 장안읍 반룡산단3로 70,기타 건축용 나무제품 제조업 외 1종,051-324-2311
1051,(주)모계,부산광역시 사하구 신산로 23 (신평동),화학섬유직물 직조업,051-301-5778
1052,(주)모계,부산광역시 사하구 하신번영로127번길 11 (신평동),화학섬유직물 직조업,051-301-5778
1053,(주)모과,부산광역시 기장군 기장읍 청강로 29 (태림건설),장류 제조업,051-817-6096
1054,(주)모노모빌리티,부산광역시 강서구 낙동남로533번길 99 (녹산동),모터사이클 제조업 외 6종,051-973-3888
1055,(주)모노인더스트리,부산광역시 강서구 미음국제5로나길 40 (미음동),그 외 기타 금속가공업,051-831-6934
1056,(주)모두랑,부산광역시 강서구 녹산산단381로 21 (송정동),육류 기타 가공 및 저장처리업 (가금류 제외),051-831-5624
1057,(주)모두텔,"부산광역시 해운대구 센텀동로 71, 6층 607 (우동, 벽산이센텀클래스원2차)",기타 무선 통신장비 제조업,051-953-1331
1058,(주)모든산업,부산광역시 기장군 장안읍 에코산단2로 82,그 외 기타 일반목적용 기계 제조업,051-728-2971
1059,(주)모든테크,부산광역시 사하구 하신번영로127번길 10 (신평동),그 외 자동차용 신품 부품 제조업 외 3종,051-264-8744
1060,(주)모스텍,부산광역시 강서구 미음국제5로라길 5 (미음동),그 외 기타 금속가공업,051-831-0410
1061,(주)모아산업,부산광역시 강서구 녹산산단17로14번길 33 (송정동),금속탱크 및 저장용기 제조업 외 1종,051-831-0165
1062,(주)무궁화,부산광역시 사하구 신산로29번길 34 (신평동),기타 직물제품 제조업,051-207-0654
1063,(주)무궁화용사촌에프엔씨 명장지점,"부산광역시 동래구 명장로20번길 13, 2층(명장동)",남자용 겉옷 제조업 외 8종,042-585-1998
1064,(주)무궁화용사촌에프엔씨 문현지점,"부산광역시 남구 황령대로74번길 103, 1층(문현동, 남부섬유상사)",남자용 겉옷 제조업 외 5종,042-585-1998
1065,(주)무궁화용사촌에프엔씨(F&C),"부산광역시 금정구 공단동로41번길 37, 에이동 3층(금사동, 은하정밀)","근무복, 작업복 및 유사의복 제조업 외 8종",042-585-1998
1066,(주)무성실리콘,부산광역시 강서구 평강로 257 (대저1동),그 외 기타 고무제품 제조업,051-941-1700
1067,(주)무진기업,부산광역시 동래구 충렬대로336번길 11 (낙민동),육상 금속 골조 구조재 제조업 외 2종,051-862-9992
1068,(주)무진트레이딩,부산광역시 기장군 장안읍 장안산단7로 114,자동차 차체용 신품 부품 제조업 외 4종,051-625-7777
1069,(주)무진트레이딩 정관지점   ,부산광역시 기장군 정관읍 농공길 61,전기용 탄소제품 및 절연제품 제조업 외 2종,051-625-7777
1070,(주)무창이엔지,부산광역시 강서구 녹산동 1335-8,선박 구성 부분품 제조업,051-941-8893
1071,(주)무한손,"부산광역시 동구 범일일길11번가길 19, 1층 (범일동)",한복 제조업 외 5종,051-647-4488
1072,(주)물과공기,"부산광역시 사상구 낙동대로1338번길 12, 2동 (삼락동)",액체 여과기 제조업 외 5종,미등록
1073,(주)미가축산,부산광역시 기장군 일광면 장곡길 34-53,육류 기타 가공 및 저장처리업 (가금류 제외) 외 1종,051-723-2567
1074,(주)미광ENG,부산광역시 강서구 범방2로 30 (범방동),유압기기 제조업 외 2종,051-303-3353
1075,(주)미광화학,부산광역시 사상구 학감대로177번길 7 (학장동),합성수지 및 기타 플라스틱 물질 제조업,051-325-1532
1076,(주)미그린식품,부산광역시 사하구 을숙도대로 823 (구평동),수산식물 가공 및 저장 처리업,051-404-1800
1077,(주)미도,부산광역시 금정구 반송로 454 (금사동),구조용 금속 판제품 및 공작물 제조업 외 3종,051-868-2233
1078,(주)미도물산,"부산광역시 금정구 금사로 75 (금사동, 큐마트)",그 외 기타 봉제의복 제조업,051-523-8857
1079,(주)미도물산,"부산광역시 수영구 수영로487번길 27, 2층 (남천동)",남자용 겉옷 제조업 외 8종,02-337-9126
1080,(주)미도아트웍스,부산광역시 사상구 사상로433번길 35 (모라동),스크린 인쇄업 외 3종,051-301-0086
1081,(주)미드미푸드(부산지점),"부산광역시 북구 만덕1로104번길 24, A동 1,2층 B동 1층(만덕동)",기타 식사용 가공처리 조리식품 제조업,070-4048-6350
1082,(주)미래,부산광역시 동래구 여고북로 224 (사직동),간판 및 광고물 제조업,051-503-3652
1083,(주)미래건설산업,"부산광역시 금정구 팔송로12번길 13 (남산동, 대한유도체육관)",간판 및 광고물 제조업 외 3종,051-518-3900
1084,(주)미래금속테크,부산광역시 사상구 새벽로17번길 55 (학장동),"도금, 착색 및 기타 표면처리강재 제조업",051-315-3956
1085,(주)미래정공,부산광역시 강서구 가달2로 10 (생곡동),그 외 기타 특수목적용 기계 제조업,055-343-8866
1086,(주)미래정밀,부산광역시 강서구 화전산단5로98번길 31(화전동),산업용 로봇 제조업,051-301-4177
1087,(주)미래테크,부산광역시 강서구 미음국제5로나길 28 (미음동),일반용 전기 조명장치 제조업 외 3종,051-941-5821
1088,(주)미래통상,"부산광역시 금정구 동천로7번길 34-14, 4층(회동동)",기타 직물제품 제조업,051-728-8084
1089,(주)미래하이테크,부산광역시 강서구 화전산단1로 115 (화전동),배전반 및 전기 자동제어반 제조업 외 5종,051-601-7046
1090,(주)미미의 세상 ,"부산광역시 동래구 충렬대로 343, 2층  (안락동)",화장품 제조업,051-521-1165
1091,(주)미스모네,부산광역시 기장군 정관읍 산단1로 46,기타 목재가구 제조업,051-701-7713
1092,(주)미스터쿡   ,부산광역시 기장군 장안읍 오리산단8로 30,천연 및 혼합조제 조미료 제조업,051-702-3233
1093,(주)미주스텐,부산광역시 강서구 미음산단로92번길 12 (구랑동),기타 1차 비철금속 제조업,051-973-7888
1094,(주)미주정보통신,"부산광역시 북구 만덕2로 13, 3층 305호(만덕동, 신 만덕상가빌라)",비디오 및 기타 영상기기 제조업 외 5종,051-333-9400
1095,(주)미크론연마,부산광역시 사하구 다산로53번길 44(다대동),유압기기 제조업,미등록
1096,(주)미토,부산광역시 강서구 과학산단2로19번길 112 (지사동),금속 단조제품 제조업,051-832-5003
1097,(주)미트원플러스,부산광역시 금정구 금사로 182(회동동),육류 포장육 및 냉동육 가공업 (가금류 제외),051-525-6614
1098,(주)미화합동,부산광역시 동구 중앙대로 243-3 (초량동),장류 제조업,051-468-2675
1099,(주)미화합동,"부산광역시 사상구 낙동대로1348번길 48 (삼락동, (주)미화합동)",장류 제조업,051-468-2675
1100,(주)민성,부산광역시 강서구 화전산단6로54번길 21 (화전동),그 외 기타 분류 안된 금속 가공 제품 제조업 외 1종,051-305-8862
1101,(주)민성,"부산광역시 사상구 삼덕로5번길 137 (삼락동, (주)민성)",선박 구성 부분품 제조업 외 1종,051-305-8862
1102,(주)민승철강,부산광역시 사상구 대동로 214 (학장동),그 외 기타 일반목적용 기계 제조업 외 1종,051-301-7511
1103,(주)민영제지,"부산광역시 사상구 사상로439번길 26 (모라동, 한국바이폰)",위생용 종이제품 제조업 외 1종,051-831-0663
1104,(주)바다를품다,"부산광역시 서구 원양로 1, B동 4층 406 (암남동, 수산가공선진화단지)",기타 수산동물 가공 및 저장 처리업,051-261-3355
1105,(주)바덱스인더스트리스,부산광역시 강서구 과학산단1로 129(지사동),선박 구성 부분품 제조업 외 4종,055-723-2747
1106,(주)바라크,부산광역시 사상구 사상로333번길 62 (덕포동),기타 신발 제조업 외 1종,051-302-1561
1107,(주)바램,부산광역시 강서구 녹산산업중로 46 (송정동),"탭, 밸브 및 유사장치 제조업",051-831-5557
1108,(주)바름테크,"부산광역시 남구 신선로 365, 제10공학관 317호(용당동)",가정용 및 산업용 공기 조화장치 제조업 외 2종,051-665-8003
1109,(주)바비조아,부산광역시 기장군 정관읍 정관로 923-27,기타 곡물 가공품 제조업,051-517-7833
1110,(주)바스코,"부산광역시 강서구 녹산산단382로14번길 55 (송정동, 부산광역시 신발산업진흥센타)",신발 부분품 제조업,051-831-9964
1111,(주)바우와우코리아,부산광역시 기장군 정관읍 산단5로 100-61,반려동물용 사료 제조업 외 2종,051-266-8082
1112,(주)바이넥스,부산광역시 사하구 다대로 368-2 (장림동),생물 의약품 제조업 외 1종,051-265-9131
1113,(주)바이넥스,부산광역시 사하구 다대로 368-3 (장림동),생물 의약품 제조업 외 1종,051-790-4493
1114,(주)바이넥스,부산광역시 사하구 다대로 368-3,생물 의약품 제조업 외 1종,051-790-4470
1115,(주)바이맘,"부산광역시 수영구 장대골로 41, 지하1층(광안동, 제이비클래식빌딩)",침구 및 관련제품 제조업,070-9237-9285
1116,(주)바이오명륜,"부산광역시 금정구 금정로 29-5, 101호(장전동, 신오아트빌라)","전기회로 개폐, 보호장치 제조업 외 1종",051-512-3663
1117,(주)바이오상사,부산광역시 기장군 정관면 정관상곡2길 25-29,복합비료 및 기타 화학비료 제조업,051-304-7790
1118,(주)바이오포트코리아,"부산광역시 기장군 일광면 횡계길 7,  B-103",기타 비알코올 음료 제조업,051-722-5896
1119,(주)바이오포트코리아,부산광역시 기장군 장안읍 반룡산단1로 36,차류 가공업 외 5종,051-722-5896
1120,(주)바이윈,부산광역시 강서구 대부길 225 (강동동),선박 구성 부분품 제조업,051-973-0402
1121,(주)바이콤,부산광역시 연제구 과정로348번길 50 (연산동),비디오 및 기타 영상기기 제조업 외 12종,070-5153-5794
1122,(주)바이펙스,부산광역시 기장군 장안읍 명례리 913번지,기타 구조용 금속제품 제조업,051-519-2163
1123,(주)바질컴퍼니,"부산광역시 사상구 모라로 22, 9층 901호(모라동, 부산벤처타워)",산업용 로봇 제조업,051-609-9633
1124,(주)박스코,부산광역시 사하구 신산로 134 (신평동),배전반 및 전기 자동제어반 제조업 외 5종,051-313-4401
1125,(주)박스코,부산광역시 사하구 신산로 130 (신평동),배전반 및 전기 자동제어반 제조업 외 5종,051-313-4403
1126,(주)박스코 신평지점,부산광역시 사하구 다대로170번길 81 (신평동),배전반 및 전기 자동제어반 제조업 외 5종,051-313-4403
1127,(주)반도마린,부산광역시 강서구 미음산단로 327(미음동),선박 구성 부분품 제조업 외 8종,051-831-1950
1128,(주)반도아이엔씨,"부산광역시 수영구 망미번영로55번길 99, 3층 (망미동, 리치부엌가구)",셔츠 및 블라우스 제조업 외 6종,02-541-3187
1129,(주)반도정밀,"부산광역시 사상구 학감대로134번길 10 (학장동, 반도정밀)",기타 가공 공작기계 제조업,051-328-6100
1130,(주)방주전기,부산광역시 수영구 연수로379번길 29 (수영동),유선 통신장비 제조업 외 3종,051-754-3207
1131,(주)배성목재,부산광역시 기장군 정관읍 산단7로 7-26 ((주)배성목재),목재 깔판류 및 기타 적재판 제조업 외 3종,051-722-0443
1132,(주)배성목재,부산광역시 기장군 정관읍 산단7로 7-45,목재 깔판류 및 기타 적재판 제조업,051-728-2020
1133,(주)배성목재   ,부산광역시 기장군 정관읍 산단7로 7-25 배성목재,일반 제재업 외 1종,051-722-0443
1134,(주)배성테크,부산광역시 사상구 가야대로196번길 63 (학장동),무기 및 총포탄 제조업 외 34종,미등록
1135,(주)백산,부산광역시 강서구 녹산산단382로14번가길 10 (송정동),모피 및 가죽 제조업,051-832-0044
1136,(주)백산금속,"부산광역시 금정구 동천로7번길 79 (회동동, (주)백산금속)","기타 비철금속 제련, 정련 및 합금 제조업",051-529-9994
1137,(주)백산프로펠라,부산광역시 사상구 감전천로 227 (감전동),그 외 기타 일반목적용 기계 제조업 외 15종,051-325-6815
1138,(주)백천산업,부산광역시 강서구 신덕길2번길 146-10 (대저1동),선박 구성 부분품 제조업,미등록
1139,(주)백화 부민지점,부산광역시 서구 충무대로 166-41 (남부민동),수산동물 냉동품 제조업 외 1종,051-254-8255
1140,(주)밸콘,"부산광역시 남구 유엔평화로9번길 31 (대연동, 밸콘주식회사)",그 외 기타 전기장비 제조업,051-628-7352
1141,(주)범양산업,"부산광역시 금정구 금샘로 571 (남산동, (주)범양산업)",특수 직물 및 기타 직물 직조업,051-518-9518
1142,(주)베가통신,부산광역시 강서구 대저중앙로71번가길 13(대저1동),"레이더, 항행용 무선기기 및 측량기구 제조업",051-248-7516
1143,(주)베니온,부산광역시 강서구 생곡산단2로 26 (생곡동),절삭가공 및 유사처리업,051-972-4065
1144,(주)베코,부산광역시 사상구 낙동대로1048번길 33 (감전동),"전기회로 개폐, 보호장치 제조업",051-931-0205
1145,(주)보가샵 다대포지점,부산광역시 사하구 다산로53번길 55 (다대동),전동기 및 발전기 제조업,051-643-6157
1146,(주)보강하이텍,"부산광역시 해운대구 센텀중앙로 66, 603~4호 (우동)",기타 무선 통신장비 제조업 외 1종,051-803-3652
1147,(주)보경금속,부산광역시 강서구 생곡로 264 (생곡동),강관 제조업 외 1종,051-831-4868
1148,(주)보경이엔지 ,부산광역시 강서구 녹산산업중로167번길 16 (송정동),그 외 기타 고무제품 제조업,051-831-4615
1149,(주)보고테크,부산광역시 강서구 녹산산업중로 62-15 (송정동),디지털 적층 성형기계 제조업 외 1종,051-313-7501
1150,(주)보광,부산광역시 사상구 사상로 430 (모라동),접착제 및 젤라틴 제조업,051-304-0021
1151,(주)보광,부산광역시 강서구 녹산산단381로12번길 17 (송정동),목재문 및 관련제품 제조업 외 2종,051-831-9000
1152,(주)보광아이엔티 금사공장,부산광역시 금정구 공단로39번길 27(금사동),"근무복, 작업복 및 유사의복 제조업 외 2종",053-551-9901
1153,(주)보광아이엔티 부산 공장,"부산광역시 금정구 삼어로 204, 3층 일부 (금사동)","근무복, 작업복 및 유사의복 제조업 외 2종",053-551-9901
1154,(주)보광이엔씨지점,부산광역시 강서구 제도로 805 (강동동),구조용 금속 판제품 및 공작물 제조업,051-581-7136
1155,(주)보람식품,부산광역시 사하구 다대로1066번길 34 (장림동),"수산동물 훈제, 조리 및 유사 조제식품 제조업",070-4027-0885
1156,(주)보람정보통신,"부산광역시 부산진구 동성로 20, 4층(전포동)",기타 무선 통신장비 제조업 외 1종,051-621-7490
1157,(주)보령기업,부산광역시 강서구 화전산단5로 34 (화전동),강관 제조업 외 1종,051-831-9700
1158,(주)보명금속,부산광역시 강서구 녹산산단381로86번길 14-13 (송정동),기타 비철금속 주조업,미등록
1159,(주)보명금속,부산광역시 강서구 미음산단로 261(미음동),선박 구성 부분품 제조업 외 1종,051-326-3004
1160,(주)보명피앤티,부산광역시 강서구 낙동남로533번길 83 (녹산동),선박 구성 부분품 제조업,051-971-5102
1161,(주)보생,"부산광역시 사상구 낙동대로881번길 27-23 (감전동, (주)보생)",기타 신발 제조업,051-322-6601
1162,(주)보성공업,부산광역시 사하구 장평로 47 (장림동),배전반 및 전기 자동제어반 제조업 외 1종,031-865-8833
1163,(주)보성상사,부산광역시 기장군 정관면 산단7로 83 (오성산업),수산동물 건조 및 염장품 제조업,051-721-0900
1164,(주)보성일렉트릭,"부산광역시 영도구 남항서로82번길 61 (남항동2가, 신영선박공장)","전기회로 개폐, 보호장치 제조업 외 1종",051-414-8667
1165,(주)보성중공업,부산광역시 강서구 과학산단로333번길 42 (지사동),철도차량 부품 및 관련 장치물 제조업 외 5종,051-831-1076
1166,(주)보쉬렉스로스코리아,부산광역시 강서구 미음산단1로 29 (구랑동),유압기기 제조업,051-260-0750
1167,(주)보스산업,부산광역시 사상구 낙동대로1452번길 9 (삼락동),구두류 제조업 외 1종,051-301-0121
1168,(주)보은금속,부산광역시 기장군 정관읍 산단4로 26 ((주)보은금속),그 외 기타 달리 분류되지 않은 운송장비 제조업,051-728-5106
1169,(주)보은금속   ,부산광역시 기장군 장안읍 반룡산단3로 14,그 외 자동차용 신품 부품 제조업,051-728-5101
1170,(주)보은금속2공장,부산광역시 기장군 정관읍 산단4로 25,그 외 자동차용 신품 부품 제조업 외 3종,051-728-5106
1171,(주)보은전기,부산광역시 사하구 두송로210번길 13 (구평동),배전반 및 전기 자동제어반 제조업,051-266-2155
1172,(주)복주,부산광역시 사하구 다대로1066번길 43 (장림동),"수산동물 훈제, 조리 및 유사 조제식품 제조업",051-262-2073
1173,(주)볼시스,부산광역시 영도구 태종로 727 (동삼동) 한국해양대학교,기타 무선 통신장비 제조업 외 2종,051-403-3100
1174,(주)봄날인터내셔널  ,부산광역시 기장군 장안읍 오리산단2로 31,기타 과실ㆍ채소 가공 및 저장 처리업,02-2648-7695
1175,(주)봉스틸,부산광역시 강서구 제도로1041번길 533 (강동동),그 외 기타 1차 철강 제조업,051-323-3456
1176,(주)부갑제재소,부산광역시 강서구 녹산산단381로86번길 3 (송정동),일반 제재업,051-831-2567
1177,(주)부강,부산광역시 사하구 장평로71번길 45 (장림동),선박 구성 부분품 제조업,051-231-5611
1178,(주)부경디엔씨,부산광역시 해운대구 송정2로23번길 37 (송정동),구조용 금속 판제품 및 공작물 제조업 외 1종,051-721-7700
1179,(주)부경에스아이  ,"부산광역시 동래구 온천장로 104, 4층  (온천동)",방송장비 제조업 외 5종,051-758-3151
1180,(주)부경이앤티,부산광역시 강서구 신포길83번길 28 (명지동),배전반 및 전기 자동제어반 제조업 외 1종,051-972-9988
1181,(주)부경정밀,부산광역시 사상구 사상로385번길 19 (덕포동),그 외 자동차용 신품 부품 제조업 외 11종,051-304-2638
1182,(주)부경테크,부산광역시 연제구 고분로247번길 6-1 (연산동),그 외 기타 전기장비 제조업 외 1종,051-865-1417
1183,(주)부경테크금속,부산광역시 사상구 학감대로 170-6 (학장동),구조용 금속 판제품 및 공작물 제조업,051-442-0999
1184,(주)부경호이스트,부산광역시 강서구 화전산단3로 116 (화전동),기타 물품 취급장비 제조업,051-971-2460
1185,(주)부경화학상사,부산광역시 사상구 하신번영로 454 (엄궁동),그 외 기타 분류 안된 화학제품 제조업 외 2종,051-327-9196
1186,(주)부광,부산광역시 사하구 신산로 12 (신평동),화학섬유직물 직조업,051-293-8405
1187,(주)부광F&G,"부산광역시 서구 원양로 1, B동 6층 601, 602 (암남동)",수산동물 냉동품 제조업 외 1종,051-201-3001
1188,(주)부광기획,"부산광역시 동래구 안남로 100, 1층 (안락동)",간판 및 광고물 제조업,051-757-3665
1189,(주)부광기획,부산광역시 해운대구 재반로 7-1 (재송동),간판 및 광고물 제조업,051-864-3667
1190,(주)부광나노테크,부산광역시 강서구 명지새동네길2번길 48 (명지동),비금속광물 분쇄물 생산업,051-205-7557
1191,(주)부광메탈,부산광역시 사상구 낙동대로 861-15 (감전동),그 외 기타 1차 철강 제조업,051-323-9194
1192,(주)부광산업기계,부산광역시 기장군 정관면 산단4로 62,그 외 자동차용 신품 부품 제조업 외 3종,051-727-1477
1193,(주)부광푸드,부산광역시 사하구 장림번영로 72 (장림동),육류 기타 가공 및 저장처리업 (가금류 제외) 외 1종,051-262-8733
1194,(주)부미,부산광역시 강서구 미음산단로199번길 35 (미음동),그 외 자동차용 신품 부품 제조업 외 3종,051-303-5001
1195,(주)부미(2공장),부산광역시 강서구 미음산단2로16번길 5 (구랑동),절삭가공 및 유사처리업,051-303-5001
1196,(주)부민하이텍,부산광역시 사상구 낙동대로1356번길 26 (삼락동),"증류기, 열교환기 및 가스발생기 제조업 외 10종",051-717-3663
1197,(주)부방-부산방직,부산광역시 사하구 신산로29번길 25 (신평동),비주거용 건물 임대업,051-292-0131
1198,(주)부산경원,"부산광역시 사상구 학장로317번길 24 (주례동, 경원부산)",기체 펌프 및 압축기 제조업 외 1종,051-315-1505
1199,(주)부산로드,부산광역시 강서구 대저중앙로71번가길 40-22 (대저1동),"플라스틱 선, 봉, 관 및 호스 제조업",051-941-3700
1200,(주)부산볼트,"부산광역시 사상구 낙동대로1436번길 15 (삼락동, 부산볼트)",볼트 및 너트류 제조업 외 2종,051-303-1717
1201,(주)부산세광식품,부산광역시 강서구 녹산산업중로 381 (송정동),"수산동물 훈제, 조리 및 유사 조제식품 제조업",051-264-4324
1202,(주)부산세광식품,부산광역시 사하구 다대로1066번길 36 (장림동),"수산동물 훈제, 조리 및 유사 조제식품 제조업",051-264-4324
1203,(주)부산스텐,부산광역시 강서구 미음국제5로라길 21(미음동),그 외 기타 일반목적용 기계 제조업,051-271-6181
1204,(주)부산식품,부산광역시 사하구 다대로1066번길 24 (장림동),"수산동물 훈제, 조리 및 유사 조제식품 제조업",051-322-7917
1205,(주)부산식품,부산광역시 강서구 녹산산단381로40번길 84 (송정동),"수산동물 훈제, 조리 및 유사 조제식품 제조업",051-322-7917
1206,(주)부산신호,"부산광역시 해운대구 반송순환로 142, 엠동 9907호, 91007-1호(반송동, 영산대학교 해운대캠퍼스)",교통 신호장치 제조업,051-555-2421
1207,(주)부산어묵생육사업단,부산광역시 사하구 장림로93번길 43 (장림동),기타 수산동물 가공 및 저장 처리업,051-266-7002
1208,(주)부산워터젯,부산광역시 강서구 미음산단로 98 (구랑동),절삭가공 및 유사처리업,051-832-1071
1209,(주)부산인더스트리,부산광역시 강서구 대저들길 428 (대저1동),"적층, 합성 및 특수표면처리 종이 제조업",051-263-1441
1210,(주)부산인텍부산금망,부산광역시 강서구 녹산산업북로313번길 48 (송정동),그 외 금속 압형제품 제조업 외 2종,051-831-0222
1211,(주)부산정비,부산광역시 사하구 장림동 1050번지,건설.광업용 기계 및 장비 수리업,051-263-2111
1212,(주)부산조선해양,"부산광역시 영도구 해양로15번길 1, 3층 (청학동, 선진조선)",선박 구성 부분품 제조업 외 2종,051-416-5511
1213,(주)부산축산,부산광역시 강서구 녹산산단382로59번길 7 (송정동),육류 기타 가공 및 저장처리업 (가금류 제외) 외 2종,051-831-5711
1214,(주)부산케이블&엔지니어링,부산광역시 강서구 과학산단2로19번길 183 (지사동),기타 절연선 및 케이블 제조업,051-717-3908
1215,(주)부산케이블앤엔지니어링,부산광역시 강서구 과학산단2로19번길 170(지사동),기타 절연선 및 케이블 제조업 외 1종,051-717-3908
1216,(주)부산피팅,부산광역시 강서구 녹산산단46로 39 (송정동),"탭, 밸브 및 유사장치 제조업 외 3종",051-832-2100
1217,(주)부산해사랑,"부산광역시 사하구 을숙도대로 717, 3층, 4층 (구평동)",기타 수산동물 가공 및 저장 처리업 외 3종,051-262-1601
1218,(주)부산해정식품,부산광역시 강서구 녹산산단382로60번길 36 (송정동),"수산동물 훈제, 조리 및 유사 조제식품 제조업",051-941-9700
1219,(주)부산협동상사,부산광역시 강서구 범방2로 36 (미음동),그 외 기타 분류 안된 금속 가공 제품 제조업 외 1종,051-831-6251
1220,(주)부성시스템,부산광역시 사상구 낙동대로1530번길 39 (삼락동),농업 및 임업용 기계 제조업,051-303-0460
1221,(주)부성철강산업,부산광역시 사상구 장인로37번길 105 (감전동),그 외 기타 금속가공업,051-327-6990
1222,(주)부성후렌지,부산광역시 강서구 화전산단5로14번길 11(화전동),육상 금속 골조 구조재 제조업 외 1종,051-262-1711
1223,(주)부영개발,부산광역시 사하구 보덕포1길 56 (장림동),아스팔트 콘크리트 및 혼합제품 제조업 외 1종,051-263-5811
1224,(주)부영공업,부산광역시 사상구 학장동 753-15번지,기타 구조용 금속제품 제조업,051-324-0231
1225,(주)부영미케닉스,"부산광역시 사상구 학감대로147번길 41,  B,C동 (학장동)",절삭가공 및 유사처리업,051-311-2904
1226,(주)부영산업,부산광역시 기장군 정관읍 예림1로 33,"금속 문, 창, 셔터 및 관련제품 제조업 외 1종",051-808-0860
1227,(주)부영스크린,부산광역시 사상구 삼덕로5번길 31 (삼락동),금속선 가공제품 제조업,051-301-8575
1228,(주)부영연육장림지점,부산광역시 사하구 장림로 86 (장림동),기타 수산동물 가공 및 저장 처리업,051-465-8630
1229,(주)부영인슈로,부산광역시 강서구 녹산산단46로 59 (송정동),그 외 기타 분류 안된 섬유제품 제조업 외 1종,미등록
1230,(주)부영하이텍,부산광역시 사상구 모덕로 70 (덕포동),수동식 식품 가공기기 및 금속 주방용기 제조업,051-304-0857
1231,(주)부용,"부산광역시 동래구 석사북로 69-1, 1층2층 (온천동)","근무복, 작업복 및 유사의복 제조업 외 8종",051-503-6942
1232,(주)부원엔지니어링,"부산광역시 사상구 새벽로 83-21, (주)부원엔지니어링(학장동)","산업용 오븐, 노 및 노용 버너 제조업 외 1종",051-831-8525
1233,(주)부원정공,부산광역시 사상구 사상로368번길 27 (덕포동),주형 및 금형 제조업,051-301-2148
1234,(주)부원지에프씨 장안지점,부산광역시 기장군 장안읍 고무로 26,비내화 모르타르 제조업,051-744-7412
1235,(주)부일공업,"부산광역시 사상구 가야대로 26 (감전동, 부일공업)",금속탱크 및 저장용기 제조업 외 1종,051-316-5260
1236,(주)부일레미콘,"부산광역시 금정구 수원지로 24 (회동동, 부일레미콘)",레미콘 제조업 외 1종,051-525-0147
1237,(주)부일아이티,"부산광역시 사상구 백양대로 752, 1층 (덕포동)",방송장비 제조업 외 3종,051-338-2585
1238,(주)부일인스텍,"부산광역시 해운대구 센텀동로 99, 8층 813 (재송동, 벽산e센텀클래스원)","기타 측정, 시험, 항해, 제어 및 정밀기기 제조업",051-321-2121
1239,(주)부일정기,부산광역시 강서구 과학산단1로 111 (지사동),선박 구성 부분품 제조업,051-972-6227
1240,(주)부일필터,"부산광역시 금정구 금사로 165 (회동동, 금자탑학원)",기체 여과기 제조업 외 4종,051-851-3025
1241,(주)부자목재산업,부산광역시 강서구 녹산산단381로40번길 38 (송정동),일반 제재업,051-941-5650
1242,(주)부흥글로벌식품,부산광역시 강서구 녹산산단262로60번길 24 (송정동),육류 기타 가공 및 저장처리업 (가금류 제외) 외 1종,051-831-6430
1243,(주)부흥정밀,부산광역시 강서구 과학산단2로3번길 26 (지사동),자동차 엔진용 신품 부품 제조업 외 13종,051-831-4411
1244,(주)부흥정밀,부산광역시 강서구 과학산단2로3번길 24 (지사동),자동차 엔진용 신품 부품 제조업 외 1종,051-831-4411
1245,(주)불로떼푸드,부산광역시 기장군 기장읍 청강로91번길 69-4 (디엔에스식품) (총 2 필지),육류 기타 가공 및 저장처리업 (가금류 제외) 외 1종,051-724-6669
1246,(주)브래드,부산광역시 기장군 정관읍 산단1로 66-81,빵류 제조업,051-556-9797
1247,(주)브레인힐 ,"부산광역시 해운대구 센텀중앙로 48, 1210호 (우동, 에이스하이테크21)",기타 주변기기 제조업 외 1종,미등록
1248,(주)브이앤에스,부산광역시 강서구 낙동북로63번길 40(강동동),"탭, 밸브 및 유사장치 제조업",051-263-2007
1249,(주)브이엠에스,"부산광역시 해운대구 센텀중앙로 90, 11층 1106호 (재송동)",산업처리공정 제어장비 제조업 외 1종,051-782-2360
1250,(주)브이테크,부산광역시 사상구 새벽로77번길 11 (학장동),그 외 기타 1차 철강 제조업,051-714-1630
1251,(주)블럭플러스,부산광역시 사하구 다산로105번길 68 (다대동),부직포 및 펠트 제조업 외 1종,051-265-5791
1252,(주)블루싸이언스,"부산광역시 강서구 녹산산단261로14번길 45-13,(송정동1610-5) (송정동)",일반용 전기 조명장치 제조업 외 9종,051-832-7008
1253,(주)블루씨푸드,부산광역시 사하구 다대로1066번길 41 (장림동),기타 수산동물 가공 및 저장 처리업 외 1종,051-256-7005
1254,(주)블루앤시스,"부산광역시 사상구 모라로192번길 9, 301호(모라동, 신모라공단)",컴퓨터 제조업,051-302-6700
1255,(주)블루엔텍,"부산광역시 남구 신선로 259-14, 1층 (용당동)",기타 목재가구 제조업,051-632-9555
1256,(주)블루코어컴퍼니,"부산광역시 해운대구 센텀중앙로 48, 12층 1203호 (우동, 에이스하이테크21)",그 외 기타 의료용 기기 제조업 외 1종,051-747-4318
1257,(주)블루햇,"부산광역시 해운대구 센텀동로 99, 10층 1008-1 (재송동, 벽산e센텀클래스원)",컴퓨터 제조업 외 1종,051-512-2274
1258,(주)비넷츠,"부산광역시 동래구 명안로9번길 10-12, 1층 (안락동)",전시 및 광고용 조명장치 제조업 외 17종,051-781-9220
1259,(주)비비피컴퍼니,"부산광역시 해운대구 해운대해변로 371, 309호(중동, 솔레비치오피스텔)","전자기 측정, 시험 및 분석기구 제조업",미등록
1260,(주)비산,"부산광역시 서구 원양로 1, B동 2층 208 (암남동, 수산가공선진화단지)","수산동물 훈제, 조리 및 유사 조제식품 제조업 외 1종",051-231-1920
1261,(주)비손,"부산광역시 사하구 보덕포1길 22, 2층(장림동, (주)삼익방폭전기)",간판 및 광고물 제조업 외 15종,051-715-4880
1262,(주)비씨,부산광역시 사하구 신산로 140 (신평동),운송장비 조립용 플라스틱제품 제조업 외 3종,051-324-0080
1263,(주)비앤에스컴,"부산광역시 남구 수영로 300, 502호(대연동, VISION PLAZA)",컴퓨터 제조업 외 1종,051-951-0007
1264,(주)비에스,"부산광역시 사상구 사상로425번길 52(모라동, 케이맥스산업(주))",수산동물 건조 및 염장품 제조업,051-921-1215
1265,(주)비에스바이오,부산광역시 강서구 미음국제1로 121 (미음동) 동방테크,화학 살균.살충제 및 농업용 약제 제조업 외 1종,미등록
1266,(주)비에스엠푸드,"부산광역시 강서구 대저중앙로 370-1, (주)비에스엠푸드 (대저1동)",기타 곡물 가공품 제조업,051-941-3366
1267,(주)비에스오션,부산광역시 영도구 해양로79번길 30 (청학동),선박 구성 부분품 제조업,051-412-8977
1268,(주)비에스푸드,"부산광역시 서구 원양로 1, B동 3층 301 (암남동)",수산동물 건조 및 염장품 제조업,051-231-0270
1269,(주)비에이일렉트릭,부산광역시 기장군 철마면 고촌로28번길 36-9,배전반 및 전기 자동제어반 제조업,051-724-9985
1270,(주)비에이치레이저테크 ,"부산광역시 금정구 개좌로 273-20, 1층 107호  (회동동)",자동차 차체용 신품 부품 제조업,051-668-5161
1271,(주)비에이치레이저테크 ,"부산광역시 금정구 개좌로 273-20, 205호 (회동동, 브이원타워)",자동차 차체용 신품 부품 제조업,051-727-9624
1272,(주)비에이치레이저테크 ,"부산광역시 금정구 개좌로 273-20, 3층 106호,310호   (회동동)",자동차 차체용 신품 부품 제조업 외 1종,051-329-5421
1273,(주)비엔티,"부산광역시 해운대구 센텀서로 30, 1402호 (우동, KNN 타워)",기타 무선 통신장비 제조업 외 4종,051-715-7210
1274,(주)비엔피,"부산광역시 사상구 사상로250번길 63, 지하1층, 1층(괘법동)",컴퓨터 프린터 제조업 외 2종,미등록
1275,(주)비엠씨,부산광역시 사하구 홍티로 109 (다대동) (총 2 필지),그 외 자동차용 신품 부품 제조업,070-8622-1008
1276,(주)비엠아이,부산광역시 강서구 녹산산단361로 31 (송정동),그 외 자동차용 신품 부품 제조업,051-972-5460
1277,(주)비엠오,부산광역시 기장군 정관읍 매곡길 40-15,"기타 섬유, 의복 및 가죽 가공 기계 제조업",미등록
1278,(주)비엠인터내셔널,부산광역시 강서구 녹산화전로 45 (송정동),어망 및 기타 끈 가공품 제조업,051-266-8034
1279,(주)비엠인터내셔널,부산광역시 사하구 다산로 120 (다대동),그 외 금속 압형제품 제조업 외 2종,051-264-3533
1280,(주)비엠인터내셔널,부산광역시 사하구 다산로 122 (다대동),그 외 기타 분류 안된 금속 가공 제품 제조업 외 2종,051-264-3533
1281,(주)비엠케이메디칼,"부산광역시 사하구 하신번영로201번길 13, 2층 (신평동)",그 외 기타 의료용 기기 제조업,051-203-9990
1282,(주)비엠티   ,부산광역시 기장군 장안읍 신소재산단2로 17,그 외 자동차용 신품 부품 제조업 외 3종,051-780-5000
1283,(주)비오시스(biosys),"부산광역시 금정구 개좌로 273-20, 1층 109호(V1타워) (회동동)",가정용 및 산업용 공기 조화장치 제조업 외 1종,051-507-0711
1284,(주)비오에이,"부산광역시 기장군 장안읍 의과학2로 27-10, (동남권 방사선 의·과학 일반산업단지 내 산업4-3)",전기경보 및 신호장치 제조업,055-781-1002
1285,(주)비오텍,부산광역시 강서구 공항앞길85번길 127 (대저2동),기타 구조용 금속제품 제조업 외 13종,051-322-3690
1286,(주)비와이에코,부산광역시 기장군 장안읍 기룡리 282-2번지,복합비료 및 기타 화학비료 제조업 외 1종,051-703-6576
1287,(주)비전텍,부산광역시 강서구 정관길 109-22 (대저2동),주형 및 금형 제조업 외 5종,051-832-0442
1288,(주)비젼테크,"부산광역시 금정구 개좌로 263, A-201호, A-301호(회동동, 비젼테크)",그 외 기타 전기장비 제조업 외 23종,051-529-7001
1289,(주)비주솔루션,"부산광역시 동구 중앙대로296번길 3-3, 2층 203호 (초량동)",전기회로 접속장치 제조업 외 1종,051-1877-6199
1290,(주)비쥬얼텍,부산광역시 기장군 기장읍 배산로56번길 39,경 인쇄업 외 4종,051-581-9847
1291,(주)비케이이엔엠,"부산광역시 사상구 학장로169번길 89 (학장동, 부광정밀)",주형 및 금형 제조업,051-316-4848
1292,(주)비케이파워,부산광역시 강서구 가달2로 24 (생곡동),배전반 및 전기 자동제어반 제조업,051-831-9260
1293,(주)비케이파워,부산광역시 강서구 가달2로 24 (생곡동),배전반 및 전기 자동제어반 제조업,미등록
1294,(주)비케이하이테크,부산광역시 강서구 과학산단로 409 (지사동),그 외 자동차용 신품 부품 제조업 외 3종,051-941-4184
1295,(주)비트엘앤디,부산광역시 수영구 수영로642번길 77 (광안동),기타 조명장치 제조업 외 8종,051-757-8778
1296,(주)빅토스,부산광역시 기장군 장안읍 명례산단2로 60,"근무복, 작업복 및 유사의복 제조업 외 3종",051-721-4242
1297,(주)빅토스 제3공장,부산광역시 사상구 낙동대로 1044 (감전동),기타 신발 제조업,051-314-0347
1298,(주)빈코넷마린솔루션스   ,부산광역시 기장군 장안읍 반룡리 837-1번지,컴퓨터 제조업,051-513-6950
1299,(주)빈테크,부산광역시 기장군 기장읍 차성로397번길 3,안전유리 제조업 외 1종,051-991-1177
1300,(주)빌드썬,부산광역시 사하구 하신중앙로54번길 34 (장림동),육상 금속 골조 구조재 제조업 외 2종,051-972-6464
1301,(주)사라콤부산지점,"부산광역시 영도구 남항서로 6-11 (남항동3가, (주)사라콤)","레이더, 항행용 무선기기 및 측량기구 제조업 외 6종",051-600-9086
1302,(주)사바,부산광역시 강서구 제도로 661(강동동),벽 및 바닥 피복용 플라스틱제품 제조업,051-557-3956
1303,(주)사바페데스탈,부산광역시 사하구 하신중앙로3번길 60-7 (장림동),벽 및 바닥 피복용 플라스틱제품 제조업 외 1종,051-331-3338
1304,(주)사상오토월드정비,부산광역시 사상구 가야대로 202 (학장동),건설 및 채광용 기계장비 제조업,051-313-5555
1305,(주)사이스텍 ,"부산광역시 금정구 개좌로 273-20, 2층 211호  (회동동)",그 외 기타 전자부품 제조업,051-518-9750
1306,(주)사이클론,부산광역시 강서구 낙동북로 35 (강동동),기타 주변기기 제조업,051-941-0308
1307,(주)사조대림 부산공장,부산광역시 서구 충무대로 170 (남부민동),육류 기타 가공 및 저장처리업 (가금류 제외) 외 1종,051-250-2000
1308,(주)산들천,"부산광역시 사하구 하신중앙로3번길 60-1, 1층 (장림동)",기타 과실ㆍ채소 가공 및 저장 처리업,051-271-6450
1309,(주)살렘,부산광역시 강서구 미음국제5로다길 37 (미음동),플라스틱 창호 제조업 외 1종,미등록
1310,(주)삼강금속,부산광역시 사상구 가야대로 211 (주례동),열간 압연 및 압출 제품 제조업,051-313-2201
1311,(주)삼경O&T,부산광역시 사상구 장인로20번길 51 (감전동),윤활유 및 그리스 제조업 외 5종,051-316-9911
1312,(주)삼경테크,부산광역시 강서구 화전산단5로98번길 30 (화전동),선박 구성 부분품 제조업 외 2종,051-313-3333
1313,(주)삼공사,부산광역시 강서구 녹산산단17로 135 (송정동),선박 구성 부분품 제조업 외 10종,051-200-3040
1314,(주)삼공사,부산광역시 강서구 녹산산업북로 22 (송정동),선박 구성 부분품 제조업,051-200-3040
1315,(주)삼광기업,부산광역시 강서구 녹산산단261로14번길 45-9 (송정동),도장 및 기타 피막처리업 외 2종,051-744-5485
1316,(주)삼락열처리,부산광역시 강서구 녹산산단17로 8 (송정동),금속 열처리업,051-831-9986
1317,(주)삼락열처리 미음공장2 ,부산광역시 강서구 미음산단1로15번길 17 (구랑동),금속 열처리업,051-973-7283
1318,(주)삼락열처리 미음지점,부산광역시 강서구 미음산단1로15번길 25 (구랑동),금속 열처리업,051-973-7282
1319,(주)삼리 부산공장,부산광역시 강서구 과학산단1로103번길 21 (지사동),그 외 기타 분류 안된 비금속 광물제품 제조업,051-973-7771
1320,(주)삼림물산,부산광역시 강서구 녹산산단407로 8 (송정동),일반 제재업 외 2종,051-831-6666
1321,(주)삼마기업,부산광역시 사상구 낙동대로1468번길 48 (삼락동),유선 통신장비 제조업 외 20종,070-8888-3290
1322,(주)삼명금형,부산광역시 사상구 낙동대로1404번길 30 (삼락동),주형 및 금형 제조업,051-302-9103
1323,(주)삼명사,부산광역시 사하구 장평로71번길 38 (장림동),전구 및 램프 제조업 외 4종,051-261-3551
1324,(주)삼명사,부산광역시 강서구 화전산단6로 46 (화전동),육상 금속 골조 구조재 제조업 외 1종,051-261-2090
1325,(주)삼명사,부산광역시 강서구 미음산단2로 30 (구랑동),기타 전기 변환장치 제조업,051-261-3551
1326,(주)삼명사장림2공장,부산광역시 사하구 장평로71번길 36 (장림동),전구 및 램프 제조업,051-261-3551
1327,(주)삼미피앤씨,부산광역시 강서구 제도로1041번길 537 (강동동),"플라스틱 선, 봉, 관 및 호스 제조업",051-302-8995
1328,(주)삼보산업,"부산광역시 사상구 새벽로215번길 23(괘법동, (주)삼보산업)","탭, 밸브 및 유사장치 제조업 외 1종",051-316-2882
1329,(주)삼보산업,"부산광역시 사상구 새벽로215번길 11 (괘법동, (주)삼보산업)","탭, 밸브 및 유사장치 제조업 외 1종",051-316-2882
1330,(주)삼부에스앤에프,부산광역시 강서구 화전산단5로14번길 17 (화전동),그 외 기타 분류 안된 금속 가공 제품 제조업 외 4종,051-316-3277
1331,(주)삼부테크,"부산광역시 사상구 사상로393번길 67 (덕포동, 삼부산업)",알루미늄주물 주조업 외 2종,051-304-2522
1332,(주)삼사원금속,부산광역시 사하구 장평로 37 (장림동),볼트 및 너트류 제조업 외 2종,051-261-7480
1333,(주)삼산정형,부산광역시 사하구 다산로 182 (다대동),주형 및 금형 제조업,051-265-4922
1334,(주)삼성그린에너지,"부산광역시 해운대구 센텀북대로 60, 14층 1403 (재송동, 센텀 아이에스타워)",메모리용 전자집적회로 제조업 외 1종,051-714-0577
1335,(주)삼성냉장,부산광역시 사하구 원양로 313 (감천동),수산동물 냉동품 제조업,051-204-3113
1336,(주)삼성신약,"부산광역시 해운대구 재반로30번길 5,  금강타워 A동 101호 (재송동)",그 외 기타 식료품 제조업,051-781-5030
1337,(주)삼성애드산업,부산광역시 기장군 정관읍 양수길 7-8,간판 및 광고물 제조업 외 4종,051-528-0701
1338,(주)삼성유압기계,부산광역시 사상구 대동로179번길 49 (학장동),유압기기 제조업,051-322-2214
1339,(주)삼성이엔지,부산광역시 강서구 녹산산단289로 57 (송정동),선박 구성 부분품 제조업,051-262-4321
1340,(주)삼성인더스트리,부산광역시 사하구 다산로175번길 26 (다대동),그 외 기타 일반목적용 기계 제조업 외 2종,051-315-4500
1341,(주)삼성정밀,부산광역시 강서구 녹산산업북로 16 (송정동),자동차 차체용 신품 부품 제조업 외 4종,051-831-6221
1342,(주)삼성정밀엔지니어링,부산광역시 강서구 녹산산단77로22번길 15 (송정동),그 외 기타 일반목적용 기계 제조업 외 1종,051-831-1680
1343,(주)삼성피팅,"부산광역시 강서구 녹산산업북로 188, C동 (송정동)",강관 가공품 및 관 연결구류 제조업,051-941-7423
1344,(주)삼신기연,부산광역시 강서구 녹산산단289로 80 (송정동),액체 펌프 제조업 외 1종,051-831-2011
1345,(주)삼신에이엔티,부산광역시 기장군 정관읍 산단1로 98-20 (아이엠플라텍),그 외 기타 전기장비 제조업,051-623-0330
1346,(주)삼신웰테크,부산광역시 기장군 기장읍 청강로85번길 79,전자 응용 절삭기계 제조업,051-721-6060
1347,(주)삼신전기,부산광역시 사하구 하신중앙로17번길 22 (장림동),기타 조명장치 제조업,051-261-8202
1348,(주)삼신테크,부산광역시 강서구 미음국제6로 46 (미음동),일반용 전기 조명장치 제조업,051-201-0771
1349,(주)삼신퍼스틸,부산광역시 기장군 정관읍 정관상곡1길 27-98,기타 목재가구 제조업,051-527-7700
1350,(주)삼신퍼스틸,"부산광역시 금정구 중앙대로 1667 (부곡동, 삼신빌딩)",기타 목재가구 제조업 외 1종,051-582-7700
1351,(주)삼양케미칼,부산광역시 강서구 생곡산단1로 18 (생곡동),복합비료 및 기타 화학비료 제조업,051-261-4476
1352,(주)삼영엔프라,부산광역시 사하구 장림로 212 (장림동),운송장비 조립용 플라스틱제품 제조업 외 1종,051-262-6620
1353,(주)삼영오토메이션,부산광역시 강서구 공항앞길85번길 10 (대저2동),"전기회로 개폐, 보호장치 제조업 외 2종",051-816-3138
1354,(주)삼영이엔지,부산광역시 강서구 낙동북로43번길 5-19 (강동동),기어 및 동력전달장치 제조업,051-941-3020
1355,(주)삼영정공,부산광역시 강서구 화전산단5로48번길 26 (화전동),그 외 자동차용 신품 부품 제조업 외 3종,051-979-9285
1356,(주)삼영테크,부산광역시 영도구 남항남로19번길 41 (남항동3가),선박 구성 부분품 제조업,051-413-3030
1357,(주)삼우에이피엔,부산광역시 강서구 체육공원로26번길 12 (대저1동),구조용 금속 판제품 및 공작물 제조업,051-972-3550
1358,(주)삼우이머션,"부산광역시 동구 중앙대로320번길 10, 상가 101호(초량동, 초량동반도보라스카이뷰)",응용 소프트웨어 개발 및 공급업 외 3종,051-977-0301
1359,(주)삼우이머션,부산광역시 해운대구 센텀서로 30 (우동) 케이엔엔타워,기타 무선 통신장비 제조업 외 1종,051-610-0301
1360,(주)삼우이엔지,부산광역시 강서구 제도로 42-13 (명지동),차체 및 특장차 제조업 외 1종,051-271-0810
1361,"(주)삼우인텍(SAMWOO INTECH CO., Ltd.)",부산광역시 강서구 녹산산단46로 29 (송정동),선박 구성 부분품 제조업 외 3종,051-971-2551
1362,(주)삼우피티,부산광역시 강서구 미음산단4로62번길 24 (미음동),전동기 및 발전기 제조업,051-973-0267
1363,(주)삼웅금속,부산광역시 사상구 학장로169번길 86 (학장동),기타 비철금속 주조업,051-327-2114
1364,(주)삼원스텐레스,부산광역시 사상구 장인로 62 (학장동),그 외 기타 1차 철강 제조업,051-324-2214
1365,(주)삼원정밀,부산광역시 사상구 사상로375번길 58 (덕포동),절삭가공 및 유사처리업,051-301-4450
1366,(주)삼융금속,부산광역시 강서구 녹산산단261로31번길 29 (송정동),도금업,051-831-3114
1367,(주)삼익특수사업부,부산광역시 사하구 다산로 61 (다대동),기타 물품 취급장비 제조업 외 2종,051-261-7641
1368,(주)삼일섬유,부산광역시 강서구 녹산산업중로 191-7 (송정동),면직물 직조업 외 1종,051-301-7458
1369,(주)삼일파워,부산광역시 강서구 유통단지1로132번길 38 (대저2동),금속탱크 및 저장용기 제조업 외 19종,051-973-1434
1370,(주)삼전철강,부산광역시 강서구 녹산산업북로 60 (송정동),그 외 기타 분류 안된 금속 가공 제품 제조업,055-552-7334
1371,(주)삼정개발,부산광역시 사하구 보덕포1길 101-1 (장림동),금속류 해체 및 선별업 외 1종,051-264-6660
1372,(주)삼정금속테크,부산광역시 사상구 사상로393번길 64 (덕포동),유압기기 제조업,051-304-4436
1373,(주)삼정기계,부산광역시 강서구 화전산단2로 123(화전동),절삭가공 및 유사처리업,051-941-5385
1374,(주)삼정기공,부산광역시 사하구 다산로 157 (다대동),건설 및 채광용 기계장비 제조업 외 4종,051-264-4433
1375,(주)삼정사,부산광역시 사상구 장인로 27 (감전동),그 외 기타 특수목적용 기계 제조업 외 1종,051-322-5329
1376,(주)삼정씨앤티,부산광역시 사상구 대동로179번길 49 (학장동),문구용 종이제품 제조업,미등록
1377,(주)삼정알앤씨,부산광역시 사상구 사상로425번길 27 (모라동),고무패킹류 제조업 외 1종,051-304-0810
1378,(주)삼정이엠씨,부산광역시 서구 남부민동 694번지,산업용 냉장 및 냉동 장비 제조업 외 1종,051-255-9108
1379,(주)삼정화스텍,부산광역시 강서구 유통단지1로132번길 20 (대저2동),볼트 및 너트류 제조업 외 2종,051-994-5488
1380,(주)삼진,"부산광역시 금정구 동대로 20 (회동동, 유성산업)",자동차 차체용 신품 부품 제조업 외 1종,051-521-3811
1381,(주)삼진공영,"부산광역시 사상구 가야대로 3-1 (감전동, (주)삼진공업사)",산업용 난방보일러 및 방열기 제조업 외 15종,051-328-0110
1382,(주)삼진금속,부산광역시 강서구 미음국제5로나길 40 (미음동),볼트 및 너트류 제조업,051-263-3331
1383,(주)삼진냉장 부산,부산광역시 사하구 장평로 269 (신평동),수산동물 냉동품 제조업,051-204-5501
1384,(주)삼진네트,부산광역시 사하구 하신번영로 77 (신평동),"직물, 편조원단 및 의복류 염색 가공업",051-263-7931
1385,(주)삼진야드,부산광역시 강서구 미음산단6로 56 (미음동),기어 및 동력전달장치 제조업 외 3종,051-831-7525
1386,(주)삼진이아이씨,부산광역시 사하구 신산로29번길 55 (신평동),육상 금속 골조 구조재 제조업 외 2종,051-208-5934
1387,(주)삼진전기금속,"부산광역시 사상구 감전천로 199 (감전동, 삼진전기금속)",철도차량 부품 및 관련 장치물 제조업,051-327-3200
1388,(주)삼진전화,부산광역시 강서구 과학산단1로 114 (지사동),기타 1차 비철금속 제조업,051-941-5275
1389,(주)삼진화스너,부산광역시 강서구 녹산산업중로 287-10 (송정동),볼트 및 너트류 제조업 외 3종,051-831-4467
1390,(주)삼진화스너,부산광역시 강서구 화전산단6로 25 (화전동),볼트 및 너트류 제조업 외 2종,051-831-4467
1391,(주)삼쩜일사,"부산광역시 해운대구 센텀중앙로 97, A동 19층 1901호(재송동, 센텀스카이비즈)",인형 및 장난감 제조업 외 4종,070-5102-9367
1392,(주)삼창에스씨,부산광역시 강서구 낙동북로126번길 16-11 (강동동),구조용 금속 판제품 및 공작물 제조업 외 7종,051-501-8540
1393,(주)삼창중공업,부산광역시 강서구 녹산산업북로313번길 54 (송정동),디지털 적층 성형기계 제조업 외 1종,051-831-7230
1394,(주)삼천리웰텍,부산광역시 강서구 평강로 183 (대저1동),구조용 금속 판제품 및 공작물 제조업 외 3종,051-971-3803
1395,(주)삼표산업 서부산공장,부산광역시 사하구 감천항로 269 (구평동),레미콘 제조업,051-963-3011
1396,(주)삼표시멘트 부산사업소,부산광역시 서구 원양로 268 (암남동) (총 20 필지),시멘트 제조업,051-250-5500
1397,(주)삼하염직,부산광역시 강서구 녹산산단382로 11 (송정동),"직물, 편조원단 및 의복류 염색 가공업",051-832-1145
1398,(주)삼호,"부산광역시 사상구 사상로223번길 40 (괘법동, 홀인원골프)",액체 펌프 제조업,051-319-0051
1399,(주)삼호정공,부산광역시 사상구 학장로169번길 87 (학장동),그 외 기타 일반목적용 기계 제조업 외 1종,051-317-3500
1400,(주)삼화에이스,부산광역시 강서구 미음산단2로16번길 30 (구랑동),가정용 및 산업용 공기 조화장치 제조업 외 1종,02-523-2242
1401,(주)삼화제닉스,부산광역시 사하구 장평로71번길 38(장림동),가정용 전기 난방기기 제조업,051-261-7733
1402,(주)삼화제닉스,부산광역시 기장군 장안읍 오리산단5로 28,가정용 전기 난방기기 제조업 외 1종,051-503-7410
1403,(주)삼화지엔티,부산광역시 해운대구 송정2로13번길 50 (송정동),안전유리 제조업 외 1종,051-751-1155
1404,(주)삼화지엔티송정지점,부산광역시 해운대구 송정2로13번길 60 (송정동),안전유리 제조업 외 1종,미등록
1405,(주)삼화플로트,부산광역시 사하구 신산로 111 (신평동),폴리스티렌 발포 성형제품 제조업 외 1종,051-204-0581
1406,(주)상광테크,부산광역시 강서구 대저동서로61번길 8(대저1동),주형 및 금형 제조업 외 1종,051-301-0972
1407,(주)상록수,"부산광역시 동구 자성로 110, 4층,5층(범일동, 백송빌딩)","근무복, 작업복 및 유사의복 제조업 외 11종",051-632-7654
1408,(주)상명판지,"부산광역시 사상구 사상로341번길 73 (덕포동, (주)상명판지)",골판지 제조업 외 1종,051-304-7890
1409,(주)상영마그네트,"부산광역시 강서구 과학산단1로60번길 31, 2B동 106호(지사동, 부산테크노파크)",그 외 기타 전기장비 제조업,051-710-9079
1410,(주)상우휀스,부산광역시 강서구 공항로 351-7 (대저2동),금속 표시판 제조업,051-971-8774
1411,(주)상은섬유,"부산광역시 강서구 녹산산단382로14번길 55 (송정동, 부산광역시 신발산업진흥센타)",화학섬유직물 직조업,051-832-0368
1412,(주)상진,부산광역시 기장군 정관읍 산단4로 89,주형 및 금형 제조업,051-714-3069
1413,(주)상진,부산광역시 기장군 정관면 산단4로 78,주형 및 금형 제조업,051-714-3069
1414,(주)새난,부산광역시 사하구 다대로 165 (신평동),"수산동물 훈제, 조리 및 유사 조제식품 제조업",051-293-2040
1415,(주)새롬아트,부산광역시 사상구 학감대로 75 (학장동),그 외 기타 봉제의복 제조업 외 2종,051-316-0090
1416,(주)새솔기술,"부산광역시 강서구 녹산산단382로14번길 32, C동 305,307,309 (송정동)",선박 구성 부분품 제조업 외 2종,051-710-0420
1417,(주)새일타크,부산광역시 기장군 정관읍 산단3로 101-7,"적층, 합성 및 특수표면처리 종이 제조업 외 3종",051-624-8704
1418,(주)새한,부산광역시 강서구 과학산단로369번길 34 (지사동),자동차용 신품 동력전달장치 제조업 외 2종,051-831-3330
1419,(주)새환경리싸이클링,"부산광역시 동래구 충렬사로 39, 상가동 2층(안락동, 동래화목타운)",그 외 기타 분류 안된 화학제품 제조업 외 1종,미등록
1420,(주)새환경리싸이클링,"부산광역시 해운대구 삼어로 131, 상가동 203호 (반여동, 반여현대아파트)",그 외 기타 분류 안된 화학제품 제조업 외 1종,051-721-6689
1421,(주)생,부산광역시 강서구 낙동남로533번길 75 (녹산동),액체 여과기 제조업,051-304-3531
1422,(주)생선이야기,부산광역시 사하구 장림로196번길 11 (장림동),수산동물 냉동품 제조업,051-263-6930
1423,(주)서경,부산광역시 강서구 화전산단5로48번길 25(화전동),그 외 자동차용 신품 부품 제조업 외 3종,070-8656-6820
1424,(주)서경,부산광역시 강서구 화전산단5로48번길 27 (화전동),그 외 자동차용 신품 부품 제조업 외 3종,미등록
1425,(주)서경씨엠티,부산광역시 강서구 녹산산단165로 94 (송정동),그 외 기타 분류 안된 비금속 광물제품 제조업 외 3종,051-831-0393
1426,(주)서광금속,부산광역시 강서구 낙동남로533번길 71 (녹산동),절삭가공 및 유사처리업,051-832-1677
1427,(주)서광락킹커버,부산광역시 기장군 정관면 산단3로 27 (동양탄소(주)),구조용 금속 판제품 및 공작물 제조업,051-728-7117
1428,(주)서광시스템,"부산광역시 해운대구 센텀중앙로 97, A동 B205호 (재송동)",제조업 회사 본부,070-4659-2080
1429,(주)서광연마산업,부산광역시 사상구 사상로417번길 10 (모라동),절삭가공 및 유사처리업,051-923-1040
1430,(주)서광인더스트리,부산광역시 기장군 장안읍 명례산단6로 105,금속탱크 및 저장용기 제조업 외 3종,051-327-0481
1431,(주)서나실업,부산광역시 사하구 을숙도대로 823 (구평동),인형 및 장난감 제조업,051-262-6075
1432,(주)서림에프엔피,부산광역시 강서구 화전산단2로 88 (화전동),강관 제조업 외 1종,051-316-6100
1433,(주)서연,부산광역시 강서구 녹산산업중로167번길 22 (송정동),도장 및 기타 피막처리업,051-831-0651
1434,(주)서영,부산광역시 강서구 미음산단4로 108 (미음동),그 외 자동차용 신품 부품 제조업 외 4종,051-302-4141
1435,(주)서영티앤씨,부산광역시 강서구 대저동서로212번길 20 (대저2동),그 외 자동차용 신품 부품 제조업 외 3종,051-941-0222
1436,(주)서용엔지니어링,부산광역시 강서구 녹산산단77로 17 (송정동),"물질 검사, 측정 및 분석기구 제조업 외 7종",051-831-6171
1437,(주)서울마블,부산광역시 기장군 일광면 화전리 73번지,건설용 석제품 제조업,051-780-8545
1438,(주)서원테크,부산광역시 기장군 정관읍 농공길 2-69,그 외 자동차용 신품 부품 제조업,070-7860-9944
1439,(주)서윤메탈,부산광역시 영도구 남항서로 74-1 (남항동3가),선박 구성 부분품 제조업 외 1종,051-415-2045
1440,(주)서전전기통신,부산광역시 강서구 설만길 26 (대저2동),배전반 및 전기 자동제어반 제조업 외 1종,미등록
1441,(주)서전텔콤,"부산광역시 해운대구 센텀5로 41, 4층 (우동)",기록매체 복제업 외 1종,051-620-0031
1442,(주)서종산업,부산광역시 사하구 다산로225번길 67 (장림동),기타 수산동물 가공 및 저장 처리업,051-262-4799
1443,(주)서진선박,부산광역시 영도구 해양로 24-9 (청학동),선박 구성 부분품 제조업,051-415-4031
1444,(주)서진수출포장,부산광역시 강서구 녹산화전로 38 (송정동),"목재 포장용 상자, 드럼 및 유사용기 제조업",051-926-0800
1445,(주)서진엠씨에이치,부산광역시 강서구 미음국제5로마길 35 (미음동),그 외 기타 특수목적용 기계 제조업,051-972-4368
1446,(주)서진참치,부산광역시 사하구 장평로76번길 22 (장림동),수산동물 냉동품 제조업,055-716-1127
1447,(주)서진특수,부산광역시 사상구 낙동대로970번길 50 (감전동),강주물 주조업,051-313-0666
1448,(주)서진특수,부산광역시 사상구 감전천로 176 (학장동),강주물 주조업,051-313-0666
1449,(주)서하디지털,부산광역시 기장군 기장읍 청강로 81,운송장비 조립용 플라스틱제품 제조업 외 1종,051-1522-2621
1450,(주)서한공업,부산광역시 강서구 녹산산업중로 31-13 (송정동),선박 구성 부분품 제조업 외 2종,051-204-1920
1451,(주)서한공업 녹산2공장,부산광역시 강서구 녹산산단27로 127(송정동),육상 금속 골조 구조재 제조업 외 2종,051-204-1920
1452,(주)서한산업,부산광역시 강서구 과학산단2로3번길 50 (지사동),자동차 엔진용 신품 부품 제조업 외 1종,051-262-7972
1453,(주)서한산업,"부산광역시 강서구 미음국제7로 71(미음동, (주)서한산업 미음공장)",액체 여과기 제조업,051-262-7971
1454,(주)서한산업,부산광역시 사하구 다산로176번길 35 (다대동),액체 여과기 제조업 외 12종,051-262-7971
1455,(주)서현패션,"부산광역시 해운대구 센텀북대로 46, 3층 302 (재송동)",여자용 겉옷 제조업,051-819-7887
1456,(주)서흥,부산광역시 사하구 장림번영로 87 (장림동),신발 부분품 제조업 외 3종,051-901-8502
1457,(주)서흥테크,부산광역시 강서구 제도로1041번다길 52 (강동동),"증류기, 열교환기 및 가스발생기 제조업",051-338-6838
1458,(주)석산,부산광역시 사상구 가야대로134번길 38 (학장동),그 외 기타 플라스틱 제품 제조업,051-311-9922
1459,(주)석산,"부산광역시 사상구 낙동대로1366번길 23 (삼락동, 신우정공)",혼성 및 재생 플라스틱 소재 물질 제조업,051-311-9922
1460,(주)석영텍스타일,부산광역시 사상구 강변대로456번길 15-25 (엄궁동),면직물 직조업,051-327-0354
1461,(주)석진이엔티,부산광역시 사하구 신산로13번길 45 (신평동),그 외 기타 일반목적용 기계 제조업 외 28종,051-203-8420
1462,(주)석하,부산광역시 기장군 정관읍 산단2로 6-17,수산식물 가공 및 저장 처리업,051-721-5666
1463,(주)선경기업,부산광역시 사상구 모덕로95번길 67 (모라동),주방용 전기기기 제조업 외 2종,051-305-9192
1464,(주)선곡산업,부산광역시 사하구 비봉로54번안길 15 (신평동),"금속 문, 창, 셔터 및 관련제품 제조업",051-505-5502
1465,(주)선광PSP,부산광역시 강서구 녹산산단261로74번길 42 (송정동),도장 및 기타 피막처리업,051-831-3777
1466,(주)선보비케이원,부산광역시 남구 용호로269번길 32 (용호동),육류 포장육 및 냉동육 가공업 (가금류 제외),051-627-3421
1467,(주)선실업,부산광역시 동래구 연안로59번길 54 (안락동),구두류 제조업 외 1종,052-254-0300
1468,(주)선우,부산광역시 강서구 미음국제5로 85 (미음동),금속탱크 및 저장용기 제조업 외 3종,051-972-8801
1469,(주)선우,부산광역시 강서구 식만로 271-13 (식만동),기타 판유리 가공품 제조업,051-323-6289
1470,(주)선우선박,부산광역시 영도구 대평로 63-1 (대평동2가),선박 구성 부분품 제조업,051-418-1020
1471,(주)선일계전,부산광역시 강서구 신호산단3로88번길 34 (신호동),그 외 기타 분류 안된 금속 가공 제품 제조업 외 1종,051-831-1994
1472,(주)선일기업,부산광역시 기장군 정관읍 산단2로 16-25 (정관읍),육상 금속 골조 구조재 제조업 외 1종,051-728-8871
1473,(주)선일물산,부산광역시 사하구 다대로1066번길 6 (장림동),기타 수산동물 가공 및 저장 처리업,051-261-4949
1474,(주)선재하이테크,부산광역시 기장군 일광면 청광길 8 ((주)선재하이테크),디스플레이 제조용 기계 제조업 외 1종,051-720-7500
1475,(주)선진서플라이,부산광역시 강서구 경전철로188번길 125-16 (대저1동),그 외 기타 일반목적용 기계 제조업 외 1종,미등록
1476,(주)선진엔텍,부산광역시 사하구 감천항로405번길 11 (구평동),선박 구성 부분품 제조업 외 10종,051-262-3510
1477,(주)선진종합,부산광역시 영도구 대평로41번길 3 (대평동2가),내연기관 제조업 외 5종,051-414-7300
1478,(주)선진환경,부산광역시 강서구 생곡산단로 23 (생곡동),수소 제조업 외 4종,051-972-1334
1479,(주)선철실업,부산광역시 강서구 지사동 1407-5번지,접착제 및 젤라틴 제조업,051-973-3326
1480,(주)선텍,부산광역시 기장군 정관면 정관상곡1길 84-7,기타 구조용 금속제품 제조업,051-727-6620
1481,(주)선포탈,"부산광역시 사상구 괘감로 65, 3층 (괘법동)",커튼 및 유사제품 제조업,051-322-0311
1482,(주)선화금속,부산광역시 강서구 녹산산단261로23번길 20 (송정동),도금업,051-832-5501
1483,(주)선후테크,"부산광역시 사상구 낙동대로1338번길 15, (주)선후테크(삼락동, 경성산업)",자동차 엔진용 신품 부품 제조업 외 2종,051-305-6907
1484,(주)선후테크,부산광역시 사상구 낙동대로1348번길 22 (삼락동),자동차 엔진용 신품 부품 제조업 외 2종,051-305-6907
1485,(주)설경,부산광역시 기장군 기장읍 청강로 37,경 인쇄업 외 1종,051-722-9420
1486,(주)설국,"부산광역시 사하구 을숙도대로748번길 14, 1층 (구평동)",기타 식사용 가공처리 조리식품 제조업,미등록
1487,(주)성강스틸,부산광역시 강서구 미음산단2로16번길 31 (구랑동),금속 캔 및 기타 포장용기 제조업,051-322-2533
1488,(주)성광마린,부산광역시 영도구 대평남로51번길 8-5 (대평동2가),강선 건조업 외 2종,051-418-1988
1489,(주)성광벤드,부산광역시 강서구 녹산산단262로 35 (송정동),강관 제조업 외 1종,051-330-0200
1490,(주)성광벤드,부산광역시 강서구 녹산산단261로74번길 14 (송정동),"탭, 밸브 및 유사장치 제조업",051-831-3371
1491,(주)성광벤드,부산광역시 강서구 녹산산단262로 26 (송정동) (총 2 필지),강관 제조업 외 3종,051-330-0200
1492,(주)성광벤드,부산광역시 강서구 녹산산단262로50번길 14 (송정동),강관 제조업 외 1종,051-330-0200
1493,(주)성광벤드,부산광역시 강서구 가리새1로25번길 30 (생곡동),강관 제조업,051-330-0230
1494,(주)성광벤드,부산광역시 강서구 녹산산업북로221번길 9 (송정동),강관 제조업 외 1종,051-330-0200
1495,(주)성광벤드,부산광역시 강서구 녹산산단262로49번길 55 (송정동),강관 제조업 외 1종,051-330-0200
1496,(주)성광테크,부산광역시 기장군 장안읍 명례산단4로 125,그 외 기타 1차 철강 제조업,051-301-6888
1497,(주)성광테크,부산광역시 금정구 동대로 22-8 (회동동),그 외 기타 봉제의복 제조업 외 1종,051-529-0012
1498,(주)성광특수금속,"부산광역시 사상구 가야대로175번길 30 (주례동, (주)성광특수금속)",구조용 금속 판제품 및 공작물 제조업,051-316-3773
1499,(주)성광프라,부산광역시 강서구 녹산산단262로13번길 48 (송정동),포장용 플라스틱 성형용기 제조업,051-832-0015
1500,(주)성광피팅,부산광역시 강서구 녹산산단262로49번길 12 (송정동),주철관 제조업 외 2종,051-317-3301
1501,(주)성림종합인쇄,부산광역시 사상구 낙동대로1428번길 26 (삼락동),기타 인쇄업 외 1종,051-807-3446
1502,(주)성보냉장,부산광역시 사하구 감천항로 12 (감천동),수산동물 냉동품 제조업,051-292-5356
1503,(주)성보시스템,"부산광역시 부산진구 백양대로260번길 47, 1층 (개금동)",그 외 기타 전기장비 제조업,051-631-7272
1504,(주)성보이엔지,부산광역시 영도구 남항남로 18-1 (남항동3가),선박 구성 부분품 제조업,051-416-1868
1505,(주)성부,부산광역시 강서구 녹산산업북로 215 (송정동),디스플레이 제조용 기계 제조업 외 6종,051-831-6831
1506,(주)성부,부산광역시 사하구 다산로105번길 57 (다대동),디스플레이 제조용 기계 제조업 외 6종,051-264-6294
1507,(주)성산기업,부산광역시 강서구 녹산산단381로86번길 14-12 (송정동),도장 및 기타 피막처리업,051-271-0505
1508,(주)성산기업,부산광역시 강서구 녹산산단381로86번길 14-9 (송정동),도장 및 기타 피막처리업,051-974-0505
1509,(주)성산브이씨씨,부산광역시 기장군 장안읍 의과학6로 12-11,기타 전기 변환장치 제조업,052-707-5860
1510,(주)성신기업,부산광역시 사상구 낙동대로1348번길 26 (삼락동),그 외 기타 고무제품 제조업,051-316-0034
1511,(주)성신사,부산광역시 사하구 다산로176번길 23 (다대동),전기용 탄소제품 및 절연제품 제조업,051-291-3677
1512,(주)성신엠피,부산광역시 강서구 과학산단2로19번길 142 (지사동),절삭가공 및 유사처리업,051-832-0278
1513,(주)성심엘엔디,부산광역시 강서구 식만로247번길 26 (식만동),고무패킹류 제조업 외 1종,미등록
1514,(주)성안세이브,부산광역시 부산진구 중앙대로941번길 65 (양정동),그 외 기타 플라스틱 제품 제조업 외 1종,051-853-3200
1515,(주)성영레미콘,부산광역시 기장군 정관읍 산단5로 104-20 ((주)성영레미콘),레미콘 제조업,051-728-4440
1516,(주)성우,부산광역시 강서구 신호산단3로88번길 68 (신호동),그 외 기타 분류 안된 금속 가공 제품 제조업 외 3종,051-987-3828
1517,(주)성우EOE,부산광역시 강서구 화전산단2로134번길 38 (화전동),금속 캔 및 기타 포장용기 제조업 외 1종,051-264-2112
1518,(주)성우EOE,부산광역시 강서구 화전산단2로134번길 42 (화전동),금속 캔 및 기타 포장용기 제조업,051-264-2112
1519,(주)성우식품,"부산광역시 사상구 백양대로646번나길 9 (괘법동, 성우빌딩)",육류 기타 가공 및 저장처리업 (가금류 제외) 외 1종,051-327-0070
1520,(주)성우인더스트리,"부산광역시 해운대구 신반송로 200 (반송동, 반송영구임대아파트)",그 외 기타 분류 안된 섬유제품 제조업,051-542-2993
1521,(주)성우인더스트리,부산광역시 기장군 정관읍 정관상곡2길 25-15,그 외 기타 분류 안된 섬유제품 제조업,051-542-2993
1522,(주)성우정공,부산광역시 기장군 정관읍 농공길 13-140 ((주)성우정공),운송장비 조립용 플라스틱제품 제조업 외 2종,051-728-4251
1523,(주)성우케미칼,부산광역시 강서구 녹산산단381로12번길 43-9 (송정동),비금속류 해체 및 선별업 외 1종,051-831-0451
1524,(주)성우티엠,부산광역시 강서구 상덕로97번길 86 (강동동),기타 직물제품 제조업,051-747-8812
1525,(주)성우하이텍,부산광역시 기장군 정관읍 농공길 2-9 ((주)성우하이텍),자동차 차체용 신품 부품 제조업 외 1종,051-720-0149
1526,(주)성우하이텍,부산광역시 기장군 장안읍 명례산단7로 4,자동차 차체용 신품 부품 제조업 외 1종,070-7477-5029
1527,(주)성우하이텍 코일센타,부산광역시 기장군 장안읍 장안산단로 151 (장안읍),자동차 차체용 신품 부품 제조업 외 1종,070-8280-5457
1528,(주)성우하이텍지사공장,부산광역시 강서구 과학산단로333번길 70 (지사동),자동차 차체용 신품 부품 제조업 외 4종,051-720-0149
1529,(주)성운,부산광역시 사하구 암남공원로 477 (감천동),낚시 및 수렵용구 제조업,051-293-2145
1530,(주)성운,부산광역시 사하구 다산로225번길 31 (장림동),도금업,051-293-2145
1531,(주)성원 ,부산광역시 기장군 정관읍 산단7로 50-115,강관 제조업 외 1종,051-714-5932
1532,(주)성원기업,부산광역시 강서구 가리새2로 55 (범방동),선박 구성 부분품 제조업,051-899-5200
1533,(주)성원정밀,"부산광역시 강서구 과학산단2로19번길 100-47, 1-2블럭 (지사동)",그 외 기타 금속가공업,051-971-2707
1534,(주)성원테크,부산광역시 강서구 가락대로373번길 147-8 (송정동),철도차량 부품 및 관련 장치물 제조업 외 8종,051-324-3163
1535,(주)성원필터,부산광역시 강서구 과학산단2로19번길 73 (지사동),기체 여과기 제조업,051-973-9131
1536,(주)성원화학상사,부산광역시 강서구 녹산산단165로 32 (송정동),"치약, 비누 및 기타 세제 제조업",051-255-3148
1537,(주)성일,"부산광역시 강서구 화전산단6로 71,  305호 (화전동)",가정용 및 산업용 공기 조화장치 제조업 외 3종,051-973-1336
1538,(주)성일,"부산광역시 강서구 화전산단6로 71, 2층 208-1 (화전동)",산업용 송풍기 및 배기장치 제조업,051-973-1336
1539,(주)성일에스아이엠,부산광역시 강서구 제도로1041번길 528 (강동동),육상 금속 골조 구조재 제조업 외 1종,051-831-8800
1540,(주)성일에스아이엠,"부산광역시 사상구 모라로 22, 17층 1701~1716호(부산벤처타워) (모라동)",그 외 기타 금속가공업 외 2종,051-831-8800
1541,(주)성일엔케어,부산광역시 사하구 다산로 185 (다대동),금속탱크 및 저장용기 제조업 외 4종,051-264-2000
1542,(주)성일엔케어,부산광역시 강서구 화전산단6로 21 (화전동),금속탱크 및 저장용기 제조업 외 6종,051-264-2000
1543,(주)성일정판,부산광역시 강서구 미음국제5로마길 13(미음동),절삭가공 및 유사처리업,055-325-1405
1544,(주)성일터빈,부산광역시 강서구 녹산산단289로 45 (송정동),그 외 기타 일반목적용 기계 제조업 외 4종,051-951-7500
1545,(주)성일튜브,부산광역시 강서구 화전산단6로 21 (화전동),자동차 엔진용 신품 부품 제조업 외 3종,051-972-3553
1546,(주)성일하이테크,부산광역시 강서구 가리새1로25번길 24 (생곡동),기어 및 동력전달장치 제조업 외 1종,051-263-0008
1547,(주)성준모텍,부산광역시 사상구 가야대로64번길 17 (학장동),기어 및 동력전달장치 제조업,051-907-8985
1548,(주)성지기업,부산광역시 사상구 낙동대로 1422 (삼락동),알루미늄주물 주조업 외 11종,051-305-5252
1549,(주)성지이엔지,부산광역시 강서구 화전산단6로 84 (화전동),선박 구성 부분품 제조업,051-831-4533
1550,(주)성지하이텍,부산광역시 강서구 순아1구길 6 (명지동),산업처리공정 제어장비 제조업,051-831-8041
1551,(주)성진비엠,부산광역시 강서구 미음산단로 345 (미음동),일반철물 제조업,051-714-3266
1552,(주)성진산업,"부산광역시 사상구 낙동대로1436번길 39 (삼락동, 하동연마)",그 외 기타 일반목적용 기계 제조업 외 1종,051-301-0540
1553,(주)성진스틸,부산광역시 강서구 미음산단로 144 (구랑동),강관 제조업 외 1종,051-832-0700
1554,(주)성진아이앤지,부산광역시 사상구 가야대로64번길 30 (학장동),기타 비철금속 주조업,051-323-9161
1555,(주)성진에스앤디,부산광역시 강서구 미음산단로 144 (구랑동),냉간 압연 및 압출 제품 제조업,070-4852-9600
1556,(주)성진이오텍,부산광역시 사상구 낙동대로1310번길 44 (삼락동),그 외 기타 일반목적용 기계 제조업,미등록
1557,(주)성진제이티,부산광역시 강서구 녹산산단262로59번길 11 (송정동),그 외 기타 플라스틱 제품 제조업 외 1종,051-831-8844
1558,(주)성창,부산광역시 강서구 미음국제8로 35 (생곡동),포장용 플라스틱 성형용기 제조업 외 1종,051-316-6300
1559,(주)성창금속,부산광역시 금정구 공단로 68-5 (금사동),기타 구조용 금속제품 제조업 외 4종,051-527-6438
1560,(주)성창사,부산광역시 강서구 식만로 33-23 (죽림동),그 외 기타 전자부품 제조업 외 1종,051-941-0777
1561,(주)성창사 지사,부산광역시 강서구 식만로 33-25 (죽림동),그 외 기타 전자부품 제조업 외 1종,051-941-0777
1562,(주)성현,부산광역시 강서구 과학산단로 469 (지사동),선박 구성 부분품 제조업 외 2종,051-973-8778
1563,(주)성현특수강,부산광역시 사상구 장인로 23 (감전동),그 외 기타 1차 철강 제조업,051-315-4612
1564,(주)성홍 부산공장,부산광역시 강서구 미음국제8로 137 (생곡동),그 외 기타 플라스틱 제품 제조업,055-3620-8410
1565,(주)성화산철,부산광역시 기장군 장안읍 명례산단7로 36,그 외 기타 1차 철강 제조업,051-464-1434
1566,(주)성화산철,"부산광역시 해운대구 센텀북대로 60, 17층 1703호 (재송동, 센텀 아이에스타워)",그 외 기타 전자부품 제조업 외 1종,051-464-1434
1567,(주)성화에프티,부산광역시 강서구 금호순서길89번가길 10 (대저2동),"전자기 측정, 시험 및 분석기구 제조업 외 4종",051-986-7982
1568,(주)세강스틸,부산광역시 강서구 녹산산단382로49번길 50 (송정동),금속류 해체 및 선별업 외 1종,051-831-5326
1569,(주)세계전기,"부산광역시 사상구 새벽시장로 130 (감전동, (주)세계전기)",그 외 기타 일반목적용 기계 제조업 외 1종,051-325-6425
1570,(주)세광 2공장,부산광역시 연제구 배산북로 38-1 (연산동),전동기 및 발전기 제조업 외 14종,051-556-1730
1571,(주)세광계전,부산광역시 기장군 장안읍 오리길 320,배전반 및 전기 자동제어반 제조업 외 2종,051-723-1387
1572,(주)세광랩퍼,부산광역시 사상구 가야대로48번길 27 (학장동),면직물 직조업 외 1종,051-315-2351
1573,(주)세광메탈,부산광역시 강서구 과학산단1로103번길 20 (지사동),강관 제조업 외 1종,051-972-9613
1574,(주)세광섬유,부산광역시 기장군 정관읍 산단5로 100-221 (세광섬유) (총 2 필지),모 방적업,051-728-5557
1575,(주)세기비즈,부산광역시 사상구 새벽시장로9번길 28(감전동),"전기회로 개폐, 보호장치 제조업",051-322-7042
1576,(주)세기비즈,"부산광역시 사상구 새벽시장로 37 (감전동, 세기)","전기회로 개폐, 보호장치 제조업 외 1종",051-322-7220
1577,(주)세기시스템,부산광역시 해운대구 반송로525번길 47 (석대동),산업용 송풍기 및 배기장치 제조업 외 13종,미등록
1578,(주)세기이엔씨,부산광역시 강서구 설만길 115 (대저2동),배전반 및 전기 자동제어반 제조업,051-832-6640
1579,(주)세기이엔지,부산광역시 사상구 사상로 152 (괘법동),금속 주조 및 기타 야금용 기계 제조업,051-326-1812
1580,(주)세기정밀,부산광역시 강서구 녹산산단261로59번길 6 (송정동),그 외 기타 특수목적용 기계 제조업 외 3종,051-831-6800
1581,(주)세기하이텍,부산광역시 사하구 다대로 946 (다대동),유압기기 제조업 외 13종,051-260-0621
1582,(주)세도,부산광역시 사하구 하신번영로73번길 34 (신평동),"직물, 편조원단 및 의복류 염색 가공업",051-201-3538
1583,(주)세동,부산광역시 기장군 장안읍 장안산단8로 8,그 외 자동차용 신품 부품 제조업,051-796-7162
1584,(주)세림수산,부산광역시 사하구 장평로15번길 1-6 (장림동),"수산동물 훈제, 조리 및 유사 조제식품 제조업",051-266-4691
1585,(주)세림켐텍,부산광역시 기장군 정관읍 산단7로 78-37,그 외 기타 분류 안된 화학제품 제조업 외 3종,미등록
1586,(주)세명알엔지,"부산광역시 남구 신선로 365,  부경대 종합실습관 102호/111호 (용당동)",일반용 전기 조명장치 제조업 외 3종,051-629-7540
1587,(주)세명에프엔에프  ,부산광역시 기장군 장안읍 오리산단로 150,천연 및 혼합조제 조미료 제조업,051-316-7690
1588,(주)세명엔텍,"부산광역시 강서구 녹산산업중로 293, (송정동,1606-3) (송정동)",디지털 적층 성형기계 제조업 외 4종,051-831-7737
1589,(주)세미정공,부산광역시 사상구 낙동대로1390번길 6 (삼락동),볼트 및 너트류 제조업 외 2종,051-301-7749
1590,(주)세방에스비,부산광역시 강서구 제도로 993-32 (강동동),그 외 기타 고무제품 제조업,051-325-2323
1591,(주)세보화성,부산광역시 강서구 녹산산단262로13번길 36 (송정동),고무패킹류 제조업 외 5종,051-831-2638
1592,(주)세븐테크,부산광역시 금정구 금단로 139(남산동),주형 및 금형 제조업,051-512-2656
1593,(주)세빈금속,부산광역시 강서구 낙동남로511번길 43 (녹산동),그 외 자동차용 신품 부품 제조업,051-973-3304
1594,(주)세석,부산광역시 강서구 대부길 25 (강동동),자동차 차체용 신품 부품 제조업 외 1종,051-972-6951
1595,(주)세성엔지니어링,부산광역시 강서구 낙동북로21번길 26 (강동동),강관 제조업 외 1종,051-343-4264
1596,(주)세신기전시스템,부산광역시 동래구 아시아드대로114번길 21 (사직동),산업용 로봇 제조업,051-505-5337
1597,(주)세양,부산광역시 강서구 미음산단3로 92 (미음동),선박 구성 부분품 제조업,051-831-9125
1598,(주)세양밸콘,부산광역시 사하구 다산로175번길 19 (다대동),"탭, 밸브 및 유사장치 제조업",051-322-9988
1599,(주)세양하이테크,부산광역시 강서구 미음산단3로 92 (미음동),선박 구성 부분품 제조업,051-831-9125
1600,(주)세연이앤씨,부산광역시 기장군 장안읍 반룡산단1로 19,그 외 기타 전기장비 제조업 외 2종,070-8840-9796
1601,(주)세영산업,부산광역시 강서구 미음국제5로마길 42(미음동),구조용 금속 판제품 및 공작물 제조업,051-542-2993
1602,(주)세영애드인,부산광역시 부산진구 중앙대로621번길 14-7 (범천동),기타 인쇄업 외 3종,051-636-7588
1603,(주)세영하이테크,부산광역시 사하구 다대로354번안길 88 (장림동),절삭가공 및 유사처리업 외 1종,051-266-5356
1604,(주)세운엔지리어링,부산광역시 사하구 다대로300번길 14 (장림동),배전반 및 전기 자동제어반 제조업,051-262-1260
1605,(주)세운전기,부산광역시 사하구 을숙도대로677번길 5 (신평동),"전기회로 개폐, 보호장치 제조업 외 1종",051-208-4641
1606,(주)세운전기,부산광역시 사하구 감천로42번길 47 (감천동),"전기회로 개폐, 보호장치 제조업 외 1종",051-208-4641
1607,(주)세웅,부산광역시 영도구 대평북로 43 (대평동2가),선박 구성 부분품 제조업 외 1종,051-464-3368
1608,(주)세웅컴퍼니,부산광역시 영도구 대평북로 43 (대평동2가),선박 구성 부분품 제조업 외 1종,051-715-1125
1609,(주)세원메딕스,부산광역시 사상구 사상로375번길 29 (덕포동),치과기공물 제조업 외 4종,051-303-1713
1610,(주)세원브이앤이,부산광역시 사상구 모덕로27번길 65 (삼락동),"탭, 밸브 및 유사장치 제조업",051-328-5575
1611,(주)세원화학,부산광역시 사하구 장평로138번길 17-2 (장림동),그 외 기타 분류 안된 화학제품 제조업 외 2종,051-262-3456
1612,(주)세윤식품,부산광역시 사하구 장림동 1081-12번지,"수산동물 훈제, 조리 및 유사 조제식품 제조업",051-203-5545
1613,(주)세은시스템,"부산광역시 해운대구 센텀중앙로 97, A동 1811호 (재송동)",산업처리공정 제어장비 제조업,051-803-9616
1614,(주)세이,"부산광역시 사상구 모라로192번길 9, 803호(모라동, 신모라공단)",그 외 기타 분류 안된 금속 가공 제품 제조업 외 1종,051-941-6607
1615,(주)세이브,부산광역시 강서구 미음국제1로가길 15(미음동),전동기 및 발전기 제조업 외 1종,051-831-8276
1616,(주)세이브에너지,부산광역시 강서구 미음국제1로가길 15(미음동),배전반 및 전기 자동제어반 제조업 외 1종,051-868-9502
1617,(주)세이프앤로드,부산광역시 사상구 사상로374번길 37(덕포동),금속 표시판 제조업 외 3종,051-805-6884
1618,(주)세일,부산광역시 강서구 녹산산단381로86번길 35 (송정동),목재문 및 관련제품 제조업 외 4종,051-973-0591
1619,(주)세일글로발,부산광역시 금정구 개좌로 191 (회동동),체외 진단 시약 제조업 외 1종,051-465-5459
1620,(주)세일몰드,부산광역시 사상구 낙동대로1420번길 64 (삼락동),주형 및 금형 제조업,051-305-4163
1621,(주)세일비앤시,부산광역시 기장군 정관면 농공길 2-93 (유일고무(주)),육상 금속 골조 구조재 제조업 외 1종,051-728-8200
1622,(주)세일섬유,부산광역시 사상구 낙동대로1348번길 74 (삼락동),화학섬유직물 직조업 외 1종,051-301-3481
1623,(주)세일섬유 지점,부산광역시 기장군 장안읍 에코산단2로 12,화학섬유직물 직조업 외 2종,051-301-3481
1624,(주)세일에프씨,부산광역시 강서구 경전철로 225 (대저2동),선박 구성 부분품 제조업,051-941-4191
1625,(주)세전사,부산광역시 사하구 을숙도대로755번길 28 (구평동),일반용 전기 조명장치 제조업 외 2종,051-262-7723
1626,(주)세정씨푸드,부산광역시 사하구 장평로 24 (장림동),"수산동물 훈제, 조리 및 유사 조제식품 제조업 외 2종",051-264-2005
1627,(주)세정엠티엘,부산광역시 강서구 녹산산업중로 126 (송정동),그 외 기타 금속가공업 외 29종,051-925-0001
1628,(주)세정정보시스템,"부산광역시 사상구 백양대로 483, 지하1층 (주례동)",기타 인쇄관련 산업,051-717-3601
1629,(주)세종기술,부산광역시 강서구 식만로 33-29 (죽림동),금속탱크 및 저장용기 제조업 외 4종,051-302-5261
1630,(주)세종기술 제1공장,부산광역시 강서구 식만로 37 (죽림동),금속탱크 및 저장용기 제조업 외 14종,051-302-5261
1631,(주)세지솔로텍,부산광역시 기장군 장안읍 장안산단9로 143,자동차 차체용 신품 부품 제조업 외 1종,051-714-1771
1632,(주)세진기산,부산광역시 사하구 다산로105번길 68 (다대동),선박 구성 부분품 제조업 외 2종,051-265-5791
1633,(주)세진레미콘,부산광역시 사상구 낙동대로815번길 46 (감전동),레미콘 제조업,051-311-2626
1634,(주)세진볼트공업,부산광역시 강서구 녹산산단261로14번길 17-25 (송정동),볼트 및 너트류 제조업,051-831-9833
1635,(주)세진비앤씨,부산광역시 영도구 남항서로70번길 12 (남항동3가),선박 구성 부분품 제조업 외 2종,051-714-4555
1636,(주)세진에프에스,부산광역시 강서구 미음국제1로가길 9 (미음동),"탭, 밸브 및 유사장치 제조업 외 3종",051-832-6652
1637,(주)세진영테크,부산광역시 강서구 신호산단3로88번길 25 (신호동),기기용 자동측정 및 제어장치 제조업 외 7종,051-973-9372
1638,(주)세진이앤드티,부산광역시 강서구 과학산단1로 46 (지사동),그 외 자동차용 신품 부품 제조업 외 4종,051-831-1523
1639,(주)세진이앤드티,부산광역시 강서구 가달1로 77 (생곡동),자동차용 금속 압형제품 제조업,051-831-1521
1640,(주)세진이엔이,부산광역시 강서구 가달1로 38 (생곡동),"증류기, 열교환기 및 가스발생기 제조업",02-543-3770
1641,(주)세창,부산광역시 사하구 신산북로 38 (신평동),"플라스틱 포대, 봉투 및 유사제품 제조업",051-853-6927
1642,(주)세평금속,부산광역시 사상구 낙동대로 862-13 (감전동),선박 구성 부분품 제조업,051-316-2124
1643,(주)세풍전기,"부산광역시 사상구 새벽로167번길 92 (감전동, (주)세풍전기)",배전반 및 전기 자동제어반 제조업 외 3종,051-314-0201
1644,(주)세하정수,부산광역시 강서구 울만로322번길 31 (대저2동),액체 여과기 제조업,051-507-4996
1645,(주)세한상사,"부산광역시 사상구 삼덕로 11 (삼락동, 세한상사)",신발 부분품 제조업,051-305-7051
1646,(주)세화테크,부산광역시 강서구 체육공원로6번길 125-27 (대저1동),건설 및 채광용 기계장비 제조업,051-804-2700
1647,(주)세화특수강,부산광역시 기장군 장안읍 명례산단2로 99,그 외 기타 금속가공업,051-261-4157
1648,(주)센추리산업기술,부산광역시 강서구 신포길83번길 19(명지동),산업용 냉장 및 냉동 장비 제조업 외 2종,051-207-8066
1649,(주)센텍기술,부산광역시 강서구 미음국제5로다길 28 (미음동),그 외 기타 일반목적용 기계 제조업 외 10종,051-311-9303
1650,(주)센트라,"부산광역시 사상구 대동로 303, 601호 (감전동, 부산디지털밸리아파트형공장)",산업처리공정 제어장비 제조업,070-7430-0602
1651,(주)센트랄씨에이에스,부산광역시 강서구 대저로89번가길 62 (대저1동),그 외 자동차용 신품 부품 제조업 외 3종,051-971-1433
1652,(주)셀프락너트,부산광역시 사하구 감천항로190번안길 18(구평동),볼트 및 너트류 제조업,051-263-8233
1653,(주)소니텍,부산광역시 강서구 식만로189번길 52 (식만동),그 외 기타 특수목적용 기계 제조업 외 4종,051-266-0134
1654,(주)소닉컴텍,"부산광역시 사상구 모덕로96번길 55, 1, 2층 (덕포동)",유선 통신장비 제조업 외 18종,070-7596-3577
1655,(주)소담소담,부산광역시 기장군 장안읍 오리산단8로 42,육류 포장육 및 냉동육 가공업 (가금류 제외),미등록
1656,(주)소마시스템,"부산광역시 해운대구 센텀북대로 60, 6층 610호 (재송동, 센텀 아이에스타워)",그 외 기타 전자부품 제조업 외 1종,051-780-8989
1657,(주)소비코 부산지점,"부산광역시 해운대구 센텀동로 99, 13층 1305 (재송동, 벽산e센텀클래스원)",기타 음향기기 제조업 외 1종,051-757-4112
1658,(주)소성,부산광역시 사상구 사상로417번길 43(모라동),고무패킹류 제조업 외 2종,051-831-7851
1659,(주)소셜빈,부산광역시 기장군 장안읍 반룡산단2로 17,그 외 기타 전자부품 제조업,02-565-8910
1660,(주)소울이엔지,부산광역시 강서구 과학산단1로 54 (지사동),컨베이어장치 제조업 외 1종,051-796-2900
1661,(주)소전환경,"부산광역시 사상구 엄궁로 70-16, 301호 (엄궁동, 부산테크노파크)",기초 의약 물질 제조업 외 1종,051-714-2151
1662,(주)소중한사람,부산광역시 강서구 대부길 321 (강동동),구조용 금속 판제품 및 공작물 제조업,051-805-7635
1663,(주)소프렌,부산광역시 사상구 사상로393번길 42 (덕포동),특수 직물 및 기타 직물 직조업,051-304-8001
1664,(주)손안기전,부산광역시 강서구 과학산단2로19번길 132 (지사동),그 외 기타 금속가공업,051-974-0844
1665,(주)솔로몬테크놀러지,부산광역시 강서구 녹산산단261로74번길 41 (송정동),그 외 기타 금속가공업,051-831-4007
1666,(주)솔루윈스,"부산광역시 해운대구 센텀북대로 60, 13층 1315호 (재송동, 센텀 아이에스타워)",기타 무선 통신장비 제조업 외 2종,051-780-9001
1667,(주)솔루윈스,"부산광역시 해운대구 센텀북대로 60, 4층 406호(재송동, 센텀아이에스타워)",기타 무선 통신장비 제조업 외 2종,051-780-9001
1668,(주)송림수산,부산광역시 사하구 다산로225번길 58 (장림동),"수산동물 훈제, 조리 및 유사 조제식품 제조업",051-263-3290
1669,(주)송연,"부산광역시 기장군 기장읍 차성서로101번길 6-3, 2층",수산동물 건조 및 염장품 제조업 외 2종,미등록
1670,(주)송연,"부산광역시 기장군 기장읍 차성서로101번길 6-3, 3층",인형 및 장난감 제조업 외 1종,미등록
1671,(주)송원하이텍,부산광역시 강서구 가달2로 60 (생곡동),그 외 자동차용 신품 부품 제조업 외 1종,051-303-9681
1672,(주)수,부산광역시 강서구 과학산단2로42번길 3(지사동),분사기 및 소화기 제조업 외 2종,051-972-0305
1673,(주)수림디앤씨,"부산광역시 사상구 대동로 303, 508호, B102호 (감전동, 부산디지털밸리아파트형공장)",기타 조명장치 제조업 외 9종,051-611-6273
1674,(주)수성하이텍,"부산광역시 동구 고관로 164, 일신빌딩 503호 (좌천동)",배전반 및 전기 자동제어반 제조업,051-417-2508
1675,(주)수승,부산광역시 사상구 사상로447번길 26 (모라동),그 외 자동차용 신품 부품 제조업 외 6종,051-305-5397
1676,(주)수우,부산광역시 동래구 쇠미로217번길 22 (온천동),기타 전기 변환장치 제조업 외 5종,051-504-3558
1677,(주)수정씨푸드,부산광역시 사하구 다산로225번길 48 (장림동),기타 수산동물 가공 및 저장 처리업,051-262-1644
1678,(주)수정위너스,부산광역시 강서구 생곡산단1로24번길 51 (생곡동),유압기기 제조업 외 4종,070-5075-4500
1679,(주)순흥,부산광역시 영도구 해양로 248 (동삼동),선박 구성 부분품 제조업,051-412-8856
1680,(주)쉐어앤서비스,부산광역시 해운대구 반송로513번길 66-47 (석대동) 테크노타워,그 외 기타 의료용 기기 제조업,051-525-0780
1681,(주)슈러스,"부산광역시 사상구 가야대로133번길 33, 2층(감전동)",구두류 제조업 외 2종,054-631-1313
1682,(주)슈올즈,부산광역시 사상구 낙동대로943번길 235 (감전동),기타 신발 제조업,070-4099-1819
1683,(주)슈올즈,부산광역시 사상구 가야대로133번길 67 (감전동),기타 신발 제조업 외 1종,070-5214-2932
1684,(주)슈페리어제지,부산광역시 강서구 평성길 5-10 (명지동),위생용 종이제품 제조업,051-973-8842
1685,(주)스마일에프앤디,부산광역시 기장군 정관읍 산단5로 36-11,건강기능식품 제조업,070-4253-2919
1686,(주)스마일정공,부산광역시 사상구 사상로 47 (주례동),기타 가공 공작기계 제조업 외 1종,051-326-8386
1687,(주)스마일캐드,"부산광역시 동래구 명륜로 104-1, 4층(플러스메디칼센터)(명륜동)",치과기공물 제조업 외 2종,051-784-2245
1688,(주)스마트난방,부산광역시 사상구 새벽로223번길 55 (괘법동),가정용 전기 난방기기 제조업,051-327-2380
1689,(주)스마트빅,"부산광역시 해운대구 센텀서로 30, 26층 2601, 2604~2609호(우동, 케이엔엔타워)",기타 주변기기 제조업 외 4종,070-8655-9556
1690,(주)스마트아이디어,"부산광역시 사상구 낙동대로943번길 235, 5층 505 (감전동)",기타 전기 변환장치 제조업 외 2종,051-805-4388
1691,(주)스마트아이디어,"부산광역시 사하구 을숙도대로569번길 36, 2층(신평동)",액정 표시장치 제조업 외 9종,051-805-4388
1692,(주)스마트에어,"부산광역시 사상구 모라로 22, 5층 512호(부산벤처타워) (모라동)",기체 펌프 및 압축기 제조업,051-913-0244
1693,(주)스마트코리아,부산광역시 사상구 모덕로67번길 147-32(모라동),기기용 자동측정 및 제어장치 제조업,031-766-8416
1694,(주)스미코,부산광역시 강서구 가달2로55번길 32 (생곡동),그 외 기타 1차 철강 제조업,051-831-5061
1695,(주)스미코 제2공장,부산광역시 강서구 화전산단5로84번길 30 (화전동),주형 및 금형 제조업 외 1종,051-831-5061
1696,(주)스미트인더스트리,부산광역시 사하구 장림번영로104번길 28 (장림동),침구 및 관련제품 제조업 외 1종,051-265-2700
1697,(주)스카이오프쇼어,부산광역시 영도구 해양로15번길 1(청학동),선박 구성 부분품 제조업,051-781-2582
1698,(주)스카이이노텍,"부산광역시 남구 용호로159번길 94, 부산시범공단동 4층 403호 (용호동)",기기용 자동측정 및 제어장치 제조업 외 6종,051-626-6822
1699,(주)스카이일렉트론,"부산광역시 남구 용호로159번길 94, 2층 201 (용호동)",메모리용 전자집적회로 제조업 외 1종,051-627-6822
1700,(주)스킨헬스코스메틱,"부산광역시 남구 용호로159번길 94, 3층 303 (용호동)",화장품 제조업,051-622-3588
1701,(주)스타라이팅,"부산광역시 기장군 기장읍 읍내로15번길 11, 2층 (금오기전주식회사)",일반용 전기 조명장치 제조업 외 7종,051-741-8816
1702,(주)스타리온기원,"부산광역시 금정구 동대로 34-23 (회동동, (주)기원)",기타 가정용 전기기기 제조업,070-8282-2243
1703,(주)스타리온성철 부산공장,부산광역시 해운대구 반여로41번길 36 (반여동),가정용 비전기식 조리 및 난방 기구 제조업 외 1종,051-523-1225
1704,(주)스타빌루스,부산광역시 강서구 녹산산업북로 30 (송정동),그 외 자동차용 신품 부품 제조업 외 3종,051-979-1511
1705,(주)스타씨엔케이,"부산광역시 강서구 가락대로1397번길 109,  (567-23번지) (봉림동)",선박 구성 부분품 제조업,051-466-1030
1706,(주)스타씨케이,"부산광역시 강서구 가락대로1397번길 109,  (567-24번지) (봉림동)",선박 구성 부분품 제조업,051-466-1030
1707,(주)스타씨케이,"부산광역시 강서구 가락대로1397번길 109,  (567-23번지) (봉림동)",선박 구성 부분품 제조업,051-466-1030
1708,(주)스타웰즈,부산광역시 강서구 금호순서길 109 (대저2동),산업용 로봇 제조업 외 3종,051-972-9940
1709,(주)스타이십일,부산광역시 강서구 신호산단3로88번길 48 (신호동) (총 4 필지),절삭가공 및 유사처리업,051-831-4315
1710,(주)스템코,"부산광역시 사상구 대동로 303, 비104호(감전동, 부산디지털밸리아파트형공장)",기타 직물제품 제조업 외 5종,051-717-0110
1711,(주)스틸코리아,부산광역시 강서구 미음산단2로16번길 30 (구랑동),절삭가공 및 유사처리업 외 1종,051-711-0888
1712,(주)스판코리아,부산광역시 강서구 공항로767번다길 2 (대저2동),기타 구조용 금속제품 제조업 외 3종,051-314-0414
1713,(주)스펄스엠텍,"부산광역시 남구 신선로 365, 부경대학교용당캠퍼스 용당12관 121-2호(용당동, 부경대학교용당캠퍼스)",선박 구성 부분품 제조업 외 4종,070-7763-6333
1714,(주)스펙스,"부산광역시 사상구 대동로 303, 703호 (감전동, 부산디지털밸리아파트형공장)","기타 측정, 시험, 항해, 제어 및 정밀기기 제조업",051-803-0041
1715,(주)승건이엔지,부산광역시 강서구 미음국제5로 85 (미음동),절삭가공 및 유사처리업 외 1종,미등록
1716,(주)승광산업,부산광역시 강서구 제도로1041번길 492 (강동동),그 외 기타 일반목적용 기계 제조업 외 1종,051-972-6350
1717,(주)승엽사,"부산광역시 남구 전포대로 108-1, 2층 (문현동)","근무복, 작업복 및 유사의복 제조업 외 14종",051-245-1644
1718,(주)승엽사,부산광역시 금정구 금사로 52 (서동),남자용 겉옷 제조업 외 13종,051-245-1644
1719,(주)승원엔텍,"부산광역시 해운대구 센텀동로 99, 3층 307 (재송동, 벽산e센텀클래스원)",일반용 전기 조명장치 제조업 외 3종,미등록
1720,(주)승일산업,부산광역시 강서구 울만로25번길 99 (대저2동),신발 부분품 제조업,051-301-2703
1721,(주)승진에프앤씨,부산광역시 강서구 녹산산업중로168번길 24 (송정동),기타 기초 무기 화학물질 제조업,051-552-2218
1722,(주)승진이엔지,부산광역시 사하구 다대로300번길 40 (장림동),전자부품 실장기판 제조업 외 4종,051-201-5031
1723,(주)시그널웍스,"부산광역시 남구 용호로124번길 7, 지하 1층 (용호동)","기타 측정, 시험, 항해, 제어 및 정밀기기 제조업",051-911-5002
1724,(주)시너스텍,"부산광역시 기장군 정관읍 산단4로 159, 2층",비메모리용 및 기타 전자집적회로 제조업 외 18종,051-904-5125
1725,(주)시선,"부산광역시 사하구 보덕포1길 22, 1층(장림동, (주)삼익방폭전기)",간판 및 광고물 제조업 외 15종,051-502-4880
1726,(주)시우이엔지,부산광역시 강서구 과학산단1로103번길 28(지사동),선박 구성 부분품 제조업,051-831-8202
1727,(주)시티캅,"부산광역시 사하구 다대로 207, 214호(장림동, 세정아울렛)",기타 무선 통신장비 제조업 외 1종,051-630-9314
1728,(주)시피에스티,"부산광역시 강서구 녹산산단382로14번길 55 (송정동, 부산광역시 신발산업진흥센타)",신발 부분품 제조업,02-2145-0413
1729,(주)시화   ,부산광역시 기장군 정관읍 농공길 2-153,사무용 기계 및 장비 제조업 외 2종,051-516-9350
1730,(주)신광냉열기산업,"부산광역시 사상구 학장로 215 (학장동, 범양에어컨)",산업용 냉장 및 냉동 장비 제조업 외 2종,051-314-2460
1731,(주)신광레포츠,부산광역시 사하구 장평로 31-1 (장림동),기타 운동 및 경기용구 제조업,051-265-4425
1732,(주)신광이앤티,"부산광역시 사상구 모라로 22, 7층 711호(부산벤처타워) (모라동)",그 외 기타 일반목적용 기계 제조업,051-609-9227
1733,(주)신광정밀,부산광역시 강서구 녹산산단77로 42 (송정동),절삭가공 및 유사처리업,051-301-8512
1734,(주)신광화학,부산광역시 사하구 다산로78번길 17 (다대동),주형 및 금형 제조업 외 1종,051-262-1565
1735,(주)신기원툴텍,부산광역시 사상구 삼락천로 134 (덕포동),기타 가공 공작기계 제조업,051-304-0903
1736,(주)신대양,부산광역시 사하구 구평로16번길 67 (구평동),금속탱크 및 저장용기 제조업 외 3종,051-325-7636
1737,(주)신도정밀,부산광역시 사하구 보덕포1길 99 (장림동),자동차용 금속 압형제품 제조업 외 2종,051-832-0235
1738,(주)신동,부산광역시 사하구 사하로 102 (감천동) (총 2 필지),기타 인쇄업 외 1종,051-203-5111
1739,(주)신동디지텍,부산광역시 강서구 녹산산단27로 20 (송정동),선박 구성 부분품 제조업,051-714-5018
1740,(주)신동디지텍,부산광역시 강서구 미음산단3로 14 (미음동),선박 구성 부분품 제조업,051-461-5211
1741,(주)신동아ES,부산광역시 강서구 녹산산단27로 135 (송정동),"전기회로 개폐, 보호장치 제조업 외 1종",070-4648-8652
1742,(주)신라금속,부산광역시 강서구 녹산산단17로14번길 34 (송정동),선박 구성 부분품 제조업 외 1종,051-831-5991
1743,(주)신라메탈,부산광역시 사상구 낙동대로915번길 7(감전동),그 외 기타 금속가공업,051-242-1220
1744,(주)신라스틸판넬,부산광역시 기장군 정관면 산단7로 50-19,육상 금속 골조 구조재 제조업 외 1종,051-501-2642
1745,(주)신선정밀산업,부산광역시 영도구 남항서로 66 (남항동3가),유압기기 제조업,051-417-8713
1746,(주)신성기업,부산광역시 강서구 화전산단5로14번길 11(화전동),육상 금속 골조 구조재 제조업 외 2종,051-262-8850
1747,(주)신성디젤,부산광역시 강서구 낙동남로533번길 55 (녹산동),절삭가공 및 유사처리업,051-972-7782
1748,(주)신성머트리얼,부산광역시 강서구 과학산단1로103번길 57(지사동),절삭가공 및 유사처리업 외 1종,051-271-7901
1749,(주)신성분체 ,부산광역시 기장군 정관읍 산단7로 7-15,도장 및 기타 피막처리업,051-728-6487
1750,(주)신성산업,부산광역시 사하구 다대로 148 (신평동),그 외 자동차용 신품 부품 제조업 외 3종,051-303-1272
1751,(주)신성정공사,부산광역시 기장군 정관읍 산단4로 40 (신성금속),그 외 자동차용 신품 부품 제조업 외 3종,051-727-6620
1752,(주)신성종합철강,부산광역시 강서구 경전철로 204-1 (대저1동),금속탱크 및 저장용기 제조업 외 1종,051-311-4496
1753,(주)신성컨트롤,부산광역시 강서구 미음산단로37번길 9 (구랑동),"탭, 밸브 및 유사장치 제조업 외 2종",051-266-5426
1754,(주)신성켐텍,부산광역시 사상구 사상로455번길 53 (모라동),고무패킹류 제조업 외 1종,051-304-9300
1755,(주)신성피팅,부산광역시 강서구 가달1로 17 (생곡동),강관 제조업,051-714-6272
1756,(주)신세화에프앤에스,부산광역시 강서구 맥도강변길 851(대저2동),기타 식사용 가공처리 조리식품 제조업,051-971-2004
1757,(주)신수이엔지,부산광역시 강서구 과학산단2로19번길 53 (지사동),그 외 기타 특수목적용 기계 제조업,051-831-4357
1758,(주)신스틸,부산광역시 강서구 미음산단4로 174 (미음동),그 외 기타 금속가공업,051-972-7215
1759,(주)신스틸에스씨,부산광역시 강서구 미음산단4로 170 (미음동),그 외 기타 금속가공업,051-714-0610
1760,(주)신승시스템,"부산광역시 연제구 중앙대로1219번길 15 (거제동, 신승빌딩)",그 외 기타 의료용 기기 제조업 외 4종,051-507-6031
1761,(주)신신기계          ,부산광역시 기장군 정관읍 농공길 85 ((주)신신기계),액체 펌프 제조업 외 1종,051-713-0000
1762,(주)신아기공,"부산광역시 강서구 신호산단3로88번길 53, 291-8 (신호동)",절삭가공 및 유사처리업,미등록
1763,(주)신아기공,부산광역시 강서구 화전산단2로134번길 9 (화전동),그 외 기타 일반목적용 기계 제조업 외 1종,051-831-5171
1764,(주)신아비엘유,"부산광역시 사상구 새벽로215번길 84 (괘법동, 태영기전)",기타 음향기기 제조업,051-312-6761
1765,(주)신안,부산광역시 강서구 범방2로 51 (범방동),그 외 기타 1차 철강 제조업,051-792-1402
1766,(주)신안정공,부산광역시 사상구 학장로 143 (학장동),주형 및 금형 제조업,051-325-4994
1767,(주)신양케미칼,"부산광역시 사상구 사상로349번길 42 (덕포동, (주)신양케미칼)",그 외 기타 고무제품 제조업,051-322-8701
1768,(주)신양테크,부산광역시 기장군 정관읍 양수길 55-42,그 외 기타 플라스틱 제품 제조업 외 4종,051-727-2756
1769,(주)신영바란싱,부산광역시 사상구 학감대로178번길 23 (학장동),절삭가공 및 유사처리업 외 1종,051-325-8662
1770,(주)신영엠티,부산광역시 강서구 대저로135번길 45-1 (대저1동),자동차용 신품 동력전달장치 제조업 외 1종,051-971-3533
1771,(주)신영정보기술,"부산광역시 기장군 일광읍 이화로 4, 2층",배전반 및 전기 자동제어반 제조업,070-7600-7464
1772,(주)신영컴퍼니,부산광역시 강서구 화전산단1로 173 (화전동),내연기관 제조업,051-207-1975
1773,(주)신우,"부산광역시 서구 원양로 1, B동 501,502호 (암남동, 수산가공선진화단지)",수산동물 건조 및 염장품 제조업 외 1종,051-241-7600
1774,(주)신우농수산,부산광역시 사하구 다대동로6번길 1 (다대동),수산동물 냉동품 제조업 외 1종,051-263-4911
1775,(주)신우농수산 제2공장,"부산광역시 사하구 다대동로6번길 21,  외 1종 (다대동)",그 외 기타 달리 분류되지 않은 제품 제조업 외 1종,051-263-4911
1776,(주)신우산업,부산광역시 강서구 녹산산단407로 77 (송정동),도장 및 기타 피막처리업,051-831-5001
1777,(주)신우이앤티,부산광역시 강서구 신호산단3로88번길 27 (신호동),선박 구성 부분품 제조업 외 2종,051-974-0457
1778,(주)신우특수강,부산광역시 강서구 녹산산업중로 369 (송정동),금속류 해체 및 선별업 외 1종,051-831-0601
1779,(주)신웅뉴하이테크,부산광역시 강서구 과학산단2로3번길 76 (지사동),정형 내화 요업제품 제조업 외 2종,051-971-7968
1780,(주)신원금속,부산광역시 강서구 녹산산업중로 363 (송정동),강관 제조업,051-831-9357
1781,(주)신원미크론,부산광역시 기장군 정관읍 산단4로 100 (PMT),내연기관 제조업,051-728-4066
1782,(주)신원미크론,부산광역시 기장군 장안읍 장안산단7로 50 (장안읍),내연기관 제조업 외 4종,051-728-4066
1783,(주)신월그레이팅,부산광역시 사상구 학장로 233 (학장동),그 외 기타 일반목적용 기계 제조업 외 4종,051-323-7000
1784,(주)신은테크,부산광역시 강서구 신호산단1로 220-17(신호동),"전기회로 개폐, 보호장치 제조업 외 1종",051-741-6000
1785,(주)신일금형,부산광역시 사상구 사상로393번길 31 (덕포동),주형 및 금형 제조업,미등록
1786,(주)신일에스앤피,부산광역시 강서구 미음산단4로 142 (미음동),그 외 기타 금속가공업,051-973-4640
1787,(주)신일에이스,부산광역시 사하구 다대로170번길 80 (신평동),"탭, 밸브 및 유사장치 제조업",051-266-4585
1788,(주)신일피엠씨,부산광역시 강서구 녹산산단77로22번길 10 (송정동),그 외 기타 금속가공업,051-941-8501
1789,(주)신일피엠씨,부산광역시 강서구 미음산단4로 142 (미음동),그 외 기타 금속가공업,051-941-8501
1790,(주)신진,부산광역시 부산진구 진남로 487 (양정동),간판 및 광고물 제조업,051-853-3208
1791,(주)신진사진인쇄,"부산광역시 사상구 낙동대로1420번길 41,  201,206,303호 (삼락동)",기타 인쇄업 외 1종,051-305-0577
1792,(주)신진수도,부산광역시 강서구 울만로 298-16 (대저2동),육상 금속 골조 구조재 제조업 외 2종,051-631-5082
1793,(주)신진스텐레스,부산광역시 사상구 장인로78번길 108 (학장동),그 외 기타 1차 철강 제조업,051-313-3434
1794,(주)신진스틸,부산광역시 사상구 가야대로 58 (학장동),자동차용 금속 압형제품 제조업 외 1종,051-325-4022
1795,(주)신진전착,부산광역시 사하구 다산로225번길 38 (장림동),도장 및 기타 피막처리업,051-264-2947
1796,(주)신진커넥터,부산광역시 강서구 미음국제4로 50 (미음동),유압기기 제조업,051-941-7725
1797,(주)신창,부산광역시 사하구 다산로 276 (장림동),모피 및 가죽 제조업,051-262-4525
1798,(주)신창파이프,부산광역시 사하구 다산로176번길 51 (다대동),그 외 자동차용 신품 부품 제조업 외 5종,051-311-7000
1799,(주)신테크,"부산광역시 금정구 두실로 61, 2층(구서동)",컴퓨터 제조업,051-921-0006
1800,(주)신풍정공,부산광역시 강서구 범방2로 32(범방동),"산업용 오븐, 노 및 노용 버너 제조업",051-973-9988
1801,(주)신풍테크,"부산광역시 사상구 장인로17번길 72(감전동, 부영단조)",그 외 기타 금속가공업 외 31종,051-313-5503
1802,(주)신한단조,부산광역시 강서구 녹산산업북로313번길 21 (송정동),금속 단조제품 제조업,051-831-1774
1803,(주)신한디젤상사,부산광역시 영도구 남항서로 98 (남항동2가),절삭가공 및 유사처리업,051-415-0987
1804,(주)신한모드,"부산광역시 연제구 과정로164번길 6, 3층 301호 (연산동, 금덕상가빌라)",특수 직물 및 기타 직물 직조업 외 25종,02-2636-2580
1805,(주)신한전기,부산광역시 강서구 체육공원로52번길 74-2 (대저1동),배전반 및 전기 자동제어반 제조업 외 9종,051-333-0996
1806,(주)신해에프엔지,부산광역시 사하구 장평로41번길 25 (장림동),어망 및 기타 끈 가공품 제조업,051-972-4795
1807,(주)신협전자,부산광역시 사하구 신산북로33번길 13 (신평동),전자부품 실장기판 제조업 외 2종,051-206-0356
1808,(주)신호씨푸드,부산광역시 사하구 감천항로405번길 66 (구평동),수산동물 건조 및 염장품 제조업 외 1종,051-261-8616
1809,(주)신화금속,부산광역시 사하구 다산로105번길 10 (다대동),그 외 기타 일반목적용 기계 제조업 외 2종,051-266-6404
1810,(주)신화금속제2공장,부산광역시 사하구 다산로105번길 13 (다대동),그 외 기타 일반목적용 기계 제조업 외 2종,051-266-6404
1811,(주)신화볼트,부산광역시 강서구 화전산단6로66번길 13 (화전동),볼트 및 너트류 제조업 외 2종,051-972-9362
1812,(주)신화이엔피,"부산광역시 사상구 학감대로222번길 33 (감전동, (주)신화이엔피)",육상 금속 골조 구조재 제조업 외 7종,051-311-9516
1813,(주)신흥금속,부산광역시 사하구 다산로 130 (다대동),그 외 기타 특수목적용 기계 제조업,051-323-7100
1814,(주)신흥메탈,부산광역시 강서구 녹산산단407로 32 (송정동),"알루미늄 압연, 압출 및 연신제품 제조업",051-831-7111
1815,(주)신흥에프앤에스,부산광역시 강서구 미음산단4로 49 (미음동),선박 구성 부분품 제조업,051-972-4428
1816,(주)신흥정기,"부산광역시 사하구 장림동 1088-5,11번지",도금업,051-262-0755
1817,(주)신흥테크,부산광역시 강서구 범방3로 13 (범방동),기타 선박 건조업,051-941-5123
1818,(주)신흥티지,부산광역시 강서구 화전산단2로133번길 40 (화전동),철도차량 부품 및 관련 장치물 제조업 외 4종,051-831-0061
1819,(주)신흥플랜지,부산광역시 강서구 가달2로 40 (생곡동),강관 제조업 외 2종,051-831-6167
1820,(주)심스코,부산광역시 해운대구 재송1로46번길 38 (재송동),내연기관 제조업,051-405-9800
1821,(주)싸락,"부산광역시 남구 신선로 365, 용당5관 301호(용당동, 부경대학교용당캠퍼스)",기타 식사용 가공처리 조리식품 제조업 외 1종,051-893-1553
1822,(주)쌍마,부산광역시 강서구 호계로103번길 47 (죽동동),비내화 모르타르 제조업 외 1종,051-971-8601
1823,(주)쌍보엔지니어링,"부산광역시 사상구 감전천로 59 (감전동, (주)쌍보)",선박 구성 부분품 제조업,051-324-0505
1824,(주)쌍용선재,부산광역시 강서구 미음동 1669-1,금속 스프링 제조업,051-831-4187
1825,(주)써니쿡,"부산광역시 사하구 장평로 232, 1층, 2층, 3층(신평동, (주)홍산경공업)",수동식 식품 가공기기 및 금속 주방용기 제조업,051-201-4378
1826,(주)써테크씨앤피,부산광역시 강서구 녹산산단77로 11 (송정동),도장 및 기타 피막처리업 외 3종,051-831-3935
1827,(주)써테크씨앤피  2공장,부산광역시 강서구 녹산산업중로 108 (송정동),그 외 금속파스너 및 나사제품 제조업,051-831-3935
1828,(주)써테크씨엔피,부산광역시 강서구 녹산산단261로31번길 7 (송정동),도금업 외 1종,051-831-3935
1829,(주)썬엘테크,"부산광역시 사상구 새벽시장로 106 (감전동, 진주식당)",절삭가공 및 유사처리업,051-319-4212
1830,(주)썬인터네셔날,부산광역시 강서구 대저중앙로286번길 103 (대저1동),트레일러 및 세미트레일러 제조업 외 5종,051-205-1345
1831,(주)썬커뮤니케이션,"부산광역시 북구 효열로 111, 부산지식산업센터 602호 (금곡동)",컴퓨터 제조업 외 1종,051-337-3041
1832,(주)썬테코,부산광역시 강서구 녹산산단361로 8 (송정동),도장 및 기타 피막처리업,051-832-2296
1833,(주)썬티엘씨,"부산광역시 강서구 녹산산업중로192번길 29, (송정동,1551-16) (송정동)",모피 및 가죽 제조업,051-266-8661
1834,(주)썸머,부산광역시 강서구 생곡산단1로 36 (생곡동),기타 1차 비철금속 제조업,051-971-1910
1835,(주)쎄니트 부산지점,부산광역시 사하구 장평로 255 (신평동),강관 제조업,051-714-3529
1836,(주)쎈스텍,"부산광역시 해운대구 센텀동로 99,  벽산e- 센텀클래스원 1107호, 1108호 (재송동)",기기용 자동측정 및 제어장치 제조업,051-529-0691
1837,(주)쏘랩 부산지점,"부산광역시 사상구 사상로394번길 14, 2층(덕포동, 영진비죠)",기타 신발 제조업,02-6925-2001
1838,(주)쓰리쓰 ,부산광역시 강서구 녹산산단27로 28 (송정동),도장 및 기타 피막처리업,미등록
1839,(주)쓰리에스씨푸드,부산광역시 사하구 원양로 340 (감천동),기타 수산동물 가공 및 저장 처리업,051-293-6386
1840,(주)쓰리텍,부산광역시 강서구 녹산산단362로 31 (송정동),그 외 기타 특수목적용 기계 제조업 외 4종,051-831-5071
1841,(주)씨넷,부산광역시 영도구 해양로188번길 20 (청학동),"레이더, 항행용 무선기기 및 측량기구 제조업 외 1종",051-417-5802
1842,(주)씨넷,"부산광역시 영도구 절영로 542, 2층 (동삼동)","레이더, 항행용 무선기기 및 측량기구 제조업 외 1종",051-417-5802
1843,(주)씨디아이,부산광역시 사하구 다산로106번길 37 (다대동),선박 구성 부분품 제조업 외 1종,051-263-0830
1844,(주)씨앤씨솔루션,부산광역시 강서구 녹산산업중로 62-6 (송정동),그 외 기타 전기장비 제조업 외 4종,051-941-2814
1845,(주)씨앤에스씨,"부산광역시 북구 효열로 111, 부산지식산업센터 513호 (금곡동)",분사기 및 소화기 제조업 외 1종,051-514-9530
1846,(주)씨앤에스인터내셔널,부산광역시 강서구 미음산단6로 14(미음동),기타 구조용 금속제품 제조업,051-753-3393
1847,(주)씨앤지,부산광역시 강서구 녹산산단361로 20 (송정동),설치용 및 위생용 플라스틱제품 제조업 외 10종,055-383-8460
1848,(주)씨앤투스,부산광역시 강서구 녹산산업중로192번길 24 (송정동),기타 직물제품 제조업 외 2종,051-831-2501
1849,(주)씨앤피,"부산광역시 해운대구 센텀중앙로 78, 6층 606, 607호(우동, 센텀그린타워)",기타 광학기기 및 사진기 제조업 외 1종,051-742-2209
1850,(주)씨에스산전,"부산광역시 사상구 대동로 303, 612호 (감전동, 부산디지털밸리아파트형공장)",철도차량 부품 및 관련 장치물 제조업,051-329-7731
1851,(주)씨에스엔아이,"부산광역시 해운대구 센텀북대로 60, 7층 708호(재송동, 센텀아이에스타워)",방송장비 제조업 외 5종,051-717-2388
1852,(주)씨에이치케이,부산광역시 강서구 미음산단로 387 (미음동),선박 구성 부분품 제조업,051-831-9500
1853,(주)씨에프씨테라메이트,"부산광역시 남구 신선로 365,  부경대 창업보육센터 신관 108호 (용당동)",무기안료용 금속 산화물 및 관련 제품 제조업,051-622-7276
1854,(주)씨에프씨테라메이트    ,부산광역시 기장군 정관읍 예림리 940-36번지,"염료, 조제 무기안료, 유연제 및 기타 착색제 제조업",051-622-7276
1855,(주)씨엔바이오텍,부산광역시 기장군 기장읍 차성로 199,수산식물 가공 및 저장 처리업,051-723-0262
1856,(주)씨엔엔테크,부산광역시 강서구 미음국제5로마길 18 (미음동) 덕일상사,기타 기계.장비 조립용 플라스틱 제품 제조업 외 2종,051-867-7691
1857,(주)씨엔컴퍼니  ,부산광역시 기장군 장안읍 반룡리 909-12번지,기타 전기 변환장치 제조업 외 1종,미등록
1858,(주)씨엘테크,부산광역시 강서구 강동중곡3길 38-1(강동동),"알루미늄 제련, 정련 및 합금 제조업 외 4종",051-972-7771
1859,(주)씨엠엔,부산광역시 기장군 정관읍 매학용수로 26,기타 과실ㆍ채소 가공 및 저장 처리업,미등록
1860,(주)씨엠지바이오팜,"부산광역시 사상구 백양대로700번길 140,  신라대 제2공학관(마린바이오산업화 지원센터)221호 (괘법동)",차류 가공업,051-311-7600
1861,(주)씨엠텍,부산광역시 강서구 녹산산업북로 479 (송정동),건설 및 채광용 기계장비 제조업,051-208-4626
1862,(주)씨엠텍코리아,부산광역시 사하구 감천항로 411 (구평동),강선 건조업 외 8종,051-262-3554
1863,(주)씨오에스피,"부산광역시 금정구 공단로 68-7, 2층 (금사동)",침구 및 관련제품 제조업 외 15종,070-4264-0004
1864,(주)씨오에스피,부산광역시 해운대구 반송로513번길 66-35(석대동),전구 및 램프 제조업 외 2종,070-4264-0003
1865,(주)씨텍,"부산광역시 사상구 모라로 22, 13층 1309호(부산벤처타워) (모라동)",방송장비 제조업 외 4종,051-775-2251
1866,(주)씨텍,부산광역시 강서구 미음산단3로 14 (미음동),"레이더, 항행용 무선기기 및 측량기구 제조업 외 2종",051-461-5245
1867,(주)씨텍,"부산광역시 사상구 모라로 22, 15층 1509호(부산벤처타워) (모라동)","레이더, 항행용 무선기기 및 측량기구 제조업 외 5종",051-775-2200
1868,(주)씨투엠뉴,부산광역시 기장군 장안읍 명례산단6로 5,그 외 기타 분류 안된 금속 가공 제품 제조업,051-701-7691
1869,(주)씨티스톤    ,부산광역시 기장군 정관읍 산단7로 59,강화 및 재생 목재 제조업 외 1종,051-861-2286
1870,(주)씨티알,부산광역시 강서구 과학산단로333번길 21 (지사동),자동차 엔진용 신품 부품 제조업 외 1종,055-530-5615
1871,(주)씨티알로보틱스,부산광역시 강서구 과학산단로333번길 21 (지사동),기타 가공 공작기계 제조업,051-974-0136
1872,(주)씨티알에너지,부산광역시 강서구 과학산단로333번길 21 (지사동),기타 무선 통신장비 제조업,ARS-1600-8439
1873,(주)씨티테크,"부산광역시 연제구 토곡남로 15, 상가동 지하101호 (연산동, 대우아파트)",유선 통신장비 제조업 외 19종,051-941-9933
1874,(주)씨피엔지,부산광역시 강서구 녹산산단261로14번길 13 (송정동),기타 전기 변환장치 제조업 외 2종,051-250-2801
1875,(주)아남시스템,부산광역시 사상구 주례로 47 (주례동) 동서대학교,비디오 및 기타 영상기기 제조업,051-328-8110
1876,(주)아남전기,부산광역시 강서구 녹산산단382로60번길 26 (송정동),"기타 섬유, 의복 및 가죽 가공 기계 제조업",051-324-1392
1877,(주)아넥사,부산광역시 강서구 녹산산단261로13번길 35 (송정동),일반용 도료 및 관련제품 제조업,051-973-5777
1878,(주)아노텍코리아,부산광역시 강서구 녹산산단261로13번길 49 (송정동),그 외 기타 분류 안된 화학제품 제조업 외 2종,055-364-0710
1879,(주)아라트,부산광역시 영도구 해양로 33-52 (청학동),선박 구성 부분품 제조업 외 4종,051-418-7976
1880,(주)아랑존디,부산광역시 사상구 대동로209번길 16 (학장동),육상 금속 골조 구조재 제조업 외 4종,051-328-7760
1881,(주)아로나전자,부산광역시 해운대구 삼어로 169 (반여동),기타 가정용 전기기기 제조업,미등록
1882,(주)아리야,부산광역시 강서구 화전산단5로98번길 34 (화전동),주형 및 금형 제조업,051-972-7034
1883,(주)아림전력,부산광역시 강서구 대저로89번길 52 (대저1동),기타 전기 변환장치 제조업 외 1종,051-317-7591
1884,(주)아마란스,부산광역시 강서구 녹산산단165로14번길 26 (송정동),화장품 제조업,051-832-1001
1885,(주)아미스트,부산광역시 사하구 하신중앙로 109(신평동),그 외 기타 분류 안된 화학제품 제조업 외 3종,051-516-0624
1886,(주)아미인터내셔널,부산광역시 사하구 다산로106번길 47 (다대동),수동식 식품 가공기기 및 금속 주방용기 제조업 외 1종,051-301-1580
1887,(주)아벤틱스,부산광역시 사하구 장평로 223 (신평동),배전반 및 전기 자동제어반 제조업 외 1종,051-265-6945
1888,(주)아산,"부산광역시 강서구 미음산단1로15번길 26(구랑동, (주)아산)",자동차 차체용 신품 부품 제조업 외 1종,051-717-3900
1889,(주)아산에스앤테크,부산광역시 강서구 화전산단2로134번길 41 (화전동),분사기 및 소화기 제조업 외 46종,051-305-9853
1890,(주)아셈스,부산광역시 기장군 장안읍 명례산단2로 72,기타 1차 비철금속 제조업,051-713-3900
1891,(주)아셈스,부산광역시 사하구 을숙도대로873번길 31 (감천동),표면처리 및 적층 직물 제조업,051-713-3900
1892,(주)아셈스,부산광역시 기장군 장안읍 명례산단6로 111,그 외 기타 분류 안된 금속 가공 제품 제조업 외 2종,051-713-3941
1893,(주)아스타로지텍코리아,부산광역시 강서구 녹산산단361로 22 (송정동),그 외 기타 1차 철강 제조업,02-6268-8850
1894,(주)아시아스톤,부산광역시 기장군 정관읍 산단3로 33,기타 석제품 제조업,051-851-5456
1895,(주)아신,부산광역시 강서구 미음국제6로 20 (미음동),금속 절삭기계 제조업,051-972-4511
1896,(주)아엠비하이드로릭스,부산광역시 사하구 다산로53번길 44(다대동),"탭, 밸브 및 유사장치 제조업 외 1종",051-220-2811
1897,(주)아엠비하이드로릭스,부산광역시 사하구 신산북로 62 (신평동),"탭, 밸브 및 유사장치 제조업",051-201-4411
1898,(주)아유디인터내셔널,부산광역시 기장군 장안읍 명례산단6로 14,그 외 기타 봉제의복 제조업,미등록
1899,(주)아이닉스,"부산광역시 영도구 태종로 727, 산학협력관 703호(동삼동)",그 외 기타 전자부품 제조업,070-7548-0034
1900,(주)아이렉스코리아,부산광역시 강서구 녹산산단165로14번길 25 (송정동),침구 및 관련제품 제조업 외 9종,051-831-9600
1901,(주)아이리,"부산광역시 사상구 가야대로196번길 28 (학장동, (주)아이리)",그 외 기타 의료용 기기 제조업,051-322-6161
1902,(주)아이비엠씨 ,"부산광역시 해운대구 반송로513번길 66-47, 1층 101 (석대동)",기타 주변기기 제조업 외 1종,051-558-6900
1903,(주)아이비인터내셔날,"부산광역시 금정구 회천로26번길 19 (회동동, 아이비(주))",기타 신발 제조업 외 9종,051-522-8755
1904,(주)아이비즈,"부산광역시 남구 황령대로319번가길 190-6, 상가동 406호(대연동, 대우그린아파트)",방송장비 제조업 외 2종,051-781-7507
1905,(주)아이앤지플러스,부산광역시 강서구 녹산산단262로50번길 15 (송정동),유압기기 제조업 외 1종,051-205-2812
1906,(주)아이에스디앤씨,부산광역시 강서구 식만로93번길 37 (죽림동),육상 금속 골조 구조재 제조업 외 1종,051-832-5533
1907,(주)아이에스엔지니어링,"부산광역시 사하구 서포로 42, 3층 (구평동)",배전반 및 전기 자동제어반 제조업 외 1종,051-317-1374
1908,(주)아이에스엠,"부산광역시 해운대구 센텀동로 71, 7층 707 (우동, 벽산이센텀클래스원2차)",방송장비 제조업,051-634-6331
1909,(주)아이에스테크,부산광역시 강서구 녹산산단262로 21 (송정동),"플라스틱 포대, 봉투 및 유사제품 제조업 외 2종",051-831-0911
1910,(주)아이엔이,부산광역시 기장군 정관읍 산단6로 4,절삭가공 및 유사처리업,ARS-1661-2267
1911,(주)아이오티솔루션,"부산광역시 북구 효열로 111, 4층 402호 (금곡동, 부산지식산업센터)","레이더, 항행용 무선기기 및 측량기구 제조업 외 5종",미등록
1912,(주)아이오티플렉스,부산광역시 해운대구 센텀동로 99 (재송동) 벽산이센텀클래스원,기타 무선 통신장비 제조업,051-1599-2737
1913,(주)아이온,"부산광역시 해운대구 센텀동로 57, B101-5 (우동, 부산디자인센터)",그 외 기타 달리 분류되지 않은 제품 제조업 외 4종,051-202-3438
1914,(주)아이온,부산광역시 기장군 정관면 용수공단2길 41 (유성산업),그 외 기타 달리 분류되지 않은 제품 제조업,051-202-3438
1915,(주)아이원,부산광역시 사하구 다대로 148 (신평동),기타 수산동물 가공 및 저장 처리업,051-291-3737
1916,(주)아이윈,부산광역시 기장군 장안읍 장안산단9로 110 (광진윈텍),그 외 자동차용 신품 부품 제조업 외 4종,051-711-2222
1917,(주)아이케이이앤지,부산광역시 사하구 장평로15번길 3 (장림동),방송장비 제조업 외 3종,051-317-9300
1918,(주)아이테크,"부산광역시 부산진구 거제대로36번가길 34, 2층 일부 (양정동)",기타 가정용 전기기기 제조업 외 1종,070-8789-8828
1919,(주)아이티상사,부산광역시 강서구 대저동서로 65 (대저1동),배전반 및 전기 자동제어반 제조업,051-818-2696
1920,(주)아이티씨,부산광역시 강서구 생곡산단1로 29 (생곡동),위생용 종이제품 제조업,미등록
1921,(주)아이티티,부산광역시 강서구 미음산단3로 14 (미음동),전기경보 및 신호장치 제조업 외 3종,051-714-0788
1922,(주)아이플러스원,부산광역시 북구 효열로 111,기타 전기 변환장치 제조업 외 4종,070-5099-7077
1923,(주)아이피티,부산광역시 사상구 대동로269번길 47 (감전동),기타 일반 기계 및 장비 수리업 외 2종,051-313-4631
1924,(주)아주알곤,부산광역시 사상구 사상로341번길 64 (덕포동),그 외 기타 금속가공업,051-305-6743
1925,(주)아주피팅,부산광역시 강서구 가리새1로25번길 6 (생곡동),강관 가공품 및 관 연결구류 제조업,051-832-9700
1926,(주)아즈텍더블유비이,"부산광역시 사하구 다대로354번안길 20, 3층 (장림동)",남자용 겉옷 제조업 외 13종,051-202-3101
1927,(주)아즈텍더블유비이,"부산광역시 금정구 공단로61번길 22(금사동, 동영텍스타일)",모직물 직조업 외 1종,051-202-3101
1928,(주)아즈텍더블유비이,부산광역시 사상구 학감대로267번길 21 (감전동),모직물 직조업,070-7540-7007
1929,(주)아즈텍더블유비이,부산광역시 사하구 하신번영로 99 (신평동) (총 2 필지),솜 및 실 염색가공업 외 3종,051-202-3101
1930,(주)아쿠아스타   ,"부산광역시 기장군 정관읍 산단7로 8-12, 2층   ",육상 금속 골조 구조재 제조업 외 1종,070-7716-9688
1931,(주)아쿠아텍,"부산광역시 강서구 미음산단5로41번길 21, 201호 (미음동)",액체 여과기 제조업,051-727-6320
1932,(주)아큐스,"부산광역시 사상구 대동로 303, 4층 413호(감전동, 부산디지털밸리아파트형공장)",그 외 기타 일반목적용 기계 제조업 외 6종,031-451-1820
1933,(주)아크로,부산광역시 사상구 낙동대로815번길 28-37 (감전동),일반용 전기 조명장치 제조업 외 6종,051-505-1401
1934,(주)아토큐라,부산광역시 영도구 태종로 736 (동삼동),화장품 제조업,051-403-5207
1935,(주)아트엔티이,"부산광역시 금정구 금사로 147-2, 지하1 (회동동)",전시용 모형 제조업 외 12종,051-442-2236
1936,(주)아트엔티이,부산광역시 사하구 두송로 232 (구평동),기타 목재가구 제조업 외 5종,051-442-2236
1937,(주)아트엔티이,부산광역시 사하구 감천항로190번길 66 (구평동),기타 목재가구 제조업 외 11종,051-442-2236
1938,(주)아트월드,부산광역시 기장군 정관읍 산단5로 100-26 (아트월드),전시용 모형 제조업 외 1종,051-728-6386
1939,(주)아트판,부산광역시 기장군 장안읍 장안산단9로 65,그 외 자동차용 신품 부품 제조업 외 3종,051-728-5621
1940,(주)아트플러스 ,부산광역시 강서구 녹산산업중로168번길 13 (송정동),합성수지 및 기타 플라스틱 물질 제조업,051-552-8025
1941,(주)아펙스,부산광역시 강서구 미음산단3로 137 (미음동),유압기기 제조업 외 1종,051-323-3951
1942,(주)안신,부산광역시 사하구 장평로 23 (장림동),과자류 및 코코아 제품 제조업,051-266-2392
1943,(주)안우,부산광역시 연제구 구락로153번길 37-10 (연산동),낚시 및 수렵용구 제조업,051-757-5552
1944,(주)알로,"부산광역시 금정구 금강로321번길 57, 2층(장전동)",건강보조용 액화식품 제조업,미등록
1945,(주)알링크,"부산광역시 강서구 과학산단1로60번길 30, 9동 104-1호 (지사동)",가정용 및 산업용 공기 조화장치 제조업 외 3종,055-280-3693
1946,(주)알스타,부산광역시 기장군 정관면 산단7로 8-32,기타 1차 비철금속 제조업,051-722-3000
1947,(주)알에이아이엔티  ,부산광역시 기장군 장안읍 오리산단3로 70,표면광택제 및 실내가향제 제조업 외 1종,미등록
1948,(주)알엠부산그룹,부산광역시 사하구 감천항로 223 (구평동),음ㆍ식료품 및 담배 가공기계 제조업,070-7931-8940
1949,(주)알오씨,부산광역시 강서구 과학산단2로19번길 100-74 (지사동),그 외 기타 분류 안된 금속 가공 제품 제조업 외 1종,051-972-3505
1950,(주)알이시스,"부산광역시 사상구 대동로 303, 606, 607호(감전동, 부산디지털밸리아파트형공장)",기타 주변기기 제조업 외 1종,051-817-0555
1951,(주)알지비앤에코,부산광역시 강서구 식만로 207-22 (식만동),구조용 금속 판제품 및 공작물 제조업 외 7종,051-555-8995
1952,(주)알케이테크,부산광역시 강서구 지사동 1381-2번지,기타 구조용 금속제품 제조업,051-972-7489
1953,(주)알코에스앤티,부산광역시 강서구 낙동남로622번길 75-1 (녹산동),자동차용 금속 압형제품 제조업 외 1종,051-441-5300
1954,(주)알통스포츠 ,부산광역시 기장군 장안읍 오리산단3로 57,절삭가공 및 유사처리업,070-8860-7271
1955,(주)알파로보틱스 ,부산광역시 기장군 장안읍 명례산단7로 30,산업용 로봇 제조업,051-316-3737
1956,(주)알파엘,"부산광역시 사상구 엄궁로 70-16, 304호 (엄궁동)",무기 및 총포탄 제조업 외 10종,070-4365-7255
1957,(주)알파이엔티,부산광역시 강서구 미음국제5로마길 17 (미음동),기타 반도체소자 제조업 외 1종,051-974-0644
1958,(주)알포산업  ,부산광역시 기장군 장안읍 장안산단6로 51,그 외 기타 전자부품 제조업 외 4종,051-727-7203
1959,(주)애니캐스팅 부산공장,부산광역시 강서구 녹산산단381로 8 (송정동),운송장비 조립용 플라스틱제품 제조업 외 1종,051-831-1147
1960,(주)애니홈,부산광역시 사하구 장평로 31 (장림동),수동식 식품 가공기기 및 금속 주방용기 제조업,051-264-7116
1961,(주)애드앤,"부산광역시 동래구 온천천로531번길 58, A동 1층 (안락동, 동국기전)",간판 및 광고물 제조업 외 5종,051-751-0583
1962,(주)애드원플러스,"부산광역시 영도구 동삼서로 52, 지하1층 101호 (동삼동, 장원빌라)",경 인쇄업 외 1종,070-4390-3851
1963,(주)애드한나,부산광역시 사상구 낙동대로1428번길 50 (삼락동),간판 및 광고물 제조업,051-634-0393
1964,(주)애로우윙즈,"부산광역시 해운대구 센텀6로 21, 7층 704 (우동, 인텔리움센텀)",비주거용 건물 임대업,051-755-2690
1965,(주)애크미컴퓨터,"부산광역시 사상구 모라로192번길 9 (모라동, 모라아파트형공장)",기타 게임 소프트웨어 개발 및 공급업,051-301-6688
1966,(주)앤드유하이테크,부산광역시 강서구 공항로393번길 23-1(대저2동),일반용 전기 조명장치 제조업,미등록
1967,(주)앤디스코리아,"부산광역시 기장군 장안읍 협동로 171, 제2동(1층)",강관 가공품 및 관 연결구류 제조업,051-722-2770
1968,(주)앤디스코리아,부산광역시 기장군 기장읍 청강로74번길 35-5,절삭가공 및 유사처리업,051-722-2770
1969,(주)앤써,부산광역시 강서구 가리새2로 7 (생곡동),금속탱크 및 저장용기 제조업 외 1종,051-831-3691
1970,(주)양산도에프엔비,"부산광역시 서구 원양로 1, B동 2층 203,204 (암남동, 수산가공선진화단지)","수산동물 훈제, 조리 및 유사 조제식품 제조업",051-256-2775
1971,(주)양지사,"부산광역시 부산진구 전포대로171번길 42 (전포동, 양지사)",기타 인쇄업 외 3종,051-802-1194
1972,(주)어나더푸드,부산광역시 금정구 금강로 397 (구서동),가금류 가공 및 저장 처리업,ARS-1644-1491
1973,(주)에그,"부산광역시 남구 신선로 428, 산학협력관 330 (용당동, 동명대학교)",기기용 자동측정 및 제어장치 제조업,051-611-7180
1974,(주)에너제닉,"부산광역시 동래구 아시아드대로246번길 17, 에이스빌딩 5층 (온천동)",기타 조명장치 제조업,051-504-0806
1975,(주)에너포스코리아   ,부산광역시 기장군 정관읍 산단2로 15-18,그 외 기타 분류 안된 금속 가공 제품 제조업,051-728-4278
1976,(주)에니스시스템,"부산광역시 사상구 삼덕로 56 (덕포동, 신림부동산)",배전반 및 전기 자동제어반 제조업,051-305-1180
1977,(주)에디넷,"부산광역시 동구 중앙대로308번길 3-6, 지하1층 (초량동)",컴퓨터 제조업 외 4종,051-465-0573
1978,(주)에버미라클부산지점,부산광역시 기장군 기장읍 차성로 343 (한국엠로) (총 2 필지),기타 기초 유기화학 물질 제조업,051-721-5286
1979,(주)에버스노,"부산광역시 해운대구 센텀북대로 60, B5층 B502 (재송동, 센텀 아이에스타워) B5층 B502호",비주거용 건물 임대업,051-780-8015
1980,(주)에버스틸,부산광역시 강서구 미음산단4로 193 (미음동),그 외 기타 1차 철강 제조업,051-328-4900
1981,(주)에버텍,부산광역시 강서구 가달1로 80 (생곡동),산업처리공정 제어장비 제조업,051-831-1441
1982,(주)에보션,"부산광역시 해운대구 센텀중앙로 60, 4층 407호(우동, 퍼스트인센텀)",기타 광학기기 및 사진기 제조업,070-7500-3663
1983,(주)에스.씨.피,부산광역시 사상구 새벽로45번길 17 (학장동),윤활유 및 그리스 제조업,051-328-3211
1984,(주)에스더블유그레이팅,부산광역시 강서구 가리새2로 11(생곡동),그 외 기타 일반목적용 기계 제조업 외 3종,051-323-7000
1985,(주)에스더블유그레이팅,부산광역시 사상구 학장로 231(학장동),구조용 금속 판제품 및 공작물 제조업 외 1종,051-323-7000
1986,(주)에스더블유글로벌,부산광역시 사상구 학감대로267번길 21 (감전동),모직물 직조업 외 1종,051-314-3101
1987,(주)에스디테크,부산광역시 강서구 화전산단6로102번길 15 (화전동),자동차 엔진용 신품 부품 제조업 외 2종,051-301-9919
1988,(주)에스디하이텍,부산광역시 사하구 다산로226번길 19 (장림동),도금업,055-381-1145
1989,(주)에스브이씨,부산광역시 강서구 미음국제5로 11 (미음동),기체 펌프 및 압축기 제조업,051-831-9013
1990,(주)에스브이에스,부산광역시 강서구 과학산단로 487 (지사동),"탭, 밸브 및 유사장치 제조업",051-972-8680
1991,(주)에스비알,"부산광역시 사상구 대동로 285 (감전동, (주)에스비알)","탭, 밸브 및 유사장치 제조업 외 2종",051-323-9411
1992,(주)에스비앤,"부산광역시 사상구 낙동대로1338번길 9 (삼락동, (주)에스비앤)",금속 단조제품 제조업 외 1종,051-301-3500
1993,(주)에스비이엔지,부산광역시 강서구 미음산단4로62번길 16 (미음동),절삭가공 및 유사처리업,051-832-0165
1994,(주)에스비정공,부산광역시 강서구 미음국제9로 65 (생곡동),자동차용 신품 동력전달장치 제조업 외 6종,051-831-5530
1995,(주)에스씨모빌리티,"부산광역시 사하구 다대로 624, 5층(다대동)",화학 살균.살충제 및 농업용 약제 제조업 외 1종,051-703-6156
1996,(주)에스씨모빌리티,부산광역시 강서구 설만길 33 (대저2동),볼트 및 너트류 제조업 외 25종,051-703-6156
1997,(주)에스아이시스템,부산광역시 기장군 장안읍 명례산단3로 107,"금속 문, 창, 셔터 및 관련제품 제조업 외 1종",051-631-0063
1998,(주)에스아이씨,부산광역시 강서구 낙동북로138번길 72 (강동동),운송장비 조립용 플라스틱제품 제조업 외 3종,미등록
1999,(주)에스아이홀푸드,부산광역시 사하구 다대로1066번길 45 (장림동),기타 수산동물 가공 및 저장 처리업 외 1종,051-265-5015
2000,(주)에스알씨,"부산광역시 남구 용호로252번길 11, 3층 (용호동)",기타 무선 통신장비 제조업 외 5종,051-412-6197
2001,(주)에스알테크,부산광역시 기장군 장안읍 명례산단4로 75,산업용 로봇 제조업,051-323-2901
2002,(주)에스앤더블류,부산광역시 사하구 다대로170번길 29 (신평동) (총 2 필지),볼트 및 너트류 제조업 외 9종,051-205-7411
2003,(주)에스앤씨메탈,부산광역시 강서구 미음산단3로 109 (미음동),금속 주조 및 기타 야금용 기계 제조업 외 1종,051-831-8973
2004,(주)에스앤씨메탈,부산광역시 강서구 녹산산단27로 5 (송정동),금속 주조 및 기타 야금용 기계 제조업,051-831-8973
2005,(주)에스앤씨코리아,부산광역시 사하구 을숙도대로569번길 11 (신평동),부직포 및 펠트 제조업 외 4종,051-202-2048
2006,(주)에스앤에스식품,부산광역시 사하구 다대로1066번길 38 (장림동),기타 수산동물 가공 및 저장 처리업 외 2종,051-262-6502
2007,(주)에스앤에프,부산광역시 북구 구만덕로60번길 34 (만덕동),치과기공물 제조업 외 2종,051-335-1110
2008,(주)에스에스에프,부산광역시 강서구 체육공원로26번길 102(대저1동),볼트 및 너트류 제조업,051-974-1130
2009,(주)에스에스엠,"부산광역시 강서구 가리새2로13번길 27, (주)에스에스엠 (생곡동)",선박 구성 부분품 제조업 외 1종,051-899-5205
2010,(주)에스에스테크마린컴퍼니,"부산광역시 금정구 금사로 160, 6층 일부 (회동동)",운송장비용 조명장치 제조업,미등록
2011,(주)에스에이치스틸,"부산광역시 사상구 대동로 217 (학장동, 삼화스틸)",그 외 기타 1차 철강 제조업,051-326-0013
2012,(주)에스에이치씨,부산광역시 금정구 반송로489번길 50 (금사동),기체 여과기 제조업,051-528-5676
2013,(주)에스에이치앤엠,부산광역시 강서구 녹산산단381로12번길 39 (송정동),기타 신발 제조업 외 1종,051-208-4012
2014,(주)에스에이치이,부산광역시 강서구 화전산단2로 69-8 (화전동),배전반 및 전기 자동제어반 제조업,051-261-8924
2015,(주)에스에이치이,부산광역시 사하구 장평로41번길 16 (장림동),배전반 및 전기 자동제어반 제조업,051-261-8924
2016,(주)에스에이치코리아,부산광역시 사하구 다산로 91 (다대동),기타 직물제품 제조업,051-264-9007
2017,(주)에스에이치코리아,부산광역시 사하구 다산로 6 (다대동),전기용 탄소제품 및 절연제품 제조업 외 1종,051-264-9007
2018,(주)에스에이치테크산업,"부산광역시 강서구 녹산산단261로59번길 23, (송정동 1565-2) (송정동)",도장 및 기타 피막처리업,051-941-2379
2019,(주)에스에이치팩,부산광역시 강서구 녹산산업북로 203 (송정동),유압기기 제조업,051-831-3838
2020,(주)에스에이치팩,부산광역시 강서구 화전산단5로 81 (화전동),유압기기 제조업,051-831-3838
2021,(주)에스에이테크,"부산광역시 사하구 하신중앙로27번길 17,  에이스밀 506호 (장림동)",전기용 탄소제품 및 절연제품 제조업,051-263-0048
2022,(주)에스엔비아,"부산광역시 북구 효열로 111, 502호,504호,505호,506호 (금곡동)",화장품 제조업 외 1종,051-513-1126
2023,(주)에스엔알에프에이,부산광역시 강서구 가락대로1397번길 157-9 (봉림동),디지털 적층 성형기계 제조업 외 2종,051-972-2696
2024,(주)에스엔에이,부산광역시 기장군 장안읍 장안산단7로 62,주형 및 금형 제조업 외 1종,051-728-5086
2025,(주)에스엔케이어패럴,"부산광역시 해운대구 센텀동로 71, 12층 1204호 (우동, 벽산이센텀클래스원2차)",셔츠 및 블라우스 제조업,051-781-3462
2026,(주)에스엔테크,부산광역시 금정구 공단동로55번길 5 (금사동),전시 및 광고용 조명장치 제조업 외 3종,051-531-0881
2027,(주)에스엘에프앤에프,부산광역시 기장군 장안읍 오리산단2로 59,가금류 가공 및 저장 처리업,051-851-5626
2028,(주)에스엘지,"부산광역시 동래구 금강로 132-1, 2층 (온천동)",기타 선박 건조업,051-553-9981
2029,(주)에스엠씨,"부산광역시 기장군 일광읍 기장대로 1047-7, 3층",유선 통신장비 제조업 외 3종,070-7327-3362
2030,(주)에스엠에스정보통신,"부산광역시 사상구 백양대로 752, 3층 (덕포동)",방송장비 제조업 외 2종,051-623-0008
2031,(주)에스엠에스정보통신,"부산광역시 연제구 거제대로114번길 8, 지하1층(거제동, 태영아트빌)",전시 및 광고용 조명장치 제조업 외 3종,051-623-0008
2032,(주)에스엠이앤시,"부산광역시 사하구 승학로 216, 101동 B101호 (괴정동, 보해이브빌)",방송장비 제조업 외 6종,051-803-4526
2033,(주)에스엠이엔지,부산광역시 사상구 낙동대로1302번길 46 (삼락동),그 외 기타 의료용 기기 제조업,051-305-8016
2034,(주)에스엠인더스트리,부산광역시 사하구 하신번영로 427 (하단동) (총 2 필지),그 외 기타 플라스틱 제품 제조업,051-207-1999
2035,(주)에스엠인터내셔날,"부산광역시 금정구 공단로 57,  2층 (금사동)",비 및 솔 제조업,051-891-2826
2036,(주)에스엠지아이,부산광역시 강서구 화전산단3로 108(화전동),압축 및 액화 가스용기 제조업,070-8802-1785
2037,(주)에스엠터치,부산광역시 사상구 삼덕로 10 (삼락동),전자감지장치 제조업 외 1종,051-305-9634
2038,(주)에스오엠,부산광역시 강서구 과학산단로 491 (지사동),선박 구성 부분품 제조업 외 1종,051-711-2030
2039,(주)에스원엠앤오,부산광역시 기장군 장안읍 오리산단3로 16,가정용 및 산업용 공기 조화장치 제조업 외 2종,051-714-2180
2040,(주)에스제이솔루션,"부산광역시 해운대구 반송로513번길 66-47, 2층 201호(석대동, 테크노타워)",전자부품 실장기판 제조업,051-807-1717
2041,(주)에스제이스틸,부산광역시 강서구 과학산단로333번길 107 (지사동),선박 구성 부분품 제조업 외 1종,051-972-3010
2042,(주)에스제이앤티에이,부산광역시 사상구 사상로 415 (모라동),기타 직물제품 제조업,051-301-6010
2043,(주)에스제이이엔티,부산광역시 기장군 정관읍 용수공단2길 34,"플라스틱 선, 봉, 관 및 호스 제조업",051-521-2277
2044,(주)에스제이테크윈,부산광역시 강서구 제도로1041번길 236-6 (강동동),주형 및 금형 제조업,051-714-3327
2045,(주)에스제이푸드,부산광역시 서구 원양로 87 (암남동),기타 수산동물 가공 및 저장 처리업 외 2종,051-231-7916
2046,(주)에스제이하이텍,부산광역시 사상구 낙동대로1468번길 39 (삼락동),산업용 로봇 제조업,051-322-6003
2047,(주)에스제이하이텍,부산광역시 사상구 가야대로195번길 40 (주례동),산업용 로봇 제조업,051-322-6003
2048,(주)에스지라이뮤,"부산광역시 금정구 놀이마당로 29-1,  청룡동 (청룡동)",그 외 기타 의료용 기기 제조업 외 1종,051-518-5834
2049,(주)에스지신소재,"부산광역시 강서구 녹산산단382로14번길 55, 214호 (송정동, 부산광역시 신발산업진흥센타)",그 외 기타 특수목적용 기계 제조업,051-831-2824
2050,(주)에스케이엠티,부산광역시 강서구 화전산단2로 87(화전동),자동차 엔진용 신품 부품 제조업,051-972-8496
2051,(주)에스케이엠티,부산광역시 강서구 화전산단2로 91 (화전동),자동차 엔진용 신품 부품 제조업 외 1종,051-972-8496
2052,(주)에스케이유니온,부산광역시 영도구 해양로 24 (청학동),선박 구성 부분품 제조업,051-741-9881
2053,(주)에스케이케이스틸,부산광역시 기장군 정관면 산단6로 12-26 (정관면),강관 제조업 외 1종,051-808-1231
2054,(주)에스케이케이스틸,부산광역시 기장군 정관면 산단5로 103-25,주형 및 금형 제조업 외 2종,051-808-1231
2055,(주)에스케이피,"부산광역시 남구 용호로159번길 94 (용호동, .)",그 외 기타 전기장비 제조업,051-625-7117
2056,(주)에스콤스,부산광역시 강서구 녹산산업북로 33 (송정동),전기경보 및 신호장치 제조업,070-8624-8118
2057,(주)에스테크,"부산광역시 강서구 녹산산단77로 17, 에이동 2층(송정동) (송정동)","물질 검사, 측정 및 분석기구 제조업 외 3종",051-831-6174
2058,(주)에스티산업,부산광역시 강서구 대저중앙로393번길 84 (대저1동),일반용 전기 조명장치 제조업 외 1종,051-755-0614
2059,(주)에스티에스로보테크,부산광역시 사상구 새벽로17번길 28(학장동),"탭, 밸브 및 유사장치 제조업 외 1종",051-327-9511
2060,(주)에스티에스로보테크,부산광역시 사상구 대동로223번길 7(학장동),그 외 기타 전자부품 제조업 외 3종,051-328-8858
2061,(주)에스티에스로보테크,부산광역시 사상구 새벽로17번길 41(학장동),그 외 기타 전자부품 제조업 외 6종,051-328-8878
2062,(주)에스티에스로보테크,부산광역시 사상구 대동로223번길 3(학장동),산업용 로봇 제조업 외 4종,051-328-8858
2063,(주)에스티에스정밀,부산광역시 사상구 장인로77번길 14 (학장동),"탭, 밸브 및 유사장치 제조업 외 3종",051-327-9511
2064,(주)에스티에스정밀,부산광역시 사상구 감전천로 188 (학장동),"탭, 밸브 및 유사장치 제조업 외 3종",051-327-9511
2065,(주)에스티엘,부산광역시 강서구 미음국제2로 110(미음동),절삭가공 및 유사처리업 외 3종,051-711-7940
2066,(주)에스티엠테크,부산광역시 강서구 낙동남로666번길 48(녹산동),그 외 기타 특수목적용 기계 제조업,미등록
2067,(주)에스티원,부산광역시 기장군 정관읍 용수공단2길 41,그 외 기타 의료용 기기 제조업 외 1종,055-322-3602
2068,(주)에스피,부산광역시 영도구 해양로57번길 13 (청학동),선박 구성 부분품 제조업,051-412-2684
2069,(주)에스피아이앤티,부산광역시 강서구 화전산단5로84번길 33 (화전동),절삭가공 및 유사처리업 외 4종,051-831-0941
2070,(주)에스피에이,부산광역시 강서구 과학산단2로19번길 53 (지사동),그 외 자동차용 신품 부품 제조업 외 3종,053-856-7875
2071,(주)에쓰엠메탈,부산광역시 강서구 과학산단로369번길 33 (지사동),"탭, 밸브 및 유사장치 제조업 외 1종",051-831-8751
2072,(주)에어로피에치이,부산광역시 강서구 과학산단1로 115 (지사동),"증류기, 열교환기 및 가스발생기 제조업 외 4종",02-383-1058
2073,(주)에이.텍한독,부산광역시 사상구 학감대로 169 (학장동),동력식 수지공구 제조업,051-328-2111
2074,(주)에이넷시스템,"부산광역시 사상구 모라로 22, 10층 1011호(부산벤처타워) (모라동)",유선 통신장비 제조업 외 3종,051-314-7701
2075,(주)에이디엠,부산광역시 강서구 공작길 64 (강동동),육상 금속 골조 구조재 제조업 외 20종,051-331-0014
2076,(주)에이로,"부산광역시 사상구 사상로 363 (덕포동, (주)에이로)",그 외 기타 고무제품 제조업 외 2종,051-301-6525
2077,(주)에이비씨,부산광역시 강서구 제도로 1192 (강동동),그 외 기타 특수목적용 기계 제조업,051-711-1720
2078,(주)에이비씨,"부산광역시 강서구 과학산단1로60번길 30, 4동 303호(지사동)",컨베이어장치 제조업,051-711-1726
2079,(주)에이비케이,부산광역시 사하구 다산로106번길 57 (다대동),그 외 금속 압형제품 제조업,070-8184-8012
2080,(주)에이스원메디텍,"부산광역시 사상구 모라로110번길 73, 202호, 203호 (모라동, 모라아파트형공장)",치과기공물 제조업 외 2종,051-313-3565
2081,(주)에이스유나이티드,부산광역시 사상구 낙동대로1420번길 17 (삼락동),기타 신발 제조업 외 1종,051-301-3110
2082,(주)에이스켐텍,부산광역시 강서구 녹산산단262로13번길 7 (송정동),접착제 및 젤라틴 제조업,미등록
2083,(주)에이알,부산광역시 사하구 구평로 27 (구평동),산업용 냉장 및 냉동 장비 제조업,051-265-6661
2084,(주)에이앤티시스템,"부산광역시 기장군 장안읍 명례산단4로 135, (명례리 897-1)",선박 구성 부분품 제조업 외 2종,051-728-3531
2085,(주)에이에스정보통신,"부산광역시 부산진구 당감로17번길 90,  무궁화상가 107 105 (당감동)",방송장비 제조업,051-897-1456
2086,(주)에이엔지,부산광역시 강서구 낙동남로622번길 80 (녹산동),육상 금속 골조 구조재 제조업 외 1종,051-316-4940
2087,(주)에이엠글로벌글라스,부산광역시 기장군 정관읍 산단3로 91-6,구조용 금속 판제품 및 공작물 제조업 외 1종,031-8028-2378
2088,(주)에이엠씨,"부산광역시 사하구 하신중앙로27번길 17, 본동동 5층 502 (장림동, 에이스밀)",배전반 및 전기 자동제어반 제조업,051-465-1830
2089,(주)에이웍스,"부산광역시 남구 신선로 428, 산학협력관 406호 (용당동, 동명대학교)",기타 무선 통신장비 제조업,051-959-3226
2090,(주)에이원파워텍,"부산광역시 수영구 과정로 25, 2층, 3층(망미동, 성공빌딩)",전기경보 및 신호장치 제조업 외 2종,051-805-6252
2091,(주)에이제이에프에프,부산광역시 강서구 녹산산단381로40번길 51(송정동),절삭가공 및 유사처리업 외 1종,051-832-9706
2092,(주)에이젠코어  ,"부산광역시 기장군 정관읍 산단4로 33, 1층 ",기타 조명장치 제조업,070-4772-8598
2093,(주)에이취 디알,"부산광역시 사상구 모덕로108번길 38 (덕포동, DK공업사(주))",체외 진단 시약 제조업 외 1종,051-303-8949
2094,(주)에이치디씨,부산광역시 해운대구 반여로185번길 37 (반여동),도시락류 제조업,051-903-6832
2095,(주)에이치디엠테크,"부산광역시 금정구 공단동로41번길 10,  보림팩토피아 804호 (금사동)","탭, 밸브 및 유사장치 제조업 외 27종",051-580-5300
2096,(주)에이치비티,"부산광역시 기장군 일광면 횡계길 7, 비-102 (해양생물산업육성센터)",기타 비알코올 음료 제조업,051-723-9800
2097,(주)에이치산업,부산광역시 사하구 다산로53번길 66 (다대동),어망 및 기타 끈 가공품 제조업,051-266-5272
2098,(주)에이치에스엠이,부산광역시 강서구 화전산단5로 8 (화전동),볼트 및 너트류 제조업 외 3종,051-264-7700
2099,(주)에이치엘 엘리베이터,부산광역시 기장군 장안읍 장안산단8로 110,승강기 제조업,055-372-6923
2100,(주)에이치엘 엘리베이터,부산광역시 기장군 장안읍 반룡산단1로 55,승강기 제조업,055-372-6923
2101,(주)에이치엠씨,부산광역시 해운대구 센텀중앙로 48 (우동) 에이스하이테크21,유선 통신장비 제조업 외 3종,051-920-2500
2102,(주)에이치엠정공,부산광역시 강서구 과학산단2로19번길 49 (지사동),그 외 기타 특수목적용 기계 제조업 외 1종,051-972-5464
2103,(주)에이치제이메탈,부산광역시 기장군 정관면 산단1로 66-21 ((주)보은금속),그 외 자동차용 신품 부품 제조업 외 3종,051-727-8357
2104,(주)에이치제이테크,부산광역시 강서구 미음산단4로 55(미음동),그 외 기타 1차 철강 제조업 외 2종,055-715-5518
2105,(주)에이치케이이,부산광역시 영도구 남항서로104번길 6 (남항동2가),내연기관 제조업,051-415-2494
2106,(주)에이치케이이엔티,부산광역시 강서구 가리새1로17번길 10 (생곡동),그 외 기타 일반목적용 기계 제조업 외 3종,051-941-5877
2107,(주)에이치티비,부산광역시 강서구 녹산산업중로 32-9 (송정동),기타 구조용 금속제품 제조업,미등록
2108,(주)에이치티씨,부산광역시 사상구 감전천로 71 (감전동),도장 및 기타 피막처리업,051-314-9922
2109,(주)에이텍,"부산광역시 해운대구 센텀중앙로 48, 에이스하이테크21 10층 10 (우동)",그 외 기타 전자부품 제조업 외 1종,051-741-6497
2110,(주)에이텍한독,부산광역시 사상구 감전천로 186(학장동),분사기 및 소화기 제조업,051-328-2111
2111,(주)에이피엠테크놀러지스 ,부산광역시 기장군 장안읍 장안산단9로 65,배전반 및 전기 자동제어반 제조업,02-545-6286
2112,(주)에임테크,부산광역시 기장군 기장읍 청강로74번길 24 (우리하이샤시),기타 구조용 금속제품 제조업,051-744-5222
2113,(주)에코그린,"부산광역시 강서구 과학산단1로60번길 31, 시험생산동 2층 206 (지사동)",복합비료 및 기타 화학비료 제조업,070-4116-0426
2114,(주)에코마인  2공장,부산광역시 기장군 일광면 횡계길 7,화장품 제조업,051-808-2778
2115,(주)에코미네랄,"부산광역시 금정구 반송로490번길 38-1, 2층(금사동)",화장품 제조업 외 4종,051-714-4292
2116,(주)에코샌드,부산광역시 강서구 생곡산단1로24번길 20 (생곡동),그 외 기타 분류 안된 비금속 광물제품 제조업 외 4종,051-907-5555
2117,(주)에코소일,"부산광역시 사하구 을숙도대로755번길 98, 1층 (구평동)",그 외 기타 달리 분류되지 않은 제품 제조업 외 1종,051-261-3589
2118,(주)에코에너지기술연구소,"부산광역시 강서구 과학산단1로60번길 30,  (지사동,1274) (지사동)","증류기, 열교환기 및 가스발생기 제조업",051-974-9182
2119,(주)에코인슈텍,부산광역시 기장군 정관읍 정관로 232-44,기타 건축용 플라스틱 조립제품 제조업,051-529-1235
2120,(주)에코코어기술,"부산광역시 기장군 정관읍 매곡길 10, (주)에코코어기술",그 외 기타 분류 안된 화학제품 제조업 외 1종,051-727-3161
2121,(주)에프아이티몰드,부산광역시 사상구 낙동대로1356번길 42(삼락동),주형 및 금형 제조업,051-327-1267
2122,(주)에프엔지,부산광역시 강서구 상덕로119번길 68-20 (강동동),"탭, 밸브 및 유사장치 제조업",051-941-6070
2123,(주)에프피,부산광역시 사상구 학장로248번길 17 (학장동),액정 표시장치 제조업,051-624-0912
2124,(주)엑소,부산광역시 강서구 유통단지1로132번길 20 (대저2동),그 외 기타 일반목적용 기계 제조업 외 3종,051-302-1006
2125,(주)엑소티알,부산광역시 강서구 유통단지1로132번길 20 (대저2동),그 외 자동차용 신품 부품 제조업 외 4종,051-302-1006
2126,(주)엑스토리,"부산광역시 동래구 아시아드대로 지하232, 15호(온천동, 도시철도 미남역)",그 외 기타 분류 안된 금속 가공 제품 제조업 외 1종,051-505-2426
2127,(주)엑스퍼  ,부산광역시 기장군 장안읍 반룡산단1로 58,기타 건축용 나무제품 제조업,051-637-3993
2128,(주)엑토,"부산광역시 사상구 사상로355번길 9 (덕포동, (주)엑토)",기타 주변기기 제조업,051-302-9981
2129,(주)엔보이비젼,"부산광역시 사하구 하신중앙로27번길 17, 3층 303호 (장림동, 에이스밀), 304호, 305호",안경 및 안경렌즈 제조업 외 1종,051-263-0125
2130,(주)엔스틸앤머터리얼즈,부산광역시 기장군 장안읍 에코산단2로 70,"탭, 밸브 및 유사장치 제조업",051-714-3353
2131,(주)엔시스,부산광역시 북구 만덕1로104번가길 24 (만덕동),"전자기 측정, 시험 및 분석기구 제조업 외 3종",051-532-9111
2132,(주)엔씨제이방화문,부산광역시 기장군 정관읍 용수공단2길 25,"금속 문, 창, 셔터 및 관련제품 제조업",051-728-7350
2133,(주)엔아이지관,"부산광역시 동래구 명장로63번길 120 (명장동, (주)부산어패럴)",골판지 제조업 외 1종,051-526-1155
2134,(주)엔에스케이,부산광역시 강서구 녹산화전로 23 (송정동),"금속 문, 창, 셔터 및 관련제품 제조업 외 11종",051-831-9789
2135,(주)엔에이치메탈,부산광역시 사상구 대동로223번길 10 (학장동),금속 절삭기계 제조업,051-311-4080
2136,(주)엔에프  ,부산광역시 기장군 장안읍 신소재산단1로 24,그 외 기타 의료용 기기 제조업 외 4종,051-505-1192
2137,(주)엔에프 제1공장,부산광역시 기장군 기장읍 기장대로413번길 86,가정용 및 산업용 공기 조화장치 제조업 외 5종,051-505-1192
2138,(주)엔에프 제2공장,부산광역시 기장군 기장읍 배산로68번길 13 (기장읍),가정용 및 산업용 공기 조화장치 제조업 외 2종,051-505-1192
2139,(주)엔엘피,부산광역시 기장군 일광면 화전2길 86-103 ((주)엔엘피),기초 의약 물질 제조업 외 1종,051-722-8377
2140,(주)엔엠씨,부산광역시 사하구 신산로 140 (신평동),자동차용 신품 동력전달장치 제조업,051-919-0501
2141,(주)엔와이일렉트릭,부산광역시 영도구 남항남로19번길 53 (남항동2가),배전반 및 전기 자동제어반 제조업 외 1종,051-415-3005
2142,(주)엔젤,부산광역시 사상구 새벽시장로 74 (감전동),그 외 기타 달리 분류되지 않은 제품 제조업 외 2종,051-326-3004
2143,(주)엔젤,부산광역시 강서구 미음산단3로 77(미음동),주방용 전기기기 제조업,051-204-3004
2144,(주)엔존비앤에프,"부산광역시 사상구 대동로 303, 1004호 (감전동, 부산디지털밸리아파트형공장)",수산식물 가공 및 저장 처리업,051-329-8441
2145,(주)엔지텍,부산광역시 강서구 녹산산단261로59번길 46 (송정동),기체 여과기 제조업,051-628-6740
2146,(주)엔케이,부산광역시 강서구 과학산단로 194-11 (지사동),그 외 기타 금속가공업 외 3종,051-899-0207
2147,(주)엔케이 에더먼트,부산광역시 강서구 미음산단1로15번길 5 (구랑동),그 외 기타 금속가공업 외 16종,051-831-5001
2148,(주)엔케이티,부산광역시 강서구 상덕로 125 (강동동),선박 구성 부분품 제조업,051-317-6200
2149,(주)엔테크,부산광역시 강서구 체육공원로6번길 211 (대저1동),감광재료 및 관련 화학제품 제조업,051-973-4553
2150,(주)엔티파크,부산광역시 강서구 강동중곡3길 115 (강동동),"체조, 육상 및 체력단련용 장비 제조업 외 1종",051-314-1305
2151,(주)엔팩에스앤지,부산광역시 영도구 태종로 727 (동삼동) 한국해양대학교,그 외 기타 전기장비 제조업,051-206-8866
2152,(주)엔팩코리아,부산광역시 사상구 엄궁로 70-16 (엄궁동) 부산테크노파크 엄궁단지,그 외 기타 전기장비 제조업,051-206-8866
2153,(주)엔피알티,부산광역시 사하구 을숙도대로873번길 10 (감천동),산업용 냉장 및 냉동 장비 제조업,051-312-4317
2154,(주)엘디정공,부산광역시 사하구 다산로 50 (다대동),절삭가공 및 유사처리업 외 8종,051-262-4350
2155,(주)엘라켐,부산광역시 사하구 다산로53번길 31 (다대동),철도차량 부품 및 관련 장치물 제조업,051-301-4947
2156,(주)엘로이미디어,"부산광역시 동래구 중앙대로1473번길 8, 3층(온천동, 보광빌딩)",전시 및 광고용 조명장치 제조업,070-4060-1001
2157,(주)엘로이미디어,부산광역시 남구 신선로 365 (용당동) 부경대학교용당캠퍼스,전시 및 광고용 조명장치 제조업,070-4060-1001
2158,(주)엘림하이텍,부산광역시 강서구 대저중앙로 355 (대저1동),주형 및 금형 제조업,051-321-0050
2159,(주)엘스콤,부산광역시 사상구 대동로 281 (감전동),"전기회로 개폐, 보호장치 제조업 외 3종",051-315-8990
2160,(주)엘앤비기술,"부산광역시 연제구 미남로 5, 지하 1층(거제동, 희천빌딩)",방송장비 제조업 외 10종,051-851-3400
2161,(주)엘앤비기술,"부산광역시 동래구 아시아드대로208번길 57, 한일빌딩 2층 (온천동)",방송장비 제조업 외 10종,051-851-3400
2162,(주)엘앤비기술,"부산광역시 연제구 미남로 3,  엘앤비빌딩 (거제동)",방송장비 제조업 외 8종,051-851-3400
2163,(주)엘에스공조산업,부산광역시 강서구 낙동북로138번길 86-14 (강동동),구조용 금속 판제품 및 공작물 제조업,051-758-3287
2164,(주)엘엔에스테크,부산광역시 강서구 공항로1207번길 39 (대저1동),금속 절삭기계 제조업,051-831-1256
2165,(주)엘엔케이머시닝,부산광역시 강서구 화전산단5로14번길 30 (화전동),유압기기 제조업 외 1종,051-208-7529
2166,(주)엘엔케이테크,부산광역시 강서구 낙동북로126번길 37-17 (강동동),구조용 금속 판제품 및 공작물 제조업 외 64종,051-973-3997
2167,(주)엘이디소프트,"부산광역시 사상구 엄궁로 70-16, 부산테크노파크 402호 (엄궁동)",일반용 전기 조명장치 제조업,ARS-1577-4050
2168,(주)엘이디소프트,"부산광역시 남구 신선로 365, 6공학관 213-1호(용당동, 부경대학교용당캠퍼스)",일반용 전기 조명장치 제조업 외 2종,051-337-0177
2169,(주)엘이디싸인아트,"부산광역시 사상구 모라로110번길 73, 102호 (모라동, 모라아파트형공장)",전시 및 광고용 조명장치 제조업 외 2종,051-316-8567
2170,(주)엘제이 이앤에스,부산광역시 사하구 다산로175번길 51 (다대동),분사기 및 소화기 제조업 외 1종,051-711-0188
2171,(주)엘제이기업,부산광역시 강서구 녹산산업중로 219 (송정동),그 외 기타 분류 안된 금속 가공 제품 제조업,051-3190-0115
2172,(주)엘큐어,"부산광역시 북구 금곡대로550번길 26, 지하1층 (금곡동)",화장품 제조업,051-904-1351
2173,(주)엘텍,부산광역시 강서구 낙동북로138번길 120-13 (강동동),승강기 제조업,051-973-3357
2174,(주)엠디컴퍼니,부산광역시 기장군 장안읍 명례산단1로 152,육상 금속 골조 구조재 제조업,051-861-7787
2175,(주)엠바이지,부산광역시 영도구 남항서로 42 (남항동3가),항공기용 부품 제조업 외 32종,051-415-0970
2176,(주)엠씨공조,부산광역시 강서구 대저중앙로286번길 141-1 (대저1동),가정용 및 산업용 공기 조화장치 제조업 외 1종,미등록
2177,(주)엠씨엠,부산광역시 강서구 미음산단3로 37 (미음동),선박 구성 부분품 제조업 외 5종,051-832-0505
2178,(주)엠아이티,"부산광역시 사상구 대동로 303,  벽산디지털밸리 212호 (감전동)","물질 검사, 측정 및 분석기구 제조업",051-329-7444
2179,(주)엠아이플래닝,"부산광역시 강서구 미음산단로 131, 2층(구랑동)",교통 신호장치 제조업,051-941-7160
2180,(주)엠알씨이,부산광역시 강서구 녹산산단289로 28 (송정동),배전반 및 전기 자동제어반 제조업 외 2종,051-831-0591
2181,(주)엠알테크,부산광역시 강서구 미음산단4로 39 (미음동),선박 구성 부분품 제조업,051-292-3700
2182,(주)엠앤씨이엔지,부산광역시 강서구 화전산단2로 69-8 (화전동),배전반 및 전기 자동제어반 제조업,051-261-8924
2183,(주)엠에스디앤티,"부산광역시 금정구 수림로 22-11, 1층 (부곡동)",간판 및 광고물 제조업,051-900-6513
2184,(주)엠에스산전,부산광역시 사상구 광장로20번길 58-75 (괘법동),산업처리공정 제어장비 제조업,051-328-4437
2185,(주)엠에스에프,부산광역시 강서구 화전산업대로 272-27(녹산동),기타 직물제품 제조업,미등록
2186,(주)엠에스테크,부산광역시 강서구 영강길 58 (명지동),그 외 기타 전기장비 제조업,051-261-2517
2187,(주)엠에스테크노코리아,부산광역시 해운대구 송정동 521-4 번지,배전반 및 전기 자동제어반 제조업,051-704-3377
2188,(주)엠에스티,부산광역시 기장군 정관읍 산단4로 94,주형 및 금형 제조업 외 1종,051-727-6789
2189,(주)엠에스티,부산광역시 기장군 정관읍 산단4로 93 (정관읍),주형 및 금형 제조업 외 1종,051-727-6789
2190,(주)엠에스푸드,부산광역시 사하구 감천항로 253-2 (구평동),수산동물 냉동품 제조업,051-243-7424
2191,(주)엠에이에스   ,부산광역시 기장군 장안읍 오리산단7로 8,기타 식품 첨가물 제조업 외 1종,051-747-8511
2192,(주)엠에이치수산,부산광역시 사하구 다대로1066번길 61-3 (장림동),반려동물용 사료 제조업 외 2종,051-321-2342
2193,(주)엠엘에스,"부산광역시 해운대구 센텀북대로 60, 15층 1508 (재송동, 센텀 아이에스타워)",인쇄회로기판용 적층판 제조업,055-313-3132
2194,(주)엠이티,"부산광역시 사상구 사상로356번길 53, 3층(덕포동)",기타 신발 제조업,070-4110-0529
2195,(주)엠이티,부산광역시 사하구 장평로 47 (장림동),배전반 및 전기 자동제어반 제조업,051-944-4834
2196,(주)엠제이락,부산광역시 사하구 신산북로 53 (신평동),"탭, 밸브 및 유사장치 제조업",051-291-7383
2197,(주)엠제이티,부산광역시 사상구 낙동대로1002번길 47 (감전동),"탭, 밸브 및 유사장치 제조업",051-328-2400
2198,(주)엠제이티,부산광역시 강서구 미음국제9로 3 (생곡동),"탭, 밸브 및 유사장치 제조업",051-328-2400
2199,(주)엠제이티,부산광역시 사상구 장인로77번길 133 (학장동),"탭, 밸브 및 유사장치 제조업",051-328-2400
2200,(주)엠제이티,부산광역시 사상구 낙동대로1016번길 30(감전동),"탭, 밸브 및 유사장치 제조업",051-328-2400
2201,(주)엠제이티,부산광역시 사상구 가야대로12번길 39(감전동),"탭, 밸브 및 유사장치 제조업",051-328-2400
2202,(주)엠제이티,부산광역시 사상구 새벽로77번길 74 (학장동),"탭, 밸브 및 유사장치 제조업",051-328-2400
2203,(주)엠제이티,부산광역시 사상구 새벽로77번길 82 (학장동),"탭, 밸브 및 유사장치 제조업",051-328-2400
2204,(주)엠지에이치,"부산광역시 수영구 망미로 4, 3층(망미동)",육류 포장육 및 냉동육 가공업 (가금류 제외),051-866-4750
2205,(주)엠텍오토,부산광역시 사상구 사상로401번길 70(덕포동),그 외 자동차용 신품 부품 제조업,051-304-0874
2206,(주)엠텍통신,부산광역시 영도구 산업로 15 (청학동),기타 무선 통신장비 제조업,051-418-6007
2207,(주)엠티이,"부산광역시 영도구 남항남로 23-5 (남항동3가, (주)D.S.K공장)",선박 구성 부분품 제조업,051-415-3177
2208,(주)엠팩,부산광역시 강서구 제도로1041번길 540 (강동동),육상 금속 골조 구조재 제조업 외 33종,070-8201-5281
2209,(주)엠팩토리,부산광역시 강서구 대저로89번가길 22-1 (대저1동),구조용 금속 판제품 및 공작물 제조업,051-557-8702
2210,(주)연일엔지니어링,부산광역시 강서구 가리새1로17번길 21 (생곡동),산업처리공정 제어장비 제조업 외 6종,미등록
2211,(주)연일정보통신,"부산광역시 중구 동영로93번길 4-2, 1층 (영주동)",유선 통신장비 제조업 외 3종,051-441-8800
2212,(주)연진웰텍,부산광역시 강서구 미음산단4로 70(미음동),그 외 기타 금속가공업,051-941-3491
2213,(주)염성테크 부산지점,부산광역시 강서구 화전산단6로114번길 14(화전동),그 외 기타 분류 안된 금속 가공 제품 제조업,051-941-1369
2214,(주)영경테크,부산광역시 강서구 녹산산단262로49번길 8 (송정동),강관 제조업 외 1종,051-831-9841
2215,(주)영광정밀,부산광역시 기장군 정관읍 매학리 475-14번지,그 외 자동차용 신품 부품 제조업 외 3종,051-728-6184
2216,(주)영동스텐레스,부산광역시 사하구 하신번영로 397 (하단동),주철관 제조업,051-293-0840
2217,(주)영동제일특수강,"부산광역시 사상구 장인로 11 (감전동, 영동제일특수강)",그 외 기타 1차 철강 제조업,051-322-5431
2218,(주)영동테크,부산광역시 강서구 녹산산업중로167번길 12 (송정동),절삭가공 및 유사처리업 외 1종,051-941-9270
2219,(주)영림테크,부산광역시 강서구 과학산단1로 25 (지사동),그 외 자동차용 신품 부품 제조업,051-941-7551
2220,(주)영성테크글로벌,부산광역시 강서구 녹산산단289로 83 (송정동),유압기기 제조업,051-293-4539
2221,(주)영신금속,부산광역시 사상구 하신번영로 471 (엄궁동),그 외 기타 1차 철강 제조업,051-315-9269
2222,(주)영신스틸,부산광역시 강서구 가달1로 33(생곡동),절삭가공 및 유사처리업,051-311-2742
2223,(주)영신스틸,부산광역시 강서구 녹산산업북로 438 (송정동),절삭가공 및 유사처리업,051-972-2886
2224,(주)영신시스템,부산광역시 기장군 기장읍 배산로56번길 1 ((주)영신시스템) (총 2 필지),배전반 및 전기 자동제어반 제조업,051-724-2531
2225,(주)영우물산,"부산광역시 사상구 새벽시장로29번길 45 (감전동, 영우물산)",기타 가공 공작기계 제조업,051-324-3900
2226,(주)영우산업,부산광역시 사하구 다산로 52 (다대동),"전기회로 개폐, 보호장치 제조업",051-266-1986
2227,(주)영웅테크,부산광역시 강서구 신호산단1로 220-12 (신호동),금속 단조제품 제조업,051-941-5931
2228,(주)영원실업,"부산광역시 사상구 낙동대로 1460 (삼락동, (주)영원실업)",그 외 기타 분류 안된 섬유제품 제조업 외 5종,051-303-1444
2229,(주)영일스틸,부산광역시 강서구 미음산단4로 166 (미음동),그 외 기타 1차 철강 제조업,051-312-2305
2230,(주)영일신소재,부산광역시 사상구 사상로425번길 42 (모라동),신발 부분품 제조업 외 2종,051-301-4943
2231,(주)영일인덱스,부산광역시 사상구 사상로571번길 11 (모라동),그 외 기타 전자부품 제조업,051-305-2282
2232,(주)영진,부산광역시 사상구 학감대로178번길 67 (학장동),금속 주조 및 기타 야금용 기계 제조업,051-315-7673
2233,(주)영진메카텍 녹산공장,부산광역시 강서구 녹산산업중로 232 (송정동),도금업,051-832-0356
2234,(주)영진블루텍,부산광역시 강서구 범방2로 36 (미음동),선박 구성 부분품 제조업,051-831-5097
2235,(주)영진소재   ,부산광역시 기장군 장안읍 반룡산단2로 37,그 외 자동차용 신품 부품 제조업,051-311-6470
2236,(주)영진엘리베이터,부산광역시 기장군 장안읍 오리산단3로 58,승강기 제조업,051-784-7043
2237,(주)영진엘리베이터 ,부산광역시 기장군 장안읍 오리산단7로 25,승강기 제조업,051-784-7043
2238,(주)영진이엔지,부산광역시 사하구 하신중앙로54번길 34 (장림동),그 외 자동차용 신품 부품 제조업 외 3종,051-262-4471
2239,(주)영진하이테크,부산광역시 강서구 가리새1로25번길 14 (생곡동),선박 구성 부분품 제조업,070-8835-0705
2240,(주)영창금속,부산광역시 강서구 미음산단3로 6(미음동),그 외 기타 금속가공업,051-322-7552
2241,(주)영창기술원,"부산광역시 사상구 대동로 303, 414호 (감전동, 부산디지털밸리아파트형공장)",고무패킹류 제조업 외 16종,051-329-8400
2242,(주)영창시스템,"부산광역시 동래구 온천천로269번길 36 (수안동, 영창시스템)",배전반 및 전기 자동제어반 제조업 외 7종,051-553-5600
2243,(주)영창에코,부산광역시 사상구 낙동대로901번길 40 (감전동),신발 부분품 제조업,051-301-7793
2244,(주)영케미칼부산지점 ,"부산광역시 금정구 개좌로 273-20, 2층 207호  (회동동)",그 외 기타 의료용 기기 제조업,055-356-1361
2245,(주)영폴리머,부산광역시 기장군 장안읍 장안산단9로 135,그 외 자동차용 신품 부품 제조업 외 3종,051-728-5326
2246,(주)영폴리머,부산광역시 기장군 정관면 농공길 13-72,합성수지 및 기타 플라스틱 물질 제조업 외 6종,051-728-5326
2247,(주)영풍제화,부산광역시 강서구 공항로1309번가길 21 (대저1동),구두류 제조업 외 1종,051-972-0222
2248,(주)영호분체,부산광역시 강서구 녹산산업중로 57 (송정동),도장 및 기타 피막처리업,051-971-3382
2249,(주)영호정밀,부산광역시 기장군 정관읍 산단6로 12-16 ((주)영호정밀),그 외 자동차용 신품 부품 제조업 외 3종,051-728-4342
2250,(주)영호정밀 달산지점,부산광역시 기장군 정관읍 산단2로 6-25,그 외 자동차용 신품 부품 제조업 외 3종,051-728-4342
2251,(주)영화산업,부산광역시 사하구 보덕포1길 90 (장림동),강주물 주조업,051-264-6853
2252,(주)영화케이스틸,"부산광역시 강서구 녹산산단262로50번길 19, (송정동,1760-2) (송정동)",철강선 제조업,051-831-8280
2253,(주)예스텍,"부산광역시 동래구 충렬사로67번길 11, 지하1층 B101호 (명장동)",유선 통신장비 제조업 외 9종,051-710-1010
2254,(주)예스하이텍,부산광역시 사하구 하신중앙로17번길 12-2 (장림동),"증류기, 열교환기 및 가스발생기 제조업",051-972-0002
2255,(주)예신,"부산광역시 해운대구 센텀동로 35, 4층 410 (우동, 센텀SH밸리)",주방용 전기기기 제조업,051-746-2793
2256,(주)예원강건,부산광역시 북구 구만덕로60번길 38 (만덕동),"금속 문, 창, 셔터 및 관련제품 제조업",051-342-1521
2257,(주)예인엠텍,부산광역시 사상구 학장로 55 (학장동),절삭가공 및 유사처리업 외 1종,051-322-3387
2258,(주)예홈퍼니처,부산광역시 기장군 장안읍 반룡산단1로 50,"박판, 합판 및 유사 적층판 제조업 외 2종",051-758-3535
2259,(주)오런,부산광역시 사상구 농산물시장로 6 (엄궁동),기타 편조의복 액세서리 제조업,051-818-0586
2260,(주)오리엔스금속,부산광역시 기장군 기장읍 죽성로 197,볼트 및 너트류 제조업 외 2종,051-720-7421
2261,(주)오리엔탈정공,부산광역시 강서구 녹산산단289로 6 (송정동),선박 구성 부분품 제조업,051-202-0101
2262,(주)오리엔탈정공,부산광역시 강서구 녹산산업중로 381 (송정동),선박 구성 부분품 제조업,051-831-8899
2263,(주)오리엔탈정밀기계,부산광역시 강서구 녹산산단289로 25 (송정동),선박 구성 부분품 제조업,051-290-0705
2264,(주)오리엔탈코머스,부산광역시 사하구 다산로 207 (다대동),표면처리 및 적층 직물 제조업,051-266-7110
2265,(주)오리엔트,부산광역시 강서구 가리새1로17번길 20 (생곡동),철강선 제조업 외 19종,070-4687-5253
2266,(주)오리엔트조선소,부산광역시 사하구 감천항로405번길 91 (구평동),강선 건조업 외 2종,051-260-1880
2267,(주)오리엔트조선소,부산광역시 사하구 감천항로405번길 87 (구평동),강선 건조업 외 2종,051-260-1880
2268,(주)오리온이엔씨,부산광역시 강서구 생곡산단2로11번길 38 (생곡동),핵반응기 및 증기보일러 제조업 외 2종,02-3414-2032
2269,(주)오박사닷컴,부산광역시 사하구 신산북로 9 (신평동),가금류 가공 및 저장 처리업,미등록
2270,(주)오복식품,부산광역시 사하구 을숙도대로 867 (감천동) (총 2 필지),장류 제조업,051-205-8911
2271,(주)오복전기,부산광역시 강서구 녹산산단261로 48 (송정동),변압기 제조업,051-832-1751
2272,(주)오성다이요,부산광역시 사하구 다대로170번길 77 (신평동),그 외 기타 분류 안된 금속 가공 제품 제조업 외 1종,051-802-1234
2273,(주)오성엔에이치,부산광역시 강서구 녹산산단262로59번길 55 (송정동),부직포 및 펠트 제조업 외 1종,051-204-4072
2274,(주)오션스코리아,"부산광역시 서구 원양로 1, B동 2층 206 (암남동)",기타 수산동물 가공 및 저장 처리업,051-248-8801
2275,(주)오션에프에스,"부산광역시 서구 원양로 1, A동 4층 404 (암남동, 수산가공선진화단지)",기타 수산동물 가공 및 저장 처리업 외 1종,051-710-8818
2276,(주)오션엔지니어링,부산광역시 사하구 감천항로405번길 48 (구평동),선박 구성 부분품 제조업,051-417-9601
2277,(주)오션컴,"부산광역시 영도구 대평로 9-4,  (2층,3층) (대평동1가)",기타 무선 통신장비 제조업,051-418-0366
2278,(주)오승이에스,"부산광역시 북구 효열로 111, 부산지식산업센터 310호 (금곡동)",전자저항기 및 전자카드 제조업,051-342-0070
2279,(주)오아시스펌프,부산광역시 사상구 낙동대로960번길 39 (감전동),액체 펌프 제조업,051-1661-9878
2280,(주)오양기업,부산광역시 사상구 새벽로63번길 10 (학장동),"용기 세척, 포장 및 충전기 제조업 외 3종",051-328-3341
2281,(주)오에스씨지,"부산광역시 사상구 낙동대로 1242 (삼락동, OSCG)","전기회로 개폐, 보호장치 제조업 외 1종",051-305-3910
2282,(주)오에스아이,부산광역시 강서구 낙동남로549번길 21 (녹산동),선박 구성 부분품 제조업,051-714-0520
2283,(주)오에스조선,부산광역시 사하구 다대로605번길 63 (다대동),강선 건조업 외 2종,051-263-0158
2284,(주)오옴사,부산광역시 강서구 녹산산업북로313번길 61 (송정동),육상 금속 골조 구조재 제조업 외 6종,051-831-1050
2285,(주)오클린테크,부산광역시 강서구 대저중앙로348번길 13-1 (대저1동),그 외 기타 일반목적용 기계 제조업,051-809-0507
2286,(주)오토닉스,부산광역시 해운대구 반송로513번길 18 (석대동),그 외 기타 전자부품 제조업 외 1종,051-519-3000
2287,(주)오토원,"부산광역시 부산진구 전포대로223번길 19, A동 308호, 411호(전포동, 테크노프라자)",배전반 및 전기 자동제어반 제조업 외 12종,051-807-5466
2288,(주)오토이노텍,"부산광역시 남구 신선로 428, 동명대학교 산학협력관 410호 (용당동)",기타 무선 통신장비 제조업,070-8238-1311
2289,(주)오토코아,부산광역시 강서구 식만로 13-69 (죽림동),자동차용 신품 동력전달장치 제조업 외 1종,070-7780-5388
2290,(주)오토텍,부산광역시 수영구 장대골로31번길 16-1 (광안동),전기회로 접속장치 제조업 외 6종,051-314-9603
2291,(주)오투클린,부산광역시 사상구 새벽시장로 120 (감전동),"금속 문, 창, 셔터 및 관련제품 제조업 외 7종",051-868-0202
2292,(주)오트로닉 ,부산광역시 해운대구 반송로525번길 45 (석대동),그 외 자동차용 신품 부품 제조업,051-532-5258
2293,(주)옥광엔지니어링,"부산광역시 사상구 학장로169번길 59 (학장동, (주)옥광엔지니어링)","탭, 밸브 및 유사장치 제조업 외 2종",051-326-7741
2294,(주)옥수수 농업회사법인,부산광역시 기장군 장안읍 용소길 29,빵류 제조업 외 1종,051-714-6060
2295,(주)옥스포드브릭,부산광역시 사하구 장평로146번길 3 (장림동),인형 및 장난감 제조업,070-4112-8513
2296,(주)온웨어,"부산광역시 해운대구 센텀중앙로 97, A동 8층 808호(재송동, 센텀스카이비즈)",기타 주변기기 제조업 외 2종,02-2051-7031
2297,(주)온플러스,부산광역시 강서구 낙동남로666번길 46(녹산동),그 외 기타 전자부품 제조업,051-271-0815
2298,(주)올댓바이오,"부산광역시 남구 신선로 365, 창업센터 404호 (용당동, 부경대학교)",화장품 제조업,051-746-7939
2299,(주)옵스,부산광역시 수영구 좌수영로 89 (수영동),빵류 제조업,051-632-1313
2300,(주)옵티맥스,부산광역시 강서구 녹산산단262로60번길 6 (송정동),내연기관 제조업 외 1종,051-714-4411
2301,(주)와와식품,부산광역시 사하구 장평로76번길 22 (장림동),수산동물 냉동품 제조업,051-265-0185
2302,(주)와이디피,부산광역시 강서구 화전산단3로 66 (화전동),주형 및 금형 제조업,051-323-3556
2303,(주)와이씨테크,부산광역시 강서구 공항로339번길 25-11 (대저2동),벽 및 바닥 피복용 플라스틱제품 제조업,051-254-3400
2304,(주)와이아이영인,부산광역시 강서구 생곡산단1로 61(생곡동),플라스터 혼합제품 제조업,051-972-8812
2305,(주)와이앤디케미칼,"부산광역시 강서구 낙동남로533번길 41, B동 (녹산동)",신발 부분품 제조업,051-941-4820
2306,(주)와이에스피이,부산광역시 강서구 녹산산업중로 286 (송정동),"증류기, 열교환기 및 가스발생기 제조업 외 2종",051-971-9510
2307,(주)와이에이치,"부산광역시 사상구 낙동대로943번길 235, 2층 201~203 (감전동)",기타 신발 제조업 외 1종,051-312-3448
2308,(주)와이에이치마린,부산광역시 영도구 해양로 24 (청학동),선박 구성 부분품 제조업,051-412-7253
2309,(주)와이엔브이,부산광역시 강서구 화전산단6로66번길 19 (화전동),"탭, 밸브 및 유사장치 제조업",051-302-3394
2310,(주)와이엘이앤지,부산광역시 강서구 식만로 201(식만동),배전반 및 전기 자동제어반 제조업,070-8648-3242
2311,(주)와이엠피산기,부산광역시 강서구 과학산단로 558 (지사동),그 외 기타 금속가공업,051-941-9925
2312,(주)와이우드홈즈,부산광역시 기장군 정관읍 매곡길 29,"금속 문, 창, 셔터 및 관련제품 제조업",051-727-4342
2313,(주)와이제이,부산광역시 강서구 미음산단로199번길 27 (미음동),냉간 압연 및 압출 제품 제조업,051-832-8002
2314,(주)와이제이테크,부산광역시 사하구 하신중앙로27번길 20(장림동),그 외 기타 분류 안된 금속 가공 제품 제조업,051-710-7097
2315,(주)와이제이테크노,부산광역시 강서구 낙동남로549번길 24 (녹산동),"탭, 밸브 및 유사장치 제조업",070-5168-2605
2316,(주)와이즈박스,부산광역시 연제구 거제대로108번길 23 (거제동),기타 음향기기 제조업 외 3종,051-501-3910
2317,(주)와이지톰스,부산광역시 기장군 장안읍 오리산단3로 50,그 외 기타 특수목적용 기계 제조업 외 3종,051-727-4881
2318,(주)와이지톰스,부산광역시 사상구 사상로356번길 41-10 (덕포동),그 외 기타 특수목적용 기계 제조업 외 3종,051-304-7776
2319,(주)와이지톰스 정관지점,부산광역시 기장군 장안읍 오리산단3로 52,그 외 기타 특수목적용 기계 제조업 외 5종,051-727-4881
2320,(주)와이케이토탈,부산광역시 영도구 해양로 33-32 (청학동),선박 구성 부분품 제조업,051-464-5939
2321,(주)와이케이티,부산광역시 사상구 낙동대로960번길 43 (감전동),금속 단조제품 제조업 외 2종,051-832-5541
2322,(주)와이테크,"부산광역시 사상구 모라로 22, 13층 1304호(부산벤처타워) (모라동)",그 외 기타 일반목적용 기계 제조업,051-747-9707
2323,(주)와이티시스템,부산광역시 사하구 다산로 95 (다대동),전기용 탄소제품 및 절연제품 제조업 외 4종,051-264-9008
2324,(주)와이티시스템,부산광역시 사하구 다산로 91 (다대동),기타 직물제품 제조업 외 4종,051-714-2611
2325,(주)와일드웨이브,부산광역시 기장군 정관읍 산단7로 31,맥아 및 맥주 제조업 외 1종,051-702-0839
2326,(주)용성,부산광역시 사하구 장평로 150 (장림동) (총 2 필지),낚시 및 수렵용구 제조업,051-261-4555
2327,(주)용원,부산광역시 강서구 미음산단4로 190 (미음동),변압기 제조업,051-971-0424
2328,(주)용전,부산광역시 동래구 명안로26번길 55(안락동),"근무복, 작업복 및 유사의복 제조업 외 7종",051-525-4941
2329,(주)용진터보,부산광역시 사하구 신산로 78 (신평동),선박 구성 부분품 제조업,051-271-7823
2330,(주)용호지대,부산광역시 기장군 정관읍 산단4로 2-62,종이 포대 및 가방 제조업,051-313-1612
2331,(주)우경기업,부산광역시 강서구 화전산단5로37번길 17 (화전동),절삭가공 및 유사처리업,051-831-0768
2332,(주)우경산업,부산광역시 강서구 과학산단로 558 (지사동),기체 여과기 제조업,051-974-1300
2333,(주)우경실업,부산광역시 강서구 미음산단5로42번길 10 (미음동),자동차용 신품 전기장치 제조업,051-971-7400
2334,(주)우경엔텍,부산광역시 사상구 학감대로177번길 19 (학장동),그 외 기타 1차 철강 제조업 외 16종,051-313-2340
2335,(주)우리바다,부산광역시 사하구 장림번영로84번길 26 (장림동),수산동물 냉동품 제조업 외 1종,051-263-4858
2336,(주)우리비앤피,"부산광역시 사상구 가야대로 69 (감전동, 일흥산업주식회사)",그 외 기타 전기장비 제조업 외 1종,미등록
2337,(주)우리엔진,"부산광역시 사상구 학감대로163번길 46 (학장동, 부길금속)",절삭가공 및 유사처리업,051-416-3007
2338,(주)우리엔진,부산광역시 강서구 미음국제2로 114 (미음동),절삭가공 및 유사처리업 외 1종,051-416-3007
2339,(주)우리이앤티,부산광역시 강서구 신덕길2번길 146-6 (대저1동),구름베어링 제조업,051-971-4198
2340,(주)우리전열,부산광역시 사상구 괘감로 61 (괘법동),기타 가정용 전기기기 제조업 외 4종,051-323-0977
2341,(주)우리전자,"부산광역시 사상구 사상로455번길 63, 2층, 3층 (모라동)",그 외 기타 전자부품 제조업,051-714-2323
2342,(주)우리젠,부산광역시 강서구 과학산단2로43번길 22(지사동),배전반 및 전기 자동제어반 제조업,02-586-4548
2343,(주)우리하이샤시,부산광역시 기장군 일광면 화전리 398번지,플라스틱 창호 제조업,051-724-3605
2344,(주)우리해양기술,부산광역시 강서구 녹산산업북로 249 (송정동),합성수지선 건조업 외 5종,051-973-1280
2345,(주)우림기공,부산광역시 강서구 미음국제4로 63 (미음동),선박 구성 부분품 제조업,051-714-3225
2346,(주)우림산업,부산광역시 강서구 녹산산업북로 188 (송정동),"플라스틱 선, 봉, 관 및 호스 제조업",051-973-6903
2347,(주)우성냉동,부산광역시 강서구 녹산산단289로 7 (송정동),산업용 냉장 및 냉동 장비 제조업,051-832-1762
2348,(주)우성마린엔지니어링,부산광역시 영도구 해양로 33-52 (청학동),선박 구성 부분품 제조업 외 6종,051-418-7977
2349,(주)우성시스템,부산광역시 강서구 공항앞길51번길 38 (대저2동),배전반 및 전기 자동제어반 제조업,051-974-1566
2350,(주)우성에퍼트코리아,부산광역시 강서구 녹산산단290로 27-25 (송정동),윤활유 및 그리스 제조업,051-831-4343
2351,(주)우성엔텍,부산광역시 강서구 미음산단로34번길 19 (구랑동),선박 구성 부분품 제조업,051-832-9903
2352,(주)우성엘앤티,부산광역시 강서구 미음산단로34번길 19 (구랑동),"증류기, 열교환기 및 가스발생기 제조업 외 1종",051-831-8001
2353,(주)우성엠엔엠,"부산광역시 사상구 낙동대로960번길 60 (감전동, 우성산업)",그 외 기타 일반목적용 기계 제조업 외 1종,051-311-5550
2354,(주)우성이엠씨,부산광역시 강서구 미음국제5로나길 17 (미음동),기타 가공 공작기계 제조업,051-711-3037
2355,(주)우성테크,부산광역시 강서구 제도로 805-14 (강동동),액체 여과기 제조업,055-332-2954
2356,(주)우성통신,"부산광역시 수영구 수영로 687 (광안동, 우성빌딩)",유선 통신장비 제조업 외 4종,051-751-4100
2357,(주)우성페인트,"부산광역시 사상구 새벽로45번길 70-13 (학장동, 우성페인트)",일반용 도료 및 관련제품 제조업,051-323-6200
2358,(주)우성하이텍,부산광역시 강서구 낙동북로126번길 66 (강동동),농업 및 임업용 기계 제조업,051-971-8790
2359,(주)우수코리아,부산광역시 강서구 미음산단로76번길 6 (구랑동),그 외 기타 일반목적용 기계 제조업,051-710-3854
2360,(주)우신금속,부산광역시 사상구 대동로179번길 20 (학장동),그 외 기타 금속가공업,051-311-9200
2361,(주)우신냉장,부산광역시 서구 등대로 123 (남부민동),수산동물 냉동품 제조업,051-246-7402
2362,(주)우신에이펙,부산광역시 강서구 녹산산단381로 96 (송정동),"알루미늄 압연, 압출 및 연신제품 제조업 외 3종",051-832-2000
2363,(주)우신에이펙,부산광역시 강서구 미음산단로92번길 40 (구랑동),구조용 금속 판제품 및 공작물 제조업 외 4종,051-832-2000
2364,(주)우신이엠씨,부산광역시 강서구 녹산산단381로 96 (송정동),일반용 전기 조명장치 제조업,051-832-2000
2365,(주)우신하이스탭,부산광역시 기장군 정관면 정관로 278-84,그 외 기타 분류 안된 금속 가공 제품 제조업 외 1종,051-728-5991
2366,(주)우양에프앤씨,부산광역시 기장군 정관면 산단3로 101-17 ((주)연세),도시락류 제조업 외 1종,051-727-0722
2367,(주)우영화학,부산광역시 기장군 기장읍 대청로21번길 30,플라스틱 필름 제조업 외 1종,051-722-0111
2368,(주)우원ENG,부산광역시 강서구 미음산단4로 119 (미음동),구조용 금속 판제품 및 공작물 제조업 외 1종,051-647-7182
2369,(주)우원ENG,"부산광역시 강서구 과학산단1로60번길 31, 13동 7층 701호(지사동, 부산테크노파크)",구조용 금속 판제품 및 공작물 제조업 외 3종,051-647-7182
2370,"(주)우일이앤씨(WOOIL E&C Co., LTD)",부산광역시 사상구 낙동대로815번길 28-9 (감전동),가정용 및 산업용 공기 조화장치 제조업 외 1종,051-316-7282
2371,(주)우재테크,"부산광역시 금정구 중앙대로 2096, 271-10호(남산동)",일반용 전기 조명장치 제조업 외 4종,051-515-3995
2372,(주)우정티알비,부산광역시 기장군 장안읍 장안산단8로 106,컨베이어장치 제조업 외 9종,051-724-7330
2373,(주)우주염색,부산광역시 사하구 하신번영로 83 (신평동),"직물, 편조원단 및 의복류 염색 가공업",051-208-0101
2374,(주)우주유체기계,부산광역시 강서구 식만로179번가길 46 (식만동),유압기기 제조업 외 1종,051-714-4114
2375,(주)우주유체기계,부산광역시 강서구 체육공원로6번길 47-21 (대저1동),유압기기 제조업 외 1종,051-714-4114
2376,(주)우진THK,부산광역시 사상구 대동로239번길 6 (학장동),유압기기 제조업 외 2종,051-314-5995
2377,(주)우진금속,"부산광역시 사상구 장인로 38-13 (감전동, (주)우진금속)",그 외 기타 1차 철강 제조업,051-327-8989
2378,(주)우진문화,"부산광역시 사상구 낙동대로1420번길 41,  410,411,412,413호 (삼락동)",기타 인쇄업 외 1종,051-305-1804
2379,(주)우진아이에스,"부산광역시 남구 고동골로 130-31, 3층 (문현동)",셔츠 및 블라우스 제조업 외 1종,051-631-6120
2380,(주)우진에스티에스,부산광역시 사상구 낙동대로881번길 38(감전동),그 외 기타 금속가공업,051-325-1181
2381,(주)우진에스피,부산광역시 강서구 녹산산업북로 237 (송정동),주형 및 금형 제조업,미등록
2382,(주)우진엔지니어링,부산광역시 강서구 공항앞길51번길 46(대저2동),"금속 문, 창, 셔터 및 관련제품 제조업",051-465-4923
2383,(주)우진엘리베이터,부산광역시 강서구 낙동북로102번가길 25 (강동동),승강기 제조업,미등록
2384,(주)우진엘리베이터,부산광역시 강서구 평강로193번길 21-10 (대저1동),승강기 제조업,미등록
2385,(주)우진염색,부산광역시 강서구 녹산산단382로 28 (송정동),"직물, 편조원단 및 의복류 염색 가공업",051-208-0754
2386,(주)우진와이어,부산광역시 강서구 미음산단로 291 (미음동),금속선 가공제품 제조업,051-302-3368
2387,(주)우진정공,"부산광역시 사상구 사상로319번길 34 (덕포동, 우진정공)",주형 및 금형 제조업,051-896-5228
2388,(주)우진정기,부산광역시 강서구 과학산단로 495 (지사동),유압기기 제조업 외 13종,051-831-3381
2389,(주)우진텍,부산광역시 사하구 장평로83번길 19(장림동),그 외 자동차용 신품 부품 제조업 외 10종,051-265-6385
2390,(주)우진통상,부산광역시 연제구 세병로 19 (연산동),남자용 겉옷 제조업,051-864-3333
2391,(주)우진피엠이,부산광역시 강서구 과학산단로 495 (지사동),유압기기 제조업 외 5종,051-831-3535
2392,(주)우진피티씨,부산광역시 사하구 다산로 174 (다대동),기체 여과기 제조업 외 1종,051-311-3083
2393,(주)우진하이테크,부산광역시 강서구 공항로393번길 37-3 (대저2동),절삭가공 및 유사처리업,051-305-8311
2394,(주)우창수산장림공장,부산광역시 사하구 장평로146번길 15 (장림동),기타 수산동물 가공 및 저장 처리업,051-263-9789
2395,(주)우창스틸,부산광역시 강서구 화전산단6로102번길 11 (화전동),절삭가공 및 유사처리업,051-315-7644
2396,(주)욱일,부산광역시 사하구 감천항로 437 (구평동),그 외 기타 일반목적용 기계 제조업 외 1종,051-261-0615
2397,(주)원강,부산광역시 사하구 보덕포1길 2 (장림동),톱 및 호환성 공구 제조업,051-264-0004
2398,(주)원광기계,"부산광역시 사상구 낙동대로1330번길 25 (삼락동, 원광기계)",육상 금속 골조 구조재 제조업,051-301-3438
2399,(주)원더라이프,부산광역시 기장군 장안읍 명례산단1로 170,육상 금속 골조 구조재 제조업,051-714-0881
2400,(주)원미크론,부산광역시 사상구 새벽시장로 124 (감전동),무기 및 총포탄 제조업 외 30종,051-321-2294
2401,(주)원베이커리,"부산광역시 기장군 정관읍 산단1로 66-81, 3층",빵류 제조업,051-710-9794
2402,(주)원솔루텍,"부산광역시 금정구 금강로 682-10, 2층 (남산동, 도루코)",방송장비 제조업,051-931-0002
2403,(주)원스타,부산광역시 강서구 녹산산단27로 120 (송정동),도장 및 기타 피막처리업,051-831-4266
2404,(주)원양어구,부산광역시 사하구 다대로300번길 35 (장림동),낚시 및 수렵용구 제조업,051-263-4981
2405,(주)원정푸드  ,부산광역시 기장군 장안읍 오리산단2로 23,김치류 제조업,051-522-3306
2406,(주)원종기계,"부산광역시 사상구 낙동대로1356번길 9 (삼락동, 원종기계)",금속 주조 및 기타 야금용 기계 제조업,051-305-0791
2407,(주)원진섬기,"부산광역시 사상구 학장로317번길 65 (학장동, 원진섬기)",,051-312-4057
2408,(주)원진얼티메탈,부산광역시 강서구 미음국제4로 10 (미음동),유압기기 제조업,051-831-2595
2409,(주)원진엠앤티,부산광역시 강서구 미음국제4로 23 (미음동),금속 절삭기계 제조업 외 4종,051-315-4755
2410,(주)원진테크,부산광역시 기장군 장안읍 명례산단4로 65-3,그 외 기타 1차 철강 제조업 외 5종,051-508-6905
2411,(주)원창스프링,부산광역시 사하구 하신중앙로3번길 60-5 (장림동),금속 스프링 제조업,051-264-5056
2412,(주)원케이,부산광역시 강서구 미음국제7로가길 9 (미음동),액체 여과기 제조업 외 5종,미등록
2413,(주)원탑씨엔에스,"부산광역시 강서구 명지새동네길2번길 21-8,  3층 (명지동)",비디오 및 기타 영상기기 제조업 외 5종,051-294-8670
2414,(주)원탑코리안,부산광역시 강서구 미음산단2로16번길 47 (구랑동),절삭가공 및 유사처리업,051-973-3025
2415,(주)원테크,부산광역시 사하구 다산로 254 (장림동),도금업,051-961-0013
2416,(주)원풍산업,부산광역시 기장군 정관읍 산단5로 100-52 (원풍산업),그 외 자동차용 신품 부품 제조업 외 4종,070-7778-1630
2417,(주)원프라임,부산광역시 사상구 사상로551번길 10 (모라동),육류 포장육 및 냉동육 가공업 (가금류 제외),051-301-1055
2418,(주)원프렌지,부산광역시 사상구 대동로 185 (학장동),강관 제조업 외 2종,051-322-0415
2419,(주)원플랜트,부산광역시 강서구 녹산산업북로 57 (송정동),강관 가공품 및 관 연결구류 제조업,051-322-3446
2420,(주)원플랜트,부산광역시 사상구 대동로 229 (학장동),강관 제조업 외 2종,051-322-3446
2421,(주)원피팅,부산광역시 사상구 학감대로 238-12 (감전동),절삭가공 및 유사처리업,051-941-6878
2422,(주)원행,부산광역시 강서구 녹산산단261로39번길 21 (송정동),도금업,051-831-7551
2423,(주)월드강남,부산광역시 사하구 다산로105번길 40 (다대동),일반철물 제조업 외 3종,051-262-0271
2424,(주)월드스페셜티,부산광역시 강서구 녹산산단165로 34 (송정동),기타 기초 무기 화학물질 제조업,051-832-7135
2425,(주)월드스페셜티,부산광역시 강서구 녹산산업중로168번길 36 (송정동),기타 기초 무기 화학물질 제조업,051-831-1598
2426,(주)월드씨포트엔지니어링,"부산광역시 영도구 해양로 33-52 (청학동, (주)우성오션테크영도공장)",선박 구성 부분품 제조업 외 6종,051-417-6678
2427,(주)월드오션,부산광역시 강서구 미음산단3로 142 (미음동),선박 구성 부분품 제조업,051-462-2554
2428,(주)월드이엔지,부산광역시 강서구 공항앞길85번길 106 (대저2동),구조용 금속 판제품 및 공작물 제조업,미등록
2429,(주)월드전자,"부산광역시 북구 구만덕로60번길 24, 3층 (만덕동)",기기용 자동측정 및 제어장치 제조업 외 1종,051-338-2391
2430,(주)월드케이씨피,부산광역시 기장군 정관읍 예림1로 77,승강기 제조업,051-727-9508
2431,(주)월드케이씨피,부산광역시 기장군 정관읍 매곡길 29,승강기 제조업,051-727-9508
2432,(주)월드케이씨피,부산광역시 기장군 장안읍 오리산단7로 25,승강기 제조업,051-727-9508
2433,(주)월드퍼니처,부산광역시 강서구 녹산화전로 23 (송정동),기타 목재가구 제조업 외 4종,051-314-3600
2434,(주)월성,부산광역시 강서구 생곡산단2로 32 (생곡동),그 외 기타 분류 안된 금속 가공 제품 제조업,051-973-9557
2435,(주)월성레이저,부산광역시 강서구 녹산산단289로 86 (송정동),그 외 기타 1차 철강 제조업,051-832-1191
2436,(주)웨스코,부산광역시 기장군 기장읍 배산로8번길 54-11,배전반 및 전기 자동제어반 제조업,051-724-7720
2437,(주)웨스코일렉트로드,부산광역시 강서구 녹산산단261로39번길 2 (송정동),도금업,055-261-3406
2438,(주)웨이닝코리아 부산지점,부산광역시 금정구 중앙대로 1784 (부곡동),빵류 제조업,051-714-7353
2439,(주)웰라뷰,부산광역시 사하구 다대로 351-1 (장림동),표면광택제 및 실내가향제 제조업,미등록
2440,(주)웰락,부산광역시 사하구 다대로354번안길 88 (장림동),금속 열처리업 외 1종,051-265-2345
2441,(주)웰메이드콘텐츠,"부산광역시 사하구 을숙도대로569번길 36, 1층(신평동)",액정 표시장치 제조업 외 11종,070-4188-4631
2442,(주)웰코글로벌,부산광역시 강서구 화전산단5로74번길 30(화전동),절삭가공 및 유사처리업,미등록
2443,(주)위너골프텍,"부산광역시 동래구 충렬대로 382 (안락동, 에프투시스템)",영상게임기 제조업,051-528-7251
2444,(주)위너택,부산광역시 사하구 다산로225번길 8 (장림동),도금업,051-263-1628
2445,(주)위니즈,부산광역시 사상구 감전천로 156 (학장동),그 외 기타 의료용 기기 제조업 외 1종,051-710-7972
2446,(주)위니즈,부산광역시 남구 신선로 365 (용당동) 부경대학교용당캠퍼스,그 외 기타 의료용 기기 제조업,051-629-7932
2447,(주)위니즈,"부산광역시 남구 신선로 365, 10공학관 110호, 111호(부경대) (용당동, 부경대학교)",그 외 기타 의료용 기기 제조업,051-629-7932
2448,(주)위드엔지니어링,부산광역시 강서구 미음국제5로마길 47 (미음동) 강덕모공장,기타 전기 변환장치 제조업 외 9종,051-292-0113
2449,(주)위성안테나전자,부산광역시 기장군 일광면 원당2길 3,기타 무선 통신장비 제조업 외 2종,051-464-0707
2450,(주)위스,"부산광역시 서구 원양로 1, A동 5층 501 (암남동, 수산가공선진화단지)",기타 수산동물 가공 및 저장 처리업,051-261-9795
2451,(주)윌리엄자일리톨,부산광역시 기장군 장안읍 오리산단2로 67,과자류 및 코코아 제품 제조업,051-727-4125
2452,(주)윌텍이엔지,부산광역시 강서구 가락대로1397번길 133-9 (봉림동),선박 구성 부분품 제조업,051-941-4741
2453,(주)유강티에스,부산광역시 사하구 사하로 74-7(구평동),고무패킹류 제조업 외 2종,051-208-3639
2454,(주)유건알미늄,부산광역시 기장군 정관읍 예림1로 102,플라스틱 창호 제조업,051-532-2805
2455,(주)유건알미늄,부산광역시 기장군 정관읍 산단5로 67,"금속 문, 창, 셔터 및 관련제품 제조업 외 2종",051-532-2805
2456,(주)유광,부산광역시 강서구 대저2동 2503번지,기체 여과기 제조업,055-346-6533
2457,(주)유나이티드인더스트리,부산광역시 강서구 과학산단1로 107 (지사동),선박 구성 부분품 제조업 외 1종,055-276-3833
2458,(주)유노아이티,"부산광역시 남구 신선로 428, 8동 405, 408호(용당동, 동명대학교)",유선 통신장비 제조업 외 2종,051-997-3800
2459,(주)유노테크,부산광역시 사하구 감천항로176번길 29 (구평동),자동차 차체용 신품 부품 제조업 외 1종,051-264-8981
2460,(주)유니다 명례공장,부산광역시 기장군 장안읍 협동로 171,남자용 겉옷 제조업 외 3종,051-338-2550
2461,(주)유니버셜리프트앤히타치코리아,부산광역시 강서구 과학산단2로19번길 100-76 (지사동),승강기 제조업,051-831-4535
2462,(주)유니스디,"부산광역시 금정구 공단동로41번길 10, 1층 105-106호 (금사동)",방송장비 제조업 외 5종,051-505-2883
2463,(주)유니스테크,부산광역시 영도구 봉래나루로246번길 5 (봉래동4가),액체 펌프 제조업 외 1종,051-442-3590
2464,(주)유니온 감천지점,부산광역시 사하구 구평로16번길 51 (구평동),선박 구성 부분품 제조업 외 2종,055-635-5324
2465,(주)유니온랜드 유코,부산광역시 기장군 기장읍 대변로 144-7,"체조, 육상 및 체력단련용 장비 제조업 외 1종",051-722-6788
2466,(주)유니온텍,부산광역시 강서구 미음산단4로 183 (미음동),유압기기 제조업,051-319-1661
2467,(주)유니원트레이딩,"부산광역시 영도구 해양로111번길 33, 공장A-2동(청학동)",기타 일반 기계 및 장비 수리업,051-903-9555
2468,(주)유니콜,부산광역시 강서구 녹산산단262로49번길 17 (송정동),절삭가공 및 유사처리업,051-262-8014
2469,(주)유니크라미,부산광역시 강서구 새진목길11번길 30 (명지동),표면처리 및 적층 직물 제조업,051-271-6270
2470,(주)유니크라미,부산광역시 강서구 미음국제3로 57 (미음동),자동차 차체용 신품 부품 제조업 외 1종,051-831-4002
2471,(주)유니크온,부산광역시 금정구 놀이마당로 9 (청룡동),배전반 및 전기 자동제어반 제조업 외 2종,미등록
2472,(주)유니테크노,부산광역시 사하구 신산로 140 (신평동),자동차용 신품 조향장치 및 현가 장치 제조업 외 1종,051-203-5460
2473,(주)유니테크노 2공장,부산광역시 강서구 미음국제9로 27 (생곡동),자동차용 신품 조향장치 및 현가 장치 제조업 외 2종,051-203-5460
2474,(주)유니텍,"부산광역시 사상구 낙동대로902번길 48 (감전동, (주)유니텍)",그 외 기타 플라스틱 제품 제조업 외 12종,051-311-4577
2475,(주)유니텍코리아,부산광역시 강서구 과학산단1로 108 (지사동),배전반 및 전기 자동제어반 제조업 외 1종,051-831-0162
2476,(주)유니플로,"부산광역시 강서구 미음산단5로41번길 21, 402호(미음동, 첨단융복합소재센터)","탭, 밸브 및 유사장치 제조업 외 1종",031-498-1577
2477,(주)유닉스,부산광역시 사상구 학장로95번길 41 (학장동),금속 가구 제조업 외 1종,051-315-0700
2478,(주)유디엠,"부산광역시 사하구 낙동대로550번길 37, 창업관 307호(하단동, 동아대학교)",구름베어링 제조업 외 1종,051-203-7633
2479,(주)유로티엠오토파트,부산광역시 강서구 가락대로 1268 (봉림동),자동차용 신품 동력전달장치 제조업 외 1종,051-311-2866
2480,(주)유림기계,부산광역시 사상구 학장동 722-46,그 외 기타 일반목적용 기계 제조업,미등록
2481,(주)유림수산,부산광역시 사하구 다산로225번길 58 (장림동),"수산동물 훈제, 조리 및 유사 조제식품 제조업",051-261-0216
2482,(주)유림철강,"부산광역시 강서구 녹산산단261로59번길 42, (송정동 1545-4) (송정동)",절삭가공 및 유사처리업,051-831-4995
2483,(주)유비티코리아,부산광역시 강서구 제도로 701 (강동동),반려동물용 사료 제조업 외 2종,051-642-0105
2484,(주)유성기계 ,부산광역시 기장군 장안읍 오리산단8로 11,기체 여과기 제조업,051-941-3153
2485,(주)유성신소재,부산광역시 사상구 가야대로103번길 33 (감전동),신발 부분품 제조업,051-311-5163
2486,(주)유성신소재 화전지점,부산광역시 강서구 낙동남로533번길 41 (녹산동),신발 부분품 제조업,051-311-5163
2487,(주)유성아이티엠,"부산광역시 강서구 과학산단1로60번길 30, 부산테크노파크 4동 310호 (지사동)",방송장비 제조업,070-5176-6657
2488,(주)유성엔텍,부산광역시 기장군 장안읍 좌천2길 43-30 ,배전반 및 전기 자동제어반 제조업 외 1종,051-710-5887
2489,(주)유성정밀,부산광역시 사상구 낙동대로 856 (감전동),그 외 기타 1차 철강 제조업 외 4종,051-312-4900
2490,(주)유성정밀,부산광역시 사상구 낙동대로 853(감전동),그 외 기타 분류 안된 금속 가공 제품 제조업 외 6종,051-312-4900
2491,(주)유성철강,부산광역시 사상구 낙동대로 891 (감전동),그 외 자동차용 신품 부품 제조업 외 7종,051-312-4400
2492,(주)유성철강,"부산광역시 사상구 장인로 88 (학장동, (주)유성철강)",그 외 자동차용 신품 부품 제조업 외 6종,051-312-4400
2493,(주)유솔산업,부산광역시 강서구 미음산단로377번길 5 (미음동) 성광기공,"금속 문, 창, 셔터 및 관련제품 제조업 외 1종",051-929-7492
2494,(주)유승인네이처   ,부산광역시 기장군 정관읍 산단7로 53,위생용 종이제품 제조업 외 1종,051-524-0044
2495,(주)유승인네이처 2공장,부산광역시 기장군 장안읍 오리산단3로 76,화장품 제조업 외 1종,051-7220-094
2496,(주)유씨네트웍스,"부산광역시 남구 진남로 52(대연동, 유씨네트웍스)",유선 통신장비 제조업 외 4종,051-1600-1064
2497,(주)유씨네트웍스,"부산광역시 남구 신선로 365, 산학협력관 517호 (용당동, 부경대학교)",방송장비 제조업 외 1종,051-926-0001
2498,(주)유씨네트웍스,"부산광역시 남구 신선로 365, 3공학관 212-2호(용당동, 부경대학교용당캠퍼스)",방송장비 제조업 외 1종,051-926-0001
2499,(주)유엔아이텍,부산광역시 기장군 기장읍 청강로91번길 62,컴퓨터 모니터 제조업,051-721-4683
2500,(주)유연,부산광역시 사상구 하신번영로 441 (엄궁동),"탭, 밸브 및 유사장치 제조업",051-302-3393
2501,(주)유영산업,부산광역시 사하구 신산로 14 (신평동),"직물, 편조원단 및 의복류 염색 가공업 외 1종",051-831-6511
2502,(주)유영산업,"부산광역시 강서구 화전산단3로 132(화전동, 한일철강공장)",그 외 자동차용 신품 부품 제조업,051-831-6511
2503,(주)유원 2공장  ,부산광역시 기장군 정관읍 산단4로 48,자동차 재제조 부품 제조업,051-728-7251
2504,(주)유원엠텍,부산광역시 강서구 화전산단5로 94 (화전동),선박 구성 부분품 제조업 외 3종,051-265-1746
2505,(주)유원전기,부산광역시 사하구 장평로132번길 5 (장림동),"전기회로 개폐, 보호장치 제조업 외 6종",051-317-3142
2506,(주)유원테크,부산광역시 기장군 정관읍 산단3로 92-92 (정관읍),그 외 자동차용 신품 부품 제조업 외 3종,051-913-7200
2507,(주)유이케미칼,부산광역시 기장군 일광면 청원길 140-38,"치약, 비누 및 기타 세제 제조업 외 1종",051-717-2454
2508,(주)유진다크로,부산광역시 강서구 녹산산단261로74번길 19 (송정동),그 외 기타 금속가공업,051-831-4822
2509,(주)유진에프에이,부산광역시 강서구 과학산단2로43번길 56 (지사동),배전반 및 전기 자동제어반 제조업,051-941-5351
2510,(주)유진엔지니어링,부산광역시 사하구 장림번영로84번길 22 (장림동),선박 구성 부분품 제조업,051-418-2888
2511,(주)유진엠씨,부산광역시 강서구 과학산단2로19번길 164 (지사동),도장 및 기타 피막처리업,051-972-6322
2512,(주)유진엠씨,부산광역시 강서구 녹산산단27로 141 (송정동),도장 및 기타 피막처리업,051-972-6322
2513,(주)유진이엔지     ,"부산광역시 금정구 개좌로 271, B동 301 (회동동)",기타 무선 통신장비 제조업,051-746-0717
2514,(주)유진인터내셔널,"부산광역시 사하구 장림번영로104번길 28, 3층 (장림동)",셔츠 및 블라우스 제조업 외 4종,051-244-0477
2515,(주)유진전력,부산광역시 강서구 녹산산단381로40번길 24 (송정동),배전반 및 전기 자동제어반 제조업 외 2종,051-711-6022
2516,(주)유진코메탈,부산광역시 강서구 녹산산업중로 285 (송정동),볼트 및 너트류 제조업 외 4종,051-314-0757
2517,(주)유창강건,"부산광역시 사상구 사상로425번길 35 (모라동, (주)유창강건)",구조용 금속 판제품 및 공작물 제조업,051-303-6773
2518,(주)유창금속,"부산광역시 사상구 새벽로 164 (감전동, (주)유창금속)",그 외 기타 1차 철강 제조업,051-313-9900
2519,(주)유창기공,부산광역시 사상구 사상로 57-12 (주례동),기타 가공 공작기계 제조업,051-325-5575
2520,(주)유창상사,부산광역시 사하구 구평로16번길 24 (구평동),김치류 제조업 외 1종,051-266-2325
2521,(주)유창에스엔티,부산광역시 기장군 정관읍 산단5로 100-136,기타 석제품 제조업,051-1688-0465
2522,(주)유창유압,"부산광역시 사상구 사상로433번길 12 (모라동, 대용식품)",유압기기 제조업,051-304-0151
2523,(주)유케이엠에스 코퍼레이션,부산광역시 영도구 남항남로19번길 10 (남항동3가),선박 구성 부분품 제조업,070-4207-9726
2524,(주)유티케이,부산광역시 강서구 과학산단1로103번길 17 (지사동),절삭가공 및 유사처리업,052-227-3963
2525,(주)유한그린,부산광역시 사상구 새벽로167번길 126 (감전동),기타 직물제품 제조업 외 1종,051-314-9955
2526,(주)유한그린,"부산광역시 사상구 낙동대로 1044, 1층 (감전동)",기타 신발 제조업,051-314-0343
2527,(주)유환,부산광역시 기장군 기장읍 차성서로 147,그 외 기타 특수목적용 기계 제조업 외 8종,051-552-8863
2528,(주)윤일스틸,부산광역시 강서구 미음산단4로 166 (미음동),기타 기관 및 터빈 제조업,051-831-0652
2529,(주)윤진환경,"부산광역시 강서구 과학산단1로60번길 31, 시험생산동 1층 101,104호 (지사동)",액체 여과기 제조업,051-974-9658
2530,(주)윤진환경,부산광역시 강서구 과학산단1로60번길 31 (지사동) 부산테크노파크,그 외 기타 특수목적용 기계 제조업 외 2종,051-974-9658
2531,(주)윤진환경,부산광역시 강서구 과학산단1로103번길 48(지사동),그 외 기타 전기장비 제조업 외 2종,051-974-9658
2532,(주)윤텍스타일,부산광역시 사하구 신산로 13 (신평동),"직물, 편조원단 및 의복류 염색 가공업",051-266-4770
2533,(주)융이이앤씨,부산광역시 강서구 화전산단5로98번길 35 (화전동),구조용 금속 판제품 및 공작물 제조업,051-914-0255
2534,(주)은경이엔지,부산광역시 강서구 미음산단1로15번길 45 (구랑동),선박 구성 부분품 제조업 외 7종,051-528-8201
2535,(주)은광유비텍,"부산광역시 수영구 망미배산로24번길 2, 2층 (망미동)",기타 주변기기 제조업 외 5종,051-808-0011
2536,(주)은광이노텍,부산광역시 강서구 미음산단3로 93 (미음동),"탭, 밸브 및 유사장치 제조업 외 3종",051-941-2627
2537,(주)은성,부산광역시 강서구 녹산산업중로 399 (송정동),"동 압연, 압출 및 연신제품 제조업",051-831-3350
2538,(주)은성사,부산광역시 사하구 다대로 342 (장림동) (총 3 필지),낚시 및 수렵용구 제조업,051-265-8611
2539,(주)은성사,부산광역시 사하구 다대로 344 (장림동) (총 3 필지),낚시 및 수렵용구 제조업 외 2종,051-265-8611
2540,(주)은성정보통신 ,"부산광역시 동래구 온천천로531번길 72, 2층 (안락동, 할매식당)",유선 통신장비 제조업 외 5종,051-912-8484
2541,(주)은성테크놀리지,부산광역시 강서구 녹산산업대로 117-13 (송정동),그 외 자동차용 신품 부품 제조업 외 3종,051-973-2020
2542,(주)은성파워텍,"부산광역시 사하구 을숙도대로 823, 1층 (구평동)",전동기 및 발전기 제조업 외 2종,미등록
2543,(주)은성파워텍,부산광역시 사하구 감천항로419번길 46 (구평동),기타 구조용 금속제품 제조업 외 5종,051-415-3900
2544,(주)은하수산,부산광역시 강서구 녹산산단381로 36 (송정동),"수산동물 훈제, 조리 및 유사 조제식품 제조업 외 3종",051-831-1622
2545,(주)은하수산,부산광역시 강서구 녹산산단381로 28(송정동),기타 수산동물 가공 및 저장 처리업 외 4종,051-979-5953
2546,(주)은환산업,부산광역시 기장군 일광면 일광로 705 ((주)은환산업),플라스틱 창호 제조업,051-722-2852
2547,(주)이강공사,부산광역시 영도구 남항서로 12 (남항동3가),선박 구성 부분품 제조업 외 10종,051-413-8801
2548,(주)이노메트릭스,"부산광역시 사상구 낙동대로 1266, 1동 2층 (삼락동)",교통 신호장치 제조업 외 1종,051-622-1493
2549,(주)이노센스,부산광역시 강서구 미음국제7로가길 10 (미음동),일반용 도료 및 관련제품 제조업 외 4종,055-714-7777
2550,(주)이노션테크(부산지점),부산광역시 사하구 다산로 202 (다대동),도장 및 기타 피막처리업,미등록
2551,(주)이노시스,"부산광역시 강서구 화전산단6로 71, 2층 201-1호 (화전동)",반도체 제조용 기계 제조업,051-710-2667
2552,(주)이노아이티,"부산광역시 해운대구 센텀서로 20, KNN아트센터 공장-1(우동)",기타 가정용 전기기기 제조업 외 3종,051-945-8801
2553,(주)이노팍스  ,부산광역시 기장군 장안읍 오리산단5로 66,일반철물 제조업,051-817-5133
2554,(주)이노필텍,부산광역시 강서구 녹산산업북로 449(신호동),기체 여과기 제조업,032-777-5005
2555,(주)이닉스 부산공장,부산광역시 기장군 장안읍 오리산단로 129,그 외 자동차용 신품 부품 제조업,051-780-7800
2556,(주)이대명과,부산광역시 금정구 금사로 144(금사동),과자류 및 코코아 제품 제조업,051-524-3427
2557,(주)이든에프에이,부산광역시 영도구 하나길 485(신선동2가),기타 가공 공작기계 제조업,051-728-3995
2558,(주)이레씨앤피,부산광역시 사상구 가야대로 58(학장동),육상 금속 골조 구조재 제조업 외 1종,02-2266-2988
2559,(주)이레정보통신기술,"부산광역시 사하구 장평로15번길 3-1, 102호 (장림동)",방송장비 제조업 외 2종,070-4122-1439
2560,(주)이룸시트,"부산광역시 금정구 공단로 60, 제1동(1~3층, 4층 일부), 제3동 1층(금사동)",자동차용 신품 의자 제조업,070-4366-4410
2561,(주)이맥스정보기술,"부산광역시 사상구 모라로 22, 8층 807호(부산벤처타워) (모라동)",발광 다이오드 제조업 외 1종,051-609-9176
2562,(주)이모션세라믹 부산지점,부산광역시 강서구 미음국제3로 101 (미음동),선박 구성 부분품 제조업,02-529-8364
2563,(주)이삭에프앤비,부산광역시 기장군 일광면 횡계길 7 (해양생물산업육성센터),건강기능식품 제조업 외 1종,051-723-2293
2564,(주)이삭에프앤비   ,부산광역시 기장군 장안읍 오리산단로 132,건강기능식품 제조업,051-723-2293
2565,(주)이세이빙,"부산광역시 사하구 다대로 626, 1층 (다대동)",절연 코드세트 및 기타 도체 제조업,051-612-0153
2566,(주)이송,"부산광역시 강서구 과학산단1로60번길 31, 선도기업동 4층 401 (지사동)",기기용 자동측정 및 제어장치 제조업 외 3종,051-832-1023
2567,(주)이승,부산광역시 사하구 하신중앙로3번길 60-6 (장림동),"증류기, 열교환기 및 가스발생기 제조업 외 6종",051-263-5075
2568,(주)이앤알,부산광역시 강서구 녹산산단262로59번길 43 (송정동),모피 및 가죽 제조업,051-831-9302
2569,(주)이앤에프식품,부산광역시 기장군 정관읍 산단2로 16-30,두부 및 유사식품 제조업 외 1종,051-728-4460
2570,(주)이에스씨,"부산광역시 사상구 모라로110번길 73, 201호(모라동, 중소기업협업화공단)",기타 직물제품 제조업,미등록
2571,(주)이에스씨,"부산광역시 기장군 정관면 용수공단2길 64-4, 2층",전구 및 램프 제조업,051-818-1967
2572,(주)이엠시스텍,"부산광역시 사상구 사상로336번길 42(덕포동, 이엠시스텍)",배전반 및 전기 자동제어반 제조업 외 11종,051-302-8761
2573,(주)이엠에스,"부산광역시 사상구 사상로394번길 43 (덕포동, 신원테크)",그 외 기타 특수목적용 기계 제조업,051-315-6013
2574,(주)이엠이,부산광역시 강서구 공항앞길33번길 92 (대저2동),산업용 냉장 및 냉동 장비 제조업 외 8종,051-317-2889
2575,(주)이오스디자인,"부산광역시 금정구 개좌로 29-1, 2층 (서동)",그 외 기타 금속가공업 외 5종,051-715-7763
2576,(주)이오코리아,"부산광역시 동구 중앙대로 290, 3층(초량동, 한서빌딩) (초량동)",화장품 제조업,051-256-2525
2577,(주)이원솔루텍,부산광역시 강서구 과학산단2로3번길 6 (지사동),자동차용 신품 동력전달장치 제조업 외 2종,051-262-4311
2578,(주)이원정공,부산광역시 기장군 정관면 농공길 41 ((주)이원정공),자동차 엔진용 신품 부품 제조업 외 1종,051-727-6606
2579,(주)이원정공제2공장,부산광역시 기장군 정관면 농공길 89-29 ((주)이원정공),자동차 엔진용 신품 부품 제조업 외 1종,051-727-8090
2580,(주)이일기업,"부산광역시 사상구 사상로385번길 24 (덕포동, 이일기업)",도금업,051-302-0344
2581,(주)이일기업,부산광역시 사상구 사상로 383 (덕포동),도금업,051-302-0344
2582,(주)이정이앤씨,부산광역시 기장군 장안읍 고무로 271-15,분사기 및 소화기 제조업 외 1종,051-441-9070
2583,(주)이정푸드,"부산광역시 서구 원양로 1, A동 2층 203 (암남동, 수산가공선진화단지)",수산동물 건조 및 염장품 제조업 외 2종,051-243-1225
2584,(주)이제이워터스,부산광역시 강서구 강동중곡2길 245 (강동동),액체 여과기 제조업 외 10종,051-993-5016
2585,(주)이즈커뮤니케이션즈,"부산광역시 동래구 금정마을로 127-8, 포유빌딩 301호 (온천동)",컴퓨터 모니터 제조업 외 1종,051-731-6601
2586,(주)이즈테크,"부산광역시 사상구 사상로355번길 16(덕포동, 대광산업사)",자동차용 신품 의자 제조업,051-292-0643
2587,(주)이즈테크,부산광역시 사하구 다대로 180 (신평동),자동차용 신품 의자 제조업,051-292-0643
2588,(주)이지에버텍,부산광역시 기장군 기장읍 배산로8번길 89,배전반 및 전기 자동제어반 제조업 외 15종,051-727-7568
2589,(주)이지에스,"부산광역시 사상구 학감대로222번길 56 (주례동, (주)이지에스)",그 외 기타 특수목적용 기계 제조업 외 1종,051-332-1911
2590,(주)이지웰,"부산광역시 사상구 광장로56번길 48-16 (괘법동, 현대용접)",그 외 기타 전기장비 제조업 외 2종,051-328-9995
2591,(주)이지지오,"부산광역시 사상구 사상로469번나길 13, 2층 (모라동)",방송장비 제조업 외 3종,051-327-4047
2592,(주)이지컴,부산광역시 강서구 제도로 1139 (강동동),간판 및 광고물 제조업,051-971-4733
2593,(주)이터샘이엔지,부산광역시 강서구 미음산단4로 150 (미음동),전기회로 접속장치 제조업,02-521-9516
2594,(주)이펙스,부산광역시 기장군 정관읍 산단3로 92-74,주방용 및 음식점용 목재가구 제조업 외 3종,031-489-0612
2595,(주)이피씨코리아,부산광역시 기장군 기장읍 기장대로413번길 6,가정용 전기 난방기기 제조업,051-758-3007
2596,(주)이피엘,부산광역시 기장군 장안읍 명례산단6로 99,"금속 문, 창, 셔터 및 관련제품 제조업 외 5종",051-912-6661
2597,(주)이화에코시스템,부산광역시 사상구 하신번영로 495(엄궁동),액체 여과기 제조업,02-2618-0433
2598,(주)이화테크원,"부산광역시 금정구 개좌로 273-17 (회동동, 이화테크원)",그 외 자동차용 신품 부품 제조업 외 5종,051-305-4365
2599,(주)인브로,부산광역시 강서구 지사동 1276번지 테크노파크 시험생산2공장,"기타 섬유, 의복 및 가죽 가공 기계 제조업",051-974-9650
2600,(주)인산건업,부산광역시 강서구 화전산단5로84번길 40 (화전동),"금속 문, 창, 셔터 및 관련제품 제조업",051-327-7155
2601,(주)인산건업,"부산광역시 사상구 새벽시장로 94 (감전동, 인산건업)",일반철물 제조업,051-316-0077
2602,(주)인서정공,부산광역시 기장군 정관면 정관상곡1길 86 (인서정공),자동차 엔진용 신품 부품 제조업 외 5종,051-414-8393
2603,(주)인성씨앤아이,부산광역시 강서구 화전산단5로 33 (화전동),전기회로 접속장치 제조업,051-971-1455
2604,(주)인성정밀,부산광역시 사상구 학장로169번길 69 (학장동),선박 구성 부분품 제조업,051-312-8174
2605,(주)인스코퍼레이션,부산광역시 사하구 장평로 255 (신평동),선박 구성 부분품 제조업 외 1종,051-291-4455
2606,(주)인우아스콘,부산광역시 강서구 과학산단로 186 (지사동),아스팔트 콘크리트 및 혼합제품 제조업 외 1종,051-972-9577
2607,(주)인제전기,부산광역시 강서구 평강로 223 (대저1동),변압기 제조업,051-941-2157
2608,(주)인터메탈,부산광역시 사상구 학장로135번길 62 (학장동),수동식 식품 가공기기 및 금속 주방용기 제조업 외 9종,051-322-7411
2609,(주)인터오션,부산광역시 남구 신선로 217-11  (감만동),그 외 기타 의료용 기기 제조업 외 4종,051-622-5665
2610,(주)인터오션,부산광역시 남구 신선로 231 (용당동),고무 의류 및 기타 위생용 비경화 고무제품 제조업 외 3종,051-622-5665
2611,(주)인텍아이엔시,부산광역시 사상구 사상로137번길 8 (감전동),그 외 기타 전자부품 제조업 외 12종,051-342-0088
2612,(주)인투인,부산광역시 기장군 기장읍 배산로8번길 10,그 외 기타 나무제품 제조업,051-783-4985
2613,(주)인펙비전,"부산광역시 금정구 금강로 585, 3층 (구서동)",기타 주변기기 제조업 외 8종,051-514-0008
2614,(주)인풍,부산광역시 사하구 을숙도대로 873 (감천동),기타 수산동물 가공 및 저장 처리업,051-294-1771
2615,(주)인피니티씨앤씨,부산광역시 해운대구 재송2로 40 (재송동),표구처리업,070-4283-7071
2616,(주)인피젠,부산광역시 사상구 엄궁로 70-16 (엄궁동),그 외 기타 달리 분류되지 않은 제품 제조업 외 1종,070-8877-2440
2617,(주)일광비철금속,부산광역시 강서구 녹산산단381로 24 (송정동),"기타 비철금속 압연, 압출 및 연신 제품 제조업 외 1종",051-832-9981
2618,(주)일광엔지니어링,"부산광역시 금정구 개좌로 216 (회동동, 일광엔지니어링)",자동차용 금속 압형제품 제조업 외 4종,051-528-7400
2619,(주)일광엔지니어링,부산광역시 기장군 장안읍 장안산단8로 38,그 외 자동차용 신품 부품 제조업 외 3종,051-528-7400
2620,(주)일광엔지니어링 장안2공장,부산광역시 기장군 장안읍 장안산단8로 26,운송장비용 이차전지 제조업 외 1종,051-528-7400
2621,(주)일광엠씨티,부산광역시 기장군 장안읍 장안산단8로 26,운송장비용 이차전지 제조업 외 1종,051-945-5600
2622,(주)일광주공,부산광역시 강서구 녹산산단46로 49 (송정동),기어 및 동력전달장치 제조업 외 2종,051-831-8345
2623,(주)일광주공,부산광역시 강서구 녹산산단261로31번길 16(송정동),도장 및 기타 피막처리업 외 1종,051-831-8345
2624,(주)일광주공,부산광역시 강서구 녹산산단46로 53 (송정동),기어 및 동력전달장치 제조업,051-831-8345
2625,(주)일구인쇄출판,"부산광역시 사상구 새벽로121번길 21, 1층(감전동)",경 인쇄업,051-861-7758
2626,(주)일렉스,부산광역시 사하구 다산로176번길 36 (다대동),그 외 자동차용 신품 부품 제조업 외 5종,051-261-0491
2627,(주)일링스티앤이,"부산광역시 해운대구 반송로525번길 45, B동 2층 (석대동)",비디오 및 기타 영상기기 제조업,051-714-0402
2628,(주)일산전자,부산광역시 사상구 사상로433번길 52 (모라동),주방용 전기기기 제조업 외 2종,051-301-0303
2629,(주)일성냉동,부산광역시 사하구 다대로320번길 10 (장림동) (총 3 필지),아이스크림 및 기타 식용빙과류 제조업 외 1종,051-265-9790
2630,(주)일성볼트,"부산광역시 사상구 낙동대로1460번길 43 (삼락동, 일성볼트공업사)",그 외 자동차용 신품 부품 제조업 외 6종,051-303-3116
2631,(주)일성아이에스테크웰,부산광역시 기장군 장안읍 좌천리 356-4번지,그 외 기타 전기장비 제조업,051-728-3225
2632,(주)일성이엔지,부산광역시 영도구 대교로46번길 17-3 (봉래동1가),선박 구성 부분품 제조업 외 23종,051-412-7038
2633,(주)일성인더스트리,부산광역시 사하구 을숙도대로755번길 55 (구평동),플라스틱 필름 제조업 외 2종,051-262-5260
2634,(주)일성조선,부산광역시 영도구 남항서로 69-1 (남항동3가),선박 구성 부분품 제조업 외 2종,051-418-4411
2635,(주)일성테크팩,부산광역시 사하구 을숙도대로755번길 45 (구평동),"플라스틱 포대, 봉투 및 유사제품 제조업 외 2종",051-262-8990
2636,(주)일승 미음지점,부산광역시 강서구 미음산단로 417(미음동),선박 구성 부분품 제조업,051-831-4110
2637,(주)일신열처리,부산광역시 사하구 다산로 77 (다대동),금속 열처리업,051-315-2088
2638,(주)일신종합상사,"부산광역시 강서구 녹산산단261로74번길 27, (송정동,1581-6) (송정동)",철도차량 부품 및 관련 장치물 제조업,051-831-0181
2639,(주)일신종합상사,부산광역시 강서구 녹산산업중로 52-13 (송정동),철도차량 부품 및 관련 장치물 제조업,051-831-0181
2640,(주)일신특장,부산광역시 강서구 미음국제4로 91 (미음동),절삭가공 및 유사처리업,051-804-6918
2641,(주)일영산전,부산광역시 사상구 낙동대로1292번길 15 (삼락동),배전반 및 전기 자동제어반 제조업,051-315-4511
2642,(주)일영이푸드,부산광역시 기장군 정관읍 산단3로 37 (정관읍),가금류 가공 및 저장 처리업,051-516-9298
2643,(주)일영이푸드,부산광역시 기장군 정관읍 산단7로 65,가금류 가공 및 저장 처리업,051-728-5291
2644,(주)일우,"부산광역시 사상구 사상로551번길 39 (모라동, (주)대성샷시)",기타 신발 제조업,051-301-5103
2645,(주)일우금속,"부산광역시 사상구 새벽로17번길 31 (학장동, (주)일우금속)",기타 비철금속 주조업,051-313-5121
2646,(주)일유산업,부산광역시 기장군 정관면 산단3로 60-2,동력식 수지공구 제조업,미등록
2647,(주)일정,부산광역시 강서구 미음산단로377번길 7 (미음동),금속탱크 및 저장용기 제조업 외 1종,051-831-2434
2648,(주)일진메쉬,부산광역시 사하구 다대로300번길 43 (장림동),금속선 가공제품 제조업,051-245-5778
2649,(주)일진메쉬,부산광역시 기장군 장안읍 명례산단1로 166,그 외 기타 금속가공업,051-245-5778
2650,(주)일진앤드,부산광역시 기장군 정관읍 산단5로 76-54,전기경보 및 신호장치 제조업 외 1종,051-755-6191
2651,(주)일진앤드,부산광역시 기장군 정관읍 산단5로 76-58 ((주)일진앤드),"레이더, 항행용 무선기기 및 측량기구 제조업 외 2종",051-755-6193
2652,(주)일진앤드,부산광역시 사하구 다산로175번길 29 (다대동),분사기 및 소화기 제조업,051-263-5988
2653,(주)일진에이에스피,부산광역시 강서구 녹산산업북로313번길 40 (송정동),기타 1차 비철금속 제조업,051-302-2460
2654,(주)일진에이엔씨,부산광역시 사하구 다대로1066번길 47 (장림동),모피 및 가죽 제조업,051-261-9155
2655,(주)일진정밀공업,부산광역시 강서구 녹산산업북로313번길 40 (송정동),그 외 자동차용 신품 부품 제조업 외 3종,미등록
2656,(주)일화건영,"부산광역시 사상구 괘감로 141 (감전동, (주)일화건영)",비 및 솔 제조업,051-312-7225
2657,(주)일화테크,부산광역시 사상구 낙동대로1468번길 29 (삼락동),그 외 자동차용 신품 부품 제조업 외 3종,051-302-2194
2658,(주)일흥,부산광역시 강서구 녹산산업북로 206 (송정동),그 외 기타 일반목적용 기계 제조업 외 4종,051-831-0857
2659,(주)임소,부산광역시 강서구 신호산단3로 92 (신호동),기타 가정용 전기기기 제조업,051-832-0315
2660,(주)임창,부산광역시 사상구 낙동대로970번길 48 (감전동),수소 제조업 외 1종,051-324-5030
2661,(주)임텍,부산광역시 강서구 제도로1041번길 262 (강동동),절삭가공 및 유사처리업,051-941-0361
2662,(주)임텍,부산광역시 강서구 대저로171번가길 57-1 (대저1동),절삭가공 및 유사처리업,051-941-0631
2663,(주)잇다커뮤니케이션,"부산광역시 해운대구 센텀북대로 60, 19층 1906호(재송동, 센텀아이에스타워)",경 인쇄업 외 13종,051-934-9005
2664,(주)자갈치전복,부산광역시 영도구 절영로 483 (동삼동),"수산동물 훈제, 조리 및 유사 조제식품 제조업",051-244-0001
2665,(주)자연에프엔에스,부산광역시 기장군 정관읍 산단1로 66-26 (정관읍),김치류 제조업 외 1종,051-727-7767
2666,(주)자연으로,부산광역시 사하구 장림번영로104번길 110 (장림동),일반용 도료 및 관련제품 제조업,051-266-8775
2667,(주)자유전자,부산광역시 사하구 하신중앙로3번길 107 (장림동),배전반 및 전기 자동제어반 제조업,051-261-5312
2668,(주)자유통상,"부산광역시 사상구 가야대로11번길 36 (감전동, 자유통상(주))",기타 신발 제조업,051-326-3111
2669,(주)자이언엔텍,부산광역시 강서구 과학산단2로19번길 36 (지사동),그 외 자동차용 신품 부품 제조업 외 1종,051-941-0610
2670,(주)자이언엔텍,부산광역시 강서구 가달1로 71 (생곡동),절삭가공 및 유사처리업 외 1종,051-941-0620
2671,(주)자이언엔텍,부산광역시 강서구 가달1로 65 (생곡동),절삭가공 및 유사처리업 외 2종,051-941-0610
2672,(주)자일금속,부산광역시 강서구 녹산산단261로73번길 55 (송정동),기타 1차 비철금속 제조업,051-313-5566
2673,(주)장수바이오,"부산광역시 남구 신선로 365, 10호관 318호(용당동, 부경대학교용당캠퍼스)",반려동물용 사료 제조업 외 3종,미등록
2674,(주)장수씨푸드,"부산광역시 서구 원양로 1, B동 405호 (암남동, 수산가공선진화단지)",기타 수산동물 가공 및 저장 처리업,051-231-7020
2675,(주)장안레미콘,부산광역시 기장군 정관면 산단5로 100-235 (장안레미콘),레미콘 제조업,051-728-9010
2676,(주)장인시스템,부산광역시 강서구 공항앞길85번길 96 (대저2동),기타 전기 변환장치 제조업 외 1종,051-323-6903
2677,(주)장흥,부산광역시 사하구 다대로170번길 88 (신평동),주방용 전기기기 제조업,051-205-8686
2678,(주)재경특수강,부산광역시 강서구 가달2로55번길 28 (생곡동),그 외 기타 1차 철강 제조업,051-305-1992
2679,(주)재성정밀,"부산광역시 사상구 사상로447번길 34 (모라동, (주)재성정밀)",주형 및 금형 제조업 외 1종,051-301-2773
2680,(주)재영코프레이션,부산광역시 강서구 녹산산단382로 57 (송정동),기타 가정용 전기기기 제조업,051-325-0038
2681,(주)재영테크윈 제2공장,부산광역시 강서구 녹산산단261로59번길 8 (송정동),그 외 기타 플라스틱 제품 제조업 외 3종,055-547-0360
2682,(주)재원산업,부산광역시 기장군 정관면 산단5로 100-58 (재원산업),자동차 엔진용 신품 부품 제조업 외 2종,051-728-3334
2683,(주)재유산업,부산광역시 강서구 녹산산단261로14번길 25 (송정동),"탭, 밸브 및 유사장치 제조업",051-831-9835
2684,(주)재호물산 제2공장 ,"부산광역시 사하구 장림로 196, 지하1층 (장림동)","수산동물 훈제, 조리 및 유사 조제식품 제조업",051-507-9201
2685,(주)재호식품 제2공장,부산광역시 사하구 장림로 196 (장림동),"수산동물 훈제, 조리 및 유사 조제식품 제조업",051-261-7385
2686,(주)재호식품 제3공장,"부산광역시 서구 원양로 1, B동 202호(암남동, 수산가공선진화단지)","수산동물 훈제, 조리 및 유사 조제식품 제조업",051-714-7395
2687,(주)전명기계,부산광역시 강서구 화전산단3로 114 (화전동),철도차량 부품 및 관련 장치물 제조업 외 1종,051-831-0057
2688,(주)전자당석유화학,부산광역시 강서구 녹산산단262로 21 (송정동),그 외 기타 분류 안된 화학제품 제조업 외 2종,051-971-2360
2689,(주)전진엔텍,부산광역시 강서구 화전산단5로84번길 17 (화전동),그 외 기타 특수목적용 기계 제조업 외 2종,051-315-2371
2690,(주)전진엔텍,부산광역시 강서구 가달1로 53 (생곡동),"증류기, 열교환기 및 가스발생기 제조업 외 6종",051-315-2371
2691,(주)전진엔텍,부산광역시 강서구 가달1로 38 (생곡동),그 외 기타 특수목적용 기계 제조업 외 8종,051-315-2371
2692,(주)정공,부산광역시 사하구 다대로170번길 70 (신평동),선박 구성 부분품 제조업,051-206-2915
2693,(주)정공산업,부산광역시 강서구 녹산산업북로 233 (송정동) (총 2 필지),선박 구성 부분품 제조업,051-261-2911
2694,(주)정공산업,부산광역시 사하구 을숙도대로569번길 28 (신평동),선박 구성 부분품 제조업,051-261-2911
2695,(주)정공산업 2공장,부산광역시 사하구 다대로170번길 70 (신평동),선박 구성 부분품 제조업,051-261-2911
2696,(주)정공클리나브,부산광역시 사하구 을숙도대로569번길 28 (신평동),선박 구성 부분품 제조업,051-206-2917
2697,(주)정도참치,부산광역시 사하구 장평로83번길 20 (장림동),수산동물 냉동품 제조업,051-263-3900
2698,(주)정민전자,부산광역시 사상구 학감대로192번길 21 (학장동),그 외 기타 전자부품 제조업 외 1종,051-627-7342
2699,(주)정보이엔지,"부산광역시 기장군 장안읍 명례산단7로 106, 한국티엠아이",그 외 기타 전기장비 제조업,052-287-9951
2700,(주)정빈씨푸드,부산광역시 사하구 하신중앙로17번길 39 (장림동),기타 수산동물 가공 및 저장 처리업,051-987-0307
2701,(주)정선,부산광역시 사하구 다산로175번길 35 (다대동),산업용 송풍기 및 배기장치 제조업 외 3종,051-261-3931
2702,(주)정선산업기계,부산광역시 강서구 녹산산단27로 42 (송정동),농업 및 임업용 기계 제조업 외 5종,051-831-2023
2703,(주)정성깃든,"부산광역시 남구 유엔평화로3번길 36, 3층, 5층(대연동, 대일빌딩)",천연 및 혼합조제 조미료 제조업,051-612-4856
2704,(주)정수정밀,부산광역시 강서구 미음산단로 409 (미음동),주형 및 금형 제조업,051-714-5170
2705,(주)정아마린,부산광역시 강서구 녹산산업북로 63 (송정동),선박 구성 부분품 제조업 외 11종,051-831-4147
2706,(주)정안테크,부산광역시 영도구 대평북로 29 (대평동1가),선박 구성 부분품 제조업,051-416-4992
2707,(주)정암안전유리,부산광역시 강서구 녹산산단407로 48 (송정동),판유리 제조업 외 1종,051-831-6161
2708,(주)정암안전유리지점,부산광역시 강서구 녹산산단165로 36-11 (송정동),안전유리 제조업 외 1종,051-831-6161
2709,(주)정우벤딩,부산광역시 강서구 녹산산업중로 62-11 (송정동),육상 금속 골조 구조재 제조업 외 3종,051-831-1761
2710,(주)정우엔텍,부산광역시 강서구 과학산단1로 104 (지사동),냉간 압연 및 압출 제품 제조업,051-831-3421
2711,(주)정우인더스트리,부산광역시 강서구 녹산산업중로 162 (송정동),도장 및 기타 피막처리업,051-831-5688
2712,(주)정우전자,부산광역시 강서구 미음산단2로 31 (구랑동),전동기 및 발전기 제조업,055-346-3015
2713,(주)정우정공,부산광역시 사상구 장인로78번길 86(학장동),유압기기 제조업 외 1종,051-324-2295
2714,(주)정우티씨,부산광역시 강서구 공항로361번가길 73 (대저2동),일반용 도료 및 관련제품 제조업,미등록
2715,(주)정원씨앤에스,부산광역시 해운대구 반송로790번길 16-1 (반송동),전기경보 및 신호장치 제조업 외 1종,051-902-9119
2716,(주)정원펌프,부산광역시 영도구 남항남로9번길 54 (남항동2가),선박 구성 부분품 제조업,051-413-6272
2717,(주)정원화학,부산광역시 강서구 녹산산업중로168번길 27 (송정동),합성수지 및 기타 플라스틱 물질 제조업 외 2종,051-832-1009
2718,(주)정원화학,부산광역시 강서구 녹산산업중로168번길 28 (송정동),그 외 기타 분류 안된 화학제품 제조업 외 1종,051-266-0500
2719,(주)정원화학,부산광역시 사하구 다산로225번길 56 (장림동),그 외 기타 분류 안된 화학제품 제조업 외 2종,051-266-0500
2720,(주)정인푸드,부산광역시 사상구 모라로6번길 57(삼락동),육류 포장육 및 냉동육 가공업 (가금류 제외),051-301-9220
2721,(주)정일화학,"부산광역시 금정구 공단서로18번길 95 (금사동, 정일화학)",운송장비 조립용 플라스틱제품 제조업 외 1종,051-527-4490
2722,(주)정호,부산광역시 강서구 과학산단2로19번길 136 (지사동),강관 제조업 외 3종,051-971-5852
2723,(주)정화선박의장,부산광역시 강서구 미음산단3로 138 (미음동),선박 구성 부분품 제조업,051-974-8000
2724,(주)정화선박의장,부산광역시 강서구 미음산단3로 138 (미음동),선박 구성 부분품 제조업,051-974-8000
2725,(주)제너지,"부산광역시 사하구 감천항로 201-5, 2층 (구평동)",가정용 및 산업용 공기 조화장치 제조업 외 5종,070-4242-0207
2726,(주)제노,"부산광역시 남구 신선로 365,  부경대 창업보육센터 신관 5F (용당동)",기타 주변기기 제조업 외 2종,051-512-5770
2727,(주)제노글로벌,"부산광역시 연제구 월드컵대로 12,  6층 (연산동)",방송장비 제조업 외 10종,070-4048-5114
2728,(주)제노레이,"부산광역시 금정구 개좌로 273-20, 4층 405호(회동동, 브이원타워)",방사선 장치 제조업,051-5176-032
2729,(주)제원,부산광역시 사하구 감천항로419번길 44 (구평동),가정용 및 산업용 공기 조화장치 제조업 외 1종,051-261-7638
2730,(주)제이더블유이엔지,부산광역시 강서구 신호산단3로87번길 1 (신호동),그 외 기타 특수목적용 기계 제조업,051-714-5737
2731,(주)제이디아이,부산광역시 강서구 화전산단2로133번길 5 (화전동),철도차량 부품 및 관련 장치물 제조업 외 18종,051-831-5198
2732,(주)제이비테크,"부산광역시 북구 효열로 7, 2층 202 (금곡동, 대영인더스빌)",메모리용 전자집적회로 제조업 외 4종,051-413-0704
2733,(주)제이솔루션,부산광역시 사상구 낙동대로1404번길 69 (삼락동),기타 무선 통신장비 제조업 외 5종,051-466-1980
2734,(주)제이아이씨,부산광역시 강서구 녹산산단382로14번길 39 (송정동),절삭가공 및 유사처리업,051-941-6797
2735,(주)제이아이피,부산광역시 사상구 학장로63번길 34 (학장동),그 외 기타 일반목적용 기계 제조업 외 1종,051-322-9359
2736,(주)제이에스글로벌,"부산광역시 강서구 과학산단1로60번길 32, 스마트전자부품 기술지원센터 4층 409호 (지사동)",기타 무선 통신장비 제조업 외 2종,051-868-0112
2737,(주)제이에스물산,부산광역시 사하구 하신번영로107번길 6 (신평동),솜 및 실 염색가공업,051-205-3009
2738,(주)제이에스산업,부산광역시 사하구 다산로 267 (장림동),모피 및 가죽 제조업,051-266-0060
2739,(주)제이에스엠텍,부산광역시 강서구 가달2로 68 (생곡동),"전기회로 개폐, 보호장치 제조업",051-832-2207
2740,(주)제이에스인더스트리,부산광역시 사상구 낙동대로1348번길 61 (삼락동),고무패킹류 제조업,051-305-8760
2741,(주)제이에스인더스트리,부산광역시 기장군 정관읍 곰내길 654-103,선박 구성 부분품 제조업,051-728-4995
2742,(주)제이에스티화성,부산광역시 강서구 녹산산업중로 56 (송정동),"탭, 밸브 및 유사장치 제조업",051-974-0363
2743,(주)제이에스플랜트,부산광역시 기장군 장안읍 장안산단2로 61,"탭, 밸브 및 유사장치 제조업 외 63종",051-303-1133
2744,(주)제이에이취티앤씨,"부산광역시 강서구 화전산단6로66번길 14, 디동(화전동)",절삭가공 및 유사처리업,051-921-9590
2745,(주)제이에이치솔루션,부산광역시 기장군 장안읍 장안산단2로 45,주형 및 금형 제조업,054-624-4982
2746,(주)제이에이치엔지니어링,부산광역시 강서구 미음산단로92번길 20 (구랑동),그 외 기타 특수목적용 기계 제조업,051-977-2659
2747,(주)제이에이치텍,부산광역시 강서구 신호산단3로88번길 35 (신호동),금속 단조제품 제조업,051-832-1326
2748,(주)제이엔엘테크,부산광역시 강서구 녹산산단262로59번길 23 (송정동),그 외 기타 일반목적용 기계 제조업,051-941-1269
2749,(주)제이엔케이21,부산광역시 기장군 정관읍 산단5로 36-18,기억장치 제조업,미등록
2750,(주)제이엘유,"부산광역시 북구 효열로 111, 부산지식산업센터 410,411,412호 (금곡동)",그 외 기타 의료용 기기 제조업 외 1종,051-331-7165
2751,(주)제이엠지테크,부산광역시 강서구 녹산산단165로 36-11 (송정동),기타 산업용 유리제품 제조업 외 1종,051-928-4323
2752,(주)제이엠텍,"부산광역시 해운대구 센텀중앙로 97, A동 309호 (재송동)",그 외 기타 일반목적용 기계 제조업,051-907-1003
2753,(주)제이엠피네트웍스,"부산광역시 사상구 모라로 10, 3층(삼락동, JMP빌딩)",선박 구성 부분품 제조업,051-302-3898
2754,(주)제이와이코퍼레이션,부산광역시 기장군 정관읍 정관로 840,그 외 기타 달리 분류되지 않은 제품 제조업 외 5종,051-727-2970
2755,(주)제이원씨푸드,"부산광역시 사하구 다대동로6번길 17, 301호 (다대동)",기타 수산동물 가공 및 저장 처리업,051-246-8247
2756,(주)제이케이어패럴,부산광역시 금정구 공단서로8번길 49 (금사동),"근무복, 작업복 및 유사의복 제조업 외 5종",051-522-9600
2757,(주)제이케이위재산업,부산광역시 기장군 정관면 정관상곡1길 64 ((주)제이케이위재산업),체외 진단 시약 제조업 외 1종,051-728-5372
2758,(주)제이케이이,부산광역시 강서구 미음산단로105번길 34 (구랑동),배전반 및 전기 자동제어반 제조업 외 10종,051-974-9500
2759,(주)제이케이정기,부산광역시 강서구 녹산산단261로87번길 19 (송정동),"산업용 섬유 세척, 염색, 정리 및 가공 기계 제조업",051-831-6767
2760,(주)제이케이테크,"부산광역시 사상구 사상로 415, 1층(모라동, (주)제이드엠)",사무 및 회화용품 제조업 외 2종,051-715-8251
2761,(주)제이케이토탈마린,부산광역시 사하구 구평로 29-1 (구평동),선박 구성 부분품 제조업,051-987-4492
2762,(주)제이코,부산광역시 동구 초량로 94-1 (초량동),기타 무선 통신장비 제조업 외 2종,051-818-7727
2763,(주)제이큐브데이터,"부산광역시 사상구 모라로 22, 6층 603호(부산벤처타워) (모라동)",방송장비 제조업,051-609-9985
2764,(주)제이테크,부산광역시 강서구 대저중앙로347번길 54 (대저1동),디지털 적층 성형기계 제조업 외 1종,051-972-0343
2765,(주)제이투정보통신,"부산광역시 사상구 모라로192번길 9, 801호(모라동, 백양스마트밸리)",방송장비 제조업 외 1종,051-907-1800
2766,(주)제이퍼스,부산광역시 기장군 정관읍 산단1로 66-57,기타 목재가구 제조업 외 2종,051-727-6468
2767,(주)제이피티 정관지점,부산광역시 기장군 정관면 농공길 2-41,자동차용 신품 동력전달장치 제조업 외 1종,051-728-9913
2768,(주)제일,"부산광역시 금정구 금사로107번길 24, 3층(금사동)",남자용 겉옷 제조업 외 7종,042-472-5001
2769,(주)제일HSP,부산광역시 강서구 녹산산단261로87번길 27 (송정동) (총 2 필지),그 외 기타 금속가공업,051-831-3131
2770,(주)제일HSP,"부산광역시 강서구 녹산산단261로73번길 28, (송정동,1561-13) (송정동)",그 외 기타 금속가공업,051-831-3131
2771,(주)제일산업화학,"부산광역시 사상구 모덕로27번길 47 (삼락동, (주)제일산업화학)",합성수지 및 기타 플라스틱 물질 제조업 외 2종,051-302-5680
2772,(주)제일선재,부산광역시 기장군 정관면 산단4로 2-27 ((주)제일선재),볼트 및 너트류 제조업 외 2종,051-727-5525
2773,(주)제일시스템,부산광역시 수영구 망미번영로 73 (망미동),기타 음향기기 제조업 외 7종,051-802-0920
2774,(주)제일알루미늄,부산광역시 강서구 가달1로 64(생곡동),기타 1차 비철금속 제조업,051-973-5052
2775,(주)제일에프앤에스,부산광역시 사하구 을숙도대로 651(신평동),남자용 겉옷 제조업 외 5종,02-2281-6100
2776,(주)제일자동화,부산광역시 강서구 세산길 378-15 (미음동),승강기 제조업,051-831-0140
2777,(주)제일진공펌프,"부산광역시 사상구 모라로 12 (삼락동, 제일진공펌프)",액체 펌프 제조업 외 1종,051-302-7337
2778,(주)제일피엠씨,부산광역시 강서구 화전산단5로14번길 31(화전동),유압기기 제조업,051-261-7195
2779,(주)제일피엠씨,부산광역시 강서구 화전산단5로14번길 12 (화전동),유압기기 제조업 외 5종,051-261-7195
2780,(주)제창금속,"부산광역시 사상구 학장로 125 (학장동, 거성금속)",절삭가공 및 유사처리업,051-314-3258
2781,(주)제천,부산광역시 강서구 미음산단로76번길 9 (구랑동),절삭가공 및 유사처리업,051-264-1023
2782,(주)젠폴,부산광역시 강서구 녹산산업중로 32-21 (송정동),액체 여과기 제조업,051-582-8188
2783,(주)젠픽스,부산광역시 강서구 대부길 63 (강동동),육상 금속 골조 구조재 제조업 외 3종,051-271-0417
2784,(주)젠픽스 기장본부,부산광역시 기장군 장안읍 반룡산단3로 74,기타 건축용 나무제품 제조업,ARS-1644-0487
2785,(주)젤텍,부산광역시 강서구 녹산산업중로 161 (송정동),접착제 및 젤라틴 제조업 외 1종,051-831-4761
2786,(주)젤텍,부산광역시 강서구 녹산산업중로 156 (송정동),과자류 및 코코아 제품 제조업 외 3종,051-831-4761
2787,(주)젤텍,부산광역시 강서구 녹산산단165로 36-3 (송정동),기타 곡물 가공품 제조업 외 1종,051-831-4761
2788,(주)조무사 ,"부산광역시 금정구 개좌로 273-20, 5층 504 (회동동)",그 외 기타 특수목적용 기계 제조업 외 1종,051-668-5200
2789,(주)조양테크,부산광역시 강서구 생곡로 242 (생곡동),그 외 금속파스너 및 나사제품 제조업,055-338-0030
2790,(주)조영씨엔드엠,부산광역시 강서구 녹산산단261로14번길 45-9 (송정동),그 외 기타 금속가공업,051-926-3689
2791,(주)조은돌,부산광역시 기장군 정관면 산단5로 100-107 (조은돌공장),기타 석제품 제조업,051-727-6408
2792,(주)조은전기전자,부산광역시 영도구 해양로195번나길 40 (동삼동),선박 구성 부분품 제조업,051-261-9510
2793,(주)조이테크,부산광역시 기장군 정관읍 신정관로 431,배전반 및 전기 자동제어반 제조업,051-728-3798
2794,(주)조이테크,"부산광역시 동래구 수안로8번길 12, 1층 (수안동)","라디오, 녹음 및 재생 기기 제조업 외 2종",051-728-4246
2795,(주)조이풀,부산광역시 강서구 미음국제5로마길 28 (미음동),그 외 자동차용 신품 부품 제조업,051-974-0602
2796,(주)조인ENG,"부산광역시 부산진구 전포대로223번길 19,  테크노프라자 A 406호 (전포동)",그 외 기타 전기장비 제조업 외 1종,051-805-4156
2797,(주)조인엔지니어링 사상공장,"부산광역시 사상구 사상로385번길 28 (덕포동, 우진기공)",기어 및 동력전달장치 제조업 외 2종,051-338-3090
2798,(주)조일광고,"부산광역시 부산진구 전포대로 206-2,  1층,2층 (전포동)",간판 및 광고물 제조업 외 6종,051-802-2313
2799,(주)조일기업,부산광역시 강서구 화전산단2로133번길 26 (화전동),철도차량 부품 및 관련 장치물 제조업 외 7종,051-979-5500
2800,(주)조일기업,부산광역시 강서구 화전산단2로133번길 19 (화전동),철도차량 부품 및 관련 장치물 제조업 외 3종,051-979-5500
2801,(주)조일인더스트리,부산광역시 강서구 대저로29번길 34(대저1동),그 외 기타 특수목적용 기계 제조업,051-971-0417
2802,(주)조일인더스트리 1공장,부산광역시 강서구 대저로29번길 36-1(대저1동),그 외 기타 특수목적용 기계 제조업,051-971-0417
2803,(주)조타코,부산광역시 영도구 해양로182번길 16 (청학동),선박 구성 부분품 제조업 외 1종,070-8813-7987
2804,(주)종한,부산광역시 강서구 낙동북로102번길 49(강동동),고무패킹류 제조업 외 43종,051-312-1034
2805,(주)종합엔텍,부산광역시 영도구 태종로 528 (동삼동),그 외 기타 전기장비 제조업 외 2종,051-404-9474
2806,(주)종합폴스타,부산광역시 강서구 미음산단로 317 (미음동),선박 구성 부분품 제조업,051-403-5513
2807,(주)종합폴스타,부산광역시 강서구 미음산단로 313 (미음동),선박 구성 부분품 제조업,051-403-5514
2808,(주)종합폴스타 녹산공장,부산광역시 강서구 녹산산단261로 35 (송정동),도금업,051-831-5508
2809,(주)종합하이텍,부산광역시 영도구 대평북로 39 (대평동2가),선박 구성 부분품 제조업 외 2종,051-710-8683
2810,(주)종합해사청학공장,"부산광역시 영도구 해양로23번길 27 (청학동, (주)종합해사)",내연기관 제조업 외 2종,051-413-7707
2811,(주)종합해양,"부산광역시 영도구 해양로23번길 27, 1층(청학동, (주)종합해사)",선박 구성 부분품 제조업 외 3종,051-715-9901
2812,(주)주례철강,부산광역시 사상구 새벽로17번길 9 (학장동),그 외 기타 1차 철강 제조업,051-324-4444
2813,(주)주성전기,부산광역시 사하구 다산로175번길 6 (다대동),변압기 제조업 외 2종,051-292-5799
2814,(주)주승,부산광역시 사상구 삼락천로 138 (덕포동),합성수지 및 기타 플라스틱 물질 제조업 외 1종,051-303-1173
2815,(주)주아네,부산광역시 사상구 가야대로 91 (감전동),"기타 측정, 시험, 항해, 제어 및 정밀기기 제조업 외 1종",051-301-2345
2816,(주)주엔주,부산광역시 강서구 과학산단1로103번길 33 (지사동),선박 구성 부분품 제조업,051-633-7230
2817,(주)주현테크원,"부산광역시 강서구 과학산단1로60번길 31, 13동 603호(지사동, 부산테크노파크)",일반용 전기 조명장치 제조업,051-831-8999
2818,(주)준테크,"부산광역시 사상구 새벽시장로 92-3, 5층(감전동)",전기경보 및 신호장치 제조업,051-809-1092
2819,(주)중심티엔씨,부산광역시 강서구 미음국제5로마길 42(미음동),구조용 금속 판제품 및 공작물 제조업 외 3종,051-926-8467
2820,(주)중앙유비쿼터스,부산광역시 사상구 새벽로 195 (괘법동),기타 무선 통신장비 제조업,051-312-8600
2821,(주)중앙이엠씨,"부산광역시 해운대구 재반로50번길 21-22, 중앙이엠씨빌딩 (재송동)",액체 여과기 제조업 외 5종,051-463-4650
2822,(주)중앙자동차해체재활용업,부산광역시 사상구 대동로209번길 56 (학장동),그 외 자동차용 신품 부품 제조업 외 5종,051-317-5400
2823,(주)중앙카프링,부산광역시 사상구 새벽로 69 (학장동),기어 및 동력전달장치 제조업 외 21종,051-317-0822
2824,(주)중원엔지니어링,부산광역시 사상구 낙동대로1330번길 46 (삼락동),"탭, 밸브 및 유사장치 제조업 외 11종",051-305-4092
2825,(주)지디하이텍,부산광역시 사하구 다산로53번길 44 (다대동),"탭, 밸브 및 유사장치 제조업 외 1종",051-265-3263
2826,(주)지디하이텍,부산광역시 사하구 다산로53번길 48(다대동),"탭, 밸브 및 유사장치 제조업 외 1종",051-265-3263
2827,(주)지브이코리아,부산광역시 해운대구 재반로27번길 27 (재송동),방송장비 제조업 외 8종,051-937-3000
2828,(주)지브코,부산광역시 강서구 미음산단로199번길 41 (미음동),절삭가공 및 유사처리업,051-714-5763
2829,(주)지비라이트,부산광역시 강서구 범방3로30번길 22 (범방동),"플라스틱 적층, 도포 및 기타 표면처리 제품 제조업 외 1종",051-831-2777
2830,(주)지비엘에스,부산광역시 강서구 과학산단로 491(지사동),절삭가공 및 유사처리업,051-974-9661
2831,(주)지비엘에스,"부산광역시 강서구 과학산단1로60번길 31, 포스트비아이임대공장동 2층 202,207 (지사동)",인형 및 장난감 제조업,051-974-9661
2832,(주)지비테크,부산광역시 강서구 범방3로30번길 22 (범방동),"플라스틱 적층, 도포 및 기타 표면처리 제품 제조업",051-832-0461
2833,(주)지산산업,부산광역시 강서구 녹산산단381로12번길 13-17 (송정동),"목재 포장용 상자, 드럼 및 유사용기 제조업 외 2종",051-831-4567
2834,(주)지씨,"부산광역시 연제구 양연로 3, 지하1층 (연산동)",유선 통신장비 제조업 외 3종,051-850-5700
2835,(주)지씨엘에너지,"부산광역시 해운대구 센텀동로 71, 13층 1311 (우동, 벽산이센텀클래스원2차)",가정용 전기 난방기기 제조업,051-747-8880
2836,(주)지앤비푸드,부산광역시 사하구 장림로93번길 37 (장림동),"수산동물 훈제, 조리 및 유사 조제식품 제조업",051-264-3335
2837,(주)지앤에스정공,부산광역시 강서구 녹산산단261로87번길 28 (송정동),선박 구성 부분품 제조업,051-831-0849
2838,(주)지앨,"부산광역시 사상구 대동로 303, 502호(감전동, 부산디지털밸리아파트형공장)",전기회로 접속장치 제조업 외 3종,미등록
2839,(주)지에스티,"부산광역시 북구 효열로 111, 302호(금곡동, 부산지식산업센터)",배전반 및 전기 자동제어반 제조업 외 2종,070-7017-7373
2840,(주)지에이치비,"부산광역시 사하구 하신중앙로27번길 17, 1동 2층 3,7 (장림동, 에이스밀)",낚시 및 수렵용구 제조업,070-7548-6584
2841,(주)지에이치이노텍,"부산광역시 금정구 반송로 356, 301호 (서동)",그 외 기타 의료용 기기 제조업 외 1종,051-518-4701
2842,(주)지엔에프메탈,부산광역시 강서구 낙동남로622번길 78-1 (녹산동),그 외 기타 1차 철강 제조업,055-319-3053
2843,(주)지엔인터내셔날,부산광역시 사상구 모덕로 20 (삼락동),신발 부분품 제조업 외 5종,051-301-7812
2844,(주)지엘금속,부산광역시 강서구 녹산산단262로59번길 41 (송정동),그 외 금속 압형제품 제조업,051-832-1461
2845,(주)지엠비이엔씨,부산광역시 기장군 장안읍 명례산단7로 120,그 외 기타 일반목적용 기계 제조업 외 1종,051-702-5483
2846,(주)지엠아이그룹,부산광역시 강서구 녹산산업중로 29 (송정동),내연기관 승용차 및 기타 여객용 자동차 제조업 외 1종,051-714-0787
2847,(주)지엠엔지니어링,부산광역시 사하구 하신중앙로 44-7 (장림동),배전반 및 전기 자동제어반 제조업,051-265-2001
2848,(주)지엠케이,부산광역시 기장군 정관읍 산단6로 4,액체 여과기 제조업,051-622-1517
2849,(주)지엠텍,부산광역시 강서구 가리새1로25번길 18 (생곡동),육상 금속 골조 구조재 제조업,051-831-5851
2850,(주)지엠통신,"부산광역시 사상구 낙동대로1348번길 27 (삼락동, GM통신)",방송장비 제조업 외 2종,051-305-8242
2851,(주)지엠티,"부산광역시 강서구 미음산단3로 172(미음동, 일화공업(주))",그 외 기타 특수목적용 기계 제조업,051-941-5225
2852,(주)지엠티엔지니어링,부산광역시 영도구 남항새싹길 186 (영선동4가),"레이더, 항행용 무선기기 및 측량기구 제조업 외 2종",051-403-4808
2853,(주)지영,부산광역시 기장군 일광면 화용길 100,전구 및 램프 제조업,051-722-7848
2854,(주)지오뷰,"부산광역시 사하구 하신번영로 423,  세진빌딩 4층 (하단동)","전자기 측정, 시험 및 분석기구 제조업",051-294-1602
2855,(주)지오알앤디,부산광역시 기장군 장안읍 명례산단3로 89,그 외 기타 분류 안된 금속 가공 제품 제조업 외 1종,051-515-0138
2856,(주)지오하이텍크,부산광역시 강서구 공항앞길33번길 85-1 (대저2동),주형 및 금형 제조업,미등록
2857,(주)지오환경,부산광역시 강서구 녹산산단165로14번길 11-13 (송정동),기타 석유정제물 재처리업,051-831-1954
2858,(주)지원산업,부산광역시 강서구 녹산산업중로168번길 36 (송정동),일반용 도료 및 관련제품 제조업,051-831-9376
2859,(주)지원테크,부산광역시 강서구 미음산단로37번길 5 (구랑동),그 외 기타 분류 안된 금속 가공 제품 제조업,051-941-0267
2860,(주)지원테크,부산광역시 강서구 과학산단로 473 (지사동),선박 구성 부분품 제조업 외 1종,051-941-0267
2861,(주)지이엠   ,부산광역시 기장군 장안읍 반룡산단1로 23,전동기 및 발전기 제조업,051-556-5960
2862,(주)지케이디,부산광역시 강서구 가달2로 39 (생곡동),금속 캔 및 기타 포장용기 제조업 외 1종,051-710-7899
2863,(주)지케이인더스트리,부산광역시 사상구 모라로192번길 9 (모라동) 신모라공단,표면처리 및 적층 직물 제조업,051-728-3070
2864,(주)지케이인슐레이션,부산광역시 기장군 정관읍 용수공단2길 64-4,그 외 기타 분류 안된 비금속 광물제품 제조업 외 3종,051-728-3070
2865,(주)지호이엠에스,부산광역시 강서구 녹산산업북로313번길 32-1 (송정동),육상 금속 골조 구조재 제조업 외 2종,051-971-3308
2866,(주)진광전기,부산광역시 강서구 녹산산단289로 36 (송정동),배전반 및 전기 자동제어반 제조업,051-831-2571
2867,(주)진광하이텍,부산광역시 강서구 녹산산업중로 102 (송정동),절삭가공 및 유사처리업,051-831-0920
2868,(주)진성건기,부산광역시 강서구 녹산산단46로 57 (송정동),건설 및 채광용 기계장비 제조업,051-831-4965
2869,(주)진송메탈 부산지점,부산광역시 강서구 미음산단4로 187 (미음동),육상 금속 골조 구조재 제조업 외 1종,051-313-8432
2870,(주)진아트,부산광역시 사하구 구평로 23 (구평동),선박 구성 부분품 제조업,051-262-0574
2871,(주)진양수산,부산광역시 사하구 원양로 313 (감천동),기타 수산동물 가공 및 저장 처리업,051-203-3907
2872,(주)진양통상,부산광역시 사상구 낙동대로 1014 (감전동),기타 신발 제조업 외 1종,051-303-3261
2873,(주)진양티엔에프,부산광역시 사하구 감천항로 221-5 (구평동),수산동물 냉동품 제조업,051-715-7705
2874,(주)진양펌프상사,"부산광역시 영도구 남항서로 6-14 (남항동3가, (주)진양펌프상사)",액체 펌프 제조업 외 1종,051-414-8624
2875,(주)진양화성,부산광역시 사상구 학장로 237-10 (학장동),기타 기초 유기화학 물질 제조업,051-315-6801
2876,(주)진에스엔에스,부산광역시 강서구 미음국제5로 9 (미음동),절삭가공 및 유사처리업,051-714-1407
2877,(주)진영금속,부산광역시 강서구 가리새2로 50 (범방동),강관 제조업 외 1종,051-972-0042
2878,(주)진영금속,부산광역시 강서구 미음국제2로 124(미음동),강관 제조업,051-972-0042
2879,(주)진영노즐,부산광역시 사상구 가야대로213번길 12-10 (주례동),주형 및 금형 제조업,051-313-8614
2880,(주)진영코리아,부산광역시 강서구 범방2로 33 (범방동),그 외 자동차용 신품 부품 제조업 외 3종,051-971-1578
2881,(주)진우텍,부산광역시 사상구 새벽로215번길 131 (괘법동),절삭가공 및 유사처리업,051-314-0989
2882,(주)진일벤드,부산광역시 강서구 녹산산단261로 20 (송정동),강관 제조업 외 1종,051-832-1919
2883,(주)진일에스앤티,부산광역시 기장군 장안읍 협동로 157,강관 제조업 외 1종,미등록
2884,(주)진플렉스,"부산광역시 영도구 해양로111번길 33, A-3동(청학동)",선박 구성 부분품 제조업 외 2종,051-972-5167
2885,(주)진후엔지니어링,부산광역시 사하구 감천항로419번길 14 (구평동),"탭, 밸브 및 유사장치 제조업 외 1종",051-262-3810
2886,(주)진흥다이캐스팅,부산광역시 사하구 장평로146번길 7 (장림동),기타 가정용 전기기기 제조업,051-261-5903
2887,(주)진흥스틸,부산광역시 사상구 대동로223번길 32 (학장동),철강선 제조업,051-314-2000
2888,(주)차밍아트,부산광역시 사하구 다대로1066번길 61-1 (장림동),자동차용 금속 압형제품 제조업 외 1종,051-265-0115
2889,(주)참백두,부산광역시 강서구 공항로339번길 26-13 (대저2동),육류 기타 가공 및 저장처리업 (가금류 제외) 외 1종,미등록
2890,(주)참코청하,부산광역시 강서구 생곡산단로39번길 6 (생곡동),음ㆍ식료품 및 담배 가공기계 제조업 외 11종,051-256-8400
2891,(주)참코청하 제2공장,부산광역시 사하구 신산북로 38 (신평동),산업처리공정 제어장비 제조업 외 1종,051-265-8400
2892,(주)창성몰드테크,부산광역시 사상구 대동로 186 (학장동),그 외 기타 금속가공업,051-327-6403
2893,(주)창성이앤지,부산광역시 금정구 공단로 68-26 (금사동),배전반 및 전기 자동제어반 제조업,051-525-2020
2894,(주)창성정공,부산광역시 기장군 장안읍 반룡산단2로 30,기타 전기 변환장치 제조업 외 1종,051-728-4127
2895,(주)창성정공 제3공장,부산광역시 기장군 정관읍 산단1로 64 (대광산업(주)),기타 전기 변환장치 제조업 외 1종,051-728-4127
2896,(주)창성정공제1공장,부산광역시 기장군 정관면 용수공단2길 82-15 ((주)창성정공),기타 전기 변환장치 제조업 외 1종,051-728-4127
2897,(주)창성피엠씨  ,부산광역시 기장군 장안읍 반룡산단2로 30,기타 전기 변환장치 제조업,051-728-4127
2898,(주)창신INC,부산광역시 사하구 장평로 242 (신평동),기타 신발 제조업 외 1종,051-960-8800
2899,(주)창신INC,부산광역시 사하구 다대로170번길 18(신평동),주형 및 금형 제조업,051-960-8800
2900,(주)창신INC녹산공장,부산광역시 강서구 녹산산단362로 42 (송정동),신발 부분품 제조업 외 1종,051-960-8702
2901,(주)창신섬유,부산광역시 사하구 하신번영로73번길 30 (신평동),솜 및 실 염색가공업 외 15종,051-208-3971
2902,(주)창신정밀,부산광역시 강서구 녹산산단17로 48-20 (송정동),기체 펌프 및 압축기 제조업,051-971-1735
2903,(주)창신테크,부산광역시 강서구 화전산단5로 102 (화전동),주형 및 금형 제조업 외 1종,051-313-6817
2904,(주)창신피앤티,부산광역시 강서구 낙동남로666번길 37-1 (녹산동),"목재 포장용 상자, 드럼 및 유사용기 제조업",051-974-8224
2905,(주)창신피앤티,부산광역시 강서구 낙동남로666번길 37 (녹산동),"목재 포장용 상자, 드럼 및 유사용기 제조업",051-974-8223
2906,(주)창영공업금속,부산광역시 사상구 학장로 95 (학장동),선철주물 주조업 외 50종,051-325-2839
2907,(주)창영볼트,"부산광역시 사상구 괘감로 56-22 (감전동, 창영볼트)",볼트 및 너트류 제조업 외 2종,051-316-9912
2908,(주)창영화학,부산광역시 사하구 다산로 77 (다대동),폴리스티렌 발포 성형제품 제조업 외 1종,051-263-6300
2909,(주)창완냉동,부산광역시 영도구 해양로79번길 22 (청학동),선박 구성 부분품 제조업,051-417-7100
2910,(주)창용금형,부산광역시 사상구 낙동대로1302번길 57 (삼락동),주형 및 금형 제조업,051-301-6262
2911,(주)창용금형,부산광역시 사상구 낙동대로1310번길 60 (삼락동),주형 및 금형 제조업,051-301-6262
2912,(주)창원토탈서비스,부산광역시 사하구 하신번영로 438-1 (하단동),선박 구성 부분품 제조업,051-231-0620
2913,(주)창진금속,부산광역시 기장군 정관읍 용수공단2길 48 (정관읍),"금속 문, 창, 셔터 및 관련제품 제조업",051-728-6135
2914,(주)창진하우징,부산광역시 기장군 정관면 용수공단2길 25 (창진금속),"금속 문, 창, 셔터 및 관련제품 제조업",051-728-8925
2915,(주)창하이엔지,부산광역시 영도구 해양로188번길 16(청학동),선박 구성 부분품 제조업,미등록
2916,(주)창한금속,부산광역시 강서구 녹산산단262로59번길 15 (송정동),기타 비철금속 주조업 외 1종,051-831-9128
2917,(주)창해씨푸드,"부산광역시 사하구 다대로605번길 9,  미광냉동 신관 3층 (다대동)",수산동물 건조 및 염장품 제조업,051-265-1511
2918,(주)처음정보기술,"부산광역시 동래구 충렬대로410번길 72, 처음빌딩 2층 (안락동)",유선 통신장비 제조업 외 3종,051-751-8000
2919,(주)천류,부산광역시 강서구 녹산산단381로40번길 57 (송정동),낚시 및 수렵용구 제조업,051-264-8915
2920,(주)천리산기,부산광역시 사하구 신산로13번길 53 (신평동),절삭가공 및 유사처리업,051-293-0027
2921,(주)천마산업가스,부산광역시 기장군 정관면 용수공단1길 31,수소 제조업 외 1종,051-728-3355
2922,(주)천영에스엔티,부산광역시 강서구 녹산산업중로 35 (송정동),절삭가공 및 유사처리업,051-974-8233
2923,(주)천우스틸,"부산광역시 사상구 장인로20번길 15(감전동, 금창공업사)",그 외 기타 금속가공업,051-317-3048
2924,(주)천우종합건설,부산광역시 사상구 장인로20번길 23 (감전동),그 외 기타 금속가공업,051-710-0459
2925,(주)천일상사,"부산광역시 사상구 학감대로221번길 49 (감전동, (주)천일상사)",기타 신발 제조업 외 1종,051-312-4352
2926,(주)천일상사,부산광역시 강서구 낙동남로511번길 26 (녹산동),기타 신발 제조업,051-312-4352
2927,(주)천일철강,부산광역시 강서구 미음산단2로16번길 12 (구랑동),그 외 기타 1차 철강 제조업,051-831-8443
2928,(주)천일철강,부산광역시 강서구 미음산단로 255(미음동),그 외 기타 분류 안된 금속 가공 제품 제조업,051-831-8441
2929,(주)천진,부산광역시 사상구 대동로239번길 20 (학장동),전시 및 광고용 조명장치 제조업,051-502-2438
2930,(주)청명드림,부산광역시 강서구 경전철로188번길 95-12(대저1동),문구용 종이제품 제조업,051-972-8596
2931,(주)청산에식품,부산광역시 사하구 신산북로 56 (신평동),수산식물 가공 및 저장 처리업,051-206-5852
2932,(주)청산에식품,부산광역시 사하구 하신중앙로54번길 49 (장림동),수산식물 가공 및 저장 처리업,051-206-5852
2933,(주)청산이에스씨,부산광역시 강서구 공항로 1117 (대저1동),일반용 전기 조명장치 제조업,051-819-0151
2934,(주)청송산업기계,부산광역시 사상구 낙동대로1048번길 13 (감전동),육상 금속 골조 구조재 제조업 외 2종,051-326-2131
2935,(주)청아무역,"부산광역시 서구 원양로 1, B동 508호, A동 503호(암남동, 수산가공선진화단지)",기타 수산동물 가공 및 저장 처리업,051-756-3382
2936,(주)청아이엔지,부산광역시 사하구 장림로 78-2 (장림동),액체 여과기 제조업 외 1종,051-266-8526
2937,(주)청아필터,부산광역시 기장군 정관읍 산단6로 4,액체 여과기 제조업,051-622-1517
2938,(주)청아필터,부산광역시 기장군 정관면 산단3로 101-16,액체 여과기 제조업,051-622-1517
2939,(주)청앤생,부산광역시 강서구 녹산산단261로87번길 19 (송정동),금속탱크 및 저장용기 제조업 외 1종,051-999-5894
2940,(주)청우기술단,부산광역시 사하구 장림로 78-21(장림동),전동기 및 발전기 제조업,051-204-6060
2941,(주)청우스틸,부산광역시 강서구 녹산화전로 24 (송정동),냉간 압연 및 압출 제품 제조업,055-362-1950
2942,(주)청우일렉트론,"부산광역시 강서구 녹산산단382로14번가길 20, 1층 106호 (송정동, 한국청정도금센터)",도금업,051-831-7277
2943,(주)청우제강,부산광역시 강서구 녹산화전로 24 (송정동),철강선 제조업,051-831-2171
2944,(주)청운RM,부산광역시 사상구 낙동대로1310번길 37 (삼락동),주형 및 금형 제조업,051-305-1025
2945,(주)청운전력,부산광역시 사상구 낙동대로1412번길 30(삼락동),배전반 및 전기 자동제어반 제조업 외 6종,051-305-0436
2946,(주)청운컴퍼니,부산광역시 영도구 대교로46번길 29-6 (봉래동1가),선박 구성 부분품 제조업,051-412-2977
2947,(주)청원그룹,부산광역시 기장군 정관읍 정관상곡1길 84 청원그룹,기타 직물제품 제조업,051-728-8850
2948,(주)청정기술 ,"부산광역시 해운대구 반송로525번길 25, 5층 501호  (석대동)",기타 가정용 전기기기 제조업 외 2종,051-714-0160
2949,(주)청호씨앤팜,부산광역시 기장군 일광면 못골길 42,수산식물 가공 및 저장 처리업,051-721-0262
2950,(주)청호테크,부산광역시 기장군 기장읍 차성동로142번길 14 (한일종이컵),그 외 기타 종이 및 판지 제품 제조업,미등록
2951,(주)청호하이테크,부산광역시 강서구 녹산산단290로 10 (송정동),계면활성제 제조업,051-326-9661
2952,(주)첼링,부산광역시 사하구 을숙도대로724번길 2 (구평동),날붙이 제조업,051-264-9750
2953,(주)초록별,"부산광역시 해운대구 반송로623번길 45, 1동 2층 (석대동)",그 외 기타 일반목적용 기계 제조업,051-523-4401
2954,(주)초이테크,"부산광역시 사상구 가야대로330번길 81, 지하1층 (주례동)","적층, 합성 및 특수표면처리 종이 제조업",031-948-6092
2955,(주)칠산클린업,부산광역시 강서구 대저로109번길 43 (대저1동),그 외 기타 플라스틱 제품 제조업,051-971-0085
2956,(주)카디넥,"부산광역시 사상구 낙동대로1330번길 41 (삼락동, 극동산업)",선박 구성 부분품 제조업,051-303-6900
2957,(주)카리,부산광역시 사상구 삼덕로45번길 152 (덕포동),차체 및 특장차 제조업 외 1종,051-911-1572
2958,(주)카메디아스퀘어,"부산광역시 해운대구 센텀7로 6, 3층, 302, 303호(우동, 부산영상후반작업시설)",방송장비 제조업,051-714-3911
2959,(주)카비,부산광역시 강서구 생곡산단2로 14 (생곡동),"동 제련, 정련 및 합금 제조업",051-973-5200
2960,(주)카스메탈,부산광역시 강서구 생곡산단2로 32 (생곡동),"탭, 밸브 및 유사장치 제조업",051-941-1127
2961,(주)카스아이엔씨,부산광역시 강서구 체육공원로52번길 85 (대저1동),그 외 기타 특수목적용 기계 제조업 외 1종,051-305-8910
2962,(주)카티브,부산광역시 기장군 장안읍 명례산단3로 95,그 외 기타 분류 안된 금속 가공 제품 제조업,051-714-0187
2963,(주)캐스텍코리아,"부산광역시 강서구 미음산단4로 55(미음동, (주)캐스텍코리아)",절삭가공 및 유사처리업,051-974-4261
2964,(주)캐이피피,부산광역시 강서구 화전산단5로84번길 36 (화전동),절삭가공 및 유사처리업 외 1종,051-831-9914
2965,(주)캠프라인,"부산광역시 사상구 낙동대로 1398 (삼락동, 캠프라인)",기타 신발 제조업,051-301-3657
2966,(주)캡스톤,부산광역시 강서구 녹산산업북로 188 (송정동),절삭가공 및 유사처리업,051-264-0071
2967,(주)커니스,"부산광역시 기장군 일광읍 기장대로 1047-7, 지하 1층",배전반 및 전기 자동제어반 제조업 외 5종,051-784-4848
2968,(주)컴씨스,부산광역시 강서구 과학산단1로 20 (지사동),자동차용 신품 동력전달장치 제조업 외 4종,051-971-8846
2969,(주)컴포즈커피스마트팩토리,부산광역시 기장군 장안읍 오리산단7로 4,커피 가공업 외 1종,051-583-5498
2970,(주)케미칼코리아,부산광역시 강서구 녹산산단290로 27-11 (송정동),그 외 기타 분류 안된 화학제품 제조업 외 3종,051-831-4777
2971,(주)케이.제이,부산광역시 사하구 다산로105번길 21 (다대동),낚시 및 수렵용구 제조업,051-263-0990
2972,(주)케이가꿈,"부산광역시 부산진구 동평로39번길 64, 지하1층 (당감동)","수산동물 훈제, 조리 및 유사 조제식품 제조업 외 25종",051-808-0622
2973,(주)케이뉴텍,부산광역시 기장군 장안읍 월내2길 40,"금속 문, 창, 셔터 및 관련제품 제조업 외 9종",051-724-6796
2974,(주)케이디스틸,부산광역시 강서구 녹산산단261로88번길 20 (송정동),그 외 기타 1차 철강 제조업,051-832-1405
2975,(주)케이브이엔텍,부산광역시 사하구 다산로 164 (다대동),"탭, 밸브 및 유사장치 제조업",051-790-9792
2976,(주)케이브이엔텍,부산광역시 사하구 다산로 92 (다대동),절삭가공 및 유사처리업,051-714-7100
2977,(주)케이비비이,부산광역시 강서구 녹산산단262로49번길 56 (송정동),운송장비 조립용 플라스틱제품 제조업,051-271-0940
2978,(주)케이비테크,부산광역시 강서구 녹산화전로 126-13(화전동),그 외 기타 일반목적용 기계 제조업,051-941-3756
2979,(주)케이셀바이오사이언스,부산광역시 기장군 장안읍 기장대로 1921-16,기초 의약 물질 제조업 외 1종,051-727-1688
2980,(주)케이시스,"부산광역시 사상구 모라로192번길 9, 5층(501, 502, 503호실), 지하1층(B101호실)(모라동, 백양스마트밸리)",전시 및 광고용 조명장치 제조업 외 3종,051-642-7800
2981,(주)케이시피   ,부산광역시 기장군 정관읍 산단7로 8-20,구조용 금속 판제품 및 공작물 제조업 외 3종,051-728-7950
2982,(주)케이씨,부산광역시 강서구 녹산산단261로14번길 13 (송정동),선박 구성 부분품 제조업 외 5종,051-831-7720
2983,(주)케이씨,부산광역시 강서구 미음산단3로 165 (미음동),선박 구성 부분품 제조업 외 5종,051-831-7720
2984,(주)케이씨산업,"부산광역시 사상구 낙동대로988번길 48(감전동, 대동에스피지)",수상 금속 골조 구조재 제조업,055-794-2058
2985,(주)케이씨산전,부산광역시 사상구 사상로439번길 59 (모라동),"전기회로 개폐, 보호장치 제조업 외 3종",051-897-7959
2986,(주)케이씨엠솔루션,부산광역시 강서구 공항앞길85번길 24 (대저2동),방송장비 제조업 외 1종,051-311-3394
2987,(주)케이씨트로닉스,"부산광역시 사상구 대동로 303, 1015호(감전동, 부산디지털밸리아파트형공장)",유선 통신장비 제조업 외 7종,051-326-7119
2988,(주)케이알스틸,부산광역시 사상구 낙동대로 911 (감전동),그 외 기타 1차 철강 제조업,051-804-2438
2989,(주)케이알스틸,부산광역시 사상구 학장동 748-16,그 외 기타 분류 안된 금속 가공 제품 제조업,051-804-2438
2990,(주)케이알스틸,부산광역시 강서구 미음국제5로마길 23 (미음동),그 외 기타 1차 철강 제조업,미등록
2991,(주)케이에스,부산광역시 강서구 낙동남로533번길 14 (녹산동),그 외 기타 달리 분류되지 않은 운송장비 제조업 외 1종,070-8825-3669
2992,(주)케이에스브이,부산광역시 영도구 남항서로104번길 6 (남항동2가),"탭, 밸브 및 유사장치 제조업",051-415-4466
2993,(주)케이에스에프아이앤씨,부산광역시 강서구 녹산산단262로13번길 9 (송정동),운송장비 조립용 플라스틱제품 제조업,051-831-0269
2994,(주)케이에스엔지니어링,부산광역시 강서구 녹산산단382로59번길 45 (송정동),그 외 기타 일반목적용 기계 제조업 외 2종,051-316-3349
2995,(주)케이에스티,부산광역시 강서구 맥도강변길 180 (대저2동),액체 펌프 제조업,070-7600-9630
2996,(주)케이에스티플랜트,부산광역시 강서구 과학산단1로103번길 34 (지사동),"탭, 밸브 및 유사장치 제조업",051-727-5045
2997,(주)케이에스팩,부산광역시 사상구 가야대로48번길 5 (학장동),그 외 기타 일반목적용 기계 제조업 외 1종,051-312-7025
2998,(주)케이에스피,부산광역시 강서구 녹산산단381로86번길 43 (송정동),기어 및 동력전달장치 제조업 외 6종,051-831-6270
2999,(주)케이에스피,부산광역시 강서구 녹산산업북로 172 (송정동),선박 구성 부분품 제조업 외 3종,051-979-5753
3000,(주)케이에이엠,부산광역시 강서구 녹산산단382로50번길 30 (송정동),항공기용 부품 제조업 외 1종,051-832-0384
3001,(주)케이에이엠,부산광역시 강서구 가리새1로25번길 45 (생곡동),항공기용 부품 제조업,051-832-0384
3002,(주)케이에이엠,부산광역시 강서구 녹산산단382로50번길 28 (송정동),항공기용 부품 제조업,051-832-0384
3003,(주)케이에이치브이,"부산광역시 강서구 범방2로9번길 11, 3번째동(범방동)","탭, 밸브 및 유사장치 제조업",051-714-2155
3004,(주)케이에이치스틸,부산광역시 강서구 녹산산단17로78번길 16 (송정동),강주물 주조업,051-714-2521
3005,(주)케이에프마스크,부산광역시 기장군 기장읍 기장대로413번길 80,기타 직물제품 제조업,051-724-8094
3006,(주)케이에프스틸,부산광역시 강서구 공항앞길33번길 94-13 (대저2동),금속 단조제품 제조업,051-971-9695
3007,(주)케이에프피,부산광역시 강서구 화전산단2로 84 (화전동),절삭가공 및 유사처리업,051-971-9950
3008,(주)케이에프피,부산광역시 강서구 화전산단2로 90 (화전동),절삭가공 및 유사처리업,051-971-9950
3009,(주)케이엔,부산광역시 강서구 가달2로 24 (생곡동),배전반 및 전기 자동제어반 제조업 외 2종,051-941-3378
3010,(주)케이엔에스,부산광역시 수영구 구락로 23 (수영동),철도차량 부품 및 관련 장치물 제조업 외 5종,051-866-5100
3011,(주)케이엔티,부산광역시 사상구 새벽시장로133번길 15 (감전동),배전반 및 전기 자동제어반 제조업 외 1종,051-323-2752
3012,(주)케이엘인더스트리,"부산광역시 사상구 엄궁로 70-16, 311호 (엄궁동)",일반용 전기 조명장치 제조업,051-832-7701
3013,(주)케이엠,부산광역시 서구 충무대로 214 (남부민동),수산동물 냉동품 제조업 외 1종,051-254-7234
3014,(주)케이엠시스,"부산광역시 사상구 대동로 303, 1103호 (감전동, 부산디지털밸리아파트형공장)",전자부품 실장기판 제조업,051-714-7290
3015,(주)케이엠에프,부산광역시 강서구 가달1로 72 (생곡동),그 외 기타 달리 분류되지 않은 운송장비 제조업 외 7종,051-982-2781
3016,(주)케이오션엔지니어링,"부산광역시 강서구 녹산산단261로73번길 25,  (송정동,1563-2) (송정동)",선박 구성 부분품 제조업 외 2종,051-972-2021
3017,(주)케이와이기전,부산광역시 강서구 상덕로119번길 16 (강동동),그 외 기타 금속가공업,051-263-3779
3018,(주)케이와이시스템,"부산광역시 남구 신선로 365, 창업보육센터 203호 (용당동, 부경대학교)",일반용 전기 조명장치 제조업 외 1종,051-627-9870
3019,(주)케이와이테크,부산광역시 강서구 가리새2로13번길 18 (미음동),그 외 기타 일반목적용 기계 제조업 외 13종,051-941-8540
3020,(주)케이이엘,"부산광역시 사상구 사상로356번길 41-14 (덕포동, 케이엘)",배전반 및 전기 자동제어반 제조업 외 3종,051-303-8491
3021,(주)케이이티산업,부산광역시 강서구 녹산산단382로50번길 41 (송정동),주형 및 금형 제조업 외 3종,051-831-9831
3022,(주)케이제이에프,부산광역시 강서구 미음산단로377번길 6 (미음동),비동력식 수공구 제조업,051-913-9228
3023,(주)케이제이열처리,부산광역시 강서구 녹산산단231로 5 (송정동),금속 열처리업,051-831-2474
3024,(주)케이제이이엔지,부산광역시 강서구 제도로 809-10 (강동동),배전반 및 전기 자동제어반 제조업,051-303-6394
3025,(주)케이제이코리아,부산광역시 강서구 미음국제3로 85(미음동),강관 가공품 및 관 연결구류 제조업,051-972-5954
3026,(주)케이텍글로벌,부산광역시 강서구 과학산단2로19번길 156 (지사동),강관 제조업 외 1종,051-321-1419
3027,(주)케이텍플러스,부산광역시 강서구 신덕길1번길 34-22 (대저1동),유압기기 제조업 외 1종,051-271-1042
3028,(주)케이투시스템이엔지,부산광역시 사상구 사상로393번길 21(덕포동),금속 위생용품 제조업 외 4종,051-316-8611
3029,(주)케이투시스템이엔지,부산광역시 사상구 학장로 147 (학장동),금속 위생용품 제조업 외 4종,051-316-8611
3030,(주)케이투시스템이엔지,부산광역시 사상구 학장로 147 (학장동),수동식 식품 가공기기 및 금속 주방용기 제조업 외 2종,051-316-8610
3031,(주)케이티마린,부산광역시 영도구 해양로111번길 33(청학동),선박 구성 부분품 제조업,051-441-0692
3032,(주)케이티마린,부산광역시 강서구 미음산단로 399 (미음동),선박 구성 부분품 제조업,051-441-0692
3033,(주)케이티아이,부산광역시 사하구 다산로 200 (다대동),끈 및 로프 제조업,051-264-0025
3034,(주)케이티아이,부산광역시 사하구 다산로 190 (다대동),끈 및 로프 제조업,051-293-1918
3035,(주)케이티아이 다대공장,부산광역시 사하구 다산로 217 (다대동),어망 및 기타 끈 가공품 제조업,051-293-1918
3036,(주)케이티아이 신평공장,부산광역시 사하구 다대로170번길 74 (신평동),어망 및 기타 끈 가공품 제조업,051-294-8172
3037,(주)케이티아이 중앙동지점,부산광역시 영도구 해양로79번길 18 (청학동),선박 구성 부분품 제조업,051-293-1918
3038,(주)케이티알,부산광역시 영도구 해양로176번길 5(청학동),선박 구성 부분품 제조업,미등록
3039,(주)케이티엠,부산광역시 사하구 구평로 29-6 (구평동),컨베이어장치 제조업,051-264-6250
3040,(주)케이피비,부산광역시 기장군 기장읍 대청로72번길 26,그 외 기타 전기장비 제조업,051-728-1312
3041,(주)케이피씨,부산광역시 강서구 녹산산업중로 71 (송정동),도장 및 기타 피막처리업,051-831-8092
3042,(주)케이필터,"부산광역시 강서구 미음국제5로 103(미음동, 세영공업)",기체 여과기 제조업,070-8648-3566
3043,(주)켈로기업,부산광역시 강서구 화전산단5로84번길 22 (화전동),주형 및 금형 제조업,051-831-2420
3044,(주)켐룩스,부산광역시 강서구 과학산단로333번길 77-16 (지사동),인쇄잉크 및 회화용 물감 제조업,051-973-4557
3045,(주)코끼리와이어,부산광역시 영도구 청학동 217-138번지,철강선 제조업 외 1종,051-412-7116
3046,(주)코노텍   ,부산광역시 기장군 장안읍 반룡산단1로 56,기타 주변기기 제조업 외 1종,051-819-0425
3047,(주)코닥트,부산광역시 강서구 낙동남로991번길 58 (명지동),운송장비 조립용 플라스틱제품 제조업 외 5종,051-246-8008
3048,(주)코레코,부산광역시 강서구 범방3로 25 (범방동),산업용 냉장 및 냉동 장비 제조업,051-628-7190
3049,(주)코렉스,"부산광역시 금정구 수원지로 8, 3층 일부 (회동동)",침구 및 관련제품 제조업 외 23종,미등록
3050,(주)코렘덕신,부산광역시 사하구 을숙도대로 574 (장림동),산업용 냉장 및 냉동 장비 제조업 외 3종,051-264-2300
3051,(주)코로나,부산광역시 강서구 범방2로 62 (범방동),"기타 섬유, 의복 및 가죽 가공 기계 제조업",051-921-1000
3052,(주)코르크월드,부산광역시 강서구 대저중앙로375번길 13-9 (대저1동),코르크 및 조물제품 제조업 외 1종,070-4122-0013
3053,(주)코르크월드,부산광역시 강서구 대저중앙로 77 (대저1동),코르크 및 조물제품 제조업 외 1종,070-4122-0013
3054,(주)코리녹스,부산광역시 강서구 녹산산단407로 93 (송정동),"기타 비철금속 압연, 압출 및 연신 제품 제조업",051-832-0031
3055,(주)코리아 씰 테크,부산광역시 강서구 신호산단3로88번길 26 (신호동),"탭, 밸브 및 유사장치 제조업",051-315-1663
3056,(주)코리아납코,부산광역시 사하구 하신번영로127번길 24 (신평동),"탭, 밸브 및 유사장치 제조업",051-204-8661
3057,(주)코리아벨로우즈 ,"부산광역시 금정구 개좌로 273-20, B1층 101,101,201~203 (회동동)","기타 측정, 시험, 항해, 제어 및 정밀기기 제조업",051-531-4900
3058,(주)코리아씰테크,부산광역시 강서구 녹산산업북로313번길 39 (송정동),"탭, 밸브 및 유사장치 제조업",051-315-1663
3059,(주)코리아씰테크 화전지점,부산광역시 강서구 화전산단5로 90 (화전동),"탭, 밸브 및 유사장치 제조업",051-315-1664
3060,(주)코리아애드,부산광역시 사상구 주례로 248 (학장동),간판 및 광고물 제조업 외 3종,051-464-7668
3061,(주)코리아오션텍,"부산광역시 금정구 동대로 20, A동 3층전체 (회동동)",선박 구성 부분품 제조업 외 7종,051-959-8830
3062,(주)코리아오토테크,부산광역시 강서구 과학산단로333번길 77-14 (지사동),자동차용 신품 동력전달장치 제조업,070-4133-3403
3063,(주)코리아정보통신,부산광역시 금정구 공단로 68-13 (금사동),컴퓨터 제조업 외 3종,051-621-7892
3064,(주)코리아카누트,부산광역시 사하구 장림로 136 (장림동),항공기용 부품 제조업,051-266-7840
3065,(주)코리아카누트 다대지점,부산광역시 사하구 다산로175번길 13 (다대동),무기 및 총포탄 제조업,051-2666-7840
3066,(주)코리아테크,부산광역시 강서구 과학산단2로19번길 25 (지사동),핵반응기 및 증기보일러 제조업 외 4종,051-208-1155
3067,(주)코리아테크,부산광역시 강서구 금호순서길282번나길 37-7 (대저2동),컨베이어장치 제조업 외 5종,055-3313-6950
3068,(주)코리아테크,부산광역시 강서구 과학산단2로19번길 33(지사동),그 외 기타 일반목적용 기계 제조업,051-208-1155
3069,(주)코리아테크,부산광역시 강서구 화전산단5로74번길 31 (화전동),기어 및 동력전달장치 제조업,051-292-8030
3070,(주)코리아트리즈,"부산광역시 해운대구 센텀동로 99, 7층 711 (재송동, 벽산e센텀클래스원)",시스템 소프트웨어 개발 및 공급업 외 6종,ARS-1670-5435
3071,(주)코리아피팅,부산광역시 강서구 화전산단6로90번길 28 (화전동),절삭가공 및 유사처리업 외 2종,051-312-9941
3072,(주)코리언인그리디언츠,"부산광역시 기장군 일광면 횡계길 7, 202호 (해양생물산업육성센터)",복합비료 및 기타 화학비료 제조업,미등록
3073,(주)코마텍,부산광역시 강서구 녹산산단27로 20 (송정동),선박 구성 부분품 제조업,051-831-4300
3074,(주)코마텍이엔지,부산광역시 영도구 남항서로92번길 42-6 (남항동2가),선박 구성 부분품 제조업,051-413-5911
3075,(주)코메론,부산광역시 사하구 장평로 73 (장림동),"기타 측정, 시험, 항해, 제어 및 정밀기기 제조업 외 1종",051-290-3100
3076,(주)코메탈,부산광역시 강서구 녹산산단382로60번길 56 (송정동),강주물 주조업,051-831-2930
3077,(주)코멕,부산광역시 강서구 공항앞길85번길 7(대저2동),그 외 기타 특수목적용 기계 제조업 외 4종,051-302-4979
3078,(주)코밸,부산광역시 사하구 다산로 92 (다대동),"탭, 밸브 및 유사장치 제조업",051-790-9700
3079,(주)코밸,부산광역시 사하구 다산로 164 (다대동),"탭, 밸브 및 유사장치 제조업",051-790-9700
3080,(주)코선,부산광역시 강서구 녹산산단261로 29 (송정동),그 외 자동차용 신품 부품 제조업 외 4종,051-831-5541
3081,(주)코스모,부산광역시 기장군 장안읍 명례산단2로 20,선박 구성 부분품 제조업,051-519-9900
3082,(주)코스모디자인,"부산광역시 동구 중앙대로 232,  지하1층 일부 (초량동) (총 2 필지)",경 인쇄업 외 2종,051-468-1199
3083,(주)코스모아,부산광역시 사하구 감천항로419번길 53 (구평동),기타 직물제품 제조업,051-266-2604
3084,(주)코스와이어,"부산광역시 사상구 가야대로 101 (감전동, (주)코스와이어)",금속선 가공제품 제조업 외 1종,051-310-8000
3085,(주)코스타,부산광역시 강서구 화전산단5로48번길 32(화전동),배전반 및 전기 자동제어반 제조업,051-711-3251
3086,(주)코스타,부산광역시 강서구 신호산단4로 85 (신호동),배전반 및 전기 자동제어반 제조업 외 1종,051-711-3251
3087,(주)코시,부산광역시 금정구 개좌로 273-11 (회동동),배전반 및 전기 자동제어반 제조업,051-524-1293
3088,(주)코아이,"부산광역시 강서구 녹산산단382로14번길 55, 304호(송정동, 부산광역시 신발산업진흥센타)",액체 여과기 제조업 외 1종,051-261-1900
3089,(주)코아텍,부산광역시 기장군 정관면 산단3로 92-7,그 외 자동차용 신품 부품 제조업 외 7종,051-727-8023
3090,(주)코아텍,부산광역시 기장군 정관읍 산단3로 101-32,그 외 자동차용 신품 부품 제조업,051-727-8023
3091,(주)코아트라인,부산광역시 사하구 다산로225번길 24 (장림동),도금업,051-261-4401
3092,(주)코어로보틱스,"부산광역시 기장군 장안읍 의과학6로 17, (동남권방사선의·과학일반산업단지 내 산업11-4)",산업용 로봇 제조업 외 3종,051-723-5021
3093,(주)코원아이엔씨 부산공장,부산광역시 사하구 사하로 74-5 (감천동),"근무복, 작업복 및 유사의복 제조업 외 2종",051-208-9994
3094,(주)코웰메디,"부산광역시 사상구 학감대로221번길 48 (감전동, 코웰메디)",그 외 기타 의료용 기기 제조업,051-314-2028
3095,(주)코웰메디,부산광역시 강서구 에코대로37번길 30 (명지동),그 외 기타 의료용 기기 제조업,051-314-2028
3096,(주)코지텍,부산광역시 강서구 평강로 373(대저1동),그 외 기타 가구 제조업 외 1종,미등록
3097,(주)코카코,"부산광역시 영도구 해양로 256 (동삼동, (주)코카코)",선박 구성 부분품 제조업,051-403-4114
3098,(주)코켐,부산광역시 사하구 다대로170번길 90 (신평동),신발 부분품 제조업,051-262-6762
3099,(주)코콤네트워크,부산광역시 사상구 새벽로 136 (감전동),그 외 기타 분류 안된 금속 가공 제품 제조업 외 6종,051-804-6000
3100,(주)코트론,"부산광역시 해운대구 반송로525번길 45, 3층 (석대동)",전자감지장치 제조업 외 6종,051-781-7661
3101,(주)코파트,"부산광역시 사상구 새벽로223번길 11 (괘법동, 한국기업)",일반철물 제조업,051-714-7192
3102,(주)콘넥,부산광역시 사하구 신산로13번길 58 (신평동),절삭가공 및 유사처리업,051-264-3538
3103,(주)콜링씨앤디,"부산광역시 기장군 정관읍 용수공단2길 35, A동","알루미늄 압연, 압출 및 연신제품 제조업 외 5종",051-851-3273
3104,(주)콜링씨앤디 기장지사,"부산광역시 기장군 기장읍 기장대로413번길 94-1, (1층)","알루미늄 압연, 압출 및 연신제품 제조업 외 6종",051-851-3273
3105,(주)콩고토탈마린,부산광역시 사하구 구평로 21-3 (구평동),선박 구성 부분품 제조업,051-417-6661
3106,(주)콩볶는사람들,부산광역시 기장군 정관읍 산단5로 76-62,커피 가공업,051-526-1183
3107,(주)콩볶는사람들,부산광역시 기장군 정관읍 산단5로 76-64,커피 가공업,051-529-9956
3108,(주)큐브스엘이디,"부산광역시 동구 중앙대로 526, 4층 (범일동)",교통 신호장치 제조업 외 5종,051-809-2071
3109,(주)큐엔큐,부산광역시 강서구 화전산단3로 58 (화전동),그 외 기타 일반목적용 기계 제조업,051-292-0395
3110,(주)크레아  ,"부산광역시 해운대구 센텀중앙로 97, A동 38층 3804호 (재송동, 센텀스카이비즈)",기타 광학기기 및 사진기 제조업 외 11종,미등록
3111,(주)크로시스,부산광역시 사하구 신산로 72-1 (신평동),기체 여과기 제조업 외 6종,051-220-9934
3112,(주)크린월드,부산광역시 강서구 제도로1002번길 11 (강동동),기체 여과기 제조업,미등록
3113,(주)크린파워,"부산광역시 사상구 가야대로 59 (감전동, (주)크린파워)",그 외 기타 특수목적용 기계 제조업 외 5종,051-313-0052
3114,(주)클린엠테크,"부산광역시 강서구 미음산단5로41번길 71, 602호(미음동, 부산글로벌테크비즈센터)",금속 위생용품 제조업 외 4종,미등록
3115,(주)키다리아저씨,부산광역시 강서구 과학산단1로60번길 31 (지사동) 부산테크노파크,전기회로 접속장치 제조업,070-4216-1230
3116,(주)키마린솔루션스,부산광역시 기장군 장안읍 오리산단3로 10,선박 구성 부분품 제조업,051-728-2001
3117,(주)키엔지니어링   ,부산광역시 기장군 장안읍 오리산단3로 10,분사기 및 소화기 제조업,051-921-0119
3118,(주)키츠코리아,부산광역시 강서구 화전산단6로54번길 20 (화전동),"탭, 밸브 및 유사장치 제조업",051-290-3092
3119,(주)키코,부산광역시 사하구 다산로106번길 35 (다대동),액체 펌프 제조업,051-264-6668
3120,(주)킴스,"부산광역시 사상구 낙동대로943번길 235, 511호  (감전동)",기타 신발 제조업 외 2종,051-804-8044
3121,(주)킴스마린테크,"부산광역시 영도구 남항남로 6,  (1층 일부) (남항동3가)",선박 구성 부분품 제조업,051-413-2790
3122,(주)킴스테크,"부산광역시 사상구 낙동대로943번길 235, 첨단신발허브센터 공장동 5층 511호 (감전동)",벽지 및 장판지 제조업 외 4종,051-804-8044
3123,(주)타라유통,부산광역시 사상구 하신번영로 451 (엄궁동),종이 포대 및 가방 제조업,051-311-2738
3124,(주)타스글로벌,부산광역시 강서구 생곡로189번길 23(생곡동),산업용 로봇 제조업,051-731-0056
3125,(주)타스산업,부산광역시 기장군 정관읍 예림리 617-2,기기용 자동측정 및 제어장치 제조업,051-517-1255
3126,(주)타이탄,부산광역시 강서구 지사동 1276번지 (재)부산테크노파크 POST- BI동 207호,컴퓨터 모니터 제조업,051-974-9680
3127,(주)타임넷,"부산광역시 사상구 낙동대로 862-4, 2층 (감전동)",방송장비 제조업 외 1종,051-246-9980
3128,(주)탄탄글로벌,부산광역시 강서구 녹산산단381로12번길 39 (송정동),그 외 기타 고무제품 제조업 외 1종,051-863-0800
3129,(주)탑디원,부산광역시 강서구 생곡산단2로11번길 47 (생곡동),톱 및 호환성 공구 제조업,051-977-8080
3130,(주)탑솔루션,부산광역시 기장군 기장읍 차성로397번길 12,배전반 및 전기 자동제어반 제조업,051-722-5855
3131,(주)탑스테인레스스틸,부산광역시 사상구 낙동대로 877 (감전동),그 외 기타 금속가공업,051-791-0717
3132,(주)태경금속,"부산광역시 사상구 학감대로221번길 16 (감전동, (주)태경금속)",그 외 기타 1차 철강 제조업 외 1종,051-323-2803
3133,(주)태경유아공익사,부산광역시 기장군 정관읍 매곡길 25-14,그 외 기타 분류 안된 금속 가공 제품 제조업 외 4종,051-552-2270
3134,(주)태경이엔지,부산광역시 강서구 녹산산단77로22번길 15 (송정동),그 외 기타 금속가공업,미등록
3135,(주)태경전기,부산광역시 사상구 낙동대로1412번길 32 (삼락동),배전반 및 전기 자동제어반 제조업 외 7종,051-303-0439
3136,(주)태광,부산광역시 강서구 화전산단5로 51 (화전동),강관 제조업 외 1종,051-970-6604
3137,(주)태광,부산광역시 강서구 화전산단2로 37 (화전동) (총 2 필지),강관 제조업 외 1종,051-970-6604
3138,(주)태광,부산광역시 강서구 녹산산업대로 117-12 (송정동),강관 제조업 외 2종,051-831-6550
3139,(주)태광기전,"부산광역시 사상구 새벽시장로56번길 33 (감전동, 태광기전)",그 외 기타 전기장비 제조업,051-314-0450
3140,(주)태광레이저,부산광역시 사상구 강변대로456번길 33-11 (엄궁동),기타 구조용 금속제품 제조업 외 2종,051-313-8305
3141,(주)태광볼트,부산광역시 사상구 낙동대로1452번길 34 (삼락동),볼트 및 너트류 제조업 외 2종,051-301-3200
3142,(주)태광스틸,부산광역시 강서구 녹산산단381로40번길 11 (송정동),열간 압연 및 압출 제품 제조업,051-831-0084
3143,(주)태광아이엔씨,부산광역시 강서구 미음산단4로 22 (미음동),구름베어링 제조업 외 1종,051-974-0658
3144,(주)태광유엔티,부산광역시 강서구 미음산단로76번길 6 (구랑동),자동차용 신품 동력전달장치 제조업 외 1종,051-818-8668
3145,(주)태광폴리켐,부산광역시 사하구 다산로175번길 38 (다대동),운송장비 조립용 플라스틱제품 제조업 외 4종,051-265-4470
3146,(주)태광플랜텍,부산광역시 강서구 미음산단3로 96 (미음동),강관 제조업,051-941-9896
3147,(주)태광플랜텍,부산광역시 강서구 미음산단4로 11 (미음동),강관 제조업,051-941-9896
3148,(주)태남토파스,부산광역시 강서구 화전산단5로14번길 25 (화전동),그 외 자동차용 신품 부품 제조업,051-465-8028
3149,(주)태림산전,부산광역시 사상구 모라로6번길 22 (삼락동),배전반 및 전기 자동제어반 제조업 외 2종,051-305-6881
3150,(주)태림섬유,부산광역시 사하구 신산로13번길 13 (신평동),섬유제품 기타 정리 및 마무리 가공업 외 1종,051-294-0264
3151,(주)태림인더스트리,부산광역시 강서구 화전산단2로 107 (화전동),산업용 냉장 및 냉동 장비 제조업 외 1종,051-973-9505
3152,(주)태상,부산광역시 강서구 녹산산업북로 75 (송정동),절삭가공 및 유사처리업,051-209-9000
3153,(주)태상,부산광역시 강서구 미음산단로 20 (구랑동),금속 단조제품 제조업 외 1종,051-209-9082
3154,(주)태선산업,부산광역시 사상구 학감대로177번길 27(학장동),신발 부분품 제조업,051-314-3715
3155,(주)태성,부산광역시 기장군 정관읍 산단3로 92-93,그 외 자동차용 신품 부품 제조업 외 3종,051-711-6111
3156,(주)태성물산,부산광역시 사하구 장림로93번길 19 (장림동),"수산동물 훈제, 조리 및 유사 조제식품 제조업 외 1종",051-261-9844
3157,(주)태성비철,부산광역시 강서구 범방3로 10 (범방동),기타 1차 비철금속 제조업 외 1종,051-831-4611
3158,(주)태성엔텍,부산광역시 강서구 미음국제4로 60 (미음동),유압기기 제조업,051-972-7940
3159,(주)태성정밀,부산광역시 강서구 미음산단2로16번길 47 (구랑동),주형 및 금형 제조업,055-321-3025
3160,(주)태성컴퍼니,부산광역시 기장군 정관면 예림1로 66,전동기 및 발전기 제조업,051-523-4677
3161,(주)태성포리테크,"부산광역시 사상구 모덕로67번길 159, 3층(모라동)",부직포 및 펠트 제조업,051-305-2496
3162,(주)태성푸드,부산광역시 강서구 대저중앙로233번길 18 (대저1동),가금류 가공 및 저장 처리업,051-972-8461
3163,(주)태양,"부산광역시 사상구 사상로 433, 2~7층 (모라동)",기타 신발 제조업,051-301-3644
3164,(주)태양금속,부산광역시 사하구 다산로 240 (장림동),도금업,051-265-2191
3165,(주)태양금속,부산광역시 사상구 낙동대로 883 (감전동),그 외 금속파스너 및 나사제품 제조업,051-314-1650
3166,(주)태양기전,부산광역시 강서구 과학산단2로3번길 40 (지사동),자동차용 신품 동력전달장치 제조업 외 2종,051-974-0564
3167,(주)태양산업,부산광역시 강서구 가리새2로13번길 7 (미음동),컨베이어장치 제조업 외 1종,051-941-4085
3168,(주)태양세탁기계,부산광역시 강서구 제도로1041번나길 41 (강동동),"산업용 섬유 세척, 염색, 정리 및 가공 기계 제조업",미등록
3169,(주)태양이엔지,부산광역시 기장군 정관읍 정관로 869-9,커피 가공업,미등록
3170,(주)태양테크,부산광역시 강서구 녹산산단261로39번길 15 (송정동),도금업,051-831-5828
3171,(주)태양프렌지,부산광역시 강서구 녹산산업북로 53 (송정동),그 외 기타 1차 철강 제조업,051-326-7006
3172,(주)태양하우징,부산광역시 기장군 정관면 산단4로 72,구조용 금속 판제품 및 공작물 제조업,051-527-0073
3173,(주)태영엔텍,부산광역시 사하구 다산로175번길 35 (다대동),선박 구성 부분품 제조업,051-261-3405
3174,(주)태영열처리,부산광역시 사하구 다산로176번길 17 (다대동),자동차 엔진용 신품 부품 제조업 외 5종,051-266-8791
3175,(주)태영유니텍,"부산광역시 사상구 낙동대로1338번길 28 (삼락동, 태영유니텍)",그 외 기타 플라스틱 제품 제조업,051-303-1991
3176,(주)태영전기,"부산광역시 사상구 새벽시장로 132 (감전동, (주)태영전기)","전기회로 개폐, 보호장치 제조업 외 1종",051-817-7199
3177,(주)태영정판,부산광역시 사상구 가야대로134번길 29 (학장동),기타 인쇄업 외 1종,051-246-1300
3178,(주)태영테크,부산광역시 강서구 맥도길545번길 27-1 (대저2동),운송장비 조립용 플라스틱제품 제조업 외 3종,051-971-9905
3179,(주)태영텍스타일,"부산광역시 사하구 신산로 120, 4층 403호 (신평동)",화학섬유직물 직조업,051-203-3051
3180,(주)태영하이텍,"부산광역시 금정구 금사로 166, 1층(회동동, 한일상업사)",고무패킹류 제조업 외 1종,051-527-9307
3181,(주)태영하이텍  ,부산광역시 기장군 정관읍 산단2로 15-6,선박 구성 부분품 제조업 외 3종,051-527-9307
3182,(주)태우엘티,부산광역시 강서구 미음국제5로라길 10 (미음동),산업용 로봇 제조업 외 3종,051-832-1203
3183,(주)태웅,부산광역시 강서구 녹산산단335로 24-11 (송정동),절삭가공 및 유사처리업,051-329-5000
3184,(주)태웅,부산광역시 강서구 화전산단1로 15 (화전동),제강업 외 1종,051-899-7000
3185,(주)태웅,부산광역시 강서구 녹산산단27로 67 (송정동),금속 단조제품 제조업 외 1종,051-831-6000
3186,(주)태웅에스엔티,부산광역시 강서구 녹산산업북로 246 (송정동),절삭가공 및 유사처리업,051-899-9832
3187,(주)태웅에스엔티 녹산지점,부산광역시 강서구 녹산산업북로 75 (송정동),절삭가공 및 유사처리업,051-831-6685
3188,(주)태웅에스엔티 미음지점,부산광역시 강서구 구랑동 1185-1번지,절삭가공 및 유사처리업,051-831-6685
3189,(주)태원,부산광역시 강서구 미음산단4로62번길 23 (미음동),액체 여과기 제조업 외 5종,051-831-0310
3190,(주)태원    ,부산광역시 기장군 장안읍 반룡산단1로 52,"박판, 합판 및 유사 적층판 제조업",051-758-3808
3191,(주)태원기업,부산광역시 강서구 미음국제5로마길 30(미음동),그 외 기타 1차 철강 제조업,051-973-3002
3192,(주)태원니들,부산광역시 사상구 사상로469번길 76 (모라동),"기타 섬유, 의복 및 가죽 가공 기계 제조업",051-302-1201
3193,(주)태원에프씨,"부산광역시 금정구 서부로 73 (서동, 가인독서실)",남자용 겉옷 제조업 외 7종,051-526-8350
3194,(주)태원엠티,부산광역시 강서구 신호산단3로88번길 60 (신호동),산업용 트럭 및 적재기 제조업 외 23종,051-634-0937
3195,(주)태원케미칼,부산광역시 강서구 가달1로 48 (생곡동),선박 구성 부분품 제조업,051-717-0334
3196,(주)태원코퍼레이션,부산광역시 강서구 화전산단2로 74 (화전동),기어 및 동력전달장치 제조업,051-206-4595
3197,(주)태원하이텍,부산광역시 강서구 가달1로 48 (생곡동),그 외 자동차용 신품 부품 제조업 외 3종,051-971-0166
3198,(주)태원후렌지,부산광역시 강서구 과학산단로369번길 21(지사동),절삭가공 및 유사처리업,051-941-8970
3199,(주)태인금속,부산광역시 강서구 화전산단2로 78 (화전동),그 외 기타 1차 철강 제조업,051-971-7890
3200,(주)태인금속,부산광역시 강서구 화전산단2로 82 (화전동),그 외 기타 1차 철강 제조업 외 1종,051-971-7890
3201,(주)태일비즈,"부산광역시 사하구 다대로 148, 2층 (신평동)",편조의복 제조업 외 7종,051-206-2146
3202,(주)태일비즈,"부산광역시 영도구 일산봉로37번길 20-3, 2층 (청학동)",남자용 겉옷 제조업 외 8종,051-206-2146
3203,(주)태일비즈,"부산광역시 사하구 장림로 283, 3층(장림동)",남자용 겉옷 제조업 외 13종,051-206-2146
3204,(주)태일산업,부산광역시 사하구 하신중앙로3번가길 36 (장림동),그 외 자동차용 신품 부품 제조업 외 3종,051-265-2646
3205,(주)태일엠텍,부산광역시 사하구 다산로 47 (다대동),"탭, 밸브 및 유사장치 제조업",051-262-7166
3206,(주)태정이엔지,부산광역시 사하구 감천항로419번길 62 (구평동),구조용 금속 판제품 및 공작물 제조업 외 8종,051-261-4977
3207,(주)태정이엔지,부산광역시 사하구 감천항로405번길 40 (구평동),액정 표시장치 제조업 외 14종,051-261-4977
3208,(주)태준산업,부산광역시 강서구 새진목길 32 (명지동),간판 및 광고물 제조업 외 1종,051-271-2712
3209,(주)태진산업,부산광역시 강서구 신호산단3로88번길 50 (신호동),"금속 문, 창, 셔터 및 관련제품 제조업",051-832-2250
3210,(주)태진엔지니어링,부산광역시 기장군 장안읍 장안산단1로 92,액체 여과기 제조업 외 2종,051-721-8261
3211,(주)태진엔지니어링 ,부산광역시 기장군 장안읍 오리산단2로 133,"치약, 비누 및 기타 세제 제조업",051-721-8261
3212,(주)태창비닐산업,부산광역시 사상구 대동로 237 (학장동),"플라스틱 포대, 봉투 및 유사제품 제조업",051-315-8877
3213,(주)태천의료산업,부산광역시 사하구 다산로175번길 32 (다대동),의료용 가구 제조업,051-327-4505
3214,(주)태촌실업,부산광역시 강서구 미음국제5로 93 (미음동) 김형수공장,간판 및 광고물 제조업,051-715-1028
3215,(주)태평양 해양산업,부산광역시 영도구 해양로117번길 32 (청학동),선박 구성 부분품 제조업,051-414-9300
3216,(주)태평양정공,"부산광역시 사상구 강변대로456번길 48 (엄궁동, 태평양정공)",주형 및 금형 제조업,051-316-9881
3217,(주)태현이엔지,부산광역시 사하구 감천항로 221-9 (구평동),액체 펌프 제조업 외 19종,051-361-8272
3218,(주)태화공업,부산광역시 강서구 미음국제5로라길 12 (미음동),배전반 및 전기 자동제어반 제조업 외 2종,051-542-2993
3219,(주)태화이씨씨,부산광역시 남구 이기대공원로 442 (용호동),배전반 및 전기 자동제어반 제조업,051-303-8161
3220,(주)태화인더스트리,부산광역시 강서구 녹산산단231로 20 (송정동),산업용 냉장 및 냉동 장비 제조업 외 1종,051-831-3451
3221,(주)태화인더스트리 부산지점,"부산광역시 강서구 녹산산단261로40번길 22,  송정동 1591-1 (송정동)",산업용 냉장 및 냉동 장비 제조업 외 1종,051-831-3451
3222,(주)태화전력,부산광역시 사상구 주감로 220 (주례동),기타 전기 변환장치 제조업 외 4종,051-317-6070
3223,(주)태화칼파씰,부산광역시 강서구 녹산산단262로49번길 24 (송정동),그 외 기타 분류 안된 금속 가공 제품 제조업 외 1종,051-831-9944
3224,(주)태화칼파씰,부산광역시 강서구 녹산산단290로 11 (송정동),그 외 기타 고무제품 제조업 외 2종,051-831-9944
3225,(주)태흥씨푸드,"부산광역시 사하구 다대동로6번길 17, 401호 (다대동)",기타 수산동물 가공 및 저장 처리업,051-265-5087
3226,(주)태흥중공업,부산광역시 강서구 녹산산단361로 6 (송정동),금속 열처리업,051-831-4711
3227,(주)태흥테크,부산광역시 기장군 장안읍 장안산단9로 172,그 외 자동차용 신품 부품 제조업 외 4종,051-728-5307
3228,(주)탱크테크,부산광역시 강서구 낙동남로533번길 15 (녹산동),강선 건조업 외 3종,051-979-1611
3229,(주)테넥스글로벌,"부산광역시 부산진구 냉정로253번길 24 (가야동, 협동물산)",유아용 의복 제조업,051-892-3842
3230,(주)테라산전,부산광역시 사상구 사상로469번길 48 (모라동),배전반 및 전기 자동제어반 제조업 외 2종,051-206-8859
3231,(주)테스,"부산광역시 강서구 호계로103번길 19-1, (주)테스 (죽동동)",선박 구성 부분품 제조업,051-316-3663
3232,(주)테스,"부산광역시 사상구 광장로20번길 58-26,  중현상가 205호 (괘법동)",선박 구성 부분품 제조업,051-316-3663
3233,(주)테스타,"부산광역시 사상구 모라로 22, 14층 1403,1404호(부산벤처타워) (모라동)","전자기 측정, 시험 및 분석기구 제조업",051-332-4491
3234,(주)테스트윈,"부산광역시 사상구 엄궁로 70-16, 4층 401호 (엄궁동)","물질 검사, 측정 및 분석기구 제조업 외 3종",02-899-2233
3235,(주)테스트테크,부산광역시 강서구 화전산단3로 128 (화전동),연성 및 기타 인쇄회로기판 제조업,043-210-1604
3236,(주)테일러팜스,"부산광역시 강서구 녹산산단261로74번길 41, B동 6호(송정동)",기타 과실ㆍ채소 가공 및 저장 처리업 외 1종,051-831-9620
3237,(주)테크노라이즈,"부산광역시 강서구 과학산단1로60번길 31,  부산테크노파크 202호 (지사동)",절삭가공 및 유사처리업,051-974-9367
3238,(주)테크노코리아,"부산광역시 사상구 사상로417번길 45 (모라동, (주)테크노코리아)",그 외 기타 특수목적용 기계 제조업 외 1종,051-305-2394
3239,(주)테크로스,부산광역시 강서구 녹산산업북로 433 (신호동),액체 여과기 제조업 외 1종,051-601-4700
3240,(주)테크맥,부산광역시 기장군 정관읍 산단7로 99-70 (삼성스텐레스),기기용 자동측정 및 제어장치 제조업 외 1종,051-532-1117
3241,(주)테크유니온,"부산광역시 사상구 대동로 303,  부산디지털밸리 709호 (감전동)",일반용 도료 및 관련제품 제조업 외 16종,051-710-8641
3242,(주)테크유니온,부산광역시 강서구 낙동남로511번길 49 (녹산동),육상 금속 골조 구조재 제조업 외 5종,051-710-8641
3243,(주)테크유니온,부산광역시 기장군 정관읍 정관상곡2길 67,"금속 문, 창, 셔터 및 관련제품 제조업 외 6종",051-710-8641
3244,(주)테크유니온정관공장,부산광역시 기장군 정관읍 정관상곡2길 69,강화 및 재생 목재 제조업 외 13종,051-710-8641
3245,(주)템솔,"부산광역시 강서구 과학산단1로60번길 31,  (재)부산테크노파크 Post-Bi동  204, 205호 (지사동)",그 외 기타 전기장비 제조업,051-941-0656
3246,(주)템코,부산광역시 강서구 녹산산단335로 28 (송정동),"증류기, 열교환기 및 가스발생기 제조업",051-973-6124
3247,(주)토탈마린솔루션,부산광역시 기장군 장안읍 명례산단4로 69,그 외 기타 1차 철강 제조업 외 3종,051-728-7726
3248,(주)토탈소프트뱅크,부산광역시 해운대구 반송로513번길 66-39 (석대동),기타 주변기기 제조업 외 2종,070-4733-1000
3249,(주)토탈아즈 ,부산광역시 강서구 화전산단5로84번길 34 (화전동),주형 및 금형 제조업,051-315-1263
3250,(주)토탈콘트롤,"부산광역시 수영구 망미번영로70번길 106-12 (수영동, (주)토탈컨트롤)",배전반 및 전기 자동제어반 제조업,051-759-6501
3251,(주)토텍,"부산광역시 사하구 신산로 120, 3층 307호  (신평동)","탭, 밸브 및 유사장치 제조업",미등록
3252,(주)투민하우텍,부산광역시 동구 성북로 19 (좌천동),"박판, 합판 및 유사 적층판 제조업",051-635-2557
3253,(주)투엔티원 부산공장,부산광역시 기장군 장안읍 방모산2길 51,비동력식 수공구 제조업,051-727-5337
3254,(주)투와이젠,"부산광역시 강서구 낙동남로549번길 24, 1동 일부(녹산동)","탭, 밸브 및 유사장치 제조업 외 1종",070-4143-6203
3255,(주)트레스,부산광역시 강서구 미음산단로 267 (미음동),선박 구성 부분품 제조업,051-831-0101
3256,(주)트레스 녹산공장,부산광역시 강서구 녹산산업중로 191-11 (송정동),선박 구성 부분품 제조업 외 2종,051-831-0101
3257,(주)트렉스타,부산광역시 강서구 녹산산업중로192번길 23 (송정동),기타 신발 제조업 외 8종,051-309-3663
3258,(주)트렉스타,부산광역시 강서구 녹산산업중로192번길 10 (송정동),그 외 기타 봉제의복 제조업 외 6종,051-309-3663
3259,(주)트루푸드,부산광역시 중구 대영로224번길 3-1 (영주동),천연 및 혼합조제 조미료 제조업,051-245-0413
3260,(주)트윈스타,부산광역시 기장군 기장읍 차성로 94,일반용 전기 조명장치 제조업,051-911-3939
3261,(주)트윈스타,"부산광역시 해운대구 센텀중앙로 97, A동 21층 2102 (재송동)",일반용 전기 조명장치 제조업,051-911-3939
3262,(주)티앤에스테크,부산광역시 강서구 금호순서길 121-12 (대저2동),기기용 자동측정 및 제어장치 제조업 외 1종,051-311-2031
3263,(주)티앤피,"부산광역시 사하구 하신중앙로27번길 17, 1동 3층 302 (장림동, 에이스밀)","전기회로 개폐, 보호장치 제조업 외 1종",051-256-0618
3264,(주)티에스에너지,부산광역시 강서구 녹산산단17로 48-12 (송정동),수소 제조업 외 1종,051-831-1100
3265,(주)티에스에스,부산광역시 강서구 가달2로55번길 50 (생곡동),그 외 기타 1차 철강 제조업,051-301-2100
3266,(주)티에스엠,"부산광역시 사상구 낙동대로1348번길 64, 제3동 (삼락동)",유압기기 제조업 외 18종,051-304-9358
3267,(주)티에스엠,부산광역시 강서구 구랑동 1210-1번지,절삭가공 및 유사처리업,051-831-6022
3268,(주)티에스엠 다대공장,부산광역시 사하구 다산로176번길 30 (다대동),금속 단조제품 제조업 외 3종,051-899-9832
3269,(주)티에스엠 다대공장,부산광역시 사하구 다산로176번길 30 (다대동),금속 단조제품 제조업 외 3종,051-8999-9000
3270,(주)티에스코퍼레이션,부산광역시 강서구 녹산산업중로 350 (송정동),기타 신발 제조업,051-271-6373
3271,(주)티에스피,부산광역시 기장군 정관읍 산단4로 8-15 (신우메탈(주)),구름베어링 제조업,051-977-6815
3272,(주)티에스피 예림공장,부산광역시 기장군 정관읍 정관로 929-17,구름베어링 제조업,051-977-6817
3273,(주)티에이치케이컴퍼니,부산광역시 기장군 정관읍 용수공단2길 41,치과기공물 제조업 외 3종,051-643-1300
3274,(주)티엠디,"부산광역시 사상구 대동로 303, 404호 (감전동, 부산디지털밸리아파트형공장)",그 외 기타 전기장비 제조업 외 2종,051-329-7040
3275,(주)티엠비스틸,부산광역시 강서구 화전산단6로54번길 13 (화전동),금속 단조제품 제조업,051-925-0079
3276,(주)티엠에스솔루션,부산광역시 강서구 녹산산단382로14번가길 2 (송정동),선박 구성 부분품 제조업,051-972-3055
3277,(주)티엠지코리아,부산광역시 강서구 화전산단2로 99 (화전동),기어 및 동력전달장치 제조업 외 1종,051-831-1551
3278,(주)티오솔루션,부산광역시 강서구 공항로1409번길 81-3 (대저1동),기기용 자동측정 및 제어장치 제조업 외 6종,051-923-9713
3279,(주)티와이,부산광역시 강서구 화전산단6로54번길 15 (화전동),그 외 기타 일반목적용 기계 제조업 외 1종,051-305-6580
3280,(주)티와이에스,부산광역시 강서구 녹산산업중로 185 (송정동),그 외 기타 금속가공업,051-831-6142
3281,(주)티와이테크,부산광역시 강서구 녹산산업중로167번길 36 (송정동),전기용 탄소제품 및 절연제품 제조업 외 8종,051-831-3664
3282,(주)티제이에스,부산광역시 사상구 학장로 237-35 (학장동),그 외 기타 특수목적용 기계 제조업,051-312-5525
3283,(주)티지하이텍코리아,부산광역시 강서구 미음국제5로라길 10 (미음동),일반용 전기 조명장치 제조업,미등록
3284,(주)티케이엘뉴텍,"부산광역시 남구 용소로 45,  부경대학교 화학과 5423B (대연동)",자동차 엔진용 신품 부품 제조업 외 1종,051-623-6323
3285,(주)티케이전자,부산광역시 사상구 사상로455번길 30 (모라동),전자부품 실장기판 제조업,051-302-1191
3286,(주)티케이테크,"부산광역시 사상구 새벽로 83-21 (학장동, (주)티케이테크)",그 외 자동차용 신품 부품 제조업 외 18종,051-323-1106
3287,(주)티티씨 우레탄 완충기,"부산광역시 사상구 사상로319번길 16 (덕포동, 우레탄완충기)",폴리스티렌 발포 성형제품 제조업 외 1종,051-305-0303
3288,(주)티티에스아이,"부산광역시 강서구 가리새2로13번길 26(생곡동, (주)한일정공 제2공장)",선박 구성 부분품 제조업,051-832-9977
3289,(주)파나시아,부산광역시 강서구 미음국제3로 98 (미음동) (주)파나시아,선박 구성 부분품 제조업 외 2종,051-831-1010
3290,(주)파나시아,부산광역시 강서구 미음산단3로 55 (미음동),선박 구성 부분품 제조업 외 2종,070-4875-7004
3291,(주)파노텍,"부산광역시 사상구 모라로 22, 12층 1207호 (모라동, 부산벤처타워)",배전반 및 전기 자동제어반 제조업,070-8270-5500
3292,(주)파란전자,부산광역시 사상구 낙동대로1048번길 16 (감전동),"전기회로 개폐, 보호장치 제조업",051-808-3275
3293,(주)파로스이앤지,부산광역시 강서구 낙동남로 1058-1 (명지동),일반철물 제조업 외 4종,051-271-1529
3294,(주)파워,부산광역시 기장군 기장읍 청강로74번길 18,기타 표시장치 제조업 외 1종,051-631-4466
3295,(주)파워LED,"부산광역시 사상구 대동로 303,  벽산디지털밸리 714호 (감전동)",전구 및 램프 제조업 외 3종,051-329-7373
3296,(주)파워록,부산광역시 사하구 비봉로 23 (신평동),강관 제조업 외 1종,070-8261-9664
3297,(주)파워솔라,부산광역시 강서구 금호순서길89번길 24-16 (대저2동),그 외 기타 전기장비 제조업,051-757-2767
3298,(주)파워원시스템,부산광역시 기장군 장안읍 의과학6로 9,"전자기 측정, 시험 및 분석기구 제조업",051-727-5979
3299,(주)파워일렉트릭,부산광역시 강서구 울만로25번길 75 (대저2동),변압기 제조업 외 3종,051-972-1550
3300,(주)파이발코 코리아,부산광역시 강서구 식만로85번길 28 (죽림동),"탭, 밸브 및 유사장치 제조업",051-971-4374
3301,(주)파이플러스,부산광역시 강서구 녹산산단27로 105-8 (송정동),선박 구성 부분품 제조업,051-831-9338
3302,(주)파인텍,부산광역시 기장군 장안읍 명례산단3로 95,디스플레이 제조용 기계 제조업,041-412-6730
3303,(주)파인플러스,부산광역시 기장군 장안읍 명례산단3로 95,디스플레이 제조용 기계 제조업,041-412-6730
3304,(주)파카하니핀커넥터,부산광역시 강서구 과학산단2로19번길 69 (지사동),선박 구성 부분품 제조업,051-899-8500
3305,(주)파코하이텍,부산광역시 강서구 미음산단3로 156 (미음동),선박 구성 부분품 제조업,051-266-6994
3306,(주)파크랜드,"부산광역시 금정구 반송로 365 (서동, 파크랜드)",남자용 겉옷 제조업 외 1종,051-520-6000
3307,(주)파크랜드제7공장,"부산광역시 금정구 개좌로 12 (금사동, 파크랜드)",셔츠 및 블라우스 제조업 외 1종,051-520-6000
3308,(주)파크유통,"부산광역시 금정구 공단로50번길 23 (금사동, 신화물산(주)파크랜드신사복공장)",남자용 겉옷 제조업,051-529-1962
3309,(주)파티별,부산광역시 기장군 정관읍 정관상곡2길 25-27,판지 상자 및 용기 제조업,051-804-4242
3310,(주)파티트리,부산광역시 사상구 삼락천로 182 (모라동) (주)파티트리,도시락류 제조업,051-311-8203
3311,(주)패기앤코,부산광역시 기장군 기장읍 청강로 59,셔츠 및 블라우스 제조업 외 4종,051-722-7008
3312,(주)팩앤롤,부산광역시 기장군 장안읍 반룡산단1로 57,기타 주변기기 제조업,ARS-1855-0313
3313,(주)팬월드,부산광역시 강서구 범방2로 42 (미음동),"금속 문, 창, 셔터 및 관련제품 제조업",051-831-7712
3314,(주)퍼시스,"부산광역시 사상구 낙동대로 1266 (삼락동, (주)퍼시스)",그 외 기타 가구 제조업,051-309-2500
3315,(주)퍼플오션,부산광역시 사하구 다산로225번길 48 (장림동),기타 수산동물 가공 및 저장 처리업,051-923-1784
3316,(주)펏스원,부산광역시 사하구 홍티로 10 (다대동),기타 오락용품 제조업 외 1종,051-301-9237
3317,(주)펜엔텍,부산광역시 강서구 과학산단1로103번길 59 (지사동),선박 구성 부분품 제조업,051-714-1585
3318,(주)펜엔텍,부산광역시 강서구 미음산단3로 55 (미음동),선박 구성 부분품 제조업,051-714-1585
3319,(주)펜타스코리아 ,부산광역시 기장군 장안읍 에코산단2로 28,기타 직물제품 제조업,051-728-3704
3320,(주)펠리테크,"부산광역시 사상구 사상로374번길 15, 2층 (덕포동)",가정용 비전기식 조리 및 난방 기구 제조업,051-971-4799
3321,(주)펠릭스테크,부산광역시 강서구 미음산단3로 85 (미음동),금속 단조제품 제조업,055-343-7920
3322,(주)펠릭스테크 미음2공장,부산광역시 강서구 미음산단로 414 (미음동),금속 단조제품 제조업,051-769-7800
3323,(주)평강특수목,부산광역시 강서구 낙동북로188번길 12 (대저1동),일반 제재업,051-972-2522
3324,(주)평광기업,부산광역시 사상구 사상로 348 (덕포동),플라스틱 창호 제조업,051-365-0404
3325,(주)평길해양,부산광역시 사하구 구평동 495-22,강선 건조업,051-412-9700
3326,(주)평산엠텍,부산광역시 강서구 과학산단로305번길 8 (지사동),절삭가공 및 유사처리업,051-974-5911
3327,(주)평화듸젤기기 ,부산광역시 기장군 장안읍 장안산단7로 50,내연기관 제조업,051-417-4666
3328,(주)평화산소공업,"부산광역시 사상구 대동로269번길 41 (감전동, 평화산소공업사)",수소 제조업 외 1종,051-313-4631
3329,(주)포넥,부산광역시 사상구 사상로433번길 8 (모라동),선박 구성 부분품 제조업,051-305-8723
3330,(주)포동에스텍,부산광역시 강서구 화전산단5로98번길 35 (화전동),주형 및 금형 제조업 외 2종,051-327-0522
3331,(주)포쉐프,부산광역시 기장군 기장읍 청강로 40,육류 포장육 및 냉동육 가공업 (가금류 제외),051-2463-864
3332,(주)포스테코,"부산광역시 부산진구 당감서로 175, 제2층 제201호 (당감동, 백양빌딩)",그 외 기타 특수목적용 기계 제조업 외 3종,051-832-1420
3333,(주)포앰,"부산광역시 금정구 동대로 20, 에이동 2층 201호 (회동동)",교통 신호장치 제조업 외 15종,051-959-8800
3334,(주)포엔스,"부산광역시 강서구 과학산단1로60번길 30,  (지사동,1274) (지사동)","전기회로 개폐, 보호장치 제조업 외 2종",070-7743-6857
3335,(주)포이닉스 부산,"부산광역시 남구 신선로 340 (용당동, 기아자동차금성정비)",기타 목재가구 제조업 외 1종,051-611-1311
3336,(주)포인트,"부산광역시 사상구 사상로341번길 55 (덕포동, (주)포인트)",그 외 기타 일반목적용 기계 제조업 외 4종,051-311-3400
3337,(주)포인트닉스,부산광역시 사상구 낙동대로1348번길 66(삼락동),치과용 기기 제조업 외 3종,051-363-3201
3338,(주)포인트닉스,"부산광역시 북구 효열로 7,  대영인더스빌 B-101호 (금곡동)",치과용 기기 제조업 외 3종,051-363-3201
3339,(주)포코엔지니어링,부산광역시 사하구 감천항로405번길 21 (구평동),강선 건조업 외 14종,051-200-8900
3340,(주)폴리닉스,부산광역시 기장군 정관면 산단3로 59,가발 및 유사 제품 제조업 외 1종,미등록
3341,(주)표주레미콘,"부산광역시 영도구 해양로 141(청학동, (주)표주레미콘)",레미콘 제조업,051-418-0057
3342,(주)푸드린,"부산광역시 서구 원양로 1, A동 406호(암남동, 수산가공선진화단지)","수산동물 훈제, 조리 및 유사 조제식품 제조업",051-244-7789
3343,(주)푸드어셈블,부산광역시 기장군 장안읍 오리산단로 164,기타 식사용 가공처리 조리식품 제조업,070-7492-6705
3344,(주)푸드엔씨,"부산광역시 서구 원양로 125, 7,9층 냉장인터불고 제2공장 (암남동)",기타 수산동물 가공 및 저장 처리업 외 4종,051-256-5960
3345,(주)푸드파크,"부산광역시 서구 원양로 1, B동 2층 205 (암남동, 수산가공선진화단지)","수산동물 훈제, 조리 및 유사 조제식품 제조업",051-243-2111
3346,(주)푸른바다,부산광역시 사하구 감천항로 165-5 (구평동),수산동물 냉동품 제조업 외 1종,051-265-4904
3347,(주)푸른바다,부산광역시 서구 등대로 117 (남부민동),수산동물 냉동품 제조업 외 1종,051-265-4905
3348,(주)풍광기계,부산광역시 강서구 미음산단로 148 (구랑동),"고무, 화학섬유 및 플라스틱 성형기 제조업 외 1종",051-325-2626
3349,(주)풍국에스아이,부산광역시 강서구 녹산산단382로50번길 17 (송정동),그 외 기타 1차 철강 제조업 외 1종,051-831-5929
3350,(주)풍년농산 종합미곡처리장,부산광역시 강서구 경전철로 208 (대저1동),곡물 도정업,051-973-4000
3351,(주)풍산부산사업장,"부산광역시 해운대구 선수촌로 230,  외 58필지 (반여동)",무기 및 총포탄 제조업,051-520-8114
3352,(주)풍산홀딩스 부산사업장,"부산광역시 해운대구 선수촌로 230, 외 8필지 (반여동)",금속 열처리업 외 37종,051-520-8900
3353,(주)풍왕 부산공장,부산광역시 강서구 식만로 31 (죽림동),"금속 문, 창, 셔터 및 관련제품 제조업 외 1종",051-941-0045
3354,(주)풍전금속,부산광역시 사하구 다산로226번길 11 (장림동),도금업 외 1종,051-264-1021
3355,(주)풍진금속,부산광역시 강서구 녹산산업북로 229 (송정동),"탭, 밸브 및 유사장치 제조업",051-831-8510
3356,(주)풍진식품기계,부산광역시 강서구 미음산단로199번길 47 (미음동),그 외 기타 일반목적용 기계 제조업 외 2종,051-831-1466
3357,(주)풍진테크,부산광역시 사하구 구평동 475-5번지,선박 구성 부분품 제조업,051-261-5614
3358,(주)풍천,부산광역시 기장군 장안읍 명례산단1로 172,육상 금속 골조 구조재 제조업 외 1종,051-727-3936
3359,(주)풍천산업,"부산광역시 사상구 낙동대로881번길 47 (감전동, (주)풍천산업)",육상 금속 골조 구조재 제조업 외 1종,051-328-1995
3360,(주)퓨시스,"부산광역시 사상구 대동로 303, 1012호(감전동)",기타 가정용 전기기기 제조업,051-710-6643
3361,(주)퓨엔,부산광역시 강서구 낙동북로102번길 77 (강동동),"치약, 비누 및 기타 세제 제조업",051-501-6693
3362,(주)퓨쳐켐,부산광역시 기장군 장안읍 의과학2로 27-6,생물 의약품 제조업 외 1종,02-497-3114
3363,(주)퓨쳐테크,부산광역시 기장군 정관읍 산단7로 59 (퓨처테크),기타 신발 제조업,051-727-4579
3364,(주)퓨트로닉,부산광역시 해운대구 반송로513번길 66-21 (석대동),그 외 기타 전자부품 제조업 외 1종,051-831-5060
3365,(주)프라루션,부산광역시 강서구 상덕로119번길 28-3 (강동동),그 외 기타 플라스틱 제품 제조업,051-832-6116
3366,(주)프라임일렉,"부산광역시 사하구 신산로 120, 3층 317호 (신평동)",기타 절연선 및 케이블 제조업,미등록
3367,(주)프라임전기,부산광역시 사하구 장평로 122-4 (장림동),"전기회로 개폐, 보호장치 제조업 외 1종",051-205-7251
3368,(주)프라임텍스,부산광역시 남구 지게골로 152 (문현동),셔츠 및 블라우스 제조업 외 6종,051-634-6008
3369,(주)프로테리얼한국,부산광역시 강서구 화전산단6로102번길 20 (화전동),절삭가공 및 유사처리업,051-941-3933
3370,(주)프리락,"부산광역시 강서구 에코대로37번길 6, (주)프리락 (명지동)",그 외 기타 의료용 기기 제조업,051-710-3772
3371,(주)프린테크,"부산광역시 사상구 삼락천로 80 (덕포동, (주)프린테크)",기타 인쇄업 외 2종,051-301-3113
3372,(주)플라나세미,"부산광역시 사상구 백양대로804번길 42-7, 시험생산동 PP8호(덕포동, 한국생산기술연구원 동남지역본부)",기타 광학기기 및 사진기 제조업 외 1종,051-309-7452
3373,(주)플래이메카,부산광역시 강서구 울만로322번길 4 (대저2동),그 외 기타 고무제품 제조업 외 3종,051-808-0475
3374,(주)플러스정보통신,부산광역시 강서구 대저동서로 79 (대저1동),비디오 및 기타 영상기기 제조업 외 1종,051-941-1476
3375,(주)플러크 ,"부산광역시 해운대구 센텀중앙로 97, A동 A-B301호 (재송동, 센텀스카이비즈)",그 외 기타 봉제의복 제조업,051-781-8735
3376,(주)플레이랜드,부산광역시 강서구 낙동남로991번길 42-1 (명지동),"체조, 육상 및 체력단련용 장비 제조업 외 2종",051-714-2275
3377,(주)플로원,부산광역시 강서구 화전산단6로114번길 13(화전동),"탭, 밸브 및 유사장치 제조업",051-710-1456
3378,(주)플로원,부산광역시 강서구 화전산단6로 110(화전동),"탭, 밸브 및 유사장치 제조업",051-711-1456
3379,(주)플루콘,부산광역시 강서구 신호산단3로88번길 56 (신호동),"탭, 밸브 및 유사장치 제조업",051-972-3700
3380,(주)플루토 부산지사,부산광역시 기장군 장안읍 반룡산단3로 3,그 외 기타 전기장비 제조업 외 1종,070-8855-3385
3381,(주)피디엔에스,부산광역시 기장군 장안읍 의과학6로 9,"전자기 측정, 시험 및 분석기구 제조업",051-727-5979
3382,(주)피마,부산광역시 강서구 녹산산업북로 465 (송정동),반려동물용 사료 제조업 외 4종,051-831-2857
3383,(주)피에스엠,부산광역시 강서구 녹산화전로 93 (송정동),금속 단조제품 제조업,051-974-5800
3384,(주)피에스지,부산광역시 강서구 과학산단2로19번길 200 (지사동),수소 제조업 외 1종,051-790-0900
3385,(주)피엔씨모빌리티,부산광역시 기장군 장안읍 장안산단로 139,내연기관 화물자동차 및 특수목적용 자동차 제조업 외 1종,051-727-9482
3386,(주)피엔에스커튼월,부산광역시 사상구 새벽로63번길 16(학장동),플라스틱 창호 제조업 외 1종,055-283-4560
3387,(주)피엔에스홈즈,부산광역시 사상구 가야대로 233 (주례동),"금속 문, 창, 셔터 및 관련제품 제조업",051-327-6611
3388,(주)피엔에스홈즈,부산광역시 사상구 학감대로 181(학장동),플라스틱 창호 제조업,051-316-5900
3389,(주)피엔에이코리아,부산광역시 사하구 장림번영로104번길 28 (장림동),"근무복, 작업복 및 유사의복 제조업 외 14종",031-863-8634
3390,(주)피엘엔코,"부산광역시 금정구 중군진로 10, 1F (금사동)","근무복, 작업복 및 유사의복 제조업 외 7종",02-518-6181
3391,(주)피엠씨,부산광역시 기장군 기장읍 차성로249번길 20,액체 여과기 제조업,052-227-7017
3392,(주)피엠에스,부산광역시 사상구 대동로 296 (감전동),"증류기, 열교환기 및 가스발생기 제조업",051-713-8300
3393,(주)피유컴퍼니,"부산광역시 사상구 새벽로91번길 27, B동 (학장동)",합성수지 및 기타 플라스틱 물질 제조업,051-325-2225
3394,(주)피이케이,"부산광역시 강서구 과학산단1로60번길 32, 스마트부품센터 304호 (지사동)",전동기 및 발전기 제조업,미등록
3395,(주)피츠케이블,부산광역시 강서구 화전산단5로37번길 7 (화전동),기타 절연선 및 케이블 제조업,051-207-1451
3396,(주)피케이시스템,부산광역시 남구 신선로 365 (용당동),"기타 측정, 시험, 항해, 제어 및 정밀기기 제조업 외 1종",미등록
3397,(주)피티지컴퍼니,"부산광역시 강서구 녹산산단382로14번길 55, 306호(송정동, 부산광역시 신발산업진흥센타)",커피 가공업 외 1종,미등록
3398,(주)피플앤미래정보기술,부산광역시 사상구 사상로447번길 41 (모라동),방송장비 제조업 외 5종,051-327-1770
3399,(주)핀텍,부산광역시 사하구 장림번영로104번길 28 (장림동),가방 및 기타 보호용 케이스 제조업,070-7124-9577
3400,(주)필립트론,부산광역시 강서구 신호산단3로 92 (신호동),전구 및 램프 제조업 외 10종,051-941-9912
3401,(주)필립트론,부산광역시 금정구 회천로19번길 18(회동동),교통 신호장치 제조업 외 2종,051-941-9912
3402,(주)필터솔루션,부산광역시 강서구 범방3로 23 (범방동),기체 여과기 제조업,031-736-2223
3403,(주)하경산업,부산광역시 사상구 학감대로178번길 79 (학장동),자동차 엔진용 신품 부품 제조업 외 2종,051-321-0905
3404,(주)하나 에스. 디,부산광역시 강서구 녹산산단382로14번길 6 (송정동),"플라스틱 선, 봉, 관 및 호스 제조업 외 1종",051-303-7466
3405,(주)하나노,부산광역시 강서구 녹산산단231로 70 (송정동),계면활성제 제조업 외 4종,051-831-1693
3406,(주)하나디에스,"부산광역시 사하구 장림로 80-1, 3층(장림동)",전구 및 램프 제조업 외 2종,051-341-7400
3407,(주)하나산업,부산광역시 기장군 기장읍 차성로 337,그 외 기타 봉제의복 제조업 외 9종,051-724-0578
3408,(주)하나산업,부산광역시 기장군 기장읍 차성서로77번길 42-18,그 외 기타 봉제의복 제조업 외 9종,051-724-0578
3409,(주)하나엘앤티,부산광역시 강서구 화전산단5로84번길 30(화전동),절삭가공 및 유사처리업,051-972-7878
3410,(주)하나엘앤티,부산광역시 사하구 하신중앙로 111 (신평동),그 외 기타 금속가공업 외 1종,051-972-7845
3411,(주)하나정보통신,부산광역시 사상구 낙동대로902번길 30 (감전동),전시 및 광고용 조명장치 제조업 외 13종,051-322-4557
3412,(주)하나테크,부산광역시 사하구 하신중앙로3번길 10-2 (장림동),산업용 냉장 및 냉동 장비 제조업 외 4종,051-265-6195
3413,(주)하나특장,"부산광역시 사상구 낙동대로970번길 33(감전동, 부국철강(주))",내연기관 화물자동차 및 특수목적용 자동차 제조업 외 1종,051-323-0101
3414,(주)하나푸드,"부산광역시 서구 원양로 1, A동 3층 304 (암남동, 수산가공선진화단지)","수산동물 훈제, 조리 및 유사 조제식품 제조업",051-246-1710
3415,(주)하드스포츠,부산광역시 강서구 대부길 261 (강동동),기타 운동 및 경기용구 제조업,051-502-7007
3416,(주)하마이 코리아,부산광역시 강서구 미음산단1로15번길 114 (구랑동),"탭, 밸브 및 유사장치 제조업",051-316-6516
3417,(주)하몽푸드,부산광역시 사상구 장인로37번길 15 (감전동),육류 기타 가공 및 저장처리업 (가금류 제외) 외 1종,051-302-6114
3418,(주)하버맥스,"부산광역시 남구 신선로 365, 학생회관 209호(용당동, 부경대학교용당캠퍼스)",기타 무선 통신장비 제조업,051-626-9451
3419,(주)하베스트,부산광역시 기장군 철마면 고촌로80번길 16,떡류 제조업,051-724-3558
3420,(주)하삼동커피컴퍼니  ,부산광역시 기장군 장안읍 오리산단8로 46,커피 가공업,051-941-0318
3421,(주)하성,부산광역시 강서구 가달2로 46 (생곡동),그 외 기타 금속가공업,051-293-8158
3422,(주)하신정공,부산광역시 강서구 녹산산단262로60번길 6 (송정동),내연기관 제조업 외 2종,051-974-1302
3423,(주)하영그린텍,부산광역시 강서구 가리새1로17번길 15 (생곡동),볼트 및 너트류 제조업,051-317-0125
3424,(주)하우테크,"부산광역시 사상구 모라로 22, 8층 804호(모라동, 부산벤처타워)",교통 신호장치 제조업 외 4종,051-609-9501
3425,(주)하워스,부산광역시 강서구 신호산단3로87번길 11 (신호동),기어 및 동력전달장치 제조업 외 1종,051-831-7071
3426,(주)하이드로파,"부산광역시 금정구 오륜대로 57, 창업보육센터 연구회관 C 105호(부곡동, 부산가톨릭대학교)",전동기 및 발전기 제조업 외 1종,미등록
3427,(주)하이레벨,부산광역시 강서구 공항로1347번길 72-9 (대저1동),"물질 검사, 측정 및 분석기구 제조업",051-338-3397
3428,(주)하이윅,부산광역시 강서구 금호순서길89번가길 27 (대저2동),액체 펌프 제조업,051-316-4225
3429,(주)하이첸,"부산광역시 강서구 과학산단1로60번길 31, 선도기업동 5층 503,504호.9동103호 (지사동)",수소 제조업 외 1종,051-714-2846
3430,(주)하캄바이오,"부산광역시 해운대구 센텀동로 71, 7층 706호 (우동, 벽산이센텀클래스원2차)",그 외 기타 의료용 기기 제조업,미등록
3431,(주)하테코  ,부산광역시 기장군 장안읍 오리산단5로 24,전기회로 접속장치 제조업,070-8817-1049
3432,(주)하트만,부산광역시 강서구 낙동남로533번길 55 (녹산동),내연기관 제조업 외 1종,051-264-8829
3433,(주)학산,부산광역시 강서구 녹산산단382로14번길 50 (송정동),구두류 제조업 외 6종,051-899-9000
3434,(주)학산 화전공장,부산광역시 강서구 낙동남로533번길 21 (녹산동),구두류 제조업 외 2종,051-899-9000
3435,(주)한국 S.V,"부산광역시 사상구 학장로169번길 92 (학장동, (주)한국S.V)","탭, 밸브 및 유사장치 제조업",051-311-0794
3436,(주)한국경량시스템,부산광역시 강서구 낙동북로138번길 20-12 (강동동),육상 금속 골조 구조재 제조업 외 1종,051-941-7067
3437,(주)한국고무산업,부산광역시 강서구 공항로811번나길 16 (대저2동),그 외 기타 고무제품 제조업,051-319-3462
3438,(주)한국고압기술,부산광역시 강서구 화전산단6로114번길 14 (화전동),그 외 기타 특수목적용 기계 제조업,051-328-9097
3439,(주)한국과학모형,부산광역시 사하구 하신중앙로3번가길 11 (장림동),전시용 모형 제조업 외 5종,051-265-4125
3440,(주)한국금기,"부산광역시 사상구 사상로402번길 5 (덕포동, 한국금기)",기타 가공 공작기계 제조업,051-327-8600
3441,(주)한국금속,부산광역시 강서구 녹산산업중로 279 (송정동),그 외 기타 분류 안된 금속 가공 제품 제조업 외 1종,051-973-3111
3442,(주)한국나이스기술단,"부산광역시 동래구 온천천로319번길 12 (수안동, 한국종합환경산업주식회사)",그 외 기타 전기장비 제조업,051-557-4266
3443,(주)한국담수토부,부산광역시 사하구 다산로 162 (다대동),선박 구성 부분품 제조업,051-261-7073
3444,(주)한국더블유씨알,부산광역시 강서구 신호산단1로 220-8(신호동),"증류기, 열교환기 및 가스발생기 제조업",051-831-6557
3445,(주)한국디자인,부산광역시 연제구 거제대로 100 (거제동),간판 및 광고물 제조업 외 1종,051-866-0151
3446,(주)한국레미콘,부산광역시 사하구 을숙도대로 617 (신평동),레미콘 제조업,051-203-7004
3447,(주)한국레이더시스템,"부산광역시 기장군 기장읍 청강로91번길 31, 1층",비디오 및 기타 영상기기 제조업 외 3종,051-704-2358
3448,(주)한국레이더시스템 ,부산광역시 해운대구 센텀북대로 60 (재송동) 센텀아이에스타워,비디오 및 기타 영상기기 제조업 외 5종,051-704-2358
3449,(주)한국로텍,부산광역시 강서구 녹산산단153로 79 (송정동),그 외 자동차용 신품 부품 제조업 외 3종,051-831-7600
3450,(주)한국로텍,부산광역시 강서구 녹산산단153로 67 (송정동),자동차용 신품 조향장치 및 현가 장치 제조업,051-831-7600
3451,(주)한국로텍2공장,부산광역시 강서구 녹산산단153로 71 (송정동),그 외 자동차용 신품 부품 제조업,051-831-7600
3452,(주)한국리포좀,부산광역시 기장군 정관읍 산단3로 79,기타 식품 첨가물 제조업,051-941-0706
3453,(주)한국마린산업,부산광역시 사하구 다산로 12-1 (다대동),낚시 및 수렵용구 제조업 외 2종,051-206-4239
3454,(주)한국메카닉스,부산광역시 사상구 사상로367번길 8 (덕포동),운송장비 조립용 플라스틱제품 제조업 외 4종,051-302-6447
3455,(주)한국모터스,부산광역시 강서구 제도로1041번길 541 (강동동),차체 및 특장차 제조업 외 2종,051-973-7187
3456,(주)한국무빙월,부산광역시 사상구 대동로 294 (감전동),기타 목재가구 제조업 외 1종,051-326-0340
3457,(주)한국바이오엔지니어링,"부산광역시 남구 신선로 365,  부경대학교 창업보육센터 412호 (용당동)",동물성 유지 제조업 외 1종,051-629-7543
3458,(주)한국브로워,"부산광역시 사상구 사상로385번길 54 (덕포동, 일신금형)",기체 펌프 및 압축기 제조업 외 1종,051-301-9876
3459,(주)한국비철,"부산광역시 강서구 미음산단3로 88(미음동, (주)한국비철 부산지점)",기타 1차 비철금속 제조업,02-333-4363
3460,(주)한국석고,부산광역시 강서구 미음국제5로나길 8(미음동),체외 진단 시약 제조업 외 1종,051-293-2888
3461,(주)한국솔텍,부산광역시 강서구 대저중앙로357번길 25-8 (대저1동),기타 인쇄관련 산업 외 1종,051-311-0922
3462,(주)한국수리미,부산광역시 기장군 일광면 화전2길 71,기타 수산동물 가공 및 저장 처리업,051-722-9611
3463,(주)한국시스템,부산광역시 기장군 정관읍 산단4로 54,운송장비용 조명장치 제조업 외 2종,051-526-5222
3464,(주)한국시험공사,부산광역시 강서구 신호산단1로 220-3 (신호동),유압기기 제조업,031-511-1240
3465,(주)한국씨엠에프,"부산광역시 사상구 백양대로700번길 140, 마린바이오센터 307호 (괘법동, 신라대학교)",특수 직물 및 기타 직물 직조업 외 3종,051-832-8330
3466,(주)한국아이엠디   ,부산광역시 기장군 장안읍 장안산단9로 143,자동차 차체용 신품 부품 제조업,051-714-1771
3467,(주)한국에스제이,부산광역시 강서구 미음국제3로 77 (미음동) (주)한국에스제이,철도차량 부품 및 관련 장치물 제조업,051-941-3027
3468,(주)한국에이프런체인공업,"부산광역시 사상구 새벽로 125 (감전동, 금창스틸(주))",컨베이어장치 제조업 외 3종,051-315-8131
3469,(주)한국엘앤티,부산광역시 강서구 미음산단로 321 (미음동),강관 제조업 외 3종,051-325-2111
3470,(주)한국엘에프피,"부산광역시 금정구 공단동로41번길 10, 609호(금사동, 보림팩토피아)",운송장비용 이차전지 제조업 외 1종,051-545-2848
3471,(주)한국워터테크놀로지,부산광역시 기장군 정관읍 산단3로 120,그 외 기타 일반목적용 기계 제조업 외 3종,051-727-1973
3472,(주)한국웰딩,부산광역시 사하구 장평로71번길 30 (장림동),그 외 자동차용 신품 부품 제조업 외 3종,051-264-8744
3473,(주)한국유닉스,"부산광역시 해운대구 센텀동로 71, 2층 206호 (우동)",전시용 모형 제조업 외 1종,051-555-1195
3474,(주)한국유화,부산광역시 강서구 녹산산단165로 36-20 (송정동) (총 2 필지),그 외 기타 고무제품 제조업 외 2종,051-831-0901
3475,(주)한국이엔지,부산광역시 강서구 낙동남로622번길 23-1 (녹산동),육상 금속 골조 구조재 제조업 외 2종,051-973-0451
3476,(주)한국정공,부산광역시 강서구 미음산단4로 196(미음동),"탭, 밸브 및 유사장치 제조업",051-303-4811
3477,(주)한국종합기계,부산광역시 사하구 다산로 181 (다대동),액체 펌프 제조업 외 3종,051-416-7583
3478,(주)한국종합기계,부산광역시 사하구 두송로 215 (구평동),선박 구성 부분품 제조업 외 9종,051-416-7583
3479,(주)한국종합냉동,"부산광역시 영도구 해양로79번길 18, 2층 (청학동)",선박 구성 부분품 제조업,051-262-9879
3480,(주)한국코스코,"부산광역시 영도구 태종로 535 (동삼동, (주)한국선박설비)",기타 직물제품 제조업,051-405-6348
3481,(주)한국크레아,"부산광역시 해운대구 센텀북대로 60, 514호 (재송동, 센텀아이에스타워)",기타 광학기기 및 사진기 제조업 외 6종,051-808-5566
3482,(주)한국크레아,부산광역시 기장군 기장읍 청강로 28,기타 광학기기 및 사진기 제조업 외 11종,051-808-5566
3483,(주)한국클래드텍,부산광역시 강서구 녹산산단407로 73 (송정동) (총 2 필지),열간 압연 및 압출 제품 제조업,051-325-8231
3484,(주)한국택트,부산광역시 사하구 장평로132번길 17 (장림동),"천막, 텐트 및 유사 제품 제조업 외 1종",미등록
3485,(주)한국특강,부산광역시 사상구 장인로77번길 52(학장동),열간 압연 및 압출 제품 제조업,051-323-2611
3486,(주)한국특강,부산광역시 강서구 녹산산단407로 84 (송정동),열간 압연 및 압출 제품 제조업,051-831-6811
3487,(주)한국파이핑,부산광역시 강서구 녹산산단362로 29 (송정동),강관 제조업 외 1종,051-941-0450
3488,(주)한국팬트라,부산광역시 강서구 낙동남로991번길 35 (명지동),그 외 자동차용 신품 부품 제조업 외 3종,051-831-3400
3489,(주)한국플랜텍,"부산광역시 강서구 미음산단4로 10, 2층(미음동)",그 외 기타 금속가공업,051-974-1801
3490,(주)한국호이스트,부산광역시 강서구 과학산단1로103번길 42 (지사동),기타 물품 취급장비 제조업,051-831-0871
3491,(주)한길밸브,"부산광역시 강서구 녹산산단261로 84,  (송정동,1581-1) (송정동)","탭, 밸브 및 유사장치 제조업",051-831-4106
3492,(주)한길전자,부산광역시 금정구 개좌로 282(회동동),전자부품 실장기판 제조업,051-521-4240
3493,(주)한길텍스,부산광역시 강서구 녹산산단231로 25 (송정동),화학섬유직물 직조업,051-831-5377
3494,(주)한길트레이딩,부산광역시 사상구 낙동대로 1354 (삼락동),기타 신발 제조업,051-322-4165
3495,(주)한덕산업,부산광역시 사상구 새벽로223번길 98 (괘법동),그 외 기타 전기장비 제조업 외 2종,051-327-8507
3496,(주)한독크랭크,부산광역시 사하구 감천항로419번길 15 (구평동),선박 구성 부분품 제조업,051-416-0352
3497,(주)한라기업,"부산광역시 기장군 정관읍 산단1로 66-89, A동",그 외 기타 분류 안된 금속 가공 제품 제조업,051-727-7665
3498,(주)한라바란싱산업,"부산광역시 사상구 새벽시장로 140 (감전동, 한라컴퓨터바란싱)",기타 가공 공작기계 제조업 외 10종,051-316-8742
3499,(주)한라씨앤씨,"부산광역시 사상구 광장로20번길 58-16, 1동 203호, 205호 (괘법동)",방송장비 제조업 외 2종,051-343-7775
3500,(주)한라이비텍,"부산광역시 강서구 미음산단로92번길 16(구랑동, (주)한라이비텍)",전자 응용 절삭기계 제조업 외 1종,051-261-5910
3501,(주)한려엔쵸비,부산광역시 사하구 감천항로419번길 7(구평동),수산동물 냉동품 제조업 외 1종,051-261-1501
3502,(주)한림기업,부산광역시 기장군 장안읍 장안산단8로 110,승강기 제조업,051-782-6923
3503,(주)한림기업    ,부산광역시 기장군 장안읍 반룡산단1로 55,승강기 제조업,051-782-6923
3504,(주)한림에스아이엠,부산광역시 강서구 가리새1로25번길 24 (생곡동),기어 및 동력전달장치 제조업,051-263-0008
3505,(주)한미아큐패스트,부산광역시 강서구 녹산산업중로 293 (송정동),그 외 기타 분류 안된 금속 가공 제품 제조업 외 1종,051-831-2222
3506,(주)한미유압기계,부산광역시 사상구 낙동대로1420번길 24 (삼락동),유압기기 제조업,051-305-2511
3507,(주)한민경테크,"부산광역시 강서구 과학산단1로60번길 31, 2A동 208호(지사동, 부산테크노파크)",기타 무선 통신장비 제조업 외 2종,051-552-0555
3508,(주)한빛엔지니어링,"부산광역시 수영구 연수로252번길 6, 5층 501호 (망미동)",일반용 전기 조명장치 제조업 외 4종,051-711-4001
3509,(주)한빛이노텍,부산광역시 금정구 개좌로 263 (회동동) 비젼테크,방송장비 제조업 외 17종,051-913-0120
3510,(주)한빛이노텍,부산광역시 해운대구 삼어로133번나길 14(반여동),기기용 자동측정 및 제어장치 제조업 외 7종,051-913-0120
3511,(주)한빛파워,부산광역시 기장군 기장읍 대청로36번길 32,"탭, 밸브 및 유사장치 제조업 외 5종",051-724-3301
3512,(주)한서마린엔지니어링,부산광역시 영도구 남항로16번길 22-5 (남항동2가),선박 구성 부분품 제조업,051-413-6275
3513,(주)한서코지,부산광역시 기장군 정관읍 용수공단2길 10-3,플라스틱 창호 제조업 외 2종,051-724-6076
3514,(주)한서하이드로,부산광역시 사하구 다대로 946 (다대동),유압기기 제조업,051-264-0991
3515,(주)한설당,"부산광역시 기장군 정관읍 산단1로 66-81, 1,2층",빵류 제조업 외 1종,051-728-1366
3516,(주)한성공조산업,부산광역시 기장군 장안읍 명례산단4로 65-2,구조용 금속 판제품 및 공작물 제조업 외 1종,051-941-5538
3517,(주)한성글로벌,부산광역시 강서구 미음동 207-18번지,선박 구성 부분품 제조업,051-325-6172
3518,(주)한성리프트,부산광역시 기장군 장안읍 명례산단6로 124,그 외 기타 달리 분류되지 않은 운송장비 제조업,051-832-2122
3519,(주)한성밸브,부산광역시 강서구 미음산단로92번길 20(구랑동),"탭, 밸브 및 유사장치 제조업",051-831-6063
3520,(주)한성스틸,부산광역시 강서구 녹산산업중로 429-7 (송정동),그 외 기타 1차 철강 제조업 외 2종,051-831-2520
3521,(주)한성아이넷,"부산광역시 금정구 중앙대로1841번길 45 (구서동, 한성빌딩(동은학원))",유선 통신장비 제조업,051-515-4541
3522,(주)한성엔지니어링,부산광역시 강서구 녹산산단77로 19 (송정동),수상 금속 골조 구조재 제조업 외 3종,051-973-7020
3523,(주)한성엠에스,부산광역시 강서구 미음산단로295번길 14 (미음동),그 외 기타 1차 철강 제조업,051-266-1227
3524,(주)한성엠에스,부산광역시 강서구 미음산단로295번길 14 (미음동),유압기기 제조업,051-266-1227
3525,(주)한성엠엔에스,부산광역시 강서구 미음국제4로 47 (미음동),육상 금속 골조 구조재 제조업 외 2종,051-715-2130
3526,(주)한성이즈텍,부산광역시 강서구 녹산산단261로 37 (송정동),도금업 외 1종,051-831-9502
3527,(주)한성이즈텍,부산광역시 강서구 녹산산업중로 234 (송정동),도금업,051-831-9502
3528,(주)한성전장부산공장,부산광역시 금정구 팔송로53번길 43 (남산동),자동차용 신품 동력전달장치 제조업 외 1종,051-517-1199
3529,(주)한성정공,부산광역시 사상구 감전동 124-52번지,금속 절삭기계 제조업,051-303-8656
3530,(주)한성철강,부산광역시 강서구 녹산화전로 62 (송정동),그 외 기타 1차 철강 제조업,051-831-1757
3531,(주)한성철강,부산광역시 강서구 녹산화전로 68 (송정동),그 외 기타 1차 철강 제조업,051-831-1757
3532,(주)한성테크,부산광역시 사상구 낙동대로1348번길 73 (삼락동),고무패킹류 제조업 외 5종,051-319-2211
3533,(주)한세기전,부산광역시 강서구 공작길 64 (강동동),배전반 및 전기 자동제어반 제조업 외 26종,051-507-7803
3534,(주)한솔일렉트릭,부산광역시 강서구 미음산단로199번길 23 (미음동),변압기 제조업,051-831-9922
3535,(주)한스쉽핑,"부산광역시 영도구 해양로117번길 2 (청학동, (주)한스쉽핑)",선박 구성 부분품 제조업,051-418-4712
3536,(주)한스콤정보통신,부산광역시 동래구 여고북로 56 (사직동),유선 통신장비 제조업 외 3종,051-507-0364
3537,(주)한신공기,부산광역시 사상구 낙동대로 1022 (감전동),그 외 기타 특수목적용 기계 제조업 외 1종,051-316-7171
3538,(주)한신기계,부산광역시 부산진구 전포대로 232-1 (전포동),기체 펌프 및 압축기 제조업,051-802-5740
3539,(주)한신비철금속,부산광역시 사상구 감전천로 86 (학장동),일반철물 제조업,051-323-8295
3540,(주)한신스틸,부산광역시 기장군 정관읍 산단3로 92-64,자동차 엔진용 신품 부품 제조업,051-941-9009
3541,(주)한신엠텍,부산광역시 기장군 정관읍 산단3로 92-64,자동차 차체용 신품 부품 제조업 외 1종,051-523-9223
3542,(주)한신인더스,부산광역시 강서구 미음산단로8번길 93 (구랑동),절삭가공 및 유사처리업,051-832-1097
3543,(주)한신인더스,부산광역시 강서구 범방2로9번길 16 (범방동),절삭가공 및 유사처리업,051-832-1059
3544,(주)한신인더스,부산광역시 강서구 녹산산업북로 54 (송정동),절삭가공 및 유사처리업,051-831-1059
3545,(주)한신철강,"부산광역시 사상구 새벽로 68(학장동, (주)한신철강)",그 외 기타 금속가공업,051-328-7831
3546,(주)한신코리아,"부산광역시 강서구 녹산산단382로14번길 55 (송정동, 부산광역시 신발산업진흥센타)",신발 부분품 제조업,051-831-3355
3547,(주)한신코리아,부산광역시 강서구 녹산산단27로 105-14 (송정동),신발 부분품 제조업,051-831-3355
3548,(주)한양공업,"부산광역시 기장군 장안읍 장안산단9로 74 (장안읍, (주)한양공업)",기어 및 동력전달장치 제조업 외 5종,051-321-0005
3549,(주)한양이알,부산광역시 서구 까치고개로245번길 17-11 (토성동1가),배전반 및 전기 자동제어반 제조업,051-256-2233
3550,(주)한양이알,부산광역시 영도구 해양로65번길 26-12(청학동),선박 구성 부분품 제조업,051-256-2233
3551,(주)한엑스,부산광역시 강서구 녹산산단381로 29 (송정동),그 외 자동차용 신품 부품 제조업 외 6종,051-831-4679
3552,(주)한영선기,부산광역시 강서구 미음국제4로 63 (미음동),선박 구성 부분품 제조업,051-941-3237
3553,(주)한영선박,"부산광역시 영도구 남항남로9번길 58, 1층(남항동2가, 국제선박주식회사)",선박 구성 부분품 제조업,051-414-3602
3554,(주)한영식품,부산광역시 기장군 정관읍 매곡길 51,수산식물 가공 및 저장 처리업,070-8827-9890
3555,(주)한올페이,"부산광역시 강서구 과학산단1로60번길 31, B동 2층 210 (지사동)","전자코일, 변성기 및 기타 전자 유도자 제조업",051-941-9983
3556,(주)한일경판,부산광역시 강서구 녹산산업중로 45 (송정동),자동차용 금속 압형제품 제조업 외 1종,051-831-9970
3557,(주)한일경판,부산광역시 강서구 미음산단4로 10 (미음동),자동차용 금속 압형제품 제조업 외 1종,051-831-9970
3558,(주)한일미디어,"부산광역시 동래구 아시아드대로255번가길 8-9, 상가동 101호, 제비1호 (온천동, 한사랑아파트)",기타 음향기기 제조업 외 7종,051-505-6500
3559,(주)한일씨엔에스,"부산광역시 수영구 수미로13번길 3 (망미동, 한일씨엔에스)",침구 및 관련제품 제조업 외 2종,051-756-5151
3560,(주)한일정공,부산광역시 강서구 과학산단1로 8 (지사동),자동차 차체용 신품 부품 제조업 외 4종,051-330-0700
3561,(주)한일정공,부산광역시 강서구 가리새2로13번길 26 (생곡동),건설 및 채광용 기계장비 제조업 외 5종,051-330-0700
3562,(주)한일탑코팅테크,부산광역시 강서구 녹산산업북로313번길 70 (송정동),도장 및 기타 피막처리업 외 1종,미등록
3563,(주)한일특수휠타,부산광역시 금정구 청룡예전로 108 (청룡동),기체 여과기 제조업 외 1종,051-508-8800
3564,(주)한일하이텍,부산광역시 강서구 미음산단5로 26 (미음동),그 외 기타 특수목적용 기계 제조업 외 1종,051-831-2232
3565,(주)한조,부산광역시 영도구 남항서로 20 (남항동3가),기체 여과기 제조업 외 8종,051-414-7201
3566,(주)한주기획,부산광역시 수영구 좌수영로210번길 50 (망미동),구조용 금속 판제품 및 공작물 제조업 외 4종,051-334-2003
3567,(주)한주에이피에스(제2공장),부산광역시 기장군 정관읍 용수공단2길 10-3,"금속 문, 창, 셔터 및 관련제품 제조업 외 2종",051-508-6073
3568,(주)한지,"부산광역시 사상구 새벽시장로 146 (감전동, (주)한지)",자동차 차체용 신품 부품 제조업 외 2종,051-325-9021
3569,(주)한진식품,부산광역시 사하구 장림번영로 88-3 (장림동),수산동물 건조 및 염장품 제조업,051-261-9944
3570,(주)한진식품,부산광역시 사하구 두송로 277(구평동),수산동물 건조 및 염장품 제조업 외 1종,051-261-9944
3571,(주)한진실업,"부산광역시 사상구 낙동대로988번길 31 (감전동, 한진실업(주))",구두류 제조업 외 3종,051-313-6700
3572,(주)한탑,부산광역시 남구 용소로 101 (대연동),곡물 제분업,051-626-2841
3573,(주)한텍테크놀로지 장안지점,부산광역시 기장군 장안읍 장안산단9로 90,그 외 자동차용 신품 부품 제조업,051-726-9000
3574,(주)한하산업 ,부산광역시 기장군 정관읍 산단3로 101-4,액체 여과기 제조업 외 29종,051-612-1159
3575,(주)한학코리아,부산광역시 강서구 영강길 72 (명지동),농업 및 임업용 기계 제조업 외 2종,051-971-5505
3576,(주)한화,"부산광역시 사상구 새벽시장로 17 (감전동, (주)한화)",금속 단조제품 제조업,051-320-6254
3577,(주)항도에스티,부산광역시 강서구 미음국제4로 55 (미음동),육상 금속 골조 구조재 제조업 외 1종,051-831-4916
3578,(주)해강산업이엔에스,"부산광역시 사상구 괘감로 56-17(감전동, (주)해강산업이엔에스)",전기회로 접속장치 제조업,051-311-8254
3579,(주)해광조선,부산광역시 영도구 대평남로 65 (대평동2가),강선 건조업 외 2종,051-416-3965
3580,(주)해광지오메트,부산광역시 강서구 화전산단2로133번길 29 (화전동),그 외 기타 금속가공업,051-831-9611
3581,(주)해광테크,부산광역시 강서구 녹산산업북로 7 (송정동),구조용 금속 판제품 및 공작물 제조업 외 19종,051-831-7581
3582,(주)해금광고,"부산광역시 사상구 사상로 375 (덕포동, 오피스프라자)",간판 및 광고물 제조업 외 1종,051-302-7171
3583,(주)해금이엔지,부산광역시 영도구 봉래나루로 134 (봉래동1가),선박 구성 부분품 제조업,051-414-8401
3584,(주)해금인테리어,부산광역시 사상구 사상로 375 (덕포동),"금속 문, 창, 셔터 및 관련제품 제조업 외 1종",051-305-1133
3585,(주)해담테크,"부산광역시 사상구 새벽로 113, 새벽로113, 5층 (감전동)",기타 신발 제조업,051-327-8703
3586,(주)해담푸드,부산광역시 기장군 정관읍 산단3로 101-31,김치류 제조업,051-728-6790
3587,(주)해동실업,"부산광역시 강서구 과학산단1로60번길 31, 2B동 202호 (지사동, 부산테크노파크)",구조용 금속 판제품 및 공작물 제조업 외 3종,051-714-7274
3588,(주)해동테크,"부산광역시 강서구 과학산단1로60번길 30, 자동차센터 212호 (지사동)",배전반 및 전기 자동제어반 제조업,070-5758-5048
3589,(주)해리아나,부산광역시 강서구 화전산단2로 73 (화전동),그 외 기타 특수목적용 기계 제조업 외 2종,051-313-6690
3590,(주)해림아이티,부산광역시 연제구 과정로191번길 9-1 (연산동),발광 다이오드 제조업 외 9종,051-751-6766
3591,(주)해림파메틱,"부산광역시 강서구 과학산단1로60번길 31, POST-BI동 2층 209 (지사동)",그 외 기타 분류 안된 화학제품 제조업 외 2종,051-999-6901
3592,(주)해림푸드시스템,"부산광역시 금정구 반송로490번길 14, 1층 (금사동)",도시락류 제조업 외 2종,051-731-1346
3593,(주)해민중공업,부산광역시 강서구 녹산산업중로 29 (송정동),기타 선박 건조업 외 1종,051-266-7968
3594,(주)해성마린토탈서비스,"부산광역시 영도구 해양로 33-26, 1,2층 (청학동) (청학동, 진성엔지니어링 공장)",선박 구성 부분품 제조업,051-418-0315
3595,(주)해성시스템,부산광역시 강서구 평강로229번가길 23 (대저1동),배전반 및 전기 자동제어반 제조업,051-902-1033
3596,(주)해성이엔티,부산광역시 강서구 미음산단1로15번길 39 (구랑동),"탭, 밸브 및 유사장치 제조업 외 1종",051-974-1388
3597,(주)해성철강산업,부산광역시 강서구 대부길 83 (강동동),그 외 기타 1차 철강 제조업,051-972-4607
3598,(주)해성피팅,부산광역시 강서구 가락대로1182번길 136 (봉림동),강관 제조업 외 1종,051-303-0258
3599,(주)해승정공,"부산광역시 남구 신선로 365,  부경대 창업보육센터 509 (용당동)","기타 섬유, 의복 및 가죽 가공 기계 제조업",미등록
3600,(주)해양무선,부산광역시 영도구 남항서로82번길 70 (남항동3가),기타 무선 통신장비 제조업,051-413-6113
3601,(주)해양패밀리,부산광역시 강서구 녹산산단361로 39 (송정동),도장 및 기타 피막처리업,051-831-3550
3602,(주)해오름바이오,부산광역시 기장군 일광면 일광로 495,수산식물 가공 및 저장 처리업,051-727-6700
3603,(주)해우기술,"부산광역시 강서구 과학산단1로60번길 30, 2B동 203호 (지사동)",방사선 장치 제조업 외 7종,070-8778-7008
3604,(주)해우선기,"부산광역시 동구 자성로140번길 43 (범일동, 해우창고)",선박 구성 부분품 제조업,051-631-8117
3605,(주)해운산전,부산광역시 강서구 평강로229번길 31(대저1동),배전반 및 전기 자동제어반 제조업 외 1종,051-972-4984
3606,(주)해울이엔지,부산광역시 강서구 대저동서로229번길 25 (대저2동),기타 전기 변환장치 제조업 외 4종,051-972-0670
3607,(주)해원,부산광역시 강서구 화전산단6로 120 (화전동),철도차량 부품 및 관련 장치물 제조업 외 1종,051-312-2161
3608,(주)해원,부산광역시 사하구 두송로 232 (구평동),기타 목재가구 제조업,051-264-6245
3609,(주)해원기술,부산광역시 기장군 장안읍 장안산단2로 17,전자 응용 절삭기계 제조업 외 53종,051-727-8703
3610,(주)해은산업,부산광역시 강서구 녹산산업중로168번길 9 (송정동),도장 및 기타 피막처리업,051-971-3346
3611,(주)해인정보통신,"부산광역시 부산진구 냉정로 271, 4층(가야동)",교통 신호장치 제조업,051-892-4200
3612,(주)해인푸드,"부산광역시 사상구 낙동대로 809-51, C동 (엄궁동)",가금류 가공 및 저장 처리업,051-315-6522
3613,(주)해주  ,부산광역시 기장군 장안읍 장안산단1로 60,주형 및 금형 제조업,미등록
3614,(주)해중,"부산광역시 사상구 대동로 303,  벽산디지털벨리 1012호 (감전동)",정형 내화 요업제품 제조업 외 2종,051-329-7600
3615,(주)해천글로벌,부산광역시 서구 원양로 111 (암남동),수산동물 냉동품 제조업,051-253-2501
3616,(주)해청수산,"부산광역시 서구 원양로 1, B동 3층 303 (암남동, 수산가공선진화단지)",기타 수산동물 가공 및 저장 처리업 외 1종,051-231-5515
3617,(주)해피앤나이스,"부산광역시 해운대구 센텀동로 99, 12층 1204 (재송동, 벽산e센텀클래스원)",액체 여과기 제조업 외 2종,051-759-6474
3618,(주)핸드,부산광역시 강서구 녹산산단382로14번길 27 (송정동),침구 및 관련제품 제조업,051-205-3553
3619,(주)핸드텍,부산광역시 강서구 녹산산업중로 36 (송정동),그 외 기타 의복액세서리 제조업,051-714-3530
3620,(주)행복삼하,부산광역시 강서구 녹산산단231로 6 (송정동),셔츠 및 블라우스 제조업 외 2종,051-831-9987
3621,(주)행복한나무,"부산광역시 사상구 모라로110번길 73, 104호(모라동, 중소기업협업화공단)",그 외 기타 분류 안된 금속 가공 제품 제조업,051-328-3144
3622,(주)행한선박기계,부산광역시 영도구 남항서로82번길 23 (남항동2가),선박 구성 부분품 제조업,051-417-0203
3623,(주)향상,부산광역시 강서구 가리새1로17번길 26 (생곡동),강관 제조업 외 1종,051-831-1938
3624,(주)허브플렛폼,부산광역시 사상구 학감대로222번길 83 (주례동),그 외 기타 달리 분류되지 않은 제품 제조업,070-7390-1901
3625,(주)헤스,부산광역시 사상구 광장로20번길 20(괘법동),배전반 및 전기 자동제어반 제조업 외 1종,051-715-8861
3626,(주)헤이코,"부산광역시 사상구 낙동대로1348번길 64, 제3동 (삼락동)",유압기기 제조업 외 25종,051-304-9358
3627,(주)헬로준넷,부산광역시 사상구 모덕로108번길 68 (덕포동),주방용 전기기기 제조업,02-566-9982
3628,(주)혁신금속,부산광역시 기장군 장안읍 명례산단4로 65-12,그 외 기타 1차 철강 제조업,051-728-7331
3629,(주)현대금속,부산광역시 기장군 정관읍 산단2로 16-5,구조용 금속 판제품 및 공작물 제조업 외 1종,051-529-4264
3630,(주)현대솔루텍,부산광역시 사하구 다산로53번길 22 (다대동),주형 및 금형 제조업,051-264-6700
3631,(주)현대식모,부산광역시 강서구 녹산산단382로14번가길 13 (송정동) (총 2 필지),플라스틱 합성피혁 제조업,051-831-4057
3632,(주)현대아이티전기통신,부산광역시 강서구 제도로 462-6 (강동동),배전반 및 전기 자동제어반 제조업,051-263-1144
3633,(주)현대알비,부산광역시 기장군 장안읍 명례리 904번지,선박 구성 부분품 제조업 외 2종,051-260-7000
3634,(주)현대에프앤씨,부산광역시 사하구 장림로93번길 21 (장림동),기타 수산동물 가공 및 저장 처리업,051-264-2348
3635,(주)현대유압,부산광역시 강서구 생곡산단1로 40 (생곡동),기타 물품 취급장비 제조업 외 10종,051-831-8611
3636,(주)현대이디에스,부산광역시 기장군 장안읍 에코산단2로 56,배전반 및 전기 자동제어반 제조업,051-803-8811
3637,(주)현대이티에스,부산광역시 강서구 대저중앙로357번길 26-17 (대저1동),전동기 및 발전기 제조업 외 1종,051-831-1354
3638,(주)현대전기시스템,부산광역시 사상구 새벽로167번길 56 (감전동),배전반 및 전기 자동제어반 제조업 외 2종,051-315-1271
3639,(주)현대전기제작소,부산광역시 사하구 을숙도대로755번길 15-4 (구평동),배전반 및 전기 자동제어반 제조업 외 1종,051-418-1701
3640,(주)현대지게차종합건설기계,부산광역시 강서구 과학산단1로 157(지사동),건설 및 채광용 기계장비 제조업,051-973-0128
3641,(주)현대철강,부산광역시 기장군 장안읍 장안리 692-1번지,그 외 기타 1차 철강 제조업,051-518-4555
3642,(주)현대테크,부산광역시 강서구 미음국제2로 110 (미음동),자동차용 신품 동력전달장치 제조업,051-315-1001
3643,(주)현대특수금속,"부산광역시 사상구 모덕로96번길 96 (덕포동, 현대특수금속)",강주물 주조업,051-303-9684
3644,(주)현대프라텍,부산광역시 강서구 신호산단3로87번길 9 (신호동),"고무, 화학섬유 및 플라스틱 성형기 제조업 외 1종",051-832-2247
3645,(주)현대피팅,부산광역시 기장군 장안읍 명례산단5로 101,강관 제조업 외 1종,051-831-0895
3646,(주)현미트,"부산광역시 사상구 낙동대로1518번길 16, 1층 (주) 현미트 (삼락동)",육류 기타 가공 및 저장처리업 (가금류 제외),051-312-9992
3647,(주)현민화이바,부산광역시 강서구 녹산산업북로313번길 41 (송정동),"1차 유리제품, 유리섬유 및 광학용 유리 제조업",051-262-0455
3648,(주)현백,부산광역시 강서구 낙동북로43번길 38-16 (강동동),육류 기타 가공 및 저장처리업 (가금류 제외) 외 1종,051-337-2578
3649,(주)현성푸드,부산광역시 강서구 상덕로119번가길 35 (강동동),기타 수산동물 가공 및 저장 처리업,미등록
3650,(주)현웅디자인,부산광역시 사하구 을숙도대로 651 (신평동),셔츠 및 블라우스 제조업 외 9종,02-922-5561
3651,(주)현주사  ,부산광역시 기장군 장안읍 반룡산단로 83,기타 가공 공작기계 제조업,051-808-5052
3652,(주)현준,부산광역시 사상구 학감대로252번길 69 (주례동),가정용 및 산업용 공기 조화장치 제조업 외 1종,051-316-8125
3653,(주)현진아이앤디,부산광역시 강서구 녹산산업중로167번길 8 (송정동),"금속 문, 창, 셔터 및 관련제품 제조업",051-972-1781
3654,(주)현진아이엘,부산광역시 강서구 가리새2로 37 (범방동),산업용 트럭 및 적재기 제조업,051-710-3333
3655,(주)현진창호금속,부산광역시 사하구 신산북로49번길 3 (신평동),"금속 문, 창, 셔터 및 관련제품 제조업",051-294-8321
3656,(주)협동안전,부산광역시 사상구 사상로447번길 52 (모라동),간판 및 광고물 제조업 외 1종,051-303-7757
3657,(주)협성선박의장,부산광역시 영도구 절영로50번길 21 (남항동1가),목재문 및 관련제품 제조업,051-413-1221
3658,(주)협성임프,"부산광역시 연제구 과정로 279-2, 3층(연산동)",전자부품 실장기판 제조업 외 4종,051-949-3404
3659,(주)협성정밀,부산광역시 사상구 가야대로176번길 83 (학장동),선박 구성 부분품 제조업,051-302-2324
3660,(주)협성터보,"부산광역시 영도구 남항남로 28 (남항동3가, 협성터빈)",선박 구성 부분품 제조업,051-418-7733
3661,(주)협성하이테크,부산광역시 강서구 화전산단6로114번길 24 (화전동),강관 제조업 외 1종,051-302-2320
3662,(주)협신산업가스,"부산광역시 사상구 낙동대로 861-20 (감전동, 협신가스산업사)",수소 제조업 외 1종,051-327-2261
3663,(주)협신플랜지,부산광역시 강서구 화전산단3로 120(화전동),"탭, 밸브 및 유사장치 제조업",051-291-8463
3664,(주)형기술,부산광역시 강서구 과학산단1로 135 (지사동),주형 및 금형 제조업 외 1종,051-911-0060
3665,(주)형진목재,부산광역시 강서구 녹산산단381로86번길 14-21 (송정동),일반 제재업 외 1종,미등록
3666,(주)혜강메탈,부산광역시 강서구 녹산산업중로 52-14 (송정동) (총 2 필지),알루미늄주물 주조업,051-941-3586
3667,(주)혜성마린텍,부산광역시 강서구 녹산산단289로 16 (송정동),도장 및 기타 피막처리업 외 2종,051-971-6636
3668,(주)혜성마린텍,부산광역시 강서구 녹산산단27로 145 (송정동),선박 구성 부분품 제조업 외 4종,051-971-6636
3669,(주)혜성블루텍,부산광역시 강서구 녹산산단27로 145 (송정동),선박 구성 부분품 제조업 외 3종,051-971-6636
3670,(주)혜성정밀,부산광역시 강서구 가리새2로 43 (범방동),주형 및 금형 제조업 외 1종,051-831-4975
3671,(주)혜인선박,부산광역시 영도구 대평남로51번길 8-5 (대평동2가),강선 건조업 외 2종,051-417-4991
3672,(주)호길,부산광역시 강서구 대저2동번지 3430,금속 주조 및 기타 야금용 기계 제조업,051-941-4061
3673,(주)호두,부산광역시 강서구 생곡로 248 (생곡동),선박 구성 부분품 제조업 외 2종,미등록
3674,(주)호산기업,부산광역시 사하구 다대로 940 (다대동),그 외 기타 특수목적용 기계 제조업,051-204-6902
3675,(주)호생환경,"부산광역시 사상구 낙동대로 665 (엄궁동, (주)호생환경)",그 외 기타 분류 안된 비금속 광물제품 제조업 외 3종,051-327-1332
3676,(주)호성,"부산광역시 강서구 미음국제5로라길 17, (주)호성 (미음동)",그 외 자동차용 신품 부품 제조업 외 3종,070-8899-9399
3677,(주)호성,부산광역시 강서구 화전산단2로133번길 29 (화전동),그 외 자동차용 신품 부품 제조업 외 3종,051-941-9399
3678,(주)호성식품 여성산단지점,부산광역시 강서구 낙동남로533번길 75 (녹산동),절삭가공 및 유사처리업,051-831-3880
3679,(주)호성화학,"부산광역시 사상구 대동로193번길 49 (학장동, (주)호성화학)",기타 기초 무기 화학물질 제조업,051-311-9661
3680,(주)호승윈스피아,부산광역시 기장군 정관읍 산단4로 84 ((주)호승윈스피아),"금속 문, 창, 셔터 및 관련제품 제조업 외 1종",051-728-6256
3681,(주)호원테크,부산광역시 강서구 생곡산단1로24번길 52 (생곡동),"탭, 밸브 및 유사장치 제조업",051-728-8145
3682,(주)호주유압기계,부산광역시 사상구 낙동대로815번길 50-20 (감전동),유압기기 제조업,051-301-6711
3683,(주)호주유압기계 ,부산광역시 사상구 장인로 38-20(감전동),유압기기 제조업,051-301-6711
3684,(주)호창,부산광역시 사상구 새벽시장로 100 (감전동),자동차용 신품 의자 제조업 외 2종,051-322-1781
3685,(주)호창MF,부산광역시 강서구 과학산단로 421 (지사동),자동차용 신품 동력전달장치 제조업 외 2종,051-831-3445
3686,(주)호창MF,부산광역시 강서구 과학산단로 417 (지사동),자동차용 신품 동력전달장치 제조업 외 3종,051-831-3445
3687,(주)호창메탈,부산광역시 강서구 과학산단로 421 (지사동),그 외 자동차용 신품 부품 제조업 외 5종,051-831-3445
3688,(주)호텔아리나 부산공장,부산광역시 사하구 다산로176번길 51 (다대동),냉간 압연 및 압출 제품 제조업,051-311-7000
3689,(주)호페코리아,부산광역시 사하구 감천항로419번길 50 (구평동),선박 구성 부분품 제조업 외 1종,051-403-5851
3690,(주)호프힐,부산광역시 해운대구 반여로167번길 7 (반여동),그 외 기타 봉제의복 제조업,051-529-7600
3691,(주)홍산경금속,부산광역시 사하구 장평로 232(신평동),수동식 식품 가공기기 및 금속 주방용기 제조업,051-201-4178
3692,(주)홍성  ,부산광역시 기장군 장안읍 반룡산단3로 4,그 외 기타 일반목적용 기계 제조업 외 2종,051-553-5800
3693,(주)홍성씨링인쇄,부산광역시 사상구 사상로426번길 22(모라동),경 인쇄업 외 1종,051-304-0032
3694,(주)홍성씨링인쇄 제2공장,부산광역시 사상구 사상로356번길 45(덕포동),경 인쇄업 외 1종,051-304-0032
3695,(주)홍성씨링인쇄 제3공장,부산광역시 사상구 모덕로95번길 72-14,신발 부분품 제조업 외 1종,051-302-5765
3696,(주)홍원산업,부산광역시 강서구 녹산산업중로168번길 9 (송정동),기타 기초 무기 화학물질 제조업,051-831-4276
3697,(주)홍원테크놀로지,부산광역시 강서구 과학산단2로19번길 170(지사동),기타 절연선 및 케이블 제조업,051-717-3790
3698,(주)홍은,부산광역시 강서구 녹산산단261로13번길 38 (송정동),운송장비 조립용 플라스틱제품 제조업 외 1종,051-941-0730
3699,(주)홍익무선,부산광역시 동구 성남로49번길 9 (좌천동) 홍익무선 빌딩,유선 통신장비 제조업 외 4종,051-755-7777
3700,(주)홍익하이엠,부산광역시 사하구 다산로53번길 35 (다대동),디지털 적층 성형기계 제조업 외 5종,051-262-4573
3701,(주)화림제약,"부산광역시 남구 용호로159번길 94, 부산시범공단 5층 (용호동)",한의약품 제조업,051-626-7726
3702,(주)화산,부산광역시 기장군 기장읍 청강로74번길 50,배전반 및 전기 자동제어반 제조업,051-723-1490
3703,(주)화산에스디    ,부산광역시 기장군 장안읍 반룡산단로 87,그 외 기타 일반목적용 기계 제조업,051-469-8933
3704,(주)화성스틸,부산광역시 강서구 가달2로55번길 16 (생곡동),절삭가공 및 유사처리업,051-203-2837
3705,(주)화성이엔티,부산광역시 강서구 가달2로 60 (생곡동),배전반 및 전기 자동제어반 제조업,051-971-3488
3706,(주)화성인터내셔날,부산광역시 강서구 녹산산단261로13번길 33 (송정동),표면처리 및 적층 직물 제조업 외 1종,051-204-3077
3707,(주)화성케미칼,부산광역시 사상구 새벽시장로 144-22(감전동),고무 의류 및 기타 위생용 비경화 고무제품 제조업 외 3종,051-315-2032
3708,(주)화승코퍼레이션 기장공장,부산광역시 기장군 장안읍 명례산단5로 56,선박 구성 부분품 제조업 외 4종,051-717-7300
3709,(주)화신냉동엔지니어링,"부산광역시 영도구 해양로23번길 16 (청학동, (주)금남)",산업용 냉장 및 냉동 장비 제조업,051-418-7545
3710,(주)화신볼트산업,부산광역시 사하구 하신중앙로3번길 64 (장림동) (총 3 필지),볼트 및 너트류 제조업 외 4종,051-264-2522
3711,(주)화신볼트산업,부산광역시 강서구 미음산단로8번길 93(구랑동),볼트 및 너트류 제조업 외 3종,051-264-2522
3712,(주)화신볼트산업,부산광역시 사하구 하신중앙로3번길 66 (장림동),볼트 및 너트류 제조업 외 2종,051-264-2522
3713,(주)화신정밀,부산광역시 강서구 녹산산단289로 25 (송정동),선박 구성 부분품 제조업,051-831-9839
3714,(주)화신하이테크,부산광역시 강서구 녹산산업북로313번길 28-1 (송정동),볼트 및 너트류 제조업 외 2종,미등록
3715,(주)화영,부산광역시 강서구 과학산단1로60번길 12 (지사동),그 외 자동차용 신품 부품 제조업 외 3종,051-971-3388
3716,(주)화인,부산광역시 강서구 화전산단6로 60 (화전동),그 외 기타 일반목적용 기계 제조업 외 39종,051-262-1237
3717,(주)화인,부산광역시 강서구 낙동남로533번길 30 (녹산동),그 외 기타 일반목적용 기계 제조업 외 7종,051-262-9714
3718,(주)화인티엠에스 ,"부산광역시 금정구 개좌로 273-20, 6층 607 (회동동)","탭, 밸브 및 유사장치 제조업",051-517-5050
3719,(주)화전산업,부산광역시 기장군 장안읍 좌천4길 9-27,구조용 금속 판제품 및 공작물 제조업 외 22종,051-724-6710
3720,(주)화정염색,부산광역시 사하구 신산로 34 (신평동),솜 및 실 염색가공업,051-294-8730
3721,(주)화진정공,부산광역시 강서구 녹산산단17로 76 (송정동),그 외 기타 금속가공업,051-941-4130
3722,(주)화진피에프,부산광역시 강서구 미음국제5로 45 (미음동),강관 가공품 및 관 연결구류 제조업 외 1종,051-791-3601
3723,(주)황보,부산광역시 사하구 하신중앙로 113 (신평동),"직물, 편조원단 및 의복류 염색 가공업",051-204-7821
3724,(주)황보제4공장,부산광역시 사하구 신산로 28 (신평동),"직물, 편조원단 및 의복류 염색 가공업 외 1종",051-204-7821
3725,(주)황보제5공장,부산광역시 사하구 을숙도대로569번길 21 (신평동),편조원단 제조업,051-204-7821
3726,(주)황재테크,부산광역시 강서구 낙동북로126번길 20-1 (강동동),그 외 기타 분류 안된 금속 가공 제품 제조업 외 1종,051-973-2161
3727,(주)황토식품,부산광역시 사하구 다대로300번길 29(장림동),기타 과실ㆍ채소 가공 및 저장 처리업,051-265-9634
3728,(주)회성 ,부산광역시 기장군 장안읍 오리산단3로 53,"금속 문, 창, 셔터 및 관련제품 제조업",051-753-0075
3729,(주)효성씨앤티,부산광역시 사하구 다산로 135 (다대동),자동차 차체용 신품 부품 제조업 외 1종,051-261-5061
3730,(주)효성씨오티,부산광역시 사하구 다산로175번길 43 (다대동),그 외 자동차용 신품 부품 제조업 외 1종,051-261-5061
3731,(주)효성어묵,부산광역시 사하구 다대로1066번길 40 (장림동),"수산동물 훈제, 조리 및 유사 조제식품 제조업",051-261-7728
3732,(주)효성훼바,"부산광역시 사상구 낙동대로841번길 17 (감전동, (주)효성훼바)",배전반 및 전기 자동제어반 제조업,051-312-1591
3733,(주)효원파워텍,"부산광역시 기장군 장안읍 의과학7로 16, (동남권 방사선 의·과학 일반산업단지 내 산업14-1)", 외 2종,051-717-3538
3734,(주)휴맥,"부산광역시 북구 와석장터로 62, (주)휴맥지식산업센터 1,2층 (화명동)",반도체 제조용 기계 제조업 외 2종,051-714-4676
3735,(주)휴온스메디텍,부산광역시 강서구 녹산산단165로 22 (송정동),생물 의약품 제조업 외 1종,051-831-1030
3736,(주)흙,부산광역시 사상구 학감대로192번길 60-30 (학장동),그 외 기타 가구 제조업 외 1종,051-315-3690
3737,(주)흙 제2공장,부산광역시 사상구 학감대로192번길 60-16 (학장동),그 외 기타 가구 제조업,051-315-3690
3738,(주)흥일폴리켐,부산광역시 강서구 녹산산단262로13번길 12 (송정동),합성수지 및 기타 플라스틱 물질 제조업,051-831-8871
3739,(주)흥진티엔디,부산광역시 강서구 미음산단3로 115 (미음동),기타 물품 취급장비 제조업 외 5종,051-831-0657
3740,(주)희원금속,부산광역시 사상구 낙동대로988번길 46 (감전동),기타 비철금속 주조업,051-314-2563
3741,(주)희원금속,"부산광역시 사상구 낙동대로988번길 45 (감전동, (주)희원금속)",기타 비철금속 주조업,051-314-2563
3742,(주)희원금속 학장지점,부산광역시 사상구 새벽로17번길 12 (학장동),기타 비철금속 주조업,051-314-2563
3743,(주)희제식품,부산광역시 사하구 다대로497번길 22 (다대동) (총 2 필지),육류 기타 가공 및 저장처리업 (가금류 제외) 외 1종,051-264-2922
3744,(주)히트웍스,부산광역시 강서구 녹산산단231로 16 (송정동),"증류기, 열교환기 및 가스발생기 제조업",051-831-5211
3745,(주)히트웍스,부산광역시 강서구 미음산단로 357 (미음동),"증류기, 열교환기 및 가스발생기 제조업",051-831-5211
3746,(주)히트웍스,"부산광역시 사상구 장인로77번길 17 (학장동, (주)한마음기공)",일반철물 제조업,051-328-4762
3747,(주)히트조명,부산광역시 강서구 대저로221번가길 29-1(대저1동),일반용 전기 조명장치 제조업,070-4762-6429
3748,(합)장수산업,부산광역시 사하구 신산북로 35 (신평동),인형 및 장난감 제조업,051-203-4027
3749,(합자)성우직물,"부산광역시 사상구 가야대로 47-15 (감전동, 한성금속)",면직물 직조업,051-323-2112
3750,153케미칼,부산광역시 강서구 녹산산업중로167번길 10 (송정동),계면활성제 제조업 외 1종,051-831-2153
3751,21세기프레임,부산광역시 강서구 녹산산업중로 120 (송정동),금속 캔 및 기타 포장용기 제조업,051-991-3523
3752,3S ENG,"부산광역시 사상구 대동로 303, 617호(감전동, 부산디지털밸리아파트형공장)","물질 검사, 측정 및 분석기구 제조업",051-323-5518
3753,ABC밸브,부산광역시 강서구 신호산단3로88번길 12 (신호동),"탭, 밸브 및 유사장치 제조업",051-317-9294
3754,ANW테크,부산광역시 강서구 공항로533번길 354-22 (대저2동),배전반 및 전기 자동제어반 제조업,051-973-6242
3755,B&K,부산광역시 사하구 을숙도대로 651 (신평동),낚시 및 수렵용구 제조업,051-292-0321
3756,B&S스틸,부산광역시 사상구 낙동대로 968 (감전동),기타 1차 비철금속 제조업,051-315-8855
3757,B.D ENG,"부산광역시 사하구 하신중앙로27번길 17, 4층 406호 (장림동, 에이스밀)",배전반 및 전기 자동제어반 제조업 외 1종,051-263-1644
3758,BESTWAY,부산광역시 강서구 녹산산업중로 271 (송정동),기타 가공 공작기계 제조업 외 1종,051-831-0990
3759,BJ Tech,부산광역시 사하구 다산로225번길 45 (장림동),도금업,051-263-1390
3760,BK부경건설기계정비,부산광역시 강서구 과학산단2로19번길 100-70 (지사동),건설 및 채광용 기계장비 제조업,051-207-7290
3761,BR마린서비스,부산광역시 영도구 남항남로19번길 9 (남항동3가),선박 구성 부분품 제조업,051-418-7959
3762,C. G. T. International ,"부산광역시 강서구 녹산산단382로14번길 55, 3층 4호 (송정동, 부산광역시 신발산업진흥센타)",기타 식품 첨가물 제조업,051-831-8668
3763,C.G.T International,부산광역시 강서구 범방2로 32(범방동),기타 기초 무기 화학물질 제조업,051-831-8668
3764,CH테크,부산광역시 강서구 공항앞길163번길 67 (대저2동),금속 가구 제조업,051-972-2425
3765,CMG테크윈,부산광역시 사하구 서포로 42 (구평동),배전반 및 전기 자동제어반 제조업,051-264-5877
3766,COOL BANK ENG,부산광역시 사하구 다산로78번길 16 (다대동),산업용 냉장 및 냉동 장비 제조업,051-416-5464
3767,CORAL MARINE SERVICE,부산광역시 영도구 대평남로 37 (대평동2가),선박 구성 부분품 제조업,051-418-8480
3768,CSM TECH(주),부산광역시 기장군 장안읍 장안산단8로 118,그 외 자동차용 신품 부품 제조업 외 3종,051-714-5007
3769,CY테크,부산광역시 사상구 장인로17번길 72(감전동),액체 여과기 제조업,051-321-1830
3770,D.H TECH,부산광역시 사상구 강변대로456번길 34-42,신발 부분품 제조업,051-328-1127
3771,D.H.V,부산광역시 강서구 공작길 52 (강동동),"탭, 밸브 및 유사장치 제조업 외 1종",051-266-7711
3772,DESCO,부산광역시 영도구 동삼동 964번지,배전반 및 전기 자동제어반 제조업,051-405-6900
3773,DG벤드,부산광역시 강서구 녹산산단382로60번길 22 (송정동),주철관 제조업,051-316-2250
3774,DH SEAFOOD(주),부산광역시 강서구 가덕해안로2번길 570 (눌차동),수산동물 냉동품 제조업,051-831-1617
3775,DH테크,"부산광역시 사상구 낙동대로1366번길 27 (삼락동, 성일전기)",그 외 자동차용 신품 부품 제조업 외 4종,051-304-5585
3776,DI테크,부산광역시 기장군 정관면 산단3로 50-13,육상 금속 골조 구조재 제조업 외 1종,미등록
3777,DS전기,부산광역시 사하구 장림동 989-20번지,"전기회로 개폐, 보호장치 제조업 외 1종",055-338-3125
3778,Dr. MEDI,"부산광역시 동구 조방로 33, 3층 (범일동)",치과기공물 제조업 외 4종,051-634-6729
3779,E&I TECH,"부산광역시 연제구 고분로67번길 25, 102호 (연산동, 무한그레이스빌라)",일반용 전기 조명장치 제조업 외 2종,051-802-6340
3780,"E,G오토파트",부산광역시 강서구 미음산단2로16번길 30 (구랑동),기타 가공 공작기계 제조업,051-974-0528
3781,ED글라스,부산광역시 기장군 정관읍 산단7로 7-16,기타 판유리 가공품 제조업,051-727-3690
3782,F.Q.T.C,부산광역시 강서구 제도로1092번가길 26 (강동동),그 외 기타 금속가공업,051-908-7889
3783,F.Q.T.C,부산광역시 강서구 제도로1092번가길 20 (강동동),그 외 기타 플라스틱 제품 제조업,051-908-7889
3784,FQTC CNC(에프큐티시 시엔시),부산광역시 강서구 강동동 35-83번지,자동차용 금속 압형제품 제조업 외 1종,미등록
3785,G.M.K,"부산광역시 강서구 녹산산업중로 113, 5호동 (송정동)",주형 및 금형 제조업,051-714-2021
3786,G.M테크,부산광역시 강서구 대저중앙로394번가길 38 (대저1동),기타 가공 공작기계 제조업,051-313-8104
3787,GD산업,부산광역시 강서구 대저로221번나길 86-14(대저1동),그 외 기타 콘크리트 제품 및 유사제품 제조업,미등록
3788,GD테크,부산광역시 사상구 가야대로48번길 15 (학장동),절삭가공 및 유사처리업,051-314-9090
3789,GL정밀,부산광역시 강서구 낙동남로605번길 46-9 (녹산동),절삭가공 및 유사처리업,051-941-8887
3790,GL컴퍼니,부산광역시 사상구 대동로 303 (감전동),전기회로 접속장치 제조업 외 3종,070-4231-0729
3791,GNT부산의용촌,"부산광역시 북구 덕천로 89-7, 관련지번 241-18 (덕천동)","근무복, 작업복 및 유사의복 제조업 외 12종",051-331-2191
3792,GNT부산의용촌,"부산광역시 북구 덕천로 89-7, 관련지번 241-18 (덕천동)","근무복, 작업복 및 유사의복 제조업 외 12종",051-331-2191
3793,GOOD TECH,부산광역시 강서구 신호산단3로87번길 19 (신호동),그 외 기타 일반목적용 기계 제조업 외 1종,051-831-8204
3794,GP시스템,부산광역시 강서구 금호순서길89번가길 23 (대저2동),액체 펌프 제조업,051-312-0427
3795,GS코어,부산광역시 강서구 화전산단2로134번길 28 (화전동),절삭가공 및 유사처리업,051-831-2311
3796,GTM-KOREA,부산광역시 사하구 장림번영로104번길 28 (장림동),그 외 기타 특수목적용 기계 제조업 외 2종,051-262-3981
3797,H&T정밀,부산광역시 강서구 미음국제5로라길 9 (미음동) H&amp;T정밀,주형 및 금형 제조업,051-973-8787
3798,H-ONE산업,부산광역시 강서구 녹산산단17로 152 (송정동),그 외 기타 일반목적용 기계 제조업 외 1종,051-831-9222
3799,H.K.T전기(주),부산광역시 강서구 경전철로 42 (대저2동),변압기 제조업 외 2종,051-302-6590
3800,H.S Tech(에이치에스테크),부산광역시 강서구 체육공원로6번길 125-23 (대저1동),금속 절삭기계 제조업,051-303-1265
3801,HBS피아노,부산광역시 금정구 공단동로41번길 10 (금사동),건반 악기 제조업,051-527-3440
3802,HISOFA(하이소파),부산광역시 기장군 정관읍 정관로 266 (하이소파),일반 제재업,051-0727-8599
3803,HJ중공업,부산광역시 남구 감만동 588-3번지,기타 선박 건조업,051-647-0767
3804,HYUNDAI ENGINEERING,"부산광역시 사상구 장인로77번길 132 (학장동, 현대엔지니어링)",그 외 기타 일반목적용 기계 제조업 외 1종,051-303-6001
3805,HY테크,부산광역시 강서구 화전산단5로98번길 14 (화전동),주철관 제조업,051-972-8174
3806,H·T·S,부산광역시 사상구 대동로239번길 46 (학장동),기타 가공 공작기계 제조업,051-315-9472
3807,I.S건설,부산광역시 강서구 식만로93번길 37 (죽림동),육상 금속 골조 구조재 제조업 외 1종,051-832-5533
3808,ICC   ,부산광역시 기장군 장안읍 반룡산단로 75,주형 및 금형 제조업 외 1종,051-745-8170
3809,J&S테크,부산광역시 기장군 정관면 산단3로 55,기체 여과기 제조업,051-728-3993
3810,J.I정밀방전,부산광역시 사상구 사상로394번길 27 (덕포동),주형 및 금형 제조업,051-312-6371
3811,J.K.TECH,부산광역시 사상구 사상로439번길 17 (모라동),절삭가공 및 유사처리업,051-303-9036
3812,J.S.T,부산광역시 강서구 녹산산단262로49번길 56 (송정동),철도차량 부품 및 관련 장치물 제조업,051-832-0413
3813,J.S산업,부산광역시 기장군 정관면 용수공단1길 26 (제이에스산업),그 외 기타 플라스틱 제품 제조업,051-728-6821
3814,JB마린 주식회사,부산광역시 영도구 해양로87번길 26 (청학동),내연기관 제조업 외 3종,051-412-9314
3815,JK금속(주),"부산광역시 강서구 신호산단3로88번길 47,  (신호동,292-16) (신호동)",그 외 기타 1차 철강 제조업,051-311-8895
3816,JK라이팅,부산광역시 강서구 맥도길377번길 158-16 (대저2동),배전반 및 전기 자동제어반 제조업,053-761-0805
3817,JSG,부산광역시 강서구 낙동북로60번길 32-16 (강동동),금속 절삭기계 제조업,051-941-0400
3818,JS컴퍼니,"부산광역시 해운대구 마린시티1로 155, A동, 101,102호 (우동, 해운대현대하이페리온)",여자용 겉옷 제조업 외 12종,051-991-2100
3819,JS테크,부산광역시 강서구 제도로 180-2 (명지동),그 외 기타 1차 철강 제조업,051-271-7971
3820,K&C Engineering,부산광역시 영도구 대평남로 70 (대평동2가),선박 구성 부분품 제조업,051-418-6725
3821,K&C GLOBAL,부산광역시 강서구 공항앞길13번길 35 (대저2동),그 외 기타 전자부품 제조업 외 1종,051-973-8585
3822,K&C산업,부산광역시 강서구 낙동남로666번길 17-2 (녹산동),모피 및 가죽 제조업,051-973-3461
3823,K.J산업,부산광역시 사상구 장인로 7-23(감전동),볼트 및 너트류 제조업 외 2종,미등록
3824,K.S  ENG,부산광역시 사상구 학감대로 169-7 (학장동),절삭가공 및 유사처리업,051-315-1220
3825,KBC엔지니어링,부산광역시 영도구 해양로117번길 19 (청학동),선박 구성 부분품 제조업,051-413-3916
3826,KC,부산광역시 강서구 신포길 145-1 (명지동),"금속 문, 창, 셔터 및 관련제품 제조업 외 6종",미등록
3827,KJ TECH,부산광역시 강서구 녹산산업북로221번길 42 (송정동),주형 및 금형 제조업,051-831-1027
3828,KOREA J-ONE,"부산광역시 사상구 낙동대로1338번길 33 (삼락동, KOREA J-ONE)","탭, 밸브 및 유사장치 제조업",051-305-7666
3829,KTE라이팅,부산광역시 북구 만덕3로 28-1 (만덕동),일반용 전기 조명장치 제조업,051-336-5501
3830,Kebit,부산광역시 기장군 정관읍 산단3로 91-24 (명성제강),기타 신발 제조업,051-895-6789
3831,K후렘(케이후렘),부산광역시 기장군 정관읍 정관상곡2길 25-5,금속 표시판 제조업,051-727-3077
3832,LH STEEL ,부산광역시 강서구 녹산산업중로 66 (송정동),절삭가공 및 유사처리업,051-831-6941
3833,LK컴퍼니,부산광역시 강서구 대저중앙로348번길 24-14 (대저1동),그 외 기타 특수목적용 기계 제조업 외 1종,051-304-2650
3834,M. K. TECH,"부산광역시 금정구 개좌로 273-20, 3층 308호  (회동동)",배전반 및 전기 자동제어반 제조업,051-817-3442
3835,M.S.T,부산광역시 강서구 미음국제5로 93 (미음동) 김형수공장,그 외 자동차용 신품 부품 제조업,051-941-0944
3836,M.S리빙코리아,부산광역시 사상구 낙동대로 1492-1 (삼락동),날붙이 제조업,051-303-6053
3837,MAN E.N.G,부산광역시 강서구 공항앞길85번길 101-2 (대저2동),절삭가공 및 유사처리업,051-325-1293
3838,MCR,부산광역시 강서구 녹산산업북로313번길 36 (송정동),절삭가공 및 유사처리업,미등록
3839,MDB,"부산광역시 사하구 하신번영로 419, 4층, 5층(하단동, 삼산빌딩)","전기회로 개폐, 보호장치 제조업 외 5종",051-804-2213
3840,MDE(엠디이),부산광역시 강서구 평강로434번가길 16 (대저1동),산업용 송풍기 및 배기장치 제조업,미등록
3841,MGS미공사,부산광역시 부산진구 백양순환로119번길 12-16 (부암동),간판 및 광고물 제조업,051-816-5896
3842,MH테크,부산광역시 사하구 장평로146번길 7 (장림동),그 외 기타 분류 안된 금속 가공 제품 제조업 외 1종,051-204-0070
3843,MK목재산업,부산광역시 강서구 녹산산업중로 63 (송정동),목재 깔판류 및 기타 적재판 제조업,051-646-8513
3844,MK하이테크,부산광역시 강서구 생곡산단2로 46 (생곡동),구조용 금속 판제품 및 공작물 제조업,051-972-8815
3845,MPS,부산광역시 부산진구 서전로68번길 64 (전포동),기타 음향기기 제조업 외 1종,051-804-0084
3846,MTT,부산광역시 강서구 공항로811번나길 81 (대저2동),그 외 기타 특수목적용 기계 제조업 외 1종,070-4234-9435
3847,MY스틸,부산광역시 강서구 녹산산단261로 71 (송정동),절삭가공 및 유사처리업,미등록
3848,Mt.H콘트롤 밸브(주),부산광역시 강서구 녹산산업중로 296 (송정동) (총 2 필지),"탭, 밸브 및 유사장치 제조업",051-974-8800
3849,NC부산(주),부산광역시 기장군 정관면 산단로 642 ((주)네오엔),지정 외 폐기물 처리업,051-728-4141
3850,O.I.S테크,부산광역시 강서구 지사동 1274번지 (재)부산테크노파크 기계부품동 201동 2,그 외 기타 특수목적용 기계 제조업 외 1종,051-831-0118
3851,P&K 인터내셔날,부산광역시 강서구 대저동서로 69-17 (대저1동),신발 부분품 제조업,051-972-7255
3852,P.K.TEC(부경테크),부산광역시 강서구 녹산산업중로 51-11 (송정동),절삭가공 및 유사처리업,051-317-6245
3853,PDJ MEDIA,"부산광역시 남구 신선로 365, 산학협력관 425,426호 (용당동, 부경대학교)",비디오 및 기타 영상기기 제조업,051-702-1113
3854,PNS시스템,부산광역시 사상구 새벽로63번길 16(학장동),플라스틱 창호 제조업 외 1종,미등록
3855,PROSTEC (프로스텍),"부산광역시 사상구 낙동대로1338번길 42 (삼락동, 프로스텍)",주형 및 금형 제조업,051-303-9991
3856,S&T(에스엔티),"부산광역시 부산진구 황령대로74번길 20, 2층 (전포동)",기타 직물제품 제조업 외 3종,051-805-8152
3857,S.J.C(세진화학),부산광역시 강서구 맥도강변길 598-12 (대저2동),고무패킹류 제조업 외 1종,051-971-5668
3858,S.J.H TEC(에스제이에이치 테크),부산광역시 사상구 광장로20번길 23 (괘법동),절삭가공 및 유사처리업 외 26종,미등록
3859,S.N 전기,"부산광역시 사상구 학감대로 170-17 (학장동, SN전기 A)",배전반 및 전기 자동제어반 제조업,051-311-4298
3860,S.S.T,부산광역시 사하구 홍티로 133 (다대동),선박 구성 부분품 제조업,051-263-6117
3861,SC동양,부산광역시 강서구 녹산산단261로60번길 43 (송정동),도장 및 기타 피막처리업,051-831-7802
3862,SDC유압기기,"부산광역시 사상구 낙동대로 1240 (삼락동, SD유압)",액체 펌프 제조업,051-303-5273
3863,SEBA정밀,부산광역시 강서구 낙동남로533번길 74 (녹산동),선박 구성 부분품 제조업,051-832-0501
3864,SKM공업사,부산광역시 사하구 장평로15번길 11 (장림동),알루미늄주물 주조업 외 1종,051-263-5670
3865,SMC,부산광역시 강서구 화전산단5로84번길 30 (화전동),주형 및 금형 제조업,051-831-5061
3866,SMS,"부산광역시 영도구 대평로34번길 15, 1층 일부 (대평동2가)",선박 구성 부분품 제조업,051-416-4904
3867,SMT,부산광역시 사하구 장평로 179 (장림동),컨베이어장치 제조업 외 1종,051-262-6410
3868,SM테크,부산광역시 사하구 감천항로405번길 72 (구평동),컨베이어장치 제조업 외 1종,051-263-5400
3869,SPCCOK-영진물산,"부산광역시 부산진구 전포대로223번길 19,  B107호 (전포동)",메모리용 전자집적회로 제조업 외 4종,051-803-5321
3870,SS패션(경동어패럴),"부산광역시 동래구 충렬사로 39, 상가동 232호(안락동, 동래화목타운)",남자용 겉옷 제조업 외 9종,053-952-3893
3871,SS패션(경동어패럴),부산광역시 연제구 과정로226번길 13(연산동),"근무복, 작업복 및 유사의복 제조업 외 10종",미등록
3872,SS패션(경동어패럴),부산광역시 금정구 반송로 391 (서동),"근무복, 작업복 및 유사의복 제조업 외 7종",053-952-3893
3873,STEEL PIA,부산광역시 사상구 가야대로176번길 100 (학장동),냉간 압연 및 압출 제품 제조업,051-311-7238
3874,ST엔텍,부산광역시 강서구 미음국제2로 110(미음동),절삭가공 및 유사처리업 외 3종,051-714-3858
3875,ST인더스  ,부산광역시 기장군 장안읍 오리산단8로 21,기타 전기 변환장치 제조업,051-727-5551
3876,ST인더스 제2공장,부산광역시 기장군 장안읍 오리산단3로 43,그 외 기타 1차 철강 제조업,051-727-5551
3877,SteelGood(스틸굿),"부산광역시 강서구 미음국제5로라길 23, 1층 (미음동)",그 외 기타 1차 철강 제조업,055-329-7880
3878,THE SYSTEM,부산광역시 강서구 미음국제5로마길 5(미음동),자동차 엔진용 신품 부품 제조업 외 1종,051-973-9683
3879,THE(주),부산광역시 강서구 녹산산단289로 32 (송정동),핵반응기 및 증기보일러 제조업 외 37종,051-831-1807
3880,Tu텍,부산광역시 강서구 화전산단6로 105 (화전동),선박 구성 부분품 제조업 외 1종,051-831-0155
3881,U&B,"부산광역시 남구 용소로19번길 10(대연동, 황금빌딩)",화장품 제조업 외 1종,051-305-0052
3882,USM CORP.LTD,부산광역시 강서구 녹산산업중로 102 (송정동),그 외 기타 특수목적용 기계 제조업 외 1종,051-831-8980
3883,YG메탈,부산광역시 강서구 미음국제5로라길 43(미음동),그 외 기타 금속가공업 외 3종,051-710-9799
3884,YS선박,부산광역시 영도구 대평로27번길 27 (대평동1가),선박 구성 부분품 제조업 외 1종,051-416-6004
3885,Yes 치과기공소,"부산광역시 남구 석포로 116, 1층(대연동, 대연스포츠센타)",치과기공물 제조업 외 2종,051-624-7204
3886,e-하우징,부산광역시 강서구 가락대로1397번길 337-7 (봉림동),그 외 기타 가구 제조업,051-971-6786
3887,g-테크,부산광역시 강서구 가락대로1397번길 188 (봉림동),강관 가공품 및 관 연결구류 제조업,051-323-0432
3888,㈜동아코퍼레이션,부산광역시 강서구 미음국제5로라길 43(미음동),"탭, 밸브 및 유사장치 제조업 외 1종",051-988-7540
3889,㈜보명피앤티 미음공장,부산광역시 강서구 미음산단로 261(미음동),선박 구성 부분품 제조업,051-266-4101
3890,㈜삼우기초기술영남본부,"부산광역시 해운대구 윗반송로 136 (반송동, 반송동공장)",셔츠 및 블라우스 제조업 외 1종,051-543-2201
3891,㈜성창사 ,부산광역시 강서구 범방3로30번길 8(범방동),그 외 기타 전자부품 제조업,051-941-0777
3892,㈜세명에프엔브이,"부산광역시 강서구 미음국제5로라길 3(미음동, 강재호공장)",강관 제조업,051-941-5217
3893,㈜신라금속스틸,부산광역시 강서구 미음국제5로가길 26(미음동),그 외 기타 1차 철강 제조업 외 1종,051-972-0792
3894,㈜아이씨맥스 부산기장공장,부산광역시 기장군 장안읍 오리산단5로 56,도장 및 기타 피막처리업,051-715-7338
3895,㈜제이앤디내진소방,부산광역시 기장군 장안읍 오리산단3로 49,기타 구조용 금속제품 제조업,051-868-5971
3896,㈜지산푸드시스템,부산광역시 기장군 장안읍 오리산단2로 77,떡류 제조업 외 1종,051-784-7171
3897,가가산업개발(주),"부산광역시 북구 금곡대로616번길 25, 3층(금곡동)",구조용 금속 판제품 및 공작물 제조업 외 4종,051-363-4604
3898,가꿈복지직업재활시설,"부산광역시 금정구 금사로 9, 지하2층 B101호(서동, 트레비앙)",경 인쇄업 외 1종,051-862-8090
3899,가나건설기계,부산광역시 강서구 제도로1041번길 255 (강동동),그 외 기타 일반목적용 기계 제조업 외 3종,051-971-7989
3900,가나기계,부산광역시 강서구 호계로103번길 11 (죽동동),그 외 기타 일반목적용 기계 제조업 외 1종,051-971-7949
3901,가나기업 주식회사,"부산광역시 영도구 해양로23번길 16, 나동(청학동)",선박 구성 부분품 제조업 외 1종,051-413-8040
3902,가나후렘,부산광역시 기장군 기장읍 배산로8번길 28-1 (가나아트),기타 구조용 금속제품 제조업 외 1종,051-722-0189
3903,가는골산업사,부산광역시 사상구 낙동대로1338번길 46 (삼락동),"플라스틱 포대, 봉투 및 유사제품 제조업",051-303-4220
3904,가덕수산,부산광역시 강서구 천가길 229 (성북동),육상 금속 골조 구조재 제조업 외 1종,051-971-7512
3905,가락농협미곡처리장,부산광역시 강서구 죽림동 563번지 외 1필지,곡물 도정업,051-972-6605
3906,가락우드,부산광역시 강서구 식만로 13-28 (죽림동),표면 가공 목재 및 특정 목적용 제재목 제조업 외 1종,미등록
3907,가락정미(유),부산광역시 강서구 가락대로 1374 (봉림동),곡물 도정업,051-971-5515
3908,가람공업사,부산광역시 강서구 미음국제5로마길 26 (미음동),주형 및 금형 제조업,051-974-0228
3909,가람산업,부산광역시 강서구 호계로 36 (죽림동),고무패킹류 제조업 외 1종,051-319-0096
3910,가람정밀,부산광역시 강서구 낙동북로153번길 117-1 (강동동),주형 및 금형 제조업,051-972-6401
3911,가람테크,부산광역시 강서구 낙동북로108번길 56 (강동동),주형 및 금형 제조업,051-304-1177
3912,가로테크,"부산광역시 금정구 동대로 20, A동 1층 (회동동)",기타 신발 제조업,051-364-3501
3913,가보스   ,부산광역시 기장군 정관읍 산단4로 49,기타 신발 제조업,051-728-3970
3914,가성정밀,부산광역시 강서구 녹산산단261로73번길 37 (송정동),절삭가공 및 유사처리업,051-974-0326
3915,가성포장,부산광역시 강서구 평강로171번길 42-1 (대저1동),"플라스틱 포대, 봉투 및 유사제품 제조업",미등록
3916,가스텍코리아(주),"부산광역시 사상구 가야대로104번길 22 (학장동, 가스텍코리아)",수소 제조업 외 1종,051-311-2706
3917,가야기계,부산광역시 강서구 제도로1002번길 34-2 (강동동),볼트 및 너트류 제조업 외 2종,미등록
3918,가야기전,부산광역시 강서구 공항로1409번길 43-11 (대저1동),배전반 및 전기 자동제어반 제조업,051-266-7551
3919,가야산기 주식회사,부산광역시 사상구 대동로179번길 48 (학장동),기타 가공 공작기계 제조업,051-326-8460
3920,가야산업,부산광역시 강서구 제도로1092번다길 28-23 (강동동),기타 건축용 플라스틱 조립제품 제조업,051-972-2120
3921,가야수지공업사,"부산광역시 사상구 가야대로195번길 12-11 (주례동, 가야수지공업사)",주형 및 금형 제조업 외 4종,051-316-1629
3922,가야유리,부산광역시 강서구 낙동북로60번길 24-1 (강동동),안전유리 제조업 외 1종,051-971-6258
3923,가야텍스,부산광역시 사하구 신산로29번길 13 (신평동),끈 및 로프 제조업,051-311-2774
3924,가양프로텍션(주),부산광역시 사상구 새벽로 12 (학장동),그 외 기타 분류 안된 금속 가공 제품 제조업 외 1종,051-312-6306
3925,가영산업,부산광역시 강서구 가리새2로13번길 14 (미음동),선박 구성 부분품 제조업,051-832-6603
3926,가온도예,부산광역시 연제구 여고로14번길 77 (거제동),타일 및 유사 비내화 요업제품 제조업,051-505-0288
3927,가온밸브(주),부산광역시 강서구 녹산산단290로 10 (송정동),"탭, 밸브 및 유사장치 제조업",051-832-1256
3928,가온수산,"부산광역시 사하구 다대로605번길 17, 지하1층(다대동)",수산동물 냉동품 제조업,070-8880-7585
3929,가온테크,부산광역시 강서구 대저로171번나길 45-16(대저1동),그 외 자동차용 신품 부품 제조업,051-342-4724
3930,가온테크,부산광역시 강서구 미음국제6로 24 (미음동),금속탱크 및 저장용기 제조업,051-941-6866
3931,가온테크,부산광역시 사상구 낙동대로1390번길 89 (삼락동),선박 구성 부분품 제조업 외 40종,051-995-5737
3932,가원공방,부산광역시 기장군 일광면 횡계길 59-7,기타 목재가구 제조업,051-743-4298
3933,가윤산업(주),부산광역시 강서구 녹산산업중로 370 (송정동),절삭가공 및 유사처리업,051-831-3775
3934,가은특수기계,부산광역시 사하구 신평동 567-23번지,그 외 자동차용 신품 부품 제조업 외 3종,051-292-3960
3935,가이스링거(유),부산광역시 강서구 미음산단1로 56 (구랑동),기어 및 동력전달장치 제조업 외 1종,051-970-2000
3936,가이아파일주식회사,부산광역시 강서구 미음산단로34번길 29 (구랑동),기타 구조용 금속제품 제조업,051-972-1766
3937,가이아파일주식회사,부산광역시 강서구 미음산단2로16번길 25 (구랑동),절삭가공 및 유사처리업,051-972-1766
3938,가자낚시마트,부산광역시 강서구 녹산산단261로 57 (송정동),"근무복, 작업복 및 유사의복 제조업 외 1종",070-4741-9499
3939,가흥공업사,부산광역시 사상구 학장로 265 (학장동),강관 가공품 및 관 연결구류 제조업,미등록
3940,갑진와셔공업사,"부산광역시 사상구 장인로 7-22 (감전동, 갑진와셔공업)",볼트 및 너트류 제조업 외 2종,051-325-4943
3941,강남공업사,"부산광역시 사상구 모덕로67번길 147-20(모라동, 부산정밀기계)",금속 가구 제조업,051-302-7472
3942,강남테크,부산광역시 강서구 낙동북로73번가길 56 (강동동),절삭가공 및 유사처리업 외 3종,051-315-7786
3943,강동전기,부산광역시 강서구 강동중곡3길 159(강동동),전동기 및 발전기 제조업,미등록
3944,강동직물공업사,부산광역시 강서구 제도로1041번길 515-1 (강동동),,051-971-2209
3945,강동화학,부산광역시 강서구 과학산단2로19번길 100-118 (지사동),그 외 기타 일반목적용 기계 제조업 외 2종,051-973-8888
3946,강림인슈(주),부산광역시 기장군 장안읍 명례산단5로 72,선박 구성 부분품 제조업,051-220-6049
3947,강림인슈(주),부산광역시 사하구 다대로170번길 56 (신평동),내연기관 제조업 외 1종,051-220-6081
3948,강림인슈(주)다대공장,부산광역시 사하구 홍티로 5 (다대동),선박 구성 부분품 제조업 외 1종,051-220-6074
3949,강림인슈(주)신평공장,부산광역시 사하구 다대로170번길 56 (신평동),산업용 냉장 및 냉동 장비 제조업 외 2종,051-220-6074
3950,강명디에이치(주),"부산광역시 사하구 신산로 120,  9층 922호  (신평동)",유압기기 제조업,미등록
3951,강명종합건설(주),부산광역시 강서구 신호산단1로 220-3(신호동),육상 금속 골조 구조재 제조업,051-831-6446
3952,강무공업사,"부산광역시 사상구 가야대로103번길 15(감전동, 강무공업사)",기체 펌프 및 압축기 제조업 외 1종,051-312-9608
3953,강산스포츠,부산광역시 강서구 순아1구길 14 (명지동),"체조, 육상 및 체력단련용 장비 제조업",051-271-7728
3954,강서산업,부산광역시 강서구 세산길 314 (미음동),"목재 포장용 상자, 드럼 및 유사용기 제조업",051-971-0539
3955,강서우드,부산광역시 강서구 식만로 13-24 (죽림동),표면 가공 목재 및 특정 목적용 제재목 제조업 외 1종,미등록
3956,강서적재함,부산광역시 강서구 가락대로 1369 (봉림동),차체 및 특장차 제조업,051-334-0005
3957,강서특장,부산광역시 강서구 가락대로1397번길 157-7 (봉림동),차체 및 특장차 제조업 외 1종,051-973-1977
3958,강선금속,"부산광역시 기장군 정관읍 정관상곡1길 103, 외 2",기타 1차 비철금속 제조업,미등록
3959,강성테크,부산광역시 강서구 죽동길 46 (죽동동),그 외 기타 특수목적용 기계 제조업 외 1종,051-972-3487
3960,강스코스메티끄,"부산광역시 북구 효열로 111, 부산지식산업센터 511,512호 (금곡동)",화장품 제조업,051-363-9990
3961,강영산업,부산광역시 사상구 낙동대로1436번길 14 (삼락동),비동력식 수공구 제조업 외 1종,051-301-1790
3962,강원유리,"부산광역시 남구 황령대로319번나길 25 (대연동, 강원유리창호공사)",안전유리 제조업 외 3종,051-623-3576
3963,강원정밀,부산광역시 강서구 녹산산업중로167번길 10 (송정동),자동차용 금속 압형제품 제조업 외 1종,051-831-4388
3964,강인종합상사,부산광역시 사하구 하신중앙로54번길 49 (장림동),셔츠 및 블라우스 제조업 외 1종,051-263-0995
3965,강진산업기계,부산광역시 강서구 미음산단3로 100 (미음동),절삭가공 및 유사처리업,051-831-9217
3966,강진정밀,부산광역시 강서구 울만로25번길 141 (대저2동),절삭가공 및 유사처리업,051-301-3816
3967,개금식품,부산광역시 북구 사상로577번길 36 (구포동),육류 기타 가공 및 저장처리업 (가금류 제외) 외 1종,미등록
3968,개나리상사,부산광역시 남구 유엔로120번가길 96 (우암동),침구 및 관련제품 제조업 외 1종,051-635-9114
3969,개성테크노로지스(주),부산광역시 강서구 녹산산업북로 47 (송정동),그 외 기타 분류 안된 금속 가공 제품 제조업 외 1종,051-831-4545
3970,거도정밀,"부산광역시 금정구 개좌로 98 (금사동, 깨끗한사람들)",주형 및 금형 제조업,051-523-5546
3971,거림,부산광역시 사하구 장평로132번길 23 (장림동),플라스틱 접착처리 제품 제조업 외 2종,051-266-0040
3972,거림산업사,부산광역시 사하구 을숙도대로 651 (신평동) (총 2 필지),셔츠 및 블라우스 제조업 외 1종,051-203-7236
3973,거림엔지니어링(주),부산광역시 강서구 녹산산단261로 16 (송정동),선박 구성 부분품 제조업 외 2종,051-831-2929
3974,거림엔지니어링(주),부산광역시 강서구 미음산단로 351 (미음동),선박 구성 부분품 제조업,051-241-7556
3975,거림정밀,부산광역시 강서구 대저중앙로348번길 8-15 (대저1동),주형 및 금형 제조업,051-304-4494
3976,거림환경(주),부산광역시 강서구 미음산단로403번길 7 (미음동),그 외 기타 특수목적용 기계 제조업 외 5종,051-831-4195
3977,거명정밀,부산광역시 사상구 모라로6번길 37 (삼락동),절삭가공 및 유사처리업,051-315-7797
3978,거목,부산광역시 강서구 녹산산업북로 241 (송정동),금속선 가공제품 제조업,051-261-4255
3979,거북인쇄공사,부산광역시 부산진구 부전로 5-1 (부전동),경 인쇄업 외 3종,051-808-5571
3980,거산에프앤비,부산광역시 강서구 죽동길106번길 20(죽동동),산업용 송풍기 및 배기장치 제조업,051-973-2369
3981,거산하이텍,부산광역시 강서구 공항앞길163번길 69 (대저2동),주형 및 금형 제조업,051-305-2712
3982,거상유통 ,부산광역시 기장군 장안읍 오리산단로 176,건강기능식품 제조업 외 2종,070-8614-2054
3983,거성금속,부산광역시 사상구 대동로179번길 21 (학장동),기타 1차 비철금속 제조업,051-314-3258
3984,거성산업,부산광역시 강서구 녹산산단231로 58 (송정동),기체 여과기 제조업,051-831-2030
3985,거성컨테이너(주),부산광역시 기장군 장안읍 기룡길 3,기타 구조용 금속제품 제조업,051-727-7570
3986,거성펩,부산광역시 강서구 평성길 5-16 (명지동),주형 및 금형 제조업,051-941-4942
3987,거성하이텍,부산광역시 강서구 대부길 241 (강동동),선박 구성 부분품 제조업,051-941-0686
3988,거승산업,부산광역시 기장군 정관읍 정관상곡1길 27-103,주형 및 금형 제조업,미등록
3989,거영화스너,"부산광역시 사상구 낙동대로1356번길 11 (삼락동, 거영화스너)",볼트 및 너트류 제조업 외 2종,051-303-8635
3990,거용선박(주),부산광역시 영도구 해양로182번길 26 (청학동),선박 구성 부분품 제조업,051-416-6446
3991,거우정밀,부산광역시 강서구 낙동북로125번길 94 (강동동),그 외 기타 특수목적용 기계 제조업 외 1종,051-322-4583
3992,거창종합카,부산광역시 기장군 장안읍 기장대로 1561-8,건설.광업용 기계 및 장비 수리업,미등록
3993,거한,"부산광역시 사하구 장평로190번길 25, 2층(장림동)","물질 검사, 측정 및 분석기구 제조업 외 2종",051-266-1480
3994,거흥기계,부산광역시 강서구 신호산단3로88번길 13 (신호동),절삭가공 및 유사처리업,051-831-6296
3995,거흥산업ENG,부산광역시 기장군 장안읍 장안산단1로 12-15,컨베이어장치 제조업 외 1종,051-727-7311
3996,건강월드,부산광역시 부산진구 가야대로572번가길 7-7(가야동),기타 직물제품 제조업,미등록
3997,건강홈케어,부산광역시 사상구 가야대로176번길 30(학장동),그 외 기타 의료용 기기 제조업,051-248-1800
3998,건광개발(주),부산광역시 강서구 녹산산단261로 58 (송정동),"금속 문, 창, 셔터 및 관련제품 제조업 외 1종",051-831-0482
3999,건명테크,부산광역시 강서구 식만로 195 (식만동),운송장비 조립용 플라스틱제품 제조업 외 1종,051-941-8990
4000,건봉이엔지주식회사,부산광역시 사상구 새벽로 59 (학장동),핵반응기 및 증기보일러 제조업 외 34종,051-723-2772
4001,건설중기정비,부산광역시 사하구 장평로 96 (장림동),건설 및 채광용 기계장비 제조업,051-266-7773
4002,건양산업,"부산광역시 사상구 사상로393번길 41 (덕포동, 건양산업)",무기 및 총포탄 제조업 외 38종,051-304-0832
4003,건영스틸,부산광역시 강서구 녹산산업북로313번길 81 (송정동),절삭가공 및 유사처리업,미등록
4004,건영스프링,부산광역시 강서구 과학산단2로3번길 62 (지사동),금속 스프링 제조업,051-831-4511
4005,건영정공,부산광역시 강서구 녹산산단27로 55 (송정동),절삭가공 및 유사처리업,051-831-9390
4006,건영테크,부산광역시 강서구 호계로145번길 28 (죽동동),그 외 기타 플라스틱 제품 제조업,미등록
4007,건영테크 주식회사,부산광역시 강서구 대부길 83 (강동동),기체 여과기 제조업,051-831-7812
4008,건오물산(주),부산광역시 사하구 장림동 574번지,기타 수산동물 가공 및 저장 처리업,051-263-7481
4009,건우금속(주),부산광역시 강서구 녹산산업중로 375 (송정동),절삭가공 및 유사처리업,051-972-8407
4010,건우메탈(주),부산광역시 강서구 가리새2로13번길 32 (미음동),강관 제조업 외 1종,051-941-6078
4011,건우산업,부산광역시 동래구 연안로52번길 58 (안락동),목재문 및 관련제품 제조업,051-529-1165
4012,건우엔텍,부산광역시 강서구 녹산산업북로313번길 81 (송정동),절삭가공 및 유사처리업,051-832-2238
4013,건우초경(주),"부산광역시 금정구 개좌로 129 (금사동, 세광텍스타일)",주형 및 금형 제조업,051-524-6231
4014,건우테크,부산광역시 강서구 낙동북로126번길 55 (강동동),절삭가공 및 유사처리업,051-941-4771
4015,건우테크,"부산광역시 강서구 녹산산단261로87번길 27,  (송정동,1561-1) (송정동)",그 외 기타 금속가공업,051-831-3132
4016,건웅테크(주),부산광역시 강서구 가리새2로 58 (범방동),금속탱크 및 저장용기 제조업 외 63종,051-305-3300
4017,건일테크,부산광역시 사상구 낙동대로1390번길 26 (삼락동),자동차 차체용 신품 부품 제조업 외 30종,051-305-1756
4018,건전E.N.G,부산광역시 사상구 사상로375번길 42 (덕포동),그 외 기타 금속가공업,051-305-1512
4019,건진전기공업사,부산광역시 영도구 대평남로 66 (대평동2가),선박 구성 부분품 제조업,051-416-2571
4020,건창산기(주),부산광역시 사하구 을숙도대로569번길 10 (신평동) (총 2 필지),그 외 기타 일반목적용 기계 제조업 외 4종,051-207-1623
4021,건창산기(주),부산광역시 사하구 감천항로 361 (구평동),그 외 기타 일반목적용 기계 제조업 외 1종,051-203-8113
4022,경금메카트로닉스,부산광역시 강서구 녹산산업중로 52-13 (송정동),그 외 기타 특수목적용 기계 제조업,055-343-1544
4023,경기몰드(MOLD),부산광역시 강서구 녹산산업북로 267 (송정동),주형 및 금형 제조업,051-832-2053
4024,경남 엠.테크,부산광역시 강서구 설만길 95 (대저2동),일반철물 제조업,051-971-1736
4025,경남ENG,부산광역시 사상구 사상로447번길 16 (모라동),주형 및 금형 제조업,051-305-9963
4026,경남건업,부산광역시 기장군 정관면 정관상곡2길 25-21,목재문 및 관련제품 제조업,051-783-0937
4027,경남금속공업사,부산광역시 연제구 거제대로 223 (거제동),음ㆍ식료품 및 담배 가공기계 제조업 외 1종,051-864-7757
4028,경남기계,부산광역시 강서구 녹산산단382로14번가길 19 (송정동),그 외 기타 특수목적용 기계 제조업 외 1종,051-831-5936
4029,경남기계,"부산광역시 사상구 낙동대로1356번길 32 (삼락동, 경남기계)",금속 절삭기계 제조업,051-302-0004
4030,경남기아공업사,부산광역시 사상구 낙동대로1310번길 39 (삼락동),금속 절삭기계 제조업,051-304-8151
4031,경남기업,"부산광역시 영도구 남항서로 6-20,  2층 (남항동3가)",선박 구성 부분품 제조업,051-416-0992
4032,경남목재,부산광역시 강서구 대저로221번길 20 (대저1동),일반 제재업,051-973-0707
4033,경남사,"부산광역시 부산진구 진사로 11-1, 2층 (개금동)","근무복, 작업복 및 유사의복 제조업 외 5종",051-636-1477
4034,경남스크루공업사,부산광역시 영도구 남항서로 130-1 (대교동1가),선박 구성 부분품 제조업,051-416-1761
4035,경남에어테크,부산광역시 사상구 새벽로 65 (학장동),기타 일반 기계 및 장비 수리업,051-314-3811
4036,경남전기,부산광역시 사하구 하신중앙로27번길 16-9 (장림동),배전반 및 전기 자동제어반 제조업,051-266-8311
4037,경남정공,부산광역시 사상구 새벽로77번길 35 (학장동),강관 제조업 외 16종,051-325-3722
4038,경남정공 제2공장,부산광역시 강서구 미음산단2로24번길 41 (구랑동),절삭가공 및 유사처리업 외 3종,051-325-3722
4039,경남정밀,부산광역시 강서구 대저중앙로 354 (대저1동),주형 및 금형 제조업,051-305-0887
4040,경남조선(주),부산광역시 영도구 봉래나루로 285 (봉래동4가),강선 건조업 외 1종,051-416-9184
4041,경남지티(주),부산광역시 사상구 새벽로77번길 31(학장동),그 외 기타 금속가공업,051-325-3722
4042,경남철강(주),"부산광역시 사상구 낙동대로 927 (감전동, 경남철강(주))",그 외 기타 분류 안된 금속 가공 제품 제조업 외 1종,051-325-4416
4043,경도산업,"부산광역시 부산진구 신암로155번길 7, 1층(범천동)",비 및 솔 제조업,051-972-5321
4044,경도산업,"부산광역시 사하구 신산로 76, 외 1필지 (신평동)",일반용 전기 조명장치 제조업 외 4종,051-266-2336
4045,경동ENG,"부산광역시 사상구 새벽로63번길 11 (학장동, 경동ENG)",기타 가공 공작기계 제조업,051-312-4302
4046,경동금속,부산광역시 강서구 화전산단5로38번길 35 (화전동),볼트 및 너트류 제조업 외 2종,051-265-7272
4047,경동기업,"부산광역시 영도구 대평로42번길 3,  1층일부 (대평동2가)",컨베이어장치 제조업 외 1종,051-418-4707
4048,경동라벨테크(주),부산광역시 사상구 낙동대로1330번길 66 (삼락동),기타 인쇄관련 산업,051-757-1678
4049,경동레미콘(주),부산광역시 연제구 온천천남로 187 (연산동) (총 2 필지),레미콘 제조업,051-759-2671
4050,경동산업,부산광역시 강서구 미음산단로199번길 15 (미음동),절삭가공 및 유사처리업 외 1종,051-831-8787
4051,경동산업,부산광역시 강서구 제도로 1138-20 (강동동),강주물 주조업,051-972-0417
4052,경동아스콘(주),부산광역시 사하구 다대로1066번길 54 (장림동) (총 2 필지),아스팔트 콘크리트 및 혼합제품 제조업,051-261-4884
4053,경동아이티 주식회사,부산광역시 동구 조방로49번길 29 (범일동),방송장비 제조업 외 26종,051-442-2121
4054,경동엔지니어링,부산광역시 영도구 해양로 24-12 (청학동),선박 구성 부분품 제조업,051-415-4075
4055,경동정밀,부산광역시 강서구 미음산단3로 146 (미음동),절삭가공 및 유사처리업,051-325-9128
4056,경동종합철강(주),"부산광역시 강서구 미음산단4로 177(미음동, 경동종합철강(주))",그 외 기타 1차 철강 제조업,051-315-0161
4057,경동테크,부산광역시 강서구 제도로 1187-6 (강동동),주형 및 금형 제조업,미등록
4058,경림공업사,부산광역시 사하구 다대로354번길 47 (장림동),자동차 차체용 신품 부품 제조업 외 1종,051-261-7874
4059,경림기계,"부산광역시 사상구 가야대로195번길 12-21 (주례동, 경림기계)",절삭가공 및 유사처리업,051-316-2320
4060,경민프라스틱,부산광역시 사상구 학감대로 231 (감전동),합성수지 및 기타 플라스틱 물질 제조업,051-328-8985
4061,경방공업사,부산광역시 강서구 대저중앙로286번길 90-4 (대저1동),운송장비 조립용 플라스틱제품 제조업 외 1종,051-941-7807
4062,경방하이테크,부산광역시 사상구 사상로341번길 51 (덕포동),운송장비 조립용 플라스틱제품 제조업 외 1종,051-301-4859
4063,경보철강,"부산광역시 사상구 새벽로 7 (학장동, 경보철강)",그 외 기타 1차 철강 제조업,051-314-3123
4064,경부금속,부산광역시 강서구 녹산산단261로39번길 10 (송정동),도금업,051-831-6266
4065,경부실업(주),부산광역시 강서구 녹산산단362로 45 (송정동),신발 부분품 제조업,051-327-2311
4066,경북금속,"부산광역시 사상구 장인로77번길 103-14 (학장동, 경북금속)",도금업,051-328-3458
4067,경북화공,부산광역시 사상구 대동로223번길 55 (학장동),고무패킹류 제조업 외 1종,051-326-1654
4068,경성,부산광역시 사하구 다산로 161 (다대동),절삭가공 및 유사처리업,051-262-3677
4069,경성ENG,"부산광역시 사상구 새벽로45번길 20 (학장동, 경성ENG)",절삭가공 및 유사처리업 외 2종,051-313-8589
4070,경성공업사,부산광역시 영도구 남항서로70번길 59-3 (남항동3가),선박 구성 부분품 제조업,미등록
4071,경성목재(주),부산광역시 강서구 녹산산단381로 5 (송정동),기타 건축용 나무제품 제조업,051-831-2580
4072,경성산업,부산광역시 강서구 낙동남로533번길 14 (녹산동),"도금, 착색 및 기타 표면처리강재 제조업",051-324-3669
4073,경성산업,"부산광역시 사상구 낙동대로988번길 7-6 (감전동, 경성산업)",고무패킹류 제조업 외 1종,051-322-3172
4074,경성산업,"부산광역시 사상구 낙동대로1338번길 15 (삼락동, 경성산업)",모피 및 가죽 제조업 외 1종,051-302-3782
4075,경성엔지니어링(주),부산광역시 강서구 대부길 73 (강동동),배전반 및 전기 자동제어반 제조업,051-312-9300
4076,경성유리,부산광역시 강서구 공항로811번나길 114 (대저2동),기타 판유리 가공품 제조업,051-832-9906
4077,경수산업,부산광역시 강서구 식만로 239 (식만동),절삭가공 및 유사처리업,미등록
4078,경신밸브,"부산광역시 사상구 낙동대로 809-45 (엄궁동, 경신밸브)","탭, 밸브 및 유사장치 제조업",051-327-4475
4079,경신밸브,"부산광역시 강서구 미음산단3로 14, 경신밸브 (미음동)","탭, 밸브 및 유사장치 제조업 외 1종",051-327-4476
4080,경신사,부산광역시 기장군 정관읍 산단5로 103-14 (경신사 공장),주형 및 금형 제조업 외 2종,051-728-5170
4081,경신산업,"부산광역시 사상구 사상로333번길 51, 4층 경신산업(덕포동, 한국성형)",구두류 제조업 외 2종,미등록
4082,경신테크,부산광역시 강서구 대저중앙로375번길 37 (대저1동),금속선 가공제품 제조업,051-971-1138
4083,경영엔프라,부산광역시 사하구 다산로78번길 14-1 (다대동),주형 및 금형 제조업,미등록
4084,경운범양에너지 주식회사,부산광역시 강서구 제도로 42-14 (명지동),가정용 및 산업용 공기 조화장치 제조업 외 7종,051-323-7001
4085,경원기계,부산광역시 영도구 남항서로70번길 59-3 (남항동3가),선박 구성 부분품 제조업,051-418-2218
4086,경원기업,부산광역시 사하구 다대로354번안길 10 (장림동),선박 구성 부분품 제조업,051-265-3365
4087,경원산업,부산광역시 강서구 과학산단2로3번길 68 (지사동),건설 및 채광용 기계장비 제조업,051-831-1941
4088,경원산업 제2공장,부산광역시 강서구 가리새2로13번길 10 (생곡동),건설 및 채광용 기계장비 제조업,051-831-1941
4089,경원산전,부산광역시 강서구 제도로1041번길 324 (강동동),배전반 및 전기 자동제어반 제조업,051-971-4211
4090,경원센추리냉동,부산광역시 강서구 평강로193번길 21-6 (대저1동),산업용 냉장 및 냉동 장비 제조업 외 2종,051-312-9926
4091,경원스틸(주),부산광역시 강서구 생곡산단2로 27 (생곡동),그 외 기타 1차 철강 제조업,051-717-3670
4092,경원정공,부산광역시 강서구 대저중앙로357번길 60-6 (대저1동),금속 절삭기계 제조업,051-303-1369
4093,경원칼라팩,부산광역시 사하구 하신번영로 381-5 (하단동),골판지 제조업 외 1종,051-292-2804
4094,경은산업(주),부산광역시 사하구 하신번영로127번길 11 (신평동),"직물, 편조원단 및 의복류 염색 가공업",051-207-9985
4095,경은산업(주),부산광역시 사하구 신산로13번길 38 (신평동),"직물, 편조원단 및 의복류 염색 가공업",051-207-9985
4096,경인금속공업사,부산광역시 사상구 가야대로134번길 46(학장동),도장 및 기타 피막처리업 외 1종,051-323-5167
4097,경인금속공업사,부산광역시 사상구 학장로169번길 69 (학장동),기타 가공 공작기계 제조업,051-323-5167
4098,경인정밀,부산광역시 사하구 하신중앙로3번가길 49 (장림동) (총 4 필지),자동차용 금속 압형제품 제조업 외 1종,051-206-8677
4099,경인종합인쇄,부산광역시 부산진구 부전로 1 (부전동),경 인쇄업 외 1종,051-805-0815
4100,경인철강,부산광역시 강서구 금호순서길 85 (대저2동),그 외 기타 1차 철강 제조업,051-832-5043
4101,경일공업,부산광역시 영도구 해양로87번길 19 (청학동),선박 구성 부분품 제조업,051-412-1611
4102,경일공업사,부산광역시 사하구 두송로 254 (구평동),주형 및 금형 제조업,051-264-2814
4103,경일전기(주),부산광역시 강서구 범방3로 23 (범방동),배전반 및 전기 자동제어반 제조업,051-264-2944
4104,경지복수산,부산광역시 사하구 다산로 263 (장림동),기타 수산동물 가공 및 저장 처리업,051-722-0662
4105,경진,부산광역시 강서구 맥도강변길 263 (대저2동),주형 및 금형 제조업,051-202-9439
4106,경진산업,부산광역시 강서구 가리새1로17번길 17 (생곡동),"탭, 밸브 및 유사장치 제조업 외 7종",051-305-6471
4107,경진섬유(주),부산광역시 사하구 다대로170번길 66 (신평동),편조원단 제조업,051-250-3800
4108,경탁레이저,부산광역시 강서구 미음산단로37번길 5 (구랑동),그 외 기타 분류 안된 금속 가공 제품 제조업,051-972-5058
4109,경평특수고무공업사,"부산광역시 사상구 가야대로195번길 29 (주례동, 경평특수고무)",고무패킹류 제조업 외 1종,051-313-8895
4110,경해기계,부산광역시 강서구 녹산산업중로61번길 12 (송정동),절삭가공 및 유사처리업,051-831-6926
4111,경현물산(주)신평지점,부산광역시 사하구 신산로 11 (신평동),"직물, 편조원단 및 의복류 염색 가공업",051-204-0161
4112,경화,부산광역시 사상구 장인로78번길 130 (학장동),인형 및 장난감 제조업,051-313-5238
4113,경화공업,부산광역시 강서구 녹산산업북로 255 (송정동),그 외 자동차용 신품 부품 제조업 외 3종,051-831-2431
4114,경화블라인드,부산광역시 기장군 정관읍 용수공단2길 82-11,커튼 및 유사제품 제조업,051-744-1199
4115,계림실업,부산광역시 사하구 신산로13번길 38 (신평동),섬유제품 기타 정리 및 마무리 가공업 외 1종,051-929-2202
4116,계림인쇄기획,부산광역시 기장군 기장읍 차성남로89번길 10,경 인쇄업 외 1종,051-723-8440
4117,계림화학공업(주),"부산광역시 사상구 가야대로11번길 16 (감전동, 계림화학공업(주))","염료, 조제 무기안료, 유연제 및 기타 착색제 제조업",051-311-8001
4118,고래자동화,"부산광역시 사상구 낙동대로1330번길 63(삼락동, 고래자동화)",산업처리공정 제어장비 제조업,051-303-0942
4119,고려강업,부산광역시 강서구 제도로1041번길 524 (강동동),금속선 가공제품 제조업,051-971-4970
4120,고려강업,"부산광역시 사상구 장인로 64 (학장동, 대경철강(주))",그 외 기타 1차 철강 제조업,051-311-1851
4121,고려냉장(주),부산광역시 사하구 다대로 360 (장림동),수산동물 냉동품 제조업,051-263-3161
4122,고려냉장(주)감천부두냉동공장,부산광역시 서구 원양로 214 (암남동),수산동물 냉동품 제조업,051-261-6161
4123,고려디자인(주)(지점),부산광역시 기장군 장안읍 오리산단로 135,선박 구성 부분품 제조업,051-727-9420
4124,고려수산(주),부산광역시 사하구 원양로 353 (감천동) (총 2 필지),수산동물 냉동품 제조업,051-201-3161
4125,고려수산(주) 제2냉동공장,부산광역시 사하구 원양로 363 (감천동) (총 2 필지),수산동물 냉동품 제조업,051-204-3161
4126,고려용접봉 주식회사,부산광역시 사상구 새벽로63번길 70(학장동),금속선 가공제품 제조업 외 3종,051-310-7200
4127,고려용접봉(주),"부산광역시 사상구 새벽로63번길 70 (학장동, 고려용접봉)",금속선 가공제품 제조업 외 3종,055-269-7216
4128,고려정공,"부산광역시 사상구 낙동대로 1556-1 (삼락동, 고려정공)",금속 스프링 제조업,051-301-9241
4129,고려정밀,"부산광역시 사상구 낙동대로960번길 56(감전동, 고려정밀)",그 외 자동차용 신품 부품 제조업,051-327-8952
4130,고려정밀,부산광역시 사상구 낙동대로960번길 56 (감전동),그 외 자동차용 신품 부품 제조업 외 3종,051-327-8952
4131,고려정밀공업사,부산광역시 사상구 사상로367번길 61 (덕포동),주형 및 금형 제조업 외 4종,051-302-8316
4132,고려정보통신 주식회사,"부산광역시 남구 유엔평화로106번길 4, 4층 (대연동)",방송장비 제조업 외 1종,051-626-5200
4133,고려제강(주) 하이프로공장,부산광역시 기장군 정관면 산단6로 5 (고려제강(주)),금속선 가공제품 제조업,051-727-3145
4134,고려직물공업사,"부산광역시 사상구 낙동대로1302번길 10 (삼락동, 고려직물)",특수 직물 및 기타 직물 직조업,051-304-8609
4135,고려특수파이프상사,부산광역시 사하구 신산로29번길 60 (신평동),그 외 기타 1차 철강 제조업,051-208-4431
4136,고려프레임   ,부산광역시 기장군 장안읍 반룡산단3로 60,전시 및 광고용 조명장치 제조업,051-727-1815
4137,고려화학산업사,부산광역시 강서구 강동동 491-305번지,그 외 기타 분류 안된 화학제품 제조업 외 2종,미등록
4138,고리정공(주)장안산단지점 ,부산광역시 기장군 장안읍 장안산단2로 17,기어 및 동력전달장치 제조업 외 48종,051-727-2996
4139,고모텍(주),부산광역시 강서구 미음산단로 279 (미음동),육상 금속 골조 구조재 제조업 외 11종,055-345-9790
4140,고모텍(주),부산광역시 강서구 미음산단로 279 (미음동),육상 금속 골조 구조재 제조업 외 11종,055-345-9790
4141,고석엔지니어링,부산광역시 기장군 일광면 일광로 68 (할인마트),배전반 및 전기 자동제어반 제조업 외 21종,051-722-2414
4142,고성E.N.G,부산광역시 강서구 맥도강변길 693-16 (대저2동),기타 가공 공작기계 제조업,051-941-8400
4143,고성볼트,"부산광역시 강서구 화전산단6로 71,  108호 (화전동)",볼트 및 너트류 제조업 외 2종,051-264-6871
4144,고성볼트산업,부산광역시 강서구 가리새1로25번길 24 (생곡동),볼트 및 너트류 제조업 외 2종,051-831-5546
4145,고성산업,부산광역시 강서구 제도로 699-1 (강동동),자동차 엔진용 신품 부품 제조업 외 1종,051-972-2100
4146,고성산업,"부산광역시 강서구 녹산산단261로39번길 7, (송정동,1569-9) (송정동)",도금업,미등록
4147,고성테크,"부산광역시 사상구 삼락천로 130 (덕포동, 고성테크)","탭, 밸브 및 유사장치 제조업",051-302-0633
4148,고성환경산업(주),부산광역시 강서구 대저2동 1506-2번지,가정용 및 산업용 공기 조화장치 제조업 외 1종,051-917-9108
4149,고송산업,"부산광역시 사상구 백양대로 423-2 (주례동, 고송산업)",기타 인쇄업 외 1종,051-314-3150
4150,고토기술(주),"부산광역시 영도구 해양로 96, 1층(청학동, (주)포코엔지니어링)",선박 구성 부분품 제조업,051-417-8501
4151,고품정공,부산광역시 강서구 상덕로97번길 9-2 (강동동),그 외 기타 특수목적용 기계 제조업 외 1종,051-305-7750
4152,곤양산업,부산광역시 사상구 새벽로121번길 22 (감전동),기타 가공 공작기계 제조업 외 11종,051-327-9810
4153,골드ENG,부산광역시 강서구 녹산산업중로 51-12 (송정동),운송장비 조립용 플라스틱제품 제조업 외 1종,055-329-1267
4154,골드문(주),부산광역시 기장군 기장읍 청강로74번길 36 (서조무역(주)),기타 신발 제조업,051-784-6804
4155,골드테크비젼,부산광역시 강서구 대저중앙로 210 (대저1동),그 외 기타 전자부품 제조업 외 1종,051-941-3220
4156,골드해상(주),부산광역시 강서구 녹산산단261로14번길 19 (송정동),선박 구성 부분품 제조업,051-941-3955
4157,골든어페럴,"부산광역시 연제구 거제시장로21번길 41, B101호, B102호(거제동, 대가하이츠)",셔츠 및 블라우스 제조업 외 2종,미등록
4158,골프로봇8주식회사,"부산광역시 강서구 과학산단1로60번길 31, 12동 305층 (지사동, 부산테크노파크)",그 외 기타 전기장비 제조업 외 1종,02-1600-9927
4159,공간조명 ,부산광역시 기장군 장안읍 장안산단2로 62 (장안읍),일반용 전기 조명장치 제조업,051-784-8771
4160,공감,"부산광역시 해운대구 센텀중앙로 97, A동 6층 605호(재송동, 센텀스카이비즈)",기타 인쇄업 외 5종,051-903-9909
4161,광남테크,부산광역시 강서구 녹산산단381로12번길 5(송정동),기타 기계.장비 조립용 플라스틱 제품 제조업,051-941-6602
4162,광덕기업,부산광역시 사하구 신산북로67번길 3 (신평동),자동차 차체용 신품 부품 제조업 외 2종,051-291-5372
4163,광덕정공,"부산광역시 사상구 낙동대로1318번길 37 (삼락동, 광덕기계)",그 외 기타 특수목적용 기계 제조업 외 1종,051-305-3141
4164,광덕후직물공업사,부산광역시 강서구 녹산산단165로14번길 25 (송정동),화학섬유직물 직조업 외 1종,051-831-4436
4165,광동FRP산업,부산광역시 강서구 녹산산단382로60번길 42 (송정동) (총 2 필지),합성수지선 건조업 외 5종,051-831-2266
4166,광득유압,부산광역시 강서구 신덕길18번길 15-10 (대저1동),유압기기 제조업,051-312-0566
4167,광림FA,부산광역시 사하구 괴정로 254 (괴정동),그 외 기타 특수목적용 기계 제조업 외 1종,051-293-5352
4168,광림IMS,부산광역시 사상구 낙동대로1330번길 72 (삼락동),배전반 및 전기 자동제어반 제조업 외 13종,051-311-7730
4169,광림기계,부산광역시 강서구 녹산산단381로40번길 16 (송정동),그 외 기타 특수목적용 기계 제조업,051-831-4998
4170,광림기업,부산광역시 부산진구 전포대로176번길 41 (전포동),"전기회로 개폐, 보호장치 제조업 외 1종",051-808-3211
4171,광림전기,부산광역시 강서구 체육공원로52번길 84-2 (대저1동),배전반 및 전기 자동제어반 제조업 외 14종,051-311-7730
4172,광명기업,부산광역시 영도구 남항서로 48 (남항동3가),선박 구성 부분품 제조업,051-418-1977
4173,광명래핑,부산광역시 강서구 제도로 1187-5 (강동동),운송장비 조립용 플라스틱제품 제조업 외 1종,051-303-3872
4174,광명사,"부산광역시 금정구 금사로 206 (회동동, (주) 동광물류)",그 외 기타 분류 안된 금속 가공 제품 제조업 외 1종,051-527-2275
4175,광명사,"부산광역시 해운대구 삼어로 172 (반여동, 광명사)","도금, 착색 및 기타 표면처리강재 제조업",051-523-5371
4176,광명산업,부산광역시 강서구 미음국제5로가길 28 (미음동),기어 및 동력전달장치 제조업,미등록
4177,광명상사 부산공장,부산광역시 강서구 미음산단4로 186 (미음동),그 외 기타 분류 안된 금속 가공 제품 제조업,051-918-7727
4178,광명수산,부산광역시 사하구 감천항로 507 (구평동),기타 수산동물 가공 및 저장 처리업,051-266-7670
4179,광명잉크제조(주),부산광역시 강서구 녹산산단165로 6 (송정동),인쇄잉크 및 회화용 물감 제조업,051-831-9800
4180,광명전기공업사,부산광역시 영도구 대평로34번길 5-7 (대평동2가),선박 구성 부분품 제조업,051-417-2561
4181,광명화스너(주),부산광역시 사하구 하신번영로127번길 7 (신평동),"직물, 편조원단 및 의복류 염색 가공업",051-207-4791
4182,광명화학,부산광역시 사상구 낙동대로 799 (엄궁동),합성수지 및 기타 플라스틱 물질 제조업,051-312-3943
4183,광민진공,부산광역시 강서구 낙동북로153번길 125-3 (강동동),금속 열처리업,051-972-9266
4184,광복물산   ,부산광역시 기장군 장안읍 반룡산단3로 88,기타 건축용 나무제품 제조업,051-852-8150
4185,광선전기,"부산광역시 사상구 가야대로213번길 8 (주례동, 광선기계)",전동기 및 발전기 제조업,051-322-0506
4186,광선중공업,부산광역시 강서구 가달1로 74 (생곡동),절삭가공 및 유사처리업,051-261-2306
4187,광성FM,부산광역시 강서구 화전산단6로 98 (화전동),절삭가공 및 유사처리업 외 1종,051-291-8845
4188,광성공업사,부산광역시 사하구 신평동 40번지,인형 및 장난감 제조업,051-291-2204
4189,광성아이엠테크,부산광역시 사상구 학감대로147번길 33 (학장동),그 외 기타 플라스틱 제품 제조업,051-325-0298
4190,광성전기(주),부산광역시 사상구 대동로 121-14 (학장동),기타 무선 통신장비 제조업 외 47종,051-326-5331
4191,광성정공,부산광역시 사상구 학감대로192번길 71 (학장동),그 외 자동차용 신품 부품 제조업 외 4종,051-317-1098
4192,광성정밀,부산광역시 강서구 식만로179번가길 60 (식만동),기어 및 동력전달장치 제조업 외 1종,미등록
4193,광성체인,부산광역시 사하구 다산로225번길 28 (장림동),그 외 기타 분류 안된 금속 가공 제품 제조업 외 1종,051-831-1783
4194,광성화섬,부산광역시 강서구 녹산산업중로168번길 17 (송정동),합성섬유 제조업,051-831-2700
4195,광송엔지니어링,부산광역시 서구 등대로 122-20 (남부민동),산업용 냉장 및 냉동 장비 제조업,051-247-5971
4196,광신공조산업,부산광역시 부산진구 범전로33번길 16 (범전동),구조용 금속 판제품 및 공작물 제조업,051-804-7400
4197,광신화학,"부산광역시 사상구 대동로283번길 45 (감전동, 광신화학)",그 외 기타 플라스틱 제품 제조업,051-323-3220
4198,광우OA가구,부산광역시 강서구 낙동북로138번길 86-23 (강동동),금속 가구 제조업,051-972-9001
4199,광우금속,부산광역시 강서구 녹산산단381로 74 (송정동),강관 가공품 및 관 연결구류 제조업,051-831-9068
4200,광우의자,부산광역시 강서구 낙동북로138번길 86-13 (강동동),소파 및 기타 내장가구 제조업,미등록
4201,광익TECH,부산광역시 강서구 공항로1347번길 72-10 (대저1동),"탭, 밸브 및 유사장치 제조업",051-941-3952
4202,광일ENG,부산광역시 수영구 망미번영로88번길 25 (망미동),철도차량 부품 및 관련 장치물 제조업,051-808-0933
4203,광일용접기,부산광역시 사하구 감천항로405번길 16 (구평동),그 외 기타 전기장비 제조업,051-263-2123
4204,광진,"부산광역시 사상구 장인로17번길 54(감전동, 광진)","탭, 밸브 및 유사장치 제조업",051-316-1232
4205,광진,부산광역시 사상구 장인로 7-15(감전동),"탭, 밸브 및 유사장치 제조업",051-316-1232
4206,광진,부산광역시 사상구 장인로17번길 54 (감전동),"탭, 밸브 및 유사장치 제조업",051-316-1232
4207,광진고무,부산광역시 강서구 녹산산단261로23번길 17 (송정동),고무패킹류 제조업 외 1종,051-941-2873
4208,광진금속,"부산광역시 사상구 낙동대로1412번길 68 (삼락동, 광진금속)",도장 및 기타 피막처리업,051-301-2690
4209,광진금속,부산광역시 강서구 녹산산단261로39번길 12 (송정동),도금업,051-831-4833
4210,광진사,부산광역시 사상구 괘감로 73 (괘법동),스크린 인쇄업,051-315-1090
4211,광진산업,부산광역시 강서구 녹산산단261로13번길 10 (송정동),"증류기, 열교환기 및 가스발생기 제조업",051-831-4131
4212,광진상사,부산광역시 강서구 제도로 1138-14 (강동동),선박 구성 부분품 제조업 외 1종,051-971-8875
4213,광진실업(주),부산광역시 기장군 장안읍 오리산단로 106,열간 압연 및 압출 제품 제조업 외 1종,051-220-9132
4214,광진이엔지(주),"부산광역시 사상구 새벽로91번길 51 (학장동, 광진엔지니어링)",기타 구조용 금속제품 제조업 외 5종,051-328-8686
4215,광진테크,부산광역시 강서구 유통단지1로132번길 28 (대저2동),그 외 기타 고무제품 제조업,051-973-5566
4216,광진특수용접,"부산광역시 영도구 봉래나루로166번길 3 (봉래동2가, 신성보세창고장치장)",선박 구성 부분품 제조업 외 1종,051-416-5952
4217,광진하이텍,부산광역시 기장군 정관면 모전리 563-2번지,주형 및 금형 제조업,051-782-0551
4218,광진화학,"부산광역시 사상구 낙동대로1366번길 81 (삼락동, 광진화학)","적층, 합성 및 특수표면처리 종이 제조업",051-301-2560
4219,광현산업 주식회사,부산광역시 사하구 구평로 21 (구평동),선박 구성 부분품 제조업 외 1종,051-466-4654
4220,구암FRT,부산광역시 강서구 식만로 51-32 (죽림동),산업처리공정 제어장비 제조업,051-831-0579
4221,구일지엔티,부산광역시 강서구 가리새2로 10 (미음동),주형 및 금형 제조업 외 2종,051-303-0159
4222,구팔금속,부산광역시 강서구 대저중앙로394번가길 136-2 (대저1동),자동차용 금속 압형제품 제조업 외 1종,051-971-9070
4223,국도화인켐(주),부산광역시 강서구 녹산산단290로 27-15 (송정동),기타 기초 유기화학 물질 제조업,051-831-6041
4224,국도화학(주),부산광역시 강서구 녹산산단290로 42 (송정동),합성수지 및 기타 플라스틱 물질 제조업,051-832-2267
4225,국도화학(주),부산광역시 강서구 녹산산단165로 64-5 (송정동) (총 2 필지),합성수지 및 기타 플라스틱 물질 제조업 외 3종,051-832-2267
4226,국민제지,부산광역시 기장군 정관읍 곰내길 649-7,위생용 종이제품 제조업 외 1종,미등록
4227,국민푸드,"부산광역시 강서구 녹산산단382로14번길 55, 211호(송정동, 부산광역시 신발산업진흥센타)",곡물 혼합분말 및 반죽 제조업 외 2종,미등록
4228,국부사 주식회사,"부산광역시 남구 양지골로 311, 1층(감만동)",남자용 겉옷 제조업 외 6종,051-636-6196
4229,국일명판사,부산광역시 사상구 낙동대로1310번길 50 (삼락동),기타 인쇄관련 산업,051-635-1353
4230,국재금속,부산광역시 사상구 새벽로 212 (괘법동),볼트 및 너트류 제조업,051-322-7877
4231,국정사,부산광역시 강서구 생곡산단로55번길 6 (생곡동),그 외 기타 분류 안된 섬유제품 제조업 외 1종,051-207-5389
4232,국정사 양복점,부산광역시 해운대구 중동2로 12-1 (중동),남자용 겉옷 제조업 외 9종,051-245-1429
4233,국제 ENPLA,"부산광역시 사상구 삼덕로 58 (덕포동, 국제엔프라)",합성수지 및 기타 플라스틱 물질 제조업,051-305-2100
4234,국제공업사,부산광역시 동구 망양로759번길 7 (수정동),문구용 종이제품 제조업,051-467-3126
4235,국제구호기구 피복섬유사업단,부산광역시 북구 만덕2로29번길 19 (만덕동),침구 및 관련제품 제조업 외 12종,051-331-9003
4236,국제로지스틱(주),부산광역시 강서구 녹산산단382로50번길 52 (송정동),목재 깔판류 및 기타 적재판 제조업,051-941-5047
4237,국제미디어(주),부산광역시 서구 까치고개로233번길 11 (토성동2가),방송장비 제조업 외 1종,051-245-9558
4238,국제바렐기계,"부산광역시 사상구 낙동대로1292번길 45 (삼락동, 국제바렐기계)",그 외 기타 특수목적용 기계 제조업 외 1종,051-304-6696
4239,국제선박엔지니어링,부산광역시 영도구 해양로188번길 14 (청학동),선박 구성 부분품 제조업,051-418-8641
4240,국제송풍기,부산광역시 강서구 신포길 281 (명지동),산업용 송풍기 및 배기장치 제조업,051-325-3456
4241,국제시스템(주),"부산광역시 연제구 거제대로96번길 38, 301호 (거제동)",유선 통신장비 제조업 외 7종,051-866-8600
4242,국제아피스공업사,부산광역시 서구 남부민동 46번지,사무 및 회화용품 제조업,051-242-1741
4243,국제엔지니어링,부산광역시 강서구 녹산산업중로 100 (송정동),비주거용 건물 임대업,051-831-5757
4244,국제인쇄(주),"부산광역시 사상구 새벽로167번길 52(감전동, 국제인쇄창고)",오프셋 인쇄업,051-323-7512
4245,국제인쇄(주),"부산광역시 사상구 새벽로167번길 129 (감전동, 국제인쇄(주))",기타 인쇄업 외 1종,051-323-7511
4246,국제일렉콤,부산광역시 강서구 사취등1길 24-33 (명지동),변압기 제조업,051-972-8122
4247,국제자이로사,"부산광역시 영도구 절영로 74, 2층 (남항동2가)","레이더, 항행용 무선기기 및 측량기구 제조업",051-418-8195
4248,국제전기,"부산광역시 영도구 대평로 10-3 (대평동1가, 세진ENG)",선박 구성 부분품 제조업,051-413-9315
4249,국제정공,부산광역시 강서구 녹산산업북로313번길 33 (송정동),절삭가공 및 유사처리업,051-831-4540
4250,국제정밀공업사,부산광역시 강서구 녹산산업중로 114 (송정동),기기용 자동측정 및 제어장치 제조업,051-752-8090
4251,국제정밀공업사,"부산광역시 수영구 구락로153번길 29 (망미동, 국제정밀)",기타 가공 공작기계 제조업,051-752-8090
4252,국제컴,"부산광역시 사상구 낙동대로1420번길 41,  202-1 (삼락동)",기타 인쇄업 외 1종,051-304-4161
4253,국제특수연마,"부산광역시 사상구 낙동대로924번길 20 (감전동, 국제연마)",그 외 기타 일반목적용 기계 제조업 외 1종,051-322-6200
4254,국제파이프,"부산광역시 사상구 새벽로 59 (학장동, (주)국제파이프)",그 외 기타 1차 철강 제조업,051-311-8686
4255,국제화학,부산광역시 사하구 다산로225번길 31 (장림동),도금업,051-261-3252
4256,굿모닝21,부산광역시 금정구 남산로 49 (남산동),그 외 기타 플라스틱 제품 제조업 외 2종,051-517-5981
4257,굿모닝산업,"부산광역시 강서구 낙동북로212번길 5-15,  1664-1 (대저1동)",그 외 기타 나무제품 제조업,051-973-7801
4258,굿피플스(주),부산광역시 사하구 다대동로6번길 17(다대동),기타 수산동물 가공 및 저장 처리업,051-266-7039
4259,궁중해물탕조씨집 연구소,부산광역시 남구 못골로53번길 48 (대연동),"수산동물 훈제, 조리 및 유사 조제식품 제조업",051-627-4749
4260,그대로팜스,부산광역시 강서구 평강로193번길 21-7 (대저1동),천연 및 혼합조제 조미료 제조업,051-941-5760
4261,그랜드테크,"부산광역시 사하구 다대로1066번길 56, 2층 (장림동)",간판 및 광고물 제조업 외 1종,051-265-1602
4262,그린루브(주),"부산광역시 사하구 낙동대로550번길 37, 산학연구관413호 (하단동, 부산동아대학교승학캠퍼스)",윤활유 및 그리스 제조업 외 1종,051-220-7600
4263,그린바이오셀(주),부산광역시 강서구 화전산단3로 132 (화전동),그 외 기타 전기장비 제조업,051-265-3321
4264,그린산업,부산광역시 강서구 맥도길355번길 67-1 (대저2동),그 외 기타 일반목적용 기계 제조업 외 1종,051-971-1965
4265,그린식품,부산광역시 강서구 대저동서로 69-42 (대저1동),장류 제조업,055-328-9533
4266,그린아이스팩,부산광역시 강서구 대저중앙로394번가길 136-1 (대저1동),식품 위생용 종이 상자 및 용기 제조업,051-971-8571
4267,그린애플디자인,부산광역시 기장군 장안읍 오리 333,그 외 기타 금속가공업,미등록
4268,그린에너지,"부산광역시 동구 중앙대로 527, 광산빌딩 3층(범일동)",운송장비용 이차전지 제조업 외 2종,미등록
4269,그린에너지 주식회사,"부산광역시 남구 신선로 365, 용당12관 203호(용당동, 부경대학교용당캠퍼스)",그 외 기타 특수목적용 기계 제조업,051-442-3188
4270,그린월드엔지니어링(주),"부산광역시 영도구 남항서로 59 (남항동3가, (주)범우엔지니어링)",선박 구성 부분품 제조업 외 10종,051-414-7131
4271,그린월드조선(주),부산광역시 사하구 감천항로405번길 33 (구평동),강선 건조업 외 3종,051-265-2235
4272,그린정밀,부산광역시 사상구 장인로77번길 14 (학장동),"탭, 밸브 및 유사장치 제조업 외 1종",051-316-9938
4273,그린정밀,부산광역시 사상구 장인로77번길 16 (학장동),"탭, 밸브 및 유사장치 제조업 외 1종",051-316-9938
4274,그린제오케미칼,부산광역시 강서구 원앙길 137 (강동동),비금속광물 분쇄물 생산업,051-971-2553
4275,그린종합인쇄,부산광역시 강서구 낙동남로456번길 25-42 (녹산동),기타 인쇄관련 산업,051-271-4431
4276,그린창호공업(주),부산광역시 강서구 미음국제5로나길 34 (미음동),"고무, 화학섬유 및 플라스틱 성형기 제조업 외 3종",미등록
4277,그린컨기술(주),"부산광역시 강서구 제도로 206,  457-1202,457-1298 (명지동)",기체 여과기 제조업,051-271-0556
4278,그린컨기술(주),부산광역시 기장군 장안읍 장안산단1로 11 (그린컨기술주식회사),기체 여과기 제조업 외 2종,051-506-1632
4279,그린컨기술(주) 제2공장,부산광역시 강서구 생곡산단1로24번길 52 (생곡동),기체 여과기 제조업,051-506-1632
4280,그린케미칼,부산광역시 강서구 미음국제5로 83  (미음동),기타 가공 공작기계 제조업,미등록
4281,그린테크,"부산광역시 사상구 모덕로 77(모라동, 영일철판)",금속 위생용품 제조업 외 5종,051-303-8555
4282,그린토이나라,"부산광역시 사하구 옥천로104번안길 6 (감천동, 남성사)",영상게임기 제조업,051-203-7338
4283,그린풀,부산광역시 강서구 송정동 1770-12번지,기타 식품 첨가물 제조업,055-328-9533
4284,그린필터산업,부산광역시 강서구 대저중앙로 360-16 (대저1동),기체 여과기 제조업,051-331-9309
4285,극동고주파열처리제2공장,부산광역시 기장군 정관면 산단5로 95,금속 열처리업 외 2종,051-728-4486
4286,극동기계,"부산광역시 사상구 학장로95번길 50 (학장동, 극동기계)",그 외 기타 전기장비 제조업,051-315-7056
4287,극동레벨,부산광역시 사하구 다대로354번안길 18 (장림동),선박 구성 부분품 제조업,051-265-7568
4288,극동사무가구,부산광역시 남구 신선로356번길 63 (용당동),금속 가구 제조업 외 1종,051-624-4949
4289,극동산업,부산광역시 강서구 녹산산단381로12번길 43-23 (송정동),비금속류 해체 및 선별업 외 1종,051-832-1412
4290,극동선박공업(주),부산광역시 영도구 남항서로 46 (남항동3가),선박 구성 부분품 제조업,051-418-0453
4291,극동선박공업사,부산광역시 영도구 남항서로 46 (남항동3가),선박 구성 부분품 제조업,051-415-1186
4292,극동실업(주),"부산광역시 사상구 모덕로 81 (모라동, 극동산업(주))",신발 부분품 제조업,051-304-7254
4293,극동에스엔피 주식회사,부산광역시 사하구 장림로 78(장림동),그 외 기타 특수목적용 기계 제조업,051-325-7056
4294,극동엔지니어링,부산광역시 영도구 남항남로9번길 64 (남항동2가),선박 구성 부분품 제조업,051-416-4054
4295,극동염직주식회사,부산광역시 사하구 신산로 32 (신평동),편조원단 제조업 외 1종,051-292-3374
4296,극동일렉콤(주),부산광역시 사하구 다산로 128 (다대동),운송장비용 조명장치 제조업 외 14종,051-266-0050
4297,극동자수,"부산광역시 동구 범일로53번길 25,  2층 (범일동)",자수제품 및 자수용재료 제조업 외 1종,051-644-5131
4298,극동전기공업,부산광역시 사하구 장평로132번길 29 (장림동),유선 통신장비 제조업 외 15종,051-264-4360
4299,극동정공,부산광역시 사상구 모덕로95번길 50 (모라동),수동식 식품 가공기기 및 금속 주방용기 제조업 외 3종,051-303-4406
4300,극동진열(주),부산광역시 기장군 정관읍 용수공단2길 37 (총 2 필지),금속 가구 제조업 외 3종,051-1588-2608
4301,극동진열(주),"부산광역시 기장군 장안읍 오리산단3로 69, 1126-2, 1126-3",육상 금속 골조 구조재 제조업 외 2종,ARS-1588-2608
4302,근영테크,부산광역시 강서구 신호산단4로 89 (신호동),배전반 및 전기 자동제어반 제조업 외 3종,051-831-8296
4303,근오산업,부산광역시 기장군 정관면 매학리 143-8번지,"플라스틱 포대, 봉투 및 유사제품 제조업",051-727-6673
4304,근우금속,부산광역시 사상구 새벽로 134 (감전동),기타 1차 비철금속 제조업,051-313-1278
4305,근호볼트,부산광역시 사상구 모덕로27번길 74 (삼락동),볼트 및 너트류 제조업,051-303-5140
4306,근화F&G,"부산광역시 사하구 하신번영로 389, 2층(하단동)",가금류 가공 및 저장 처리업 외 1종,051-208-5080
4307,글로맥스산업(주),부산광역시 사상구 백양대로 563 (감전동),유기질 비료 및 상토 제조업,051-806-8588
4308,글로발리미티드(주) 사하지점,부산광역시 사하구 장평로132번길 9 (장림동),그 외 자동차용 신품 부품 제조업 외 4종,051-312-8884
4309,글로발리미티드(주)본점,부산광역시 사하구 신산로29번길 30 (신평동),편조원단 제조업,051-312-8884
4310,글로벌나라장터 주식회사,부산광역시 강서구 금호순서길 124 (대저2동),구조용 금속 판제품 및 공작물 제조업 외 2종,051-941-2931
4311,글로벌나라장터주식회사,부산광역시 강서구 금호순서길 124(대저2동),구조용 금속 판제품 및 공작물 제조업 외 3종,051-941-2931
4312,글로벌마린서비스,부산광역시 영도구 남항남로19번길 10(남항동3가),선박 구성 부분품 제조업,미등록
4313,글로벌베스트,부산광역시 강서구 맥도길474번길 85 (대저2동),구조용 금속 판제품 및 공작물 제조업 외 3종,051-941-2931
4314,글로벌업주식회사,부산광역시 강서구 경전철로 231 (대저2동),구조용 금속 판제품 및 공작물 제조업 외 5종,051-941-2931
4315,글로벌이피시(주),부산광역시 강서구 화전산단6로 36 (화전동),절삭가공 및 유사처리업,051-831-0753
4316,글로벌이피시(주),부산광역시 강서구 녹산산업대로 117-7 (송정동),도장 및 기타 피막처리업,051-831-0752
4317,글로벌코리아금속주식회사,부산광역시 강서구 대저중앙로357번길 26-1 (대저1동),구조용 금속 판제품 및 공작물 제조업 외 2종,051-941-2931
4318,글로벌플러스 주식회사,부산광역시 강서구 신덕길18번길 3-5 (대저1동),구조용 금속 판제품 및 공작물 제조업 외 3종,051-941-2931
4319,금강,부산광역시 사하구 다산로106번길 71 (다대동),간판 및 광고물 제조업 외 7종,051-754-4795
4320,금강계전,부산광역시 사상구 감전천로 141 (감전동),산업처리공정 제어장비 제조업 외 1종,051-312-0882
4321,금강공업(주),부산광역시 사하구 다산로 110 (다대동),선박 구성 부분품 제조업 외 2종,051-264-8881
4322,금강금속(주),부산광역시 강서구 화전산단3로 110 (화전동),볼트 및 너트류 제조업 외 2종,051-973-2588
4323,금강금속도금(주),부산광역시 사하구 다산로225번길 6 (장림동),도금업,051-266-8384
4324,금강금속도금(주),부산광역시 사하구 다산로225번길 38 (장림동),도금업,051-266-8384
4325,금강목재공업사,부산광역시 강서구 공항로1409번길 22-3 (대저1동),기타 목재가구 제조업,051-973-6900
4326,금강베스틸(주),부산광역시 사하구 하신중앙로27번길 29 (장림동),기타 구조용 금속제품 제조업 외 2종,051-321-0051
4327,금강산업,부산광역시 강서구 공항로1347번길 100-1 (대저1동),"기타 측정, 시험, 항해, 제어 및 정밀기기 제조업 외 1종",미등록
4328,금강산업,부산광역시 강서구 식만로247번길 25 (식만동),자동차용 금속 압형제품 제조업 외 1종,051-312-1843
4329,금강섬유,부산광역시 강서구 과학산단2로19번길 100-62 (지사동),편조원단 제조업,051-972-2766
4330,금강식품,부산광역시 사상구 사상로489번길 59 (모라동),"면류, 마카로니 및 유사식품 제조업 외 2종",051-303-2394
4331,금강엔지니어링,부산광역시 강서구 녹산산단77로22번길 33 (송정동),배전반 및 전기 자동제어반 제조업,051-831-0091
4332,금강엔지니어링,부산광역시 강서구 미음산단로 365 (미음동),선박 구성 부분품 제조업,051-831-0091
4333,금강웰테크,부산광역시 강서구 신호산단3로88번길 32 (신호동),그 외 기타 금속가공업,051-831-8718
4334,금강인더스트리,부산광역시 강서구 식만로179번길 46-10 (식만동),그 외 자동차용 신품 부품 제조업,미등록
4335,금강인덕터,부산광역시 강서구 식만로259번길 71-11 (식만동),기타 일반 기계 및 장비 수리업,미등록
4336,금강전기,부산광역시 사상구 동주로16번길 19 (주례동),선박 구성 부분품 제조업 외 2종,051-324-1722
4337,금강정밀,부산광역시 사상구 낙동대로1396번길 65(삼락동),금속 절삭기계 제조업,051-972-1072
4338,금강정밀,부산광역시 사하구 다산로 168 (다대동),내연기관 제조업 외 2종,051-262-4896
4339,금강정판,"부산광역시 사하구 장평로190번길 10, 1층 (장림동)",기타 종이 상자 및 용기 제조업,051-204-5538
4340,금강제지,부산광역시 기장군 기장읍 대청로 46-20,위생용 종이제품 제조업,051-722-7786
4341,금강제지(제2공장),부산광역시 기장군 기장읍 차성로216번길 27,위생용 종이제품 제조업,051-722-7786
4342,금강조선 (주),부산광역시 영도구 남항서로 63 (남항동3가),강선 건조업 외 2종,051-415-3800
4343,금강중전기,"부산광역시 사상구 장인로37번길 47-15 (감전동, 금강중전기)",전동기 및 발전기 제조업 외 1종,051-317-2339
4344,금강크리스탈,"부산광역시 부산진구 초읍천로 113-3, 3층 (초읍동, 초읍동 복합상가)",그 외 기타 분류 안된 금속 가공 제품 제조업 외 1종,051-817-1192
4345,금강통신(주),부산광역시 금정구 개좌로 266-19 (회동동),유선 통신장비 제조업 외 7종,051-515-3535
4346,금강화학,"부산광역시 사상구 낙동대로 1472 (삼락동, (주)금강화학)",자동차 차체용 신품 부품 제조업 외 1종,051-305-5353
4347,금곡정밀,부산광역시 강서구 공작길 8-28 (강동동),그 외 기타 분류 안된 금속 가공 제품 제조업 외 1종,051-973-9728
4348,금광기계공업(주),부산광역시 강서구 녹산산단261로60번길 40 (송정동),금속 주조 및 기타 야금용 기계 제조업,051-831-2277
4349,금광산업,부산광역시 강서구 과학산단1로 121 (지사동),그 외 기타 1차 철강 제조업,051-972-6270
4350,금남기업,"부산광역시 영도구 해양로23번길 16, 2층 금남기업(청학동)",목재문 및 관련제품 제조업 외 1종,051-413-8003
4351,금농기업,부산광역시 강서구 죽동길106번길 158 (죽동동),절삭가공 및 유사처리업,051-973-9161
4352,금동산업,부산광역시 강서구 녹산산업중로 382 (송정동),절삭가공 및 유사처리업,051-831-5910
4353,금득테크,부산광역시 강서구 대저로135번길 45-1 (대저1동),절삭가공 및 유사처리업,051-973-2301
4354,금맥정보통신(주),부산광역시 기장군 기장읍 청강로85번길 22,방송장비 제조업 외 13종,051-582-2400
4355,금명툴링,부산광역시 강서구 평강로171번길 38 (대저1동),톱 및 호환성 공구 제조업,051-302-0922
4356,금문기계(주),부산광역시 사하구 신산로 72-3 (신평동),그 외 기타 일반목적용 기계 제조업 외 1종,051-313-1246
4357,금문산업,부산광역시 강서구 식만로 13-13 (죽림동),신발 부분품 제조업,051-941-4400
4358,금문산업(주),부산광역시 강서구 녹산산업중로 224 (송정동),도금업,051-831-0151
4359,금문산업(주),"부산광역시 강서구 과학산단로333번길 50,  (지사동,1214-5) (지사동)",운송장비 조립용 플라스틱제품 제조업 외 1종,051-831-0151
4360,금보엔지니어링,부산광역시 사하구 감천항로 209 (구평동),액체 펌프 제조업,051-417-7338
4361,금보엔지니어링,"부산광역시 영도구 대평로28번길 12,  (1층일부) (대평동1가) (총 2 필지)",기타 물품 취급장비 제조업,051-416-1008
4362,금보테크,부산광역시 강서구 낙동남로644번길 23-1 (녹산동),"탭, 밸브 및 유사장치 제조업",051-322-8777
4363,금산정밀,부산광역시 강서구 녹산산단261로39번길 19 (송정동),도금업,051-831-4518
4364,금석연마,부산광역시 사하구 홍티로 133 (다대동),그 외 기타 금속가공업,051-266-5083
4365,금성T.E.C,부산광역시 강서구 공항앞길33번길 94-8 (대저2동),육상 금속 골조 구조재 제조업 외 1종,미등록
4366,금성목재,부산광역시 사하구 하신중앙로 84 (신평동),일반 제재업 외 12종,051-201-1011
4367,금성식품,부산광역시 사하구 다대로277번길 26 (장림동),과자류 및 코코아 제품 제조업,051-262-4969
4368,금성이앤지(주),부산광역시 사상구 낙동대로1396번길 14 (삼락동),기타 가공 공작기계 제조업,051-316-3498
4369,금성전기,부산광역시 강서구 제도로 845 (강동동),배전반 및 전기 자동제어반 제조업,051-263-5391
4370,금성철강(주),부산광역시 강서구 호계로 24 (죽림동),그 외 기타 1차 철강 제조업 외 2종,051-941-0562
4371,금성초음파테크,"부산광역시 기장군 정관읍 산단5로 100-88, A동 1층",그 외 기타 전기장비 제조업,051-851-5836
4372,금성특수산업,부산광역시 사상구 모덕로 40-1 (삼락동),고무패킹류 제조업 외 8종,051-313-8822
4373,금성포장공업사,부산광역시 사하구 장평로146번길 16 (장림동),골판지 제조업 외 1종,051-263-6661
4374,금성포장공업사,부산광역시 강서구 녹산산단407로 26 (송정동),골판지 상자 및 가공제품 제조업,051-263-6661
4375,금성화공,"부산광역시 사상구 낙동대로1436번길 9 (삼락동, 금성화공)",고무패킹류 제조업 외 14종,051-301-3084
4376,금성후직공업사,부산광역시 금정구 공단로8번길 30 (금사동),"천막, 텐트 및 유사 제품 제조업",051-522-0037
4377,금세기나염,부산광역시 사하구 하신번영로73번길 2 (신평동),섬유제품 기타 정리 및 마무리 가공업 외 1종,051-207-8701
4378,금수동전통문화예술원(주),부산광역시 기장군 장안읍 장안로 49-10 (금수동),장류 제조업 외 1종,051-727-5679
4379,금아기공,부산광역시 강서구 낙동남로605번길 24-9 (녹산동),톱 및 호환성 공구 제조업,051-831-3321
4380,금아테크,부산광역시 강서구 미음국제5로나길 12 (미음동),주형 및 금형 제조업,051-941-5217
4381,금아파이프(주),부산광역시 강서구 녹산산업중로 51-3 (송정동),그 외 기타 1차 철강 제조업,051-831-6213
4382,금아파이프(주),부산광역시 기장군 장안읍 명례산단4로 38,강관 제조업 외 1종,054-741-6020
4383,금양공업사,"부산광역시 금정구 공단로33번길 30 (금사동, 금양공업사)",날붙이 제조업,051-522-6003
4384,금양바텍,"부산광역시 사하구 하신중앙로27번길 17, 5층 504, 505호 (장림동, 에이스밀)",복합비료 및 기타 화학비료 제조업,051-262-7712
4385,금양산업주식회사,"부산광역시 해운대구 좌동로 65-1, 2층(중동)",그 외 기타 전자부품 제조업 외 2종,051-642-6111
4386,금양엔지니어링,부산광역시 영도구 대평동1가 100번지,내연기관 제조업,051-416-9097
4387,금양제빙 2공장,부산광역시 서구 해안새벽시장길 54 (충무동1가),수산동물 냉동품 제조업 외 1종,051-242-1231
4388,금양통산,부산광역시 사하구 신산북로67번길 15-1 (신평동),그 외 기타 봉제의복 제조업,051-206-6725
4389,금양통산,부산광역시 강서구 공항앞길51번길 28 (대저2동),그 외 기타 봉제의복 제조업,051-206-6725
4390,금영수산식품산업,부산광역시 기장군 일광면 청원길 40,수산식물 가공 및 저장 처리업,미등록
4391,금영연마,부산광역시 사상구 학감대로147번길 26 (학장동),그 외 기타 금속가공업,051-323-9802
4392,금영이엔지,부산광역시 영도구 남항서로104번길 7-1 (남항동2가),선박 구성 부분품 제조업,미등록
4393,금영전기통신(주),"부산광역시 동래구 중앙대로1367번길 40, 4층 (온천동)",방송장비 제조업,051-722-9400
4394,금영정공,부산광역시 기장군 정관읍 용수공단2길 82-15,"탭, 밸브 및 유사장치 제조업",051-727-5282
4395,금영화학(주),부산광역시 강서구 녹산산단262로13번길 23 (송정동),합성수지 및 기타 플라스틱 물질 제조업 외 4종,051-831-2340
4396,금오기전(주),부산광역시 기장군 기장읍 읍내로15번길 9 (금오기전주식회사) (총 2 필지),배전반 및 전기 자동제어반 제조업 외 12종,051-724-5070
4397,금오기전(주),"부산광역시 기장군 기장읍 차성서로 157, KOMECO DIGITAL SHOP",산업처리공정 제어장비 제조업,051-724-4160
4398,금오기전(주)제2공장,부산광역시 기장군 기장읍 반송로 1554 (KOMECO판넬숍),산업처리공정 제어장비 제조업,051-724-5070
4399,금오단조(주),부산광역시 강서구 낙동남로549번길 12 (녹산동),금속 단조제품 제조업,051-714-5318
4400,금오섬유,부산광역시 강서구 녹산산단261로13번길 56 (송정동),편조원단 제조업,051-202-5250
4401,금오전기 주식회사,부산광역시 강서구 체육공원로52번길 86-1 (대저1동),배전반 및 전기 자동제어반 제조업,051-974-0483
4402,금용T.C,부산광역시 사상구 낙동대로1412번길 22 (삼락동),도장 및 기타 피막처리업,051-311-4132
4403,금용기업사,"부산광역시 사상구 사상로439번길 68 (모라동, 금용기업사)",세폭직물 제조업,051-301-1153
4404,금용산업,부산광역시 강서구 낙동북로138번길 20-7 (강동동),철도차량 부품 및 관련 장치물 제조업,미등록
4405,금용전기,부산광역시 영도구 대평동1가 41번지,배전반 및 전기 자동제어반 제조업,051-415-1682
4406,금용테크,부산광역시 사상구 낙동대로1302번길 57 (삼락동),그 외 자동차용 신품 부품 제조업 외 3종,051-301-6262
4407,금윤테크,부산광역시 강서구 녹산산단261로13번길 6 (송정동),그 외 기타 금속가공업,051-831-9957
4408,금은기술,"부산광역시 사상구 대동로223번길 22 (학장동, 금은기술)","기타 비철금속 제련, 정련 및 합금 제조업",051-323-2357
4409,금일정기공업사,"부산광역시 사상구 사상로 60 (주례동, 금일정기)",기타 가공 공작기계 제조업,051-313-8500
4410,금정포장용기,부산광역시 사하구 다대로1066번길 64-13 (장림동),포장용 플라스틱 성형용기 제조업,051-264-7176
4411,금조철강,"부산광역시 강서구 녹산화전로 23, C동 16호 (송정동)",절삭가공 및 유사처리업,미등록
4412,금진공업사,"부산광역시 영도구 남항남로9번길 52(남항동2가, STM엔지니어링)",선박 구성 부분품 제조업,051-413-9083
4413,금진기공,부산광역시 강서구 낙동북로108번길 56-1 (강동동),주형 및 금형 제조업,051-304-5273
4414,금진산업,부산광역시 강서구 새진목길11번길 10-1 (명지동),끈 및 로프 제조업,051-973-8666
4415,금진산업,"부산광역시 사상구 삼락천로 33 (삼락동, 금진산업)",그 외 기타 일반목적용 기계 제조업 외 9종,051-304-9001
4416,금진엔지니어링,부산광역시 사상구 학장로63번길 43 (학장동),"탭, 밸브 및 유사장치 제조업 외 9종",051-324-8031
4417,금진종합상사,부산광역시 강서구 공항로533번길 273 (대저2동),그 외 기타 고무제품 제조업,051-971-8986
4418,금진해운(주)케이제이조선,부산광역시 사하구 감천항로405번길 95 (구평동),강선 건조업 외 1종,051-441-4036
4419,금찬씰테크,부산광역시 강서구 낙동북로138번길 86-15 (강동동),그 외 자동차용 신품 부품 제조업 외 3종,미등록
4420,금창,부산광역시 강서구 과학산단1로 107 (지사동),절삭가공 및 유사처리업 외 1종,051-271-8914
4421,금창공업사,부산광역시 강서구 금호순서길89번길 70 (대저2동),분사기 및 소화기 제조업,051-972-5800
4422,금창산업,"부산광역시 사상구 사상로433번길 26, 1동, 3동(모라동)",기타 인쇄업 외 2종,051-304-4546
4423,금창산업,"부산광역시 사상구 장인로20번길 15 (감전동, 금창공업사)",그 외 기타 1차 철강 제조업,051-322-3851
4424,금창테크(주),부산광역시 사상구 가야대로 60(학장동),그 외 기타 금속가공업,051-312-3880
4425,금탑정밀,부산광역시 강서구 체육공원로26번길 68 (대저1동),그 외 기타 금속가공업,051-324-6425
4426,금하상사,"부산광역시 사상구 장인로17번길 11 (감전동, 금하상사 공장)",그 외 자동차용 신품 부품 제조업 외 5종,051-326-2929
4427,금학케미칼,부산광역시 사상구 가야대로176번길 72 (학장동),"플라스틱 포대, 봉투 및 유사제품 제조업",051-311-5354
4428,금호CNC,부산광역시 강서구 금호순서길 8-17 (대저2동),주형 및 금형 제조업,051-973-9912
4429,금호공업(주),부산광역시 강서구 녹산산업중로 52-10 (송정동),육상 금속 골조 구조재 제조업 외 1종,051-202-1718
4430,금호기계,부산광역시 사하구 홍티로 129 (다대동),기어 및 동력전달장치 제조업,051-265-8545
4431,금호기업,부산광역시 강서구 봉죽길238번길 181 (봉림동),트레일러 및 세미트레일러 제조업,미등록
4432,금호냉동(주),부산광역시 영도구 남항남로19번길 51 (남항동2가),선박 구성 부분품 제조업,051-413-1036
4433,금호닛불,부산광역시 강서구 낙동북로31번길 11 (강동동),"탭, 밸브 및 유사장치 제조업",051-973-1196
4434,금호마린테크(주),"부산광역시 남구 지게골로 50 (문현동, 부산은행)",컴퓨터 제조업 외 2종,051-293-8589
4435,금호방전,"부산광역시 사상구 사상로426번길 21 (모라동, 부성정공)",주형 및 금형 제조업,051-303-6335
4436,금호산업,부산광역시 사하구 하신중앙로54번길 42 (장림동),"근무복, 작업복 및 유사의복 제조업 외 2종",051-265-7184
4437,금호산업,부산광역시 강서구 미음국제5로마길 47 (미음동) 강덕모공장,그 외 기타 금속가공업,미등록
4438,금호상사,부산광역시 강서구 금호순서길 60 (대저2동),전동기 및 발전기 제조업,051-971-8213
4439,금호이엔에스,"부산광역시 금정구 부곡로 119, 2층 (부곡동)",방송장비 제조업 외 3종,051-581-9900
4440,금호정공주식회사,부산광역시 강서구 미음국제5로다길 27(미음동),그 외 자동차용 신품 부품 제조업,051-304-5180
4441,금호정밀(주),부산광역시 사상구 새벽로 36 (학장동),절삭가공 및 유사처리업 외 1종,051-315-6201
4442,금호테크,부산광역시 강서구 낙동북로60번길 4-5 (강동동),기어 및 동력전달장치 제조업 외 1종,051-831-7967
4443,금호테크,"부산광역시 영도구 남항남로 18 (남항동3가, 세보상공(주))",선박 구성 부분품 제조업 외 1종,051-416-4626
4444,금호화성,부산광역시 강서구 과학산단로369번길 28 (지사동),그 외 자동차용 신품 부품 제조업 외 3종,051-323-4807
4445,금화금속,부산광역시 사하구 다산로225번길 24 (장림동),도금업,051-265-9725
4446,금화금속,"부산광역시 사상구 사상로417번길 46 (모라동, 금화금속)","금속 문, 창, 셔터 및 관련제품 제조업 외 3종",051-342-5254
4447,금화기계,부산광역시 기장군 정관읍 산단2로 15-18 (벽전산업),선박 구성 부분품 제조업 외 1종,051-527-0760
4448,금화산업,부산광역시 연제구 과정로237번길 79 (연산동),남자용 겉옷 제조업 외 10종,051-759-4272
4449,금화산업,부산광역시 강서구 녹산산단261로23번길 28 (송정동),도장 및 기타 피막처리업,051-831-7416
4450,금화스틸 녹산공장,부산광역시 강서구 녹산산단17로78번길 16 (송정동),"탭, 밸브 및 유사장치 제조업",051-714-2521
4451,금화스포츠,부산광역시 사하구 장평로 172-1 (장림동),"체조, 육상 및 체력단련용 장비 제조업 외 2종",051-263-5076
4452,금화전기,부산광역시 영도구 대평남로 68-1 (대평동2가),배전반 및 전기 자동제어반 제조업,051-418-4365
4453,금화정기공업사,부산광역시 기장군 정관면 용수공단1길 1 (고을푸드위탁급식),그 외 기타 일반목적용 기계 제조업 외 1종,051-727-7751
4454,금화정밀,부산광역시 강서구 화전산단6로114번길 19 (화전동),선박 구성 부분품 제조업,051-831-5685
4455,금화정밀,"부산광역시 사상구 낙동대로1348번길 11 (삼락동, 금화정밀)",그 외 기타 특수목적용 기계 제조업 외 2종,051-315-6995
4456,금화직물,"부산광역시 사상구 모덕로67번길 147-15 (모라동, 금화직물)",기타 전기 변환장치 제조업 외 1종,051-301-0325
4457,기가산업,부산광역시 영도구 남항서로70번길 59-3 (남항동3가),선박 구성 부분품 제조업,051-415-6685
4458,기가테크,부산광역시 사하구 다산로175번길 12 (다대동),선박 구성 부분품 제조업 외 1종,051-263-6633
4459,기가테크(KIKA TECH),부산광역시 사하구 감천항로182번길 20 (구평동),선박 구성 부분품 제조업 외 5종,051-263-6633
4460,기대전기통신 주식회사,부산광역시 기장군 기장읍 내리1길 28-7,방송장비 제조업 외 8종,051-724-1514
4461,기동산업,부산광역시 강서구 공항로393번길 60-12 (대저2동),합성수지 및 기타 플라스틱 물질 제조업,051-973-8420
4462,기동산업,부산광역시 강서구 녹산산단261로73번길 25 (송정동),합성수지 및 기타 플라스틱 물질 제조업,051-973-8420
4463,기동산업사,부산광역시 강서구 상덕로97번길 31-1 (강동동),플라스틱 필름 제조업 외 1종,미등록
4464,기룡정밀,부산광역시 강서구 낙동북로102번가길 38 (강동동),그 외 기타 금속가공업 외 10종,051-904-9156
4465,기린산업,부산광역시 사하구 하신중앙로27번길 16-7 (장림동),운송장비 조립용 플라스틱제품 제조업 외 2종,051-265-8004
4466,기림산업,부산광역시 강서구 녹산산업중로 62-20 (송정동),구름베어링 제조업 외 3종,051-832-0526
4467,기베스(주),부산광역시 강서구 생곡산단2로11번길 19 (생곡동),산업용 송풍기 및 배기장치 제조업 외 1종,051-921-0088
4468,기보마린 주식회사,부산광역시 영도구 해양로87번길 26 (청학동),내연기관 제조업 외 2종,미등록
4469,기산전자,부산광역시 사상구 낙동대로1396번길 84 (삼락동),인쇄회로기판용 적층판 제조업 외 2종,051-325-0996
4470,기산정밀,부산광역시 사하구 장평로41번길 30 (장림동),금속 절삭기계 제조업 외 1종,051-262-8415
4471,기성금속(주),부산광역시 강서구 녹산산단17로 20 (송정동),"탭, 밸브 및 유사장치 제조업",051-660-2800
4472,기성열처리,부산광역시 사하구 하신중앙로 116 (신평동),금속 열처리업,051-904-9720
4473,기성전선(주),부산광역시 사하구 장평로 219 (신평동),기타 절연선 및 케이블 제조업,051-203-1451
4474,기성전선(주),부산광역시 사하구 다대로170번길 78 (신평동),기타 절연선 및 케이블 제조업,051-203-1451
4475,기성정밀,부산광역시 강서구 제도로1041번가길 324 (강동동),주형 및 금형 제조업,051-303-3110
4476,기성하이텍,부산광역시 강서구 미음국제5로 119(미음동),주형 및 금형 제조업,051-941-8752
4477,기연산업,부산광역시 강서구 봉림동 554-7번지,주형 및 금형 제조업,미등록
4478,기원정공,부산광역시 강서구 수봉3길 195 (강동동),디지털 적층 성형기계 제조업 외 1종,051-941-6036
4479,기은정밀,부산광역시 사하구 을숙도대로480번길 15-1 (신평동),산업용 냉장 및 냉동 장비 제조업,051-261-4665
4480,기장군친환경농산물급식지원센터,부산광역시 기장군 일광면 53번지,도시락류 제조업 외 1종,051-720-1628
4481,기장물산(주),부산광역시 기장군 일광면 신평길 30-16,수산식물 가공 및 저장 처리업,051-723-0707
4482,기장수산업협동조합,부산광역시 기장군 기장읍 기장해안로 640 (부산동부수협냉동냉장),수산동물 냉동품 제조업 외 2종,051-722-1905
4483,기장인쇄소,부산광역시 기장군 기장읍 차성로288번길 10 (대경의원),인쇄용 및 필기용 원지 제조업 외 1종,051-721-2820
4484,기장특산물영어조합법인,부산광역시 기장군 장안읍 오리길 96 (기장특산물영어조합),수산동물 건조 및 염장품 제조업,051-727-7366
4485,기정테크,부산광역시 강서구 미음국제7로 35(미음동),주형 및 금형 제조업,051-941-7876
4486,기진정공,부산광역시 강서구 전양2길 85-14 (강동동),산업처리공정 제어장비 제조업,051-262-2417
4487,기화금속,부산광역시 사하구 다산로175번길 26 (다대동),금속 단조제품 제조업,051-262-8234
4488,길안산기,부산광역시 강서구 평강로 227-16 (대저1동),기타 물품 취급장비 제조업,051-973-9942
4489,김마루,"부산광역시 사상구 백양대로700번길 140, 마린바이오센터 304호 (괘법동, 신라대학교)",수산식물 가공 및 저장 처리업,070-8712-8483
4490,김정민,부산광역시 사하구 신산로13번길 59 (신평동),비주거용 건물 임대업,미등록
4491,김해산업사,부산광역시 사하구 하신번영로 274 (하단동),기타 운동 및 경기용구 제조업,051-205-1216
4492,김해산업사,부산광역시 강서구 식만로 13-42 (죽림동),모직물 직조업,미등록
4493,까치원색 인쇄사,"부산광역시 중구 대청로135번길 7-1,  1층 (동광동4가)",기타 인쇄업 외 1종,051-464-0514
4494,깨끗한사람들,부산광역시 기장군 장안읍 오리산단로 176,화장품 제조업 외 1종,051-866-1525
4495,꽃다지,"부산광역시 기장군 장안읍 신리길 25, 1층",기타 식품 첨가물 제조업,미등록
4496,나건 테크노,부산광역시 금정구 개좌로 62 (금사동),그 외 기타 일반목적용 기계 제조업 외 1종,051-523-2466
4497,나경어소시에이트,부산광역시 강서구 새진목길 46-8 (명지동),산업용 냉장 및 냉동 장비 제조업 외 1종,051-262-5678
4498,나노시스템 주식회사,부산광역시 기장군 정관읍 정관상곡1길 66,산업용 송풍기 및 배기장치 제조업,051-1544-5795
4499,나노실코리아H&C(주),부산광역시 강서구 설만신평길 30 (대저2동),그 외 기타 분류 안된 화학제품 제조업 외 2종,051-256-3001
4500,나노코스메틱,부산광역시 강서구 대부길 9 (강동동),선박 구성 부분품 제조업,051-941-2351
4501,나대다이나믹스,부산광역시 강서구 화전산단6로 71 (화전동),그 외 기타 분류 안된 금속 가공 제품 제조업 외 4종,051-832-1595
4502,나라드라이브(주),부산광역시 강서구 낙동남로1013번길 41 (명지동),기어 및 동력전달장치 제조업,051-271-3072
4503,나라물산,부산광역시 남구 신선로 217-16 (감만동),그 외 기타 달리 분류되지 않은 운송장비 제조업,051-866-8571
4504,나라아트스톤,부산광역시 기장군 장안읍 오리 758-2번지,기타 석제품 제조업,051-625-1586
4505,나라오토시스(주),부산광역시 강서구 과학산단로 194-33 (지사동),기어 및 동력전달장치 제조업 외 2종,051-264-2590
4506,나라테크,"부산광역시 기장군 장안읍 길천길 73, 303호",그 외 기타 분류 안된 금속 가공 제품 제조업 외 5종,051-333-4007
4507,나르지오,부산광역시 사상구 모덕로 57 (모라동),구두류 제조업 외 1종,051-315-7435
4508,나무로(NAMURO),부산광역시 사하구 구평로10번길 21 (구평동),간판 및 광고물 제조업,051-266-6224
4509,나부테스코마린테크(주),부산광역시 사하구 구평로 29-1 (구평동),그 외 기타 전기장비 제조업,051-264-9380
4510,나비올 제2공장,"부산광역시 사상구 사상로333번길 51, 4층(덕포동)",구두류 제조업 외 2종,미등록
4511,나성기업사,부산광역시 강서구 맥도길585번길 71 (대저2동),그 외 기타 분류 안된 금속 가공 제품 제조업 외 1종,051-941-6903
4512,나우전기,"부산광역시 사하구 하신중앙로27번길 17,  에이스밀 501 (장림동)",배전반 및 전기 자동제어반 제조업,051-261-2123
4513,나우정밀,부산광역시 강서구 제도로1175번길 56-24 (강동동),금속 절삭기계 제조업,051-316-0251
4514,나우켐,부산광역시 강서구 녹산산업중로168번길 36 (송정동),일반용 도료 및 관련제품 제조업,051-831-1900
4515,나우하이텍,부산광역시 강서구 화전산단3로 102 (화전동),철도차량 부품 및 관련 장치물 제조업 외 1종,051-831-9161
4516,나인스타 비알,부산광역시 기장군 장안읍 구기길 23-33,끈 및 로프 제조업,051-861-4554
4517,나정산업,부산광역시 기장군 정관읍 용수공단2길 45 (대흥전기),자동차 차체용 신품 부품 제조업 외 1종,051-727-3405
4518,나현무역,부산광역시 강서구 녹산산단362로 17 (송정동),솜 및 실 염색가공업 외 1종,051-832-1217
4519,날마다 김치,"부산광역시 남구 용호로159번길 94, 1동 105호  (용호동)",김치류 제조업,051-626-2022
4520,남강산업사,부산광역시 영도구 일산봉로 38 (청학동),어망 및 기타 끈 가공품 제조업,051-415-5078
4521,남강이앤씨(주),"부산광역시 사상구 모라로 22, 7층 710호 (모라동, 부산벤처타워)",그 외 기타 분류 안된 금속 가공 제품 제조업,051-305-1110
4522,남강초경,부산광역시 사상구 새벽시장로45번길 53-13 (감전동),톱 및 호환성 공구 제조업,051-314-1973
4523,남경산업,부산광역시 사상구 사상로 31 (주례동),그 외 기타 전기장비 제조업,051-322-7869
4524,남경테크,부산광역시 사상구 감전천로 83(감전동),그 외 기타 금속가공업,051-314-9701
4525,남경테크,부산광역시 사상구 낙동대로 832(감전동),그 외 기타 금속가공업 외 1종,051-314-9705
4526,남경테크(주),부산광역시 강서구 녹산산업북로 7 (송정동),금속 열처리업,051-831-8252
4527,남곡레이저,"부산광역시 사상구 장인로17번길 83(감전동, 남곡레이저)",그 외 기타 분류 안된 금속 가공 제품 제조업,051-714-0222
4528,남광사,"부산광역시 금정구 회천로13번길 16 (회동동, (주)금동)",그 외 기타 전자부품 제조업 외 1종,051-524-0761
4529,남광산업,"부산광역시 사상구 낙동대로1338번길 20 (삼락동, 남광산업)",플라스틱 필름 제조업 외 1종,051-305-9626
4530,남광섬유(주)부산지점,부산광역시 사하구 신산로 34 (신평동),솜 및 실 염색가공업,051-293-7133
4531,남광전기,부산광역시 사하구 을숙도대로569번길 19 (신평동),기어 및 동력전달장치 제조업 외 5종,051-201-3600
4532,남광테크,부산광역시 강서구 맥도강변길 197 (대저2동),"증류기, 열교환기 및 가스발생기 제조업 외 1종",051-941-3469
4533,남도냉열,부산광역시 영도구 대평로34번길 3 (대평동2가),선박 구성 부분품 제조업,051-418-4266
4534,남도산전,부산광역시 강서구 제도로 739 (강동동),배전반 및 전기 자동제어반 제조업,051-941-0638
4535,남도화학공업사,부산광역시 동구 범내로 33-3 (범일동),그 외 기타 플라스틱 제품 제조업,051-634-4928
4536,남부건드릴·딥홀,부산광역시 사상구 가야대로48번길 38 (학장동),자동차 엔진용 신품 부품 제조업 외 3종,051-316-9004
4537,남부섬유,"부산광역시 남구 황령대로74번길 103 (문현동, 남부섬유상사)",셔츠 및 블라우스 제조업 외 1종,051-642-5462
4538,남부열기,부산광역시 사상구 광장로20번길 58-21 (괘법동),그 외 기타 전기장비 제조업,051-316-0683
4539,남부유압기계,부산광역시 영도구 남항서로70번길 6 (남항동3가),선박 구성 부분품 제조업,051-415-6336
4540,남성산업기계,부산광역시 사상구 새벽로215번길 49 (괘법동),기타 물품 취급장비 제조업 외 2종,051-328-9711
4541,남성정밀,부산광역시 강서구 대저중앙로357번길 69 (대저1동),선박 구성 부분품 제조업,051-304-8742
4542,남성테크,부산광역시 강서구 과학산단2로19번길 146 (지사동),구조용 금속 판제품 및 공작물 제조업,051-972-4906
4543,남식메탈,"부산광역시 강서구 녹산화전로 23, B동 2호 (송정동)",선박 구성 부분품 제조업,051-831-5298
4544,남양공업사,부산광역시 강서구 가락대로1397번길 133-12 (봉림동),의료용 가구 제조업,051-305-1504
4545,남양금속,부산광역시 강서구 녹산산단261로40번길 12 (송정동),선박 구성 부분품 제조업,051-832-1721
4546,남양모방(주),"부산광역시 금정구 공단로61번길 25 (금사동, 남양모방(주))",모 방적업,051-523-5000
4547,남양산업,부산광역시 사하구 다산로78번길 14 (다대동),그 외 기타 일반목적용 기계 제조업 외 1종,051-264-0740
4548,남양산업,"부산광역시 사상구 학장로83번길 8 (학장동, 세경기업)",비금속류 해체 및 선별업 외 1종,051-326-4466
4549,남양산업 제2공장,부산광역시 사하구 다산로78번길 11 (다대동),그 외 기타 일반목적용 기계 제조업 외 1종,051-264-0740
4550,남양수지,부산광역시 사하구 보덕포1길 99-1 (장림동),혼성 및 재생 플라스틱 소재 물질 제조업,051-261-3026
4551,남양식품,부산광역시 사하구 장평로 35 (장림동),곡물 제분업 외 1종,051-263-5870
4552,남양엔지니어링(주),부산광역시 강서구 녹산산단262로59번길 19 (송정동),선박 구성 부분품 제조업,051-995-7780
4553,남양유공압,부산광역시 사상구 새벽로215번길 130 (괘법동),선박 구성 부분품 제조업,051-315-4268
4554,남양자동화,부산광역시 강서구 녹산산단362로 38 (송정동),컨베이어장치 제조업,051-264-0740
4555,남양정공,부산광역시 사하구 다산로176번길 16 (다대동),그 외 자동차용 신품 부품 제조업 외 3종,051-264-2052
4556,남양중기계,부산광역시 강서구 녹산산업북로313번길 49 (송정동),건설 및 채광용 기계장비 제조업,051-831-6793
4557,남양철강,"부산광역시 사상구 장인로17번길 12 (감전동, 남양철강)",일반철물 제조업,051-312-7761
4558,남양포장,부산광역시 사하구 감천항로190번길 72 (구평동),"플라스틱 포대, 봉투 및 유사제품 제조업 외 1종",051-265-8870
4559,남영목재,부산광역시 북구 사상로 606 (구포동),일반 제재업,051-332-5220
4560,남영산업,"부산광역시 사상구 모라로192번길 9, 603호(모라동, 신모라공단)",기타 직물제품 제조업 외 1종,051-303-2034
4561,남영산업,부산광역시 강서구 공항로1409번길 81 (대저1동),그 외 기타 전기장비 제조업 외 5종,055-336-9897
4562,남영산업,부산광역시 사상구 사상로356번길 15 (덕포동),폴리스티렌 발포 성형제품 제조업 외 1종,051-301-2366
4563,남영상사,부산광역시 사상구 새벽로45번길 14 (학장동) 남영상사(원두로스팅공장),커피 가공업,051-312-7100
4564,남영섬유(주),부산광역시 사하구 장평로76번길 14 (장림동),편조원단 제조업,051-328-0964
4565,남영엔지니어링,부산광역시 사하구 을숙도대로 563 (신평동),구조용 금속 판제품 및 공작물 제조업 외 11종,051-203-3388
4566,남웅전자,부산광역시 사상구 광장로20번길 58-67 (괘법동),전기.전자 및 정밀기기 수리업 외 3종,051-804-0660
4567,남일기계공업(주),부산광역시 사상구 낙동대로1348번길 34 (삼락동),디지털 적층 성형기계 제조업 외 2종,051-304-0930
4568,남일종합식품산업사,부산광역시 사하구 장평로132번길 20 (장림동),김치류 제조업 외 8종,051-261-6090
4569,남일통신(주),"부산광역시 해운대구 센텀북대로 60, 19층 1901 (재송동, 센텀 아이에스타워)",응용 소프트웨어 개발 및 공급업 외 5종,051-897-9988
4570,남일환경산업,부산광역시 영도구 해양로 155 (청학동),그 외 기타 분류 안된 비금속 광물제품 제조업,051-403-6677
4571,남정산업,"부산광역시 금정구 서금로25번안길 20-4(서동, 회림어페럴)",기타 신발 제조업,051-529-7634
4572,남항선박공업사,부산광역시 영도구 남항서로82번길 24 (남항동3가),선박 구성 부분품 제조업,051-415-2611
4573,남해공업사,부산광역시 강서구 맥도강변길 222 (대저2동),"탭, 밸브 및 유사장치 제조업",051-974-8787
4574,남해기공,부산광역시 사하구 감천항로 465 (구평동),기어 및 동력전달장치 제조업,051-416-0545
4575,남해수산,부산광역시 강서구 송정길100번길 75 (송정동),수산식물 가공 및 저장 처리업,051-831-5354
4576,남현산업,"부산광역시 영도구 산업로 11 (청학동, 남현산업 공장)",고무패킹류 제조업,051-418-0264
4577,남호산업,부산광역시 강서구 미음국제5로마길 14 (미음동),컨베이어장치 제조업 외 1종,051-831-6251
4578,남흥수출포장공업사,부산광역시 강서구 대저중앙로347번길 33 (대저1동),골판지 제조업 외 1종,051-971-8673
4579,남흥정밀,부산광역시 사상구 장인로 7-12(감전동),절삭가공 및 유사처리업,051-315-7753
4580,남흥정밀,"부산광역시 사상구 장인로 42 (감전동, 남흥정밀)",절삭가공 및 유사처리업,051-315-7753
4581,남흥종합목재(주),부산광역시 사하구 을숙도대로 556 (신평동),"박판, 합판 및 유사 적층판 제조업",051-208-2986
4582,내쇼날시스템(주),"부산광역시 사상구 낙동대로 1448 (삼락동, 내쇼날시스템)",그 외 기타 일반목적용 기계 제조업 외 11종,051-305-4030
4583,내외기계공업(주),"부산광역시 영도구 남항서로82번길 23 (남항동2가, 경기해상서비스)",액체 펌프 제조업 외 1종,051-804-2667
4584,내일이엔티,부산광역시 강서구 과학산단1로60번길 30 (지사동),절삭가공 및 유사처리업,051-974-9294
4585,내츄럴사이언스,"부산광역시 연제구 과정로 340, 지하1층 (연산동)",표면광택제 및 실내가향제 제조업 외 3종,070-8621-1108
4586,네모전자,부산광역시 기장군 기장읍 차성동로142번길 18 (광성계측기),기타 주변기기 제조업 외 3종,미등록
4587,네쓰,부산광역시 강서구 미음국제1로가길 5 (미음동),반도체 제조용 기계 제조업 외 1종,051-715-5335
4588,네오디자인주방가구,부산광역시 기장군 정관읍 정관상곡2길 33-38,주방용 및 음식점용 목재가구 제조업,051-741-3150
4589,네오메드,부산광역시 사하구 장림로196번길 20(장림동),위생용 종이제품 제조업,051-262-6333
4590,네오테크,"부산광역시 영도구 남항서로 32, 1층 (남항동3가)",기타 일반 기계 및 장비 수리업 외 1종,051-417-8298
4591,네오테크,부산광역시 강서구 과학산단2로19번길 100-54 (지사동),절삭가공 및 유사처리업,051-973-2249
4592,네오텍스,"부산광역시 사상구 학감대로 110(학장동, NEOTEX)",그 외 기타 고무제품 제조업,051-324-1720
4593,네이비짐,"부산광역시 남구 고동골로72번길 51, B1F (문현동)",남자용 겉옷 제조업 외 3종,051-756-5272
4594,넥스트마린,"부산광역시 영도구 대평북로 43,  (건축물일부) (대평동2가)",액체 여과기 제조업,051-415-2557
4595,넥스트엔지니어링,부산광역시 강서구 화전산단5로 16(화전동),선박 구성 부분품 제조업,051-971-6010
4596,넥스틸(주),부산광역시 사하구 다산로 60 (다대동),절삭가공 및 유사처리업,051-264-5665
4597,넷브리즈 주식회사,"부산광역시 강서구 과학산단1로60번길 31, 7동 4층 401-2호 (지사동, 부산테크노파크)",컴퓨터 제조업 외 4종,031-1566-3099
4598,노바센(주),부산광역시 해운대구 반송로525번길 25 (석대동),그 외 기타 전자부품 제조업 외 4종,051-582-7071
4599,노바테크,부산광역시 영도구 절영로94번길 42 (남항동3가),선박 구성 부분품 제조업,051-413-0907
4600,노아목재,부산광역시 기장군 정관읍 정관산업로 1125,기타 목재가구 제조업,051-524-2277
4601,노아전기,부산광역시 사하구 하신중앙로17번길 7 (장림동),변압기 제조업,051-261-4577
4602,노아전자,"부산광역시 강서구 미음산단5로41번길 21, 첨단융복합소재센터 303호 (미음동)",전기경보 및 신호장치 제조업 외 2종,051-972-9943
4603,노아전자,"부산광역시 사하구 낙동대로550번길 37, 동아대학교 S13관 4층 404호 (하단동)",유선 통신장비 제조업 외 2종,051-220-7555
4604,녹산수산,부산광역시 강서구 낙동남로682번길 22-17 (녹산동),수산동물 건조 및 염장품 제조업,051-973-2864
4605,녹산수출포장,부산광역시 강서구 녹산산단361로 10 (송정동),골판지 제조업,051-831-4040
4606,녹산콘크리트,부산광역시 강서구 생곡로 48 (녹산동),"콘크리트 타일, 기와, 벽돌 및 블록 제조업 외 1종",051-971-5555
4607,녹산콘크리트산업,부산광역시 강서구 생곡로 45 (녹산동),콘크리트 관 및 기타 구조용 콘크리트 제품 제조업 외 1종,051-971-5100
4608,녹산포장,부산광역시 강서구 녹산산단46로 83 (송정동),기타 종이 상자 및 용기 제조업,미등록
4609,녹산플랜지(주),부산광역시 강서구 가달2로 31 (생곡동),강관 제조업 외 1종,051-831-7957
4610,논슬립프로,"부산광역시 수영구 감포로 36, 2층 (민락동)",구조용 금속 판제품 및 공작물 제조업,051-754-9600
4611,농산식품,부산광역시 강서구 녹산산단262로49번길 16 (송정동),떡류 제조업 외 2종,051-831-6695
4612,농업회사법인 주식회사 백로앙금,부산광역시 강서구 강동중곡3길 67 (강동동),그 외 기타 식료품 제조업,051-556-7789
4613,농업회사법인 주식회사 벗드림,"부산광역시 강서구 대저로 259, A동 (대저1동)",탁주 및 약주 제조업,051-337-3762
4614,농업회사법인 주식회사 푸드업,부산광역시 강서구 체육공원로6번길 181-59 (대저1동),기타 과실ㆍ채소 가공 및 저장 처리업,051-941-5442
4615,농업회사법인 주식회사 함초록,"부산광역시 남구 신선로 365, 산학협력관 506호 (용당동, 부경대학교)",인삼식품 제조업,미등록
4616,농업회사법인 크레이지피넛 주식회사,부산광역시 기장군 장안읍 오리길 11-3,식물성 유지 제조업,ARS-1544-5898
4617,농업회사법인가이오(주),부산광역시 기장군 장안읍 오리 762-2번지,김치류 제조업 외 1종,미등록
4618,농업회사법인주식회사최가네,부산광역시 기장군 일광읍 일광로 570,육류 포장육 및 냉동육 가공업 (가금류 제외),051-973-5682
4619,누리산업,부산광역시 강서구 호계로 36-1 (죽림동),고무패킹류 제조업 외 1종,051-319-0807
4620,누리엔지니어링,부산광역시 영도구 대평로41번길 6 (대평동2가),선박 구성 부분품 제조업,051-418-7973
4621,뉴마린엔지니어링(주),"부산광역시 해운대구 센텀동로 99, 벽산e-센텀클래스원 1414호,1415호,1416호 (재송동)","기타 측정, 시험, 항해, 제어 및 정밀기기 제조업 외 3종",051-920-3333
4622,뉴본마린(주),부산광역시 강서구 녹산산단381로 39 (송정동),절삭가공 및 유사처리업,051-462-8044
4623,뉴스타마린테크,"부산광역시 강서구 유통단지1로132번길 28, 9호동 (대저2동)",기타 일반 기계 및 장비 수리업,070-4845-1234
4624,뉴에너지(주),부산광역시 사상구 낙동대로 1436(삼락동),산업용 난방보일러 및 방열기 제조업,051-791-1129
4625,뉴젠파워,부산광역시 강서구 녹산산업중로 195 (송정동),전동기 및 발전기 제조업,051-312-7222
4626,뉴탑씨엔에스,부산광역시 강서구 제도로1175번길 56-20 (강동동),절연 코드세트 및 기타 도체 제조업,051-941-7891
4627,니키소씨이앤드아이지코리아(주),부산광역시 강서구 녹산산업중로 83 (송정동),기체 펌프 및 압축기 제조업,031-286-6114
4628,다경메탈,부산광역시 강서구 대저중앙로 372-1 (대저1동),"알루미늄 압연, 압출 및 연신제품 제조업",051-831-6555
4629,다니엘테크,"부산광역시 영도구 해양로195번길 68(동삼동, 씨티에스)",선박 구성 부분품 제조업,051-403-8355
4630,다다산업(주),부산광역시 사상구 하신번영로 478 (엄궁동),아스팔트 콘크리트 및 혼합제품 제조업,051-317-3762
4631,다대포조선조기공업사,부산광역시 사하구 다대동로8번길 129 (다대동),강선 건조업 외 1종,051-266-4586
4632,다도,"부산광역시 강서구 과학산단1로60번길 31, POST BI동 1층 101-1 (지사동)",방송장비 제조업,051-271-3632
4633,다린스틸테크(주),부산광역시 강서구 가달2로55번길 28 (생곡동),구조용 금속 판제품 및 공작물 제조업 외 41종,051-710-1551
4634,다림기계,부산광역시 영도구 남항남로19번길 6 (남항동3가),절삭가공 및 유사처리업,051-819-9374
4635,다보텍,부산광역시 기장군 정관읍 산단7로 99-6,자동차 차체용 신품 부품 제조업,051-728-6690
4636,다산,부산광역시 강서구 녹산산업북로221번길 6 (송정동),절삭가공 및 유사처리업,051-941-2097
4637,다산에스엔디(주),부산광역시 사하구 장평로 66 (장림동),그 외 자동차용 신품 부품 제조업 외 3종,051-266-7441
4638,다산정밀,부산광역시 강서구 미음국제7로 41 (미음동),산업용 로봇 제조업,미등록
4639,다안 스마트 이엔지,"부산광역시 해운대구 센텀중앙로 97, A동 37층 3710 (재송동)",기기용 자동측정 및 제어장치 제조업 외 3종,051-783-3710
4640,다온글라스 쿡,부산광역시 강서구 호계로 99 (죽동동),스크린 인쇄업,미등록
4641,다온기업,부산광역시 기장군 정관읍 정관로 840,그 외 기타 달리 분류되지 않은 제품 제조업 외 7종,051-727-2978
4642,다온산업,부산광역시 강서구 평강로171번길 42-1(대저1동),그 외 기타 고무제품 제조업,미등록
4643,다온이엔지,"부산광역시 강서구 낙동남로1013번길 42-1, 다온이엔지(명지동)",육상 금속 골조 구조재 제조업,051-832-7599
4644,다온테크,부산광역시 강서구 낙동북로138번길 120-18 (강동동),구조용 금속 판제품 및 공작물 제조업,051-971-8813
4645,다올금속,부산광역시 강서구 녹산산단382로50번길 6 (송정동),도장 및 기타 피막처리업 외 1종,051-941-2927
4646,다옴,"부산광역시 남구 신선로 365, 종합실습관 115호 (용당동, 부경대학교)",교통 신호장치 제조업,미등록
4647,다옴금속,부산광역시 강서구 미음국제6로 40 (미음동),선박 구성 부분품 제조업,051-315-1347
4648,다우금속,부산광역시 강서구 과학산단2로19번길 32 (지사동),볼트 및 너트류 제조업 외 2종,051-831-6865
4649,다우이엔지(eng),부산광역시 강서구 공항앞길85번길 91-5(대저2동),주형 및 금형 제조업,051-972-3713
4650,다우정밀,부산광역시 강서구 낙동남로456번길 25-8 (녹산동),절삭가공 및 유사처리업,051-972-4589
4651,다우정밀공업,부산광역시 강서구 녹산산업중로 105 (송정동),자동차 엔진용 신품 부품 제조업 외 4종,051-264-4641
4652,다우테크,부산광역시 영도구 해양로195번가길 14 (동삼동),기타 일반 기계 및 장비 수리업,051-418-8767
4653,다운테크,부산광역시 강서구 녹산산업중로 122 (송정동),그 외 기타 금속가공업,051-973-8449
4654,다원,부산광역시 강서구 식만로 205 (식만동),그 외 기타 달리 분류되지 않은 제품 제조업 외 1종,미등록
4655,다원마린테크,"부산광역시 영도구 해양로65번길 26-17, A동 (청학동)",선박 구성 부분품 제조업,051-710-0113
4656,다원푸드,부산광역시 연제구 안연로7번나길 18 (연산동),육류 기타 가공 및 저장처리업 (가금류 제외),051-757-0772
4657,다원하이텍,부산광역시 강서구 낙동북로126번길 52-2 (강동동),볼트 및 너트류 제조업,미등록
4658,다이너스티솔루션(주),부산광역시 사상구 낙동대로 1360 (삼락동),"전기회로 개폐, 보호장치 제조업 외 3종",051-305-3445
4659,다이아몬드 인터내셔널,부산광역시 강서구 식만로 231 (식만동),그 외 기타 플라스틱 제품 제조업,051-941-6543
4660,다이아몬드(주),부산광역시 강서구 식만로 225 (식만동),동력식 수지공구 제조업,051-971-8781
4661,다인 PANEL,부산광역시 강서구 경전철로188번길 69 (대저1동),기타 구조용 금속제품 제조업,051-973-1387
4662,다인수산,"부산광역시 기장군 기장읍 대변로 146,  1005호",수산동물 건조 및 염장품 제조업,051-722-2833
4663,다인아이티 주식회사,"부산광역시 동래구 미남로 53, 1층 (사직동)",유선 통신장비 제조업 외 3종,051-505-1995
4664,다일엔지니어링(주),부산광역시 강서구 맥도길205번길 163 (대저2동),그 외 기타 일반목적용 기계 제조업 외 5종,051-923-2343
4665,다한금속,부산광역시 강서구 생곡산단2로 32 (생곡동),그 외 기타 분류 안된 금속 가공 제품 제조업,051-971-7670
4666,다한비,"부산광역시 동래구 충렬사로 39, 231호(안락동, 동래화목타운)",남자용 겉옷 제조업 외 7종,02-2224-0928
4667,다현전열,부산광역시 사상구 새벽로223번길 130-1 (괘법동),철도차량 부품 및 관련 장치물 제조업 외 7종,051-327-2570
4668,단양공업사,부산광역시 강서구 신호산단1로 220-10 (신호동),금속탱크 및 저장용기 제조업 외 1종,051-832-0668
4669,달구벌열처리,"부산광역시 사상구 낙동대로1338번길 32 (삼락동, (주)달구벌열처리)",금속 열처리업,051-302-5379
4670,대가전기,부산광역시 강서구 공항로743번길 71 (대저2동),배전반 및 전기 자동제어반 제조업,051-919-7799
4671,대강냉동,부산광역시 강서구 녹산산업북로 400 (송정동),비주거용 건물 임대업,051-831-1611
4672,대강볼트공업사,"부산광역시 사상구 낙동대로902번길 35 (감전동, (주)모평)",볼트 및 너트류 제조업 외 2종,051-323-6623
4673,대건산업사,부산광역시 강서구 대저중앙로 186 (대저1동),"금속 문, 창, 셔터 및 관련제품 제조업",051-971-2225
4674,대건실업,"부산광역시 동래구 명안로86번길 42, 2,3,4층 (명장동)","천막, 텐트 및 유사 제품 제조업 외 2종",051-523-7413
4675,대건자동화,부산광역시 강서구 대저동서로61번길 14-1 (대저1동),산업용 로봇 제조업 외 1종,051-311-7456
4676,대건하이텍,부산광역시 강서구 녹산산업북로 15 (송정동),자동차 차체용 신품 부품 제조업 외 2종,051-941-8542
4677,대경,부산광역시 강서구 죽동길424번길 68 (죽동동),기타 목재가구 제조업,미등록
4678,대경,부산광역시 금정구 공단서로18번길 67 (금사동),날붙이 제조업 외 1종,051-521-2270
4679,대경기계제작소,"부산광역시 사상구 삼덕로5번길 10 (삼락동, 대경기계)",그 외 기타 일반목적용 기계 제조업 외 1종,051-303-3931
4680,대경기술(주),부산광역시 기장군 기장읍 청강로85번길 16,배전반 및 전기 자동제어반 제조업 외 3종,051-722-0855
4681,대경냉열,부산광역시 강서구 새진목길26번길 33 (명지동),산업용 난방보일러 및 방열기 제조업 외 1종,051-319-1218
4682,대경마린엔지니어링,부산광역시 사하구 감천항로 253-9 (구평동),선박 구성 부분품 제조업 외 2종,051-415-3184
4683,대경브러쉬,부산광역시 강서구 녹산산단261로74번길 5 (송정동),비 및 솔 제조업,051-831-3944
4684,대경샷다,"부산광역시 금정구 반송로 469(금사동, 부산직물공업사)","금속 문, 창, 셔터 및 관련제품 제조업",미등록
4685,대경선박,부산광역시 사상구 학장로248번길 68 (학장동),기타 직물제품 제조업 외 1종,051-417-1772
4686,대경실업 주식회사,부산광역시 강서구 녹산산단261로 28 (송정동),끈 및 로프 제조업,051-314-3772
4687,대경실업(주),부산광역시 사상구 학감대로147번길 46 (학장동),끈 및 로프 제조업 외 1종,051-314-3772
4688,대경실업(주),부산광역시 사하구 신산로 184 (신평동),끈 및 로프 제조업 외 1종,051-203-3775
4689,대경에프앤비(주),부산광역시 서구 구덕로301번길 4 (서대신동2가) (총 2 필지),수산동물 건조 및 염장품 제조업,051-255-7211
4690,대경오토텍,부산광역시 강서구 금호순서길 142 (대저2동),금속 절삭기계 제조업,051-941-7445
4691,대경전기,부산광역시 강서구 낙동남로682번가길 9 (녹산동),배전반 및 전기 자동제어반 제조업,051-972-2732
4692,대경정밀,"부산광역시 사상구 사상로319번길 42 (덕포동, 대경정밀)",선박 구성 부분품 제조업,051-304-5537
4693,대경정보통신,부산광역시 동래구 아시아드대로181번길 12 (사직동),비동력식 수공구 제조업 외 32종,051-501-6161
4694,대경종합열처리,부산광역시 강서구 화전산단6로114번길 21(화전동),금속 열처리업,051-325-4501
4695,대경테크,"부산광역시 사하구 하신중앙로27번길 17, 3층 303,304 (장림동, 에이스밀)",내연기관 승용차 및 기타 여객용 자동차 제조업 외 1종,051-266-4601
4696,대경테크,부산광역시 강서구 금호순서길 136 (대저2동),기타 가공 공작기계 제조업,051-941-8445
4697,대경피닉스,부산광역시 사하구 감천로 20 (감천동),그 외 기타 플라스틱 제품 제조업,051-264-9888
4698,대경화학(주),부산광역시 사하구 다산로226번길 33 (장림동),도금업,051-263-1490
4699,대광E&A,부산광역시 강서구 미음국제5로다길 7(미음동),기타 전기 변환장치 제조업,051-643-2827
4700,대광F.A,부산광역시 강서구 낙동북로43번길 7 (강동동),배전반 및 전기 자동제어반 제조업,미등록
4701,대광공업,부산광역시 영도구 절영로94번길 6 (남항동3가),선박 구성 부분품 제조업,051-412-5200
4702,대광산업,부산광역시 강서구 천자3길 33 (강동동),그 외 자동차용 신품 부품 제조업 외 3종,051-941-4883
4703,대광산업,부산광역시 강서구 맥도길415번길 143-14 (대저2동),"적층, 합성 및 특수표면처리 종이 제조업 외 2종",051-971-3353
4704,대광산업,부산광역시 강서구 송정동 녹산산업중로167번길 38,그 외 기타 금속가공업 외 3종,051-831-1130
4705,대광산업,"부산광역시 사상구 낙동대로1390번길 86 (삼락동, 대광산업)",배전반 및 전기 자동제어반 제조업,051-303-8100
4706,대광선박공업사,부산광역시 영도구 해양로57번길 22 (청학동),선박 구성 부분품 제조업,051-416-6808
4707,대광엘에스,"부산광역시 사상구 모라로 22, 10층 1003호(부산벤처타워) (모라동)","물질 검사, 측정 및 분석기구 제조업",051-321-0806
4708,대광오토텍,부산광역시 강서구 화전산단2로134번길 20 (화전동),주형 및 금형 제조업,051-264-3614
4709,대광전기통신(주),부산광역시 기장군 일광읍 청광리 175-3,절연 코드세트 및 기타 도체 제조업,미등록
4710,대광정금,"부산광역시 사상구 낙동대로902번길 38(감전동, 한강전기)",주형 및 금형 제조업,미등록
4711,대광케이블(주),부산광역시 사하구 다산로 203-1 (다대동),철강선 제조업 외 9종,051-262-1501
4712,대광테크,부산광역시 사상구 삼덕로 30 (덕포동),무기 및 총포탄 제조업 외 80종,051-465-1147
4713,대광테크,"부산광역시 중구 대청북길 31, 지하1층 (대청동4가)",무기 및 총포탄 제조업 외 56종,051-465-1147
4714,대광테크,부산광역시 사하구 다대로 169 (신평동),"전기회로 개폐, 보호장치 제조업 외 2종",051-264-2314
4715,대구기업상사 토탈트레이드,"부산광역시 사하구 하신중앙로27번길 17, 1동 3층 306 (장림동)","천막, 텐트 및 유사 제품 제조업 외 1종",051-245-4989
4716,대궐푸드(주),부산광역시 기장군 정관면 용수리 1035번지,"수산동물 훈제, 조리 및 유사 조제식품 제조업 외 3종",미등록
4717,대기닛블산업,부산광역시 사상구 학장로 39 (학장동),강관 제조업 외 1종,051-312-2103
4718,대길공업사,부산광역시 강서구 신호산단1로 220-9 (신호동),절삭가공 및 유사처리업,미등록
4719,대농테크,"부산광역시 사상구 사상로469번다길 19 (모라동, 대농테크)",절삭가공 및 유사처리업,051-301-6904
4720,대덕공업사,부산광역시 강서구 대저동서로249번길 18 (대저2동),일반철물 제조업,051-972-6078
4721,대덕산업,부산광역시 사하구 신산북로 43 (신평동),"전기회로 개폐, 보호장치 제조업 외 1종",051-266-5934
4722,대덕산업,부산광역시 강서구 녹산산단262로 11 (송정동),합성수지 및 기타 플라스틱 물질 제조업 외 1종,051-831-0645
4723,대덕하이본인더스,부산광역시 강서구 대저중앙로 351 (대저1동),신발 부분품 제조업,051-303-0073
4724,대도기업,부산광역시 사하구 장평로71번길 34 (장림동),"탭, 밸브 및 유사장치 제조업 외 1종",051-266-3822
4725,대도물산(주),"부산광역시 영도구 절영로 72,  3층 (남항동2가)","근무복, 작업복 및 유사의복 제조업 외 2종",051-413-7997
4726,대도미크론 주식회사,부산광역시 강서구 낙동북로138번길 35 (강동동),주형 및 금형 제조업,051-972-8536
4727,대도중전기,부산광역시 강서구 대저동서로249번길 26 (대저2동),변압기 제조업,051-311-9356
4728,대도하이텍,"부산광역시 사상구 사상로417번길 73 (모라동, 대도하이텍)",주형 및 금형 제조업,051-304-7003
4729,대도화학공업사,"부산광역시 사상구 감전천로 246 (감전동, 대도화학)","플라스틱 포대, 봉투 및 유사제품 제조업",051-328-7241
4730,대동공업사,부산광역시 사상구 학장로83번길 12 (학장동),도장 및 기타 피막처리업,051-323-7486
4731,대동공업사,부산광역시 사하구 하신중앙로3번가길 41 (장림동),절삭가공 및 유사처리업,051-266-5602
4732,대동금속,부산광역시 사상구 감전천로 150 (학장동),"연 및 아연 제련, 정련 및 합금 제조업",051-326-3993
4733,대동금속공업사,부산광역시 영도구 남항서로 34 (남항동3가),선박 구성 부분품 제조업 외 4종,051-417-2211
4734,대동기계,부산광역시 강서구 공항로383번길 54 (대저2동),그 외 기타 일반목적용 기계 제조업 외 1종,051-973-6140
4735,대동기전,부산광역시 사하구 구평로10번길 14 (구평동),배전반 및 전기 자동제어반 제조업,051-263-7657
4736,대동메탈공업(주),부산광역시 영도구 남항남로 40 (남항동3가),구름베어링 제조업 외 7종,051-412-2291
4737,대동목재포장,부산광역시 강서구 호계로145번길 20-7 (죽동동),"목재 포장용 상자, 드럼 및 유사용기 제조업",미등록
4738,대동사,부산광역시 기장군 정관읍 산단3로 47,기타 가정용 전기기기 제조업,미등록
4739,대동산업,부산광역시 사하구 다대로354번길 30 (장림동),도장 및 기타 피막처리업,051-264-1407
4740,대동상사,부산광역시 사하구 다대로 942 (다대동),그 외 기타 1차 철강 제조업 외 1종,051-264-1112
4741,대동스텐,부산광역시 금정구 부곡로 27-1 (부곡동),주방용 전기기기 제조업 외 3종,051-513-1900
4742,대동아그네스,부산광역시 기장군 기장읍 차성로390번길 14,주방용 및 음식점용 목재가구 제조업,미등록
4743,대동엔텍(주),부산광역시 강서구 녹산산단77로22번길 37 (송정동),"증류기, 열교환기 및 가스발생기 제조업",051-832-1123
4744,대동전기사,부산광역시 강서구 녹산산단77로 20 (송정동),변압기 제조업 외 1종,051-831-8751
4745,대동전기사,부산광역시 사하구 다대로277번길 37 (장림동),"전자코일, 변성기 및 기타 전자 유도자 제조업",051-263-8751
4746,대동전자,부산광역시 강서구 가락대로1397번길 99-10 (봉림동),배전반 및 전기 자동제어반 제조업,051-831-8060
4747,대동정밀,"부산광역시 사상구 사상로375번길 33, 대동정밀 (덕포동)",그 외 기타 일반목적용 기계 제조업,051-312-5174
4748,대동정밀,부산광역시 강서구 맥도길83번길 46 (대저2동),일반철물 제조업,미등록
4749,대동정밀,부산광역시 강서구 과학산단1로 121 (지사동),절삭가공 및 유사처리업,051-941-8398
4750,대동정밀공업사,부산광역시 사상구 가야대로12번길 48 (감전동),변압기 제조업,051-305-3356
4751,대동정밀조각,부산광역시 사상구 삼락천로 122 (덕포동),주형 및 금형 제조업,051-301-3916
4752,대동철공소,부산광역시 영도구 남항동2가 28번지,기타 가공 공작기계 제조업,051-413-7001
4753,대동철재상사,부산광역시 강서구 신호산단1로 220-17 (신호동),주형 및 금형 제조업,051-322-5500
4754,대동특수고무공업사,"부산광역시 사상구 새벽로18번길 6 (학장동, 대동특수고무)",고무 의류 및 기타 위생용 비경화 고무제품 제조업,051-316-9563
4755,대득공업사,부산광역시 강서구 미음동 1677-8번지,절삭가공 및 유사처리업,미등록
4756,대라정공,"부산광역시 사상구 낙동대로902번길 53 (감전동, 대라정공)",선박 구성 부분품 제조업,051-325-5305
4757,대룡식품,부산광역시 사상구 사상로425번길 56 (모라동),기타 수산동물 가공 및 저장 처리업 외 4종,051-303-0552
4758,대륙공업사,"부산광역시 영도구 대평로 61, 3층 (대평동2가)",선박 구성 부분품 제조업,051-413-8840
4759,대륙기공(주),부산광역시 기장군 정관읍 산단5로 100-103 ((주)대륙기공),일반철물 제조업,051-728-6009
4760,대륜기업,부산광역시 강서구 식만로 266 (식만동),플라스틱 창호 제조업 외 1종,051-907-0026
4761,대륭포장,부산광역시 강서구 대저중앙로286번길 106-11 (대저1동),골판지 제조업 외 1종,051-973-5023
4762,대린이엔텍,부산광역시 사상구 가야대로104번길 47 (학장동),산업용 트럭 및 적재기 제조업 외 1종,051-312-1539
4763,대림E.N.V,부산광역시 기장군 정관면 산단4로 68,그 외 기타 특수목적용 기계 제조업 외 1종,051-728-9230
4764,대림금속레이저,부산광역시 사상구 강변대로456번길 37 (엄궁동),기타 구조용 금속제품 제조업,051-322-6315
4765,대림기아공업,"부산광역시 사상구 학장로248번길 76 (학장동, 대림기어공업)",기어 및 동력전달장치 제조업,051-317-4976
4766,대림기업,부산광역시 영도구 절영로94번길 42 (남항동3가),선박 구성 부분품 제조업,051-418-4883
4767,대림로어패럴,"부산광역시 연제구 해맞이로109번길 9, 2층(거제동)",남자용 겉옷 제조업 외 15종,051-525-9549
4768,대림로어패럴,부산광역시 금정구 서금로 37-12 (서동),"근무복, 작업복 및 유사의복 제조업 외 14종",051-525-9549
4769,대림메탈산업주식회사,부산광역시 강서구 녹산산단261로59번길 38 (송정동) ,"탭, 밸브 및 유사장치 제조업 외 2종",051-941-8411
4770,대림메탈주식회사,부산광역시 강서구 가리새3로 5 (생곡동),"탭, 밸브 및 유사장치 제조업",051-971-5900
4771,대림목재포장,부산광역시 강서구 녹산산단407로 19 (송정동),목재 깔판류 및 기타 적재판 제조업 외 2종,051-831-1234
4772,대림문화,부산광역시 중구 흑교로75번길 14 (보수동3가),기타 인쇄업 외 1종,051-248-0742
4773,대림산업,부산광역시 금정구 반송로 452 (금사동),플라스틱 창호 제조업,051-528-1815
4774,대림산업 구평공장,부산광역시 사하구 감천항로 221-8 (구평동),그 외 기타 금속가공업,051-941-0919
4775,대림산업사,"부산광역시 사상구 낙동대로1384번길 31 (삼락동, 대림산업사)",금속 캔 및 기타 포장용기 제조업 외 1종,051-301-4455
4776,대림에스티(주),부산광역시 사상구 새벽로223번길 55 (괘법동),유압기기 제조업,051-324-8411
4777,대림엔지니어링,부산광역시 영도구 대평로46번길 17 (대평동2가),선박 구성 부분품 제조업,051-413-8132
4778,대림엔지니어링(주),부산광역시 영도구 해양로23번길 22 (청학동),선박 구성 부분품 제조업 외 1종,051-417-5111
4779,대림연사,"부산광역시 영도구 와치로 91,  1층 (청학동)",연사 및 가공사 제조업,051-417-2101
4780,대림정공,부산광역시 사하구 을숙도대로569번길 45 (신평동),배전반 및 전기 자동제어반 제조업,051-293-7737
4781,대림정공사,부산광역시 사하구 장림로 118 (장림동),절삭가공 및 유사처리업,051-265-2102
4782,대림정밀,"부산광역시 금정구 공단로 77 (금사동, 대림정밀)",볼트 및 너트류 제조업 외 2종,051-526-4175
4783,대림정밀,"부산광역시 사상구 대동로180번길 13 (학장동, 대림정밀)",절삭가공 및 유사처리업,051-327-9515
4784,대림포장공업사,부산광역시 강서구 녹산산단382로60번길 2 (송정동),골판지 제조업 외 1종,051-831-6740
4785,대림하이테크,"부산광역시 사상구 낙동대로1338번길 60 (삼락동, (주)항도공업)",기체 펌프 및 압축기 제조업 외 40종,051-303-6086
4786,대림항업 주식회사,부산광역시 사하구 두송로194번길 19 (구평동),선박 구성 부분품 제조업,051-262-5665
4787,대림화학공업사,부산광역시 기장군 정관읍 용수공단2길 59,"플라스틱 포대, 봉투 및 유사제품 제조업 외 1종",051-728-4114
4788,대명,부산광역시 기장군 정관읍 달음산길 21,기타 가공 공작기계 제조업,051-727-2950
4789,대명ENG,부산광역시 강서구 녹산산업중로 100 (송정동),전투용 차량 제조업 외 34종,051-831-8756
4790,대명공업(주),부산광역시 영도구 대평로46번길 11-8 (대평동2가),기타 선박 건조업,051-415-3704
4791,대명공업사,부산광역시 강서구 미음국제5로라길 46 (미음동),금속 성형기계 제조업,051-972-3372
4792,대명기계,부산광역시 강서구 화전산단6로114번길 10 (화전동),철도차량 부품 및 관련 장치물 제조업 외 2종,051-971-8824
4793,대명벤딩,부산광역시 강서구 낙동북로126번길 48 (강동동),그 외 금속 압형제품 제조업,051-973-9900
4794,대명벤텍,부산광역시 강서구 녹산산업북로313번길 73 (송정동),자동차용 금속 압형제품 제조업,051-831-2851
4795,대명산업,부산광역시 사하구 원양로 319 (감천동),수산동물 건조 및 염장품 제조업 외 2종,051-244-2142
4796,대명산업,"부산광역시 사하구 하신중앙로27번길 17, 5층 507 (장림동, 에이스밀)","전기회로 개폐, 보호장치 제조업 외 1종",미등록
4797,대명엔텍(주),부산광역시 강서구 녹산산단289로 33 (송정동),기어 및 동력전달장치 제조업,051-832-6627
4798,대명전기,부산광역시 강서구 경전철로188번길 105 (대저1동),"전자코일, 변성기 및 기타 전자 유도자 제조업",051-973-0737
4799,대명정공,부산광역시 연제구 과정로278번길 20 (연산동),주형 및 금형 제조업,051-865-6864
4800,대명정밀,"부산광역시 사상구 낙동대로1452번길 38 (삼락동, 대영정밀)",철도차량 부품 및 관련 장치물 제조업,051-304-5731
4801,대명테크(주),부산광역시 강서구 과학산단2로3번길 74 (지사동),자동차 엔진용 신품 부품 제조업 외 1종,051-582-5455
4802,대명하이텍,부산광역시 강서구 과학산단1로 25 (지사동),자동차 차체용 신품 부품 제조업 외 2종,051-831-7782
4803,대명화학,"부산광역시 사상구 모덕로107번길 49 (모라동, 대명산업사)",플라스틱 접착처리 제품 제조업 외 1종,051-304-6500
4804,대방금속,부산광역시 사상구 학감대로 170-8 (학장동),절삭가공 및 유사처리업,051-314-8257
4805,대보실업,"부산광역시 사상구 사상로425번길 56, 3층(모라동)",어망 및 기타 끈 가공품 제조업 외 1종,051-319-4954
4806,대복기계,부산광역시 사하구 을숙도대로 563 (신평동),구조용 금속 판제품 및 공작물 제조업,051-263-6348
4807,대본기연,부산광역시 강서구 녹산산업중로 51-16 (송정동),선박 구성 부분품 제조업,051-328-7915
4808,대봉ITS,부산광역시 사상구 대동로239번길 48 (학장동),유압기기 제조업,051-796-0409
4809,대봉비엠텍(주),부산광역시 사하구 다산로106번길 43 (다대동),육상 금속 골조 구조재 제조업 외 2종,051-264-4097
4810,대봉산업사,부산광역시 강서구 대저중앙로347번길 48-1 (대저1동),주형 및 금형 제조업,051-971-3710
4811,대부금속,부산광역시 강서구 녹산산업북로313번길 14 (송정동),그 외 기타 분류 안된 금속 가공 제품 제조업 외 1종,051-831-6673
4812,대부의류,부산광역시 강서구 세산길 247 (미음동),"근무복, 작업복 및 유사의복 제조업 외 2종",미등록
4813,대산엔텍,부산광역시 강서구 대부길 55 (강동동),금속탱크 및 저장용기 제조업 외 1종,051-941-5593
4814,대산철강공업(주),"부산광역시 사상구 낙동대로988번길 59 (감전동, (주)대산철강)",열간 압연 및 압출 제품 제조업,051-327-6995
4815,대산테크,부산광역시 강서구 대저중앙로348번길 8-7 (대저1동),절삭가공 및 유사처리업,051-303-2890
4816,대산포장산업,부산광역시 강서구 대저중앙로375번길 28-2(대저1동),골판지 상자 및 가공제품 제조업,051-941-0253
4817,대생엔지니어링,부산광역시 사하구 다산로175번길 29 (다대동),산업용 냉장 및 냉동 장비 제조업,051-208-7700
4818,대선조선(주)(1공장),부산광역시 영도구 봉래나루로 254 (봉래동4가),강선 건조업 외 1종,051-419-5000
4819,대선조선(주)다대공장,부산광역시 사하구 감천항로 454 (다대동),선박 구성 부분품 제조업,051-419-5000
4820,대선주조(주),"부산광역시 동래구 여고로 77 (사직동, 대선주조(주))",소주 제조업,051-500-0114
4821,대선주조(주)기장공장    ,부산광역시 기장군 장안읍 기룡리 1114번지 외 11필지,소주 제조업,051-783-7830
4822,대성E.N.G  ,부산광역시 기장군 장안읍 반룡산단1로 56,기타 주변기기 제조업 외 1종,051-819-0427
4823,대성ENG,부산광역시 강서구 화전산단5로98번길 30 (화전동),주형 및 금형 제조업,051-831-4629
4824,대성ENG,부산광역시 강서구 녹산산단261로14번길 17-9 (송정동),금속 절삭기계 제조업,051-971-6057
4825,대성ENG,부산광역시 강서구 녹산산단27로 135 (송정동),주형 및 금형 제조업,051-831-4629
4826,대성G&P,부산광역시 강서구 미음산단3로 110 (미음동),선박 구성 부분품 제조업,051-301-2490
4827,대성건설산업(주),부산광역시 기장군 정관읍 산단로 632-52,"콘크리트 타일, 기와, 벽돌 및 블록 제조업 외 1종",055-385-1277
4828,대성건설산업(주) 2공장,부산광역시 기장군 정관읍 산단로 632-56,"콘크리트 타일, 기와, 벽돌 및 블록 제조업 외 1종",미등록
4829,대성공업사,"부산광역시 사상구 낙동대로943번길 145 (감전동, 대성공업사)",절삭가공 및 유사처리업,051-323-0086
4830,대성공업주식회사,부산광역시 사상구 낙동대로1318번길 67 (삼락동),그 외 기타 분류 안된 금속 가공 제품 제조업 외 2종,051-301-6681
4831,대성공작소,부산광역시 강서구 맥도길474번길 95 (대저2동),구조용 금속 판제품 및 공작물 제조업,051-316-6765
4832,대성금망,부산광역시 강서구 녹산산단27로 48 (송정동),자동차용 금속 압형제품 제조업 외 1종,051-831-2451
4833,대성금속,부산광역시 강서구 제도로 817(강동동),"금속 문, 창, 셔터 및 관련제품 제조업",051-971-6606
4834,대성금형,"부산광역시 사상구 낙동대로988번길 15(감전동, 대성금형)",주형 및 금형 제조업,051-328-0527
4835,대성금형,부산광역시 사하구 하신중앙로3번길 10-4 (장림동),"전기회로 개폐, 보호장치 제조업 외 2종",051-266-1598
4836,대성기계,부산광역시 사상구 낙동대로902번길 40 (감전동),금속 절삭기계 제조업,051-326-8545
4837,대성기계,부산광역시 사하구 사하로68번길 25 (구평동),선박 구성 부분품 제조업,051-895-0947
4838,대성기계,부산광역시 강서구 화전산단3로 98 (화전동),절삭가공 및 유사처리업,052-325-2137
4839,대성기업,부산광역시 강서구 대저중앙로 374-4 (대저1동),육상 금속 골조 구조재 제조업 외 1종,미등록
4840,대성기업사,부산광역시 강서구 공항로1309번길 198-6(대저1동),그 외 자동차용 신품 부품 제조업,미등록
4841,대성레이저,부산광역시 사상구 장인로20번길 15 (감전동),선박 구성 부분품 제조업,051-714-6991
4842,대성마린테크,"부산광역시 사하구 감천항로419번길 27, 2층 (구평동)",선박 구성 부분품 제조업,051-261-7933
4843,대성모터펌프,부산광역시 기장군 일광면 청원길 309,액체 펌프 제조업,051-525-9664
4844,대성몰드,"부산광역시 사상구 새벽로 9, C동 (학장동)",주형 및 금형 제조업,051-315-8271
4845,대성미디어,부산광역시 강서구 낙동북로138번길 8 (강동동),기타 음향기기 제조업,미등록
4846,대성방직(주),"부산광역시 금정구 공단로33번길 16 (금사동, 대성방직공업사(주))",모 방적업,051-522-6361
4847,대성방직(주),부산광역시 금정구 공단로 68-11 (금사동),모 방적업,051-522-6361
4848,대성벤딩,"부산광역시 동래구 온천천로381번길 16 (낙민동, 대성벤딩)",자동차용 금속 압형제품 제조업 외 1종,051-528-3391
4849,대성분체도장,"부산광역시 사상구 삼락천로 158 (덕포동, 대성분체)",도장 및 기타 피막처리업,051-303-9542
4850,대성사,"부산광역시 사상구 사상로433번길 45 (모라동, 대성사)",그 외 자동차용 신품 부품 제조업 외 3종,051-301-8204
4851,대성산업,"부산광역시 사하구 낙동남로1389번길 19 (하단동, 에덴태양)",그 외 기타 의복액세서리 제조업,051-294-9288
4852,대성산업,부산광역시 사하구 다대로300번길 19 (장림동),구조용 금속 판제품 및 공작물 제조업 외 3종,051-263-6488
4853,대성산업,부산광역시 영도구 해양로87번길 9 (청학동),그 외 기타 전기장비 제조업,051-412-3973
4854,대성산업,부산광역시 남구 황령대로 329-27 (대연동),"콘크리트 타일, 기와, 벽돌 및 블록 제조업 외 1종",051-625-8800
4855,대성산업사,부산광역시 기장군 정관면 달음산길 42 (총 2 필지),기어 및 동력전달장치 제조업,051-727-7549
4856,대성산업종합환경,부산광역시 강서구 녹산산단261로13번길 41 (송정동),"산업용 오븐, 노 및 노용 버너 제조업 외 1종",051-831-0002
4857,대성상사,부산광역시 강서구 미음국제5로마길 44(미음동),기타 가공 공작기계 제조업,미등록
4858,대성상사,"부산광역시 사상구 사상로 37 (주례동, 대성상사)",기어 및 동력전달장치 제조업 외 2종,051-328-2006
4859,대성선박의장공업사,부산광역시 영도구 해양로111번길 28 (청학동),선박 구성 부분품 제조업,051-415-6464
4860,대성스틸,부산광역시 강서구 맥도강변길 147 (대저2동),그 외 기타 금속가공업,051-971-2544
4861,대성스틸,부산광역시 강서구 가락대로210번길 52 (송정동) (총 2 필지),그 외 기타 1차 철강 제조업 외 1종,051-831-2301
4862,대성시험기,부산광역시 사상구 학장로135번길 24-20 (학장동),"물질 검사, 측정 및 분석기구 제조업",051-327-6397
4863,대성에코필,부산광역시 강서구 낙동북로126번길 5 (강동동),그 외 기타 특수목적용 기계 제조업 외 1종,051-971-9100
4864,대성엔지니어링,부산광역시 강서구 공항로339번길 59-14 (대저2동),"증류기, 열교환기 및 가스발생기 제조업",051-316-2013
4865,대성엔텍(주),부산광역시 강서구 화전산단2로134번길 32 (화전동),액체 펌프 제조업 외 10종,051-294-1366
4866,대성이노베이션,부산광역시 연제구 구락로153번길 76 (연산동),톱 및 호환성 공구 제조업,051-753-2586
4867,대성이엔지,부산광역시 사하구 구평로10번길 25 (구평동),금속 캔 및 기타 포장용기 제조업,051-262-3437
4868,대성인더스트리,부산광역시 사상구 학장로135번길 9(학장동),신발 부분품 제조업,051-311-0905
4869,대성전기,부산광역시 사상구 삼락천로 25 (삼락동),배전반 및 전기 자동제어반 제조업,051-898-0788
4870,대성정공,부산광역시 강서구 과학산단1로103번길 11 (지사동),절삭가공 및 유사처리업,051-972-1582
4871,대성정공,"부산광역시 사상구 가야대로176번길 36 (학장동, 대성정공)",그 외 기타 일반목적용 기계 제조업 외 1종,051-323-3577
4872,대성종합열처리  ,부산광역시 기장군 장안읍 반룡산단2로 46,그 외 자동차용 신품 부품 제조업 외 1종,051-303-1032
4873,대성중전기,부산광역시 강서구 녹산산단46로 17 (송정동),전동기 및 발전기 제조업 외 1종,051-832-1091
4874,대성초음파,"부산광역시 북구 중리로 74, (대성초음파건물)1층.2층 (만덕동)",그 외 기타 특수목적용 기계 제조업,미등록
4875,대성콤푸렛샤,"부산광역시 영도구 남항남로19번길 42,  1층 (남항동3가)",기체 펌프 및 압축기 제조업,051-412-7044
4876,대성테크,부산광역시 강서구 평강로 227-24 (대저1동),건설 및 채광용 기계장비 제조업,미등록
4877,대성테크,부산광역시 강서구 대저중앙로357번길 51 (대저1동),절삭가공 및 유사처리업,051-321-1550
4878,대성특수고무,"부산광역시 사상구 낙동대로1436번길 39, 2층 (삼락동)",고무패킹류 제조업 외 2종,051-304-2331
4879,대성판금 유한회사,부산광역시 사상구 낙동대로988번길 38(감전동),그 외 기타 분류 안된 금속 가공 제품 제조업 외 2종,미등록
4880,대성프라스틱,부산광역시 강서구 녹산산단262로50번길 28 (송정동),운송장비 조립용 플라스틱제품 제조업 외 5종,051-832-1384
4881,대성플랜텍,부산광역시 강서구 공항앞길85번길 29 (대저2동),기타 구조용 금속제품 제조업 외 2종,051-973-7893
4882,대성화학,부산광역시 강서구 호계로145번길 40-1 (죽동동),포장용 플라스틱 성형용기 제조업,미등록
4883,대성화학,부산광역시 금정구 동천로7번길 48-21 (회동동),운송장비 조립용 플라스틱제품 제조업 외 1종,051-722-3161
4884,대송테크,부산광역시 기장군 정관면 산단7로 99-6 ((주)대송테크),비금속류 해체 및 선별업 외 1종,051-728-4338
4885,대신,부산광역시 사하구 을숙도대로 559 (신평동),기타 신발 제조업,051-266-4441
4886,대신,부산광역시 사하구 장평로 204 (장림동),기타 신발 제조업,051-261-4441
4887,대신공업사,부산광역시 사하구 장평로 240 (신평동),내연기관 제조업,051-293-7781
4888,대신공업사,부산광역시 사하구 을숙도대로 877 (감천동) (총 2 필지),자동차 엔진용 신품 부품 제조업 외 1종,051-202-4664
4889,대신금속,부산광역시 강서구 낙동북로125번길 96-1 (강동동),"탭, 밸브 및 유사장치 제조업 외 3종",051-973-0115
4890,대신금속,부산광역시 사상구 낙동대로1330번길 56 (삼락동),도금업,051-301-6301
4891,대신금속,부산광역시 사상구 낙동대로 1402 (삼락동),기타 비철금속 주조업,051-301-8903
4892,대신네트웍스(주),"부산광역시 연제구 월드컵대로 62, 5층 (연산동)",유선 통신장비 제조업 외 1종,051-466-8282
4893,대신산업,부산광역시 강서구 호계로103번길 5 (죽동동),어망 및 기타 끈 가공품 제조업,051-972-5086
4894,대신식품,부산광역시 강서구 상덕로97번길 109 (강동동),과자류 및 코코아 제품 제조업,051-972-7579
4895,대신인더스,부산광역시 사하구 장평로 204 (장림동),기타 신발 제조업,055-323-4441
4896,대신정밀,부산광역시 사하구 장림번영로104번길 81 (장림동),운송장비 조립용 플라스틱제품 제조업 외 1종,051-261-9996
4897,대신코엔텍,부산광역시 강서구 녹산산단290로 27-14 (송정동),도장 및 기타 피막처리업,051-941-0828
4898,대신판금,"부산광역시 사하구 장평로138번길 24, 1층 (장림동)",구조용 금속 판제품 및 공작물 제조업,051-263-9456
4899,대신판지,부산광역시 강서구 녹산산단407로 23 (송정동),골판지 제조업 외 1종,051-831-0193
4900,대아공업사,부산광역시 강서구 금호순서길 220 (대저2동),선박 구성 부분품 제조업,미등록
4901,대아식품,부산광역시 강서구 식만로259번길 52 (식만동),"면류, 마카로니 및 유사식품 제조업 외 1종",051-335-1109
4902,대아엠에스,"부산광역시 사상구 사상로333번길 45 (덕포동, 대아씨엔에스)",선박 구성 부분품 제조업 외 9종,051-301-8430
4903,대아정밀,부산광역시 강서구 체육공원로6번길 211 (대저1동),주형 및 금형 제조업,051-941-3903
4904,대아철강상사,부산광역시 사상구 장인로37번길 13-21 (감전동),그 외 기타 금속가공업,051-315-5565
4905,대아테크,부산광역시 강서구 미음산단4로 7 (미음동),선박 구성 부분품 제조업,051-973-2595
4906,대암전기,부산광역시 강서구 금호순서길89번가길 46 (대저2동),전동기 및 발전기 제조업,051-312-0155
4907,대암전기,부산광역시 강서구 미음국제3로 111 (미음동),전동기 및 발전기 제조업,051-312-0155
4908,대양기계,"부산광역시 금정구 공단서로8번길 25-7 (금사동, 대양기계)",어망 및 기타 끈 가공품 제조업,051-523-5352
4909,대양기업주식회사,"부산광역시 기장군 정관읍 용수공단2길 19-37, 대양기업주식회사",자동차용 금속 압형제품 제조업,051-783-2165
4910,대양기전주식회사,부산광역시 해운대구 송정2로13번길 47-1 (송정동),가정용 및 산업용 공기 조화장치 제조업 외 1종,051-714-0817
4911,대양냉동엔지니어링,부산광역시 영도구 대평남로31번길 3 (대평동1가),산업용 냉장 및 냉동 장비 제조업,051-412-4008
4912,대양레이저,부산광역시 사상구 새벽로17번길 54 (학장동),그 외 기타 1차 철강 제조업,051-302-0064
4913,대양방제,부산광역시 강서구 낙동북로126번길 40 (강동동),분사기 및 소화기 제조업,051-743-1652
4914,대양식품,부산광역시 사하구 다산로 272 (장림동),"수산동물 훈제, 조리 및 유사 조제식품 제조업",미등록
4915,대양식품,부산광역시 사하구 사하로68번길 25 (구평동),김치류 제조업 외 1종,051-262-4622
4916,대양엔베텍(주),부산광역시 사상구 낙동대로943번길 149 (감전동),운송장비 조립용 플라스틱제품 제조업 외 1종,051-325-5151
4917,대양엔지니어링,부산광역시 사상구 장인로37번길 47-13 (감전동),절삭가공 및 유사처리업,051-312-5121
4918,대양잠수,부산광역시 영도구 한사랑길 94 (영선동1가),고무 의류 및 기타 위생용 비경화 고무제품 제조업,051-417-3992
4919,대양전기공업(주),부산광역시 강서구 녹산산단261로14번길 45-16 (송정동),유선 통신장비 제조업 외 12종,051-200-5331
4920,대양전기공업(주),"부산광역시 사하구 장평로 245, 502번지 504번지 (신평동)",안전유리 제조업 외 30종,051-200-5312
4921,대양정공(주),부산광역시 기장군 장안읍 명례산단4로 65-13,그 외 기타 1차 철강 제조업 외 3종,051-724-0090
4922,대양종합인테리어,부산광역시 강서구 대저중앙로393번길 141 (대저1동),목재문 및 관련제품 제조업,051-973-4551
4923,대양테크,부산광역시 기장군 정관면 산단5로 100-136 (대양테크),자동차 차체용 신품 부품 제조업 외 1종,051-728-7463
4924,대영E.D.M,부산광역시 강서구 제도로1175번길 56-40 (강동동),주형 및 금형 제조업,051-973-1775
4925,대영ENG,부산광역시 강서구 미음산단2로24번길 41 (구랑동),절삭가공 및 유사처리업,미등록
4926,대영공업사,부산광역시 강서구 대저중앙로277번길 75-14 (대저1동),금속 스프링 제조업,미등록
4927,대영공업사,부산광역시 강서구 대저중앙로286번길 141-2 (대저1동),그 외 기타 플라스틱 제품 제조업,051-317-4970
4928,대영공업사,"부산광역시 사상구 낙동대로1446번길 47 (삼락동, 대영정밀)",주형 및 금형 제조업,051-305-0705
4929,대영공업사,"부산광역시 사상구 대동로 238 (학장동, 대영공업사)",철강선 제조업,051-315-3631
4930,대영공업사,부산광역시 강서구 미음국제5로나길 17 (미음동),기타 가공 공작기계 제조업,051-973-4104
4931,대영금속(주),부산광역시 사상구 대동로239번길 47 (학장동),"도금, 착색 및 기타 표면처리강재 제조업",051-315-3958
4932,대영금속(주),부산광역시 강서구 녹산산업북로 33 (송정동),그 외 기타 금속가공업,051-315-3956
4933,대영밸브,부산광역시 강서구 녹산산단382로 53(송정동),"탭, 밸브 및 유사장치 제조업",051-971-2531
4934,대영산업,부산광역시 강서구 미음국제5로마길 45(미음동),그 외 기타 일반목적용 기계 제조업,051-973-2031
4935,대영솔루션ENG,부산광역시 강서구 공항앞길85번길 101-2 (대저2동),방사선 장치 제조업 외 7종,051-971-3500
4936,대영에어콘,부산광역시 강서구 공항로 401 (대저2동),가정용 및 산업용 공기 조화장치 제조업 외 1종,051-973-8247
4937,대영전기,"부산광역시 사상구 낙동대로 992-1 (감전동, 대영전기직영조명)",일반용 전기 조명장치 제조업,051-303-1831
4938,대영정공(주),부산광역시 사상구 사상로393번길 56 (덕포동),그 외 기타 분류 안된 금속 가공 제품 제조업 외 1종,070-7015-7505
4939,대영정공주식회사2,"부산광역시 사상구 사상로355번길 68 (덕포동, (주)황보산업)",그 외 기타 분류 안된 금속 가공 제품 제조업 외 1종,070-7015-7718
4940,대영정밀,부산광역시 사상구 낙동대로1390번길 62 (삼락동),자동차용 신품 동력전달장치 제조업 외 1종,051-302-6308
4941,대영조명&애드컴,부산광역시 사상구 낙동대로 992-1(감전동),금속 표시판 제조업 외 1종,051-303-1831
4942,대영특수강,부산광역시 사상구 삼덕로45번길 54 (덕포동),그 외 기타 1차 철강 제조업,051-304-0062
4943,대영특수금속,부산광역시 강서구 녹산산단17로 142 (송정동),주형 및 금형 제조업 외 1종,051-831-0549
4944,대영화학기계공업사,부산광역시 사하구 다산로53번길 27 (다대동),기타 가공 공작기계 제조업,051-264-5600
4945,대왕기업,"부산광역시 수영구 수영로582번길 19, 2층, 3층(광안동, 대왕빌딩)",셔츠 및 블라우스 제조업 외 9종,미등록
4946,대용정밀,부산광역시 사상구 학감대로177번길 32 (학장동),기타 가공 공작기계 제조업 외 3종,051-312-4865
4947,대우금속(주),부산광역시 사상구 새벽로 53-30(학장동),"탭, 밸브 및 유사장치 제조업 외 1종",051-312-6973
4948,대우금속(주),"부산광역시 사상구 새벽로 53-30 (학장동, 대우금속)","탭, 밸브 및 유사장치 제조업",051-312-6973
4949,대우금속공업사,부산광역시 사하구 다산로225번길 12 (장림동),도금업,051-264-1136
4950,대우기전,"부산광역시 사상구 학장로317번길 31 (주례동, 대우기전)",전동기 및 발전기 제조업,051-317-0846
4951,대우아이콘,부산광역시 사상구 학장로135번길 122 (학장동),사무용 기계 및 장비 제조업,051-863-3277
4952,대우엔텍,부산광역시 사상구 장인로20번길 47-5 (감전동),그 외 기타 특수목적용 기계 제조업,051-322-6500
4953,대우유니폼,"부산광역시 남구 자성로 147 (문현동, 대우유니폼)","근무복, 작업복 및 유사의복 제조업 외 2종",051-644-1500
4954,대우정공,부산광역시 사하구 장평로190번길 17 (장림동),폴리스티렌 발포 성형제품 제조업 외 5종,051-261-7913
4955,대우정공,부산광역시 사하구 장평로190번길 10-1 (장림동),합성수지 및 기타 플라스틱 물질 제조업 외 1종,051-261-7913
4956,대우정밀,부산광역시 사하구 다대로170번길 29 (신평동),그 외 기타 분류 안된 금속 가공 제품 제조업,미등록
4957,대우제약(주),부산광역시 사하구 다대로 153 (신평동),생물 의약품 제조업 외 1종,051-204-3831
4958,대우포장공업사,부산광역시 사하구 다대로1066번길 64-9 (장림동),판지 상자 및 용기 제조업,051-264-3995
4959,대운금속,부산광역시 강서구 미음산단로199번길 23 (미음동),그 외 기타 1차 철강 제조업,미등록
4960,대운기계공업,부산광역시 강서구 미음산단2로16번길 9 (구랑동),절삭가공 및 유사처리업,051-832-0612
4961,대운기업 ,부산광역시 강서구 녹산산단27로 47 (송정동),선박 구성 부분품 제조업 외 1종,051-973-9141
4962,대운산업,부산광역시 강서구 녹산산업중로 88 (송정동),절삭가공 및 유사처리업,051-973-7574
4963,대운산업,부산광역시 사상구 낙동대로1384번길 34 (삼락동),기관차 및 기타 철도차량 제조업 외 9종,051-301-4635
4964,대운선박써비스,부산광역시 영도구 남항서로 78-1 (남항동3가),선박 구성 부분품 제조업,051-415-3155
4965,대운선박써비스,부산광역시 영도구 대평로28번길 13-4 (대평동1가),선박 구성 부분품 제조업,051-415-3155
4966,대운엔텍,부산광역시 사하구 을숙도대로755번길 15-2 (구평동),선박 구성 부분품 제조업,051-414-1310
4967,대운엔텍,부산광역시 강서구 가락대로1303번길 57-1 (봉림동),절삭가공 및 유사처리업,미등록
4968,대운엔텍,부산광역시 영도구 해양로 24-11 (청학동),선박 구성 부분품 제조업,051-414-1310
4969,대운화학(주),부산광역시 강서구 녹산산단382로14번길 43 (송정동),계면활성제 제조업,051-264-4795
4970,대웅,부산광역시 강서구 유통단지1로132번길 20 (대저2동),주형 및 금형 제조업 외 2종,051-941-6387
4971,대웅금속,부산광역시 사상구 가야대로 121 (감전동),낚시 및 수렵용구 제조업 외 1종,051-312-8535
4972,대웅기계,부산광역시 사상구 낙동대로1446번길 7 (삼락동),그 외 자동차용 신품 부품 제조업 외 3종,051-303-4244
4973,대웅선박,부산광역시 영도구 남항서로 71 (남항동3가),강선 건조업 외 1종,051-417-0702
4974,대웅전기,부산광역시 사하구 원양로 391(감천동),선박 구성 부분품 제조업 외 1종,051-294-8438
4975,대원,"부산광역시 연제구 중앙대로1149번길 14,  1층 (연산동)",간판 및 광고물 제조업,051-816-2285
4976,대원ENG,"부산광역시 강서구 녹산화전로 23, B동 5호 (송정동)",절삭가공 및 유사처리업,미등록
4977,대원그린텍(주),부산광역시 강서구 녹산산단382로59번길 21 (송정동),목재 깔판류 및 기타 적재판 제조업 외 1종,051-831-0660
4978,대원금속,"부산광역시 사상구 학장로169번길 34-9 (학장동, 대원금속)",기타 신발 제조업 외 2종,051-316-5596
4979,대원금속공업(주),부산광역시 강서구 녹산산단261로39번길 24 (송정동),도금업 외 1종,051-831-2541
4980,대원기업사,"부산광역시 영도구 남항남로9번길 15,  (일부) (남항동3가)",선박 구성 부분품 제조업,051-412-7708
4981,대원볼트,부산광역시 강서구 미음국제5로라길 35 (미음동),그 외 기타 특수목적용 기계 제조업,051-831-4004
4982,대원산업기계 주식회사,부산광역시 강서구 미음국제5로나길 22(미음동),산업용 냉장 및 냉동 장비 제조업,미등록
4983,대원산전(주),부산광역시 강서구 공항앞길 105 (대저2동),배전반 및 전기 자동제어반 제조업 외 2종,051-312-3471
4984,대원수산(주),부산광역시 강서구 녹산산단362로 35 (송정동),수산동물 건조 및 염장품 제조업 외 1종,051-941-5799
4985,대원엔지니어링,"부산광역시 영도구 남항서로 6-20 (남항동3가, 경남선박공장)",선박 구성 부분품 제조업,051-416-2483
4986,대원엔지니어링,"부산광역시 연제구 월드컵대로 251 (거제동, 대원빌딩)",가정용 및 산업용 공기 조화장치 제조업 외 2종,051-502-2434
4987,대원이엔지,"부산광역시 사하구 신산로 120, 5층 517호 (신평동)",배전반 및 전기 자동제어반 제조업,미등록
4988,대원정기,부산광역시 강서구 낙동북로102번길 57-2 (강동동),자동차 차체용 신품 부품 제조업 외 2종,051-302-0021
4989,대원정밀,부산광역시 강서구 미음산단3로 137 (미음동),그 외 기타 금속가공업,미등록
4990,대원정밀,"부산광역시 사상구 낙동대로1404번길 28 (삼락동, 대원정밀)",주형 및 금형 제조업,051-301-1538
4991,대원정밀금형,"부산광역시 사상구 사상로367번길 22 (덕포동, 대원정밀)",주형 및 금형 제조업,051-304-3604
4992,대원종합발전기,부산광역시 영도구 해양로 28 (청학동),전동기 및 발전기 제조업,051-413-6777
4993,대원중공업(주),부산광역시 강서구 미음산단3로 76 (미음동),선박 구성 부분품 제조업 외 1종,051-831-5215
4994,대원프라스틱공업사,부산광역시 강서구 녹산산단381로12번길 13-23 (송정동),그 외 기타 플라스틱 제품 제조업 외 2종,051-831-0277
4995,대원필터 ,부산광역시 기장군 정관읍 산단7로 8-20,기체 여과기 제조업,051-361-7971
4996,대원해수얼음,부산광역시 사하구 감천항로405번길 115(구평동),얼음 제조업,051-246-9110
4997,대원화이바,부산광역시 사하구 장평로132번길 25 (장림동),세폭직물 제조업 외 4종,051-263-6900
4998,대유실업,"부산광역시 금정구 개좌로 63-1, 부산광역시 금정구 개좌로 63-1(금사동)",그 외 기타 분류 안된 섬유제품 제조업,미등록
4999,대은산기,부산광역시 강서구 낙동북로138번길 37 (강동동),"탭, 밸브 및 유사장치 제조업",051-302-8506
5000,대은정보,"부산광역시 남구 석포로26번가길 24, 4층(감만동, 감만2동새마을금고)",방송장비 제조업,미등록
5001,대일LM,부산광역시 강서구 공항로1207번길 38 (대저1동),그 외 기타 분류 안된 금속 가공 제품 제조업,미등록
5002,대일기공,부산광역시 금정구 수원지로 10 (회동동),"증류기, 열교환기 및 가스발생기 제조업 외 1종",051-804-6843
5003,대일목재,부산광역시 강서구 녹산화전로 8 (송정동),일반 제재업,051-831-2227
5004,대일목재상사,부산광역시 강서구 녹산산업중로 421 (송정동),일반 제재업,051-831-5949
5005,대일산업사,부산광역시 사하구 다산로225번길 27 (장림동),도금업,051-264-0610
5006,대일엔지니어링,부산광역시 강서구 낙동북로73번가길 78 (강동동),"산업용 오븐, 노 및 노용 버너 제조업 외 1종",070-7503-4389
5007,대일엔텍,부산광역시 강서구 녹산산업북로 241 (송정동),수상 금속 골조 구조재 제조업,051-831-0388
5008,대일지기공업사,부산광역시 사하구 장림번영로104번길 28 (장림동),골판지 제조업 외 1종,051-266-1782
5009,대일테크   ,부산광역시 기장군 장안읍 반룡산단2로 50,그 외 자동차용 신품 부품 제조업,051-532-9019
5010,대일화학공업사,부산광역시 사하구 두송로 61 (장림동),부직포 및 펠트 제조업 외 5종,051-263-5544
5011,대저농업협동조합,부산광역시 강서구 공항로533번길 337 (대저2동),복합비료 및 기타 화학비료 제조업 외 1종,051-972-4157
5012,대저정미소,부산광역시 강서구 봉림길203번길 213 (봉림동),곡물 도정업,051-971-3650
5013,대저주방,부산광역시 강서구 금호순서길 69-10 (대저2동),음ㆍ식료품 및 담배 가공기계 제조업 외 3종,051-941-5611
5014,대전공조,부산광역시 강서구 맥도강변길 190 (대저2동),"증류기, 열교환기 및 가스발생기 제조업",051-941-2615
5015,대정고무공업사,부산광역시 강서구 낙동북로102번가길 29 (강동동),고무패킹류 제조업,051-972-1445
5016,대정라벨,부산광역시 강서구 제도로 1187-7 (강동동),세폭직물 제조업,051-897-0851
5017,대정산업,부산광역시 강서구 녹산산단408로 8 (송정동),연사 및 가공사 제조업,051-832-1348
5018,대정테크,부산광역시 사하구 하신중앙로 44-9 (장림동),절삭가공 및 유사처리업,051-264-7770
5019,대종,부산광역시 사상구 낙동대로882번길 39 (감전동),구두류 제조업 외 2종,051-315-1858
5020,대중특수강(주),부산광역시 강서구 녹산산단261로73번길 37 (송정동),그 외 기타 1차 철강 제조업 외 1종,051-831-1133
5021,대지산업,부산광역시 사상구 감전천로 182(학장동),그 외 기타 분류 안된 금속 가공 제품 제조업,051-327-8724
5022,대지산업기계,"부산광역시 사상구 모라로6번길 13-16 (삼락동, 대진산업기계)",그 외 기타 일반목적용 기계 제조업 외 1종,051-303-0435
5023,대진공업,부산광역시 강서구 가리새1로17번길 25 (생곡동),기어 및 동력전달장치 제조업,051-831-4536
5024,대진공업사,부산광역시 연제구 온천천남로4번길 3 (연산동),구조용 금속 판제품 및 공작물 제조업,051-852-8266
5025,대진공영,부산광역시 기장군 장안읍 장안산단로 190-13,기타 구조용 금속제품 제조업,미등록
5026,대진금속,"부산광역시 사상구 낙동대로1446번길 48 (삼락동, 대창철강) (총 2 필지)",그 외 자동차용 신품 부품 제조업 외 3종,051-303-9686
5027,대진기계,부산광역시 강서구 녹산산단381로 39(송정동),액체 여과기 제조업,미등록
5028,대진기계(주),"부산광역시 사상구 낙동대로 1238 (삼락동, 대진기계(주))",금속 절삭기계 제조업,051-302-5300
5029,대진기계사,부산광역시 사하구 신산로 180(신평동),기타 일반 기계 및 장비 수리업 외 2종,051-266-1504
5030,대진기공,부산광역시 사하구 하신중앙로27번길 11 (장림동),디지털 적층 성형기계 제조업 외 2종,051-262-0985
5031,대진기업,부산광역시 사상구 대동로239번길 51 (학장동),배전반 및 전기 자동제어반 제조업,051-317-2395
5032,대진단조(주),부산광역시 강서구 미음산단로 425 (미음동),금속 단조제품 제조업,051-303-0633
5033,대진문화사,"부산광역시 금정구 오륜대로 45, 진주타워 101호 (부곡동)",경 인쇄업,051-518-9480
5034,대진산업,부산광역시 사상구 새벽로121번길 21 (감전동),무기 및 총포탄 제조업,051-313-4521
5035,대진산업,부산광역시 강서구 대저중앙로347번길 44 (대저1동),주형 및 금형 제조업,051-971-1900
5036,대진산업,부산광역시 영도구 남항남로 19 (남항동3가),선박 구성 부분품 제조업,051-416-5544
5037,대진산업사,부산광역시 강서구 녹산산업중로167번길 24-1 (송정동),주형 및 금형 제조업,051-831-2509
5038,대진엔지니어링   ,부산광역시 기장군 정관읍 산단4로 54,금속 열처리업 외 3종,051-973-7211
5039,대진연사,부산광역시 기장군 기장읍 차성로397번길 6 (대진연사),연사 및 가공사 제조업,051-722-4608
5040,대진전자통신(주),부산광역시 부산진구 전포대로256번길 20-4 (전포동),유선 통신장비 제조업 외 12종,051-807-5859
5041,대진정공,부산광역시 강서구 신호산단1로 220-9 (신호동),절삭가공 및 유사처리업,미등록
5042,대진정공,"부산광역시 사상구 낙동대로1452번길 54 (삼락동, 진흥정밀)",그 외 기타 분류 안된 금속 가공 제품 제조업 외 1종,051-301-4421
5043,대진정기(주),부산광역시 사상구 사상로368번길 28 (덕포동),"탭, 밸브 및 유사장치 제조업 외 8종",051-303-7420
5044,대진정기(주),"부산광역시 사상구 사상로368번길 25 (덕포동, 대진정기)","탭, 밸브 및 유사장치 제조업",051-303-7420
5045,대진정밀공업사,부산광역시 사상구 사상로440번길 8 (모라동),선박 구성 부분품 제조업,051-326-0637
5046,대진정밀금형사,부산광역시 사상구 모덕로67번길 135 (모라동),주형 및 금형 제조업 외 14종,051-301-1421
5047,대진철강,부산광역시 강서구 공항로361번가길 69 (대저2동),육상 금속 골조 구조재 제조업 외 1종,미등록
5048,대진테크,부산광역시 강서구 평강로193번길 21-12 (대저1동),무기 및 총포탄 제조업 외 5종,051-305-6177
5049,대진해양,부산광역시 기장군 정관면 산단7로 7-65,그 외 기타 달리 분류되지 않은 제품 제조업 외 1종,051-752-4556
5050,대창강건(주),부산광역시 강서구 녹산산단290로 37 (송정동),육상 금속 골조 구조재 제조업 외 1종,051-831-0708
5051,대창금망,부산광역시 부산진구 범전로33번길 16 (범전동),금속선 가공제품 제조업 외 1종,051-805-4599
5052,대창금망   ,부산광역시 기장군 장안읍 에코산단2로 66,선박 구성 부분품 제조업,051-805-4599
5053,대창기계공업사,부산광역시 사하구 다산로 153 (다대동),선박 구성 부분품 제조업 외 2종,051-264-1712
5054,대창엔지니어링,부산광역시 사하구 다산로105번길 20 (다대동),기타 기관 및 터빈 제조업,미등록
5055,대창정공,"부산광역시 사상구 낙동대로1446번길 46 (삼락동, 대창2공장)",선박 구성 부분품 제조업 외 1종,051-319-3510
5056,대창정밀,"부산광역시 부산진구 신암로 111, 1층일부 (범천동)",날붙이 제조업,051-643-1589
5057,대창철강,부산광역시 사상구 낙동대로 873(감전동),그 외 기타 금속가공업,051-315-6593
5058,대창철강,"부산광역시 사상구 새벽로 83 (학장동, 대창철강)",선박 구성 부분품 제조업,051-311-1364
5059,대창테크(주),부산광역시 강서구 과학산단로 491 (지사동),속도계 및 적산계기 제조업,051-916-1000
5060,대창하이텍,부산광역시 강서구 맥도강변길 862-7 (대저2동),운송장비 조립용 플라스틱제품 제조업 외 1종,051-971-3933
5061,대창하이텍,부산광역시 강서구 맥도강변길 862-9 (대저2동),운송장비 조립용 플라스틱제품 제조업 외 1종,051-971-3933
5062,대통화학공업사,부산광역시 사하구 장평로190번길 11 (장림동),"플라스틱 포대, 봉투 및 유사제품 제조업 외 2종",051-261-5801
5063,대평조기 엔지니어링,부산광역시 영도구 남항서로92번길 23 (남항동2가),선박 구성 부분품 제조업,051-418-0505
5064,대풍무역,부산광역시 강서구 녹산산업중로 51-12 (송정동),운송장비 조립용 플라스틱제품 제조업 외 1종,051-728-3138
5065,대하정밀공업사,부산광역시 사상구 모덕로102번길 8 (덕포동),기타 가공 공작기계 제조업,051-301-5346
5066,대한E.N.G,부산광역시 강서구 낙동북로102번가길 28 (강동동),그 외 기타 금속가공업,051-302-2298
5067,대한ENG,부산광역시 영도구 대평로 57 (대평동2가),선박 구성 부분품 제조업,051-465-6003
5068,대한개발공사(주),부산광역시 강서구 공작길 8-22 (강동동),"금속 문, 창, 셔터 및 관련제품 제조업 외 4종",051-852-3225
5069,대한개발공사(주),부산광역시 강서구 공항로339번길 137-5 (대저2동),"금속 문, 창, 셔터 및 관련제품 제조업 외 19종",051-831-8840
5070,대한공업사,부산광역시 강서구 녹산산단289로 69 (송정동),자동차용 금속 압형제품 제조업 외 1종,051-831-2935
5071,대한공영   ,부산광역시 기장군 정관읍 농공길 94,"금속 문, 창, 셔터 및 관련제품 제조업",051-727-5365
5072,"대한교구,대한OA",부산광역시 강서구 대저로 140-1 (대저1동),기타 목재가구 제조업,051-971-0031
5073,대한글로벌개발주식회사,부산광역시 강서구 대저중앙로357번길 26 (대저1동),구조용 금속 판제품 및 공작물 제조업 외 2종,051-941-2931
5074,대한금속,"부산광역시 사상구 낙동대로1356번길 36 (삼락동, 대한금속)",금속 열처리업,051-301-8445
5075,대한기계금속,부산광역시 강서구 녹산산단382로49번길 46 (송정동),절삭가공 및 유사처리업,051-972-0562
5076,대한기술개발(주),부산광역시 사상구 모덕로96번길 87 (덕포동),"박판, 합판 및 유사 적층판 제조업 외 12종",051-831-8840
5077,대한기술개발(주),부산광역시 강서구 공작길 8-22 (강동동),"금속 문, 창, 셔터 및 관련제품 제조업 외 4종",051-831-8840
5078,대한기전,부산광역시 강서구 낙동북로43번길 38-7 (강동동),배전반 및 전기 자동제어반 제조업,051-317-0475
5079,대한네트웍스(주),부산광역시 강서구 녹산산업북로 326 (송정동),그 외 기타 1차 철강 제조업,051-442-1108
5080,대한명판,부산광역시 사상구 학장로317번길 6 (주례동),기타 인쇄업 외 2종,051-328-7757
5081,대한산업,부산광역시 강서구 녹산산단290로 27-10 (송정동),기타 기초 무기 화학물질 제조업 외 2종,051-831-9071
5082,대한산업,"부산광역시 사상구 새벽로77번길 50 (학장동, 파워텍(주))",선박 구성 부분품 제조업,051-317-6686
5083,대한산업(주)부산공장,"부산광역시 사상구 학장로135번길 15 (학장동, 대한산업)",고무패킹류 제조업 외 1종,051-323-8811
5084,대한산업기계제작소,부산광역시 사하구 다산로175번길 29 (다대동),그 외 기타 분류 안된 금속 가공 제품 제조업 외 1종,051-262-6862
5085,대한상사,부산광역시 강서구 대부길 80-20 (강동동),"산업용 섬유 세척, 염색, 정리 및 가공 기계 제조업",051-941-4221
5086,대한상사,"부산광역시 사상구 낙동대로1348번길 45 (삼락동, 대한상사)",신발 부분품 제조업,051-304-0203
5087,대한상선(주),부산광역시 강서구 녹산산단27로 33 (송정동),절삭가공 및 유사처리업,051-831-1406
5088,대한솔루션,부산광역시 사상구 낙동대로1404번길 61 (삼락동),선박 구성 부분품 제조업 외 1종,051-711-2030
5089,대한열력공업(주),부산광역시 사상구 장인로17번길 13 (감전동),"증류기, 열교환기 및 가스발생기 제조업",051-328-7556
5090,대한우드(주),부산광역시 강서구 가리새2로 12 (생곡동),선박 구성 부분품 제조업,055-339-5651
5091,대한전기,부산광역시 강서구 공작길 8-20 (강동동),그 외 기타 전자부품 제조업 외 1종,051-302-2580
5092,대한정밀,부산광역시 사하구 감천항로 369-1 (구평동),선박 구성 부분품 제조업,051-417-1033
5093,대한정수,"부산광역시 금정구 금샘로 557, 1층(남산동, 동림빌딩)",액체 여과기 제조업,051-518-4354
5094,대한제강(주),부산광역시 사하구 하신번영로 69 (신평동) (총 5 필지),열간 압연 및 압출 제품 제조업,051-220-3300
5095,대한제강(주),부산광역시 강서구 녹산산업북로 333 (송정동) (총 4 필지),제강업 외 2종,051-330-2424
5096,대한제분주식회사,"부산광역시 동구 충장대로 301 (좌천동, 대한제분주식회사)",곡물 제분업,051-630-8112
5097,대한진공성형 주식회사,부산광역시 강서구 식만로179번가길 45(식만동),포장용 플라스틱 성형용기 제조업,051-941-7029
5098,대한철강,"부산광역시 사상구 학장로 49 (학장동, 대한철강(주))","도금, 착색 및 기타 표면처리강재 제조업",051-312-5550
5099,대한철강(주),부산광역시 사상구 학장로 51 (학장동),"도금, 착색 및 기타 표면처리강재 제조업",051-312-5550
5100,대한철강상사,"부산광역시 사상구 학감대로221번길 58 (감전동, 태인정공)",그 외 기타 1차 철강 제조업,051-316-9208
5101,대한추리닝,부산광역시 사상구 사상로469번길 36 (모라동) 퀸커피숍,"근무복, 작업복 및 유사의복 제조업",051-302-5486
5102,대한카본(주),부산광역시 사하구 다산로 247 (장림동),도금업,051-264-8961
5103,대한테크,"부산광역시 사상구 모덕로108번길 56 (덕포동, 대한테크)",주형 및 금형 제조업,051-301-8563
5104,대한톱(A-one),부산광역시 강서구 대저중앙로348번길 8-13 (대저1동),톱 및 호환성 공구 제조업,051-301-3753
5105,대한특수용접엔지니어링,부산광역시 강서구 대저중앙로347번길 28 (대저1동),선박 구성 부분품 제조업 외 1종,051-305-5990
5106,대한특수인물,부산광역시 강서구 경전철로 231-1 (대저2동),절삭가공 및 유사처리업,051-301-1232
5107,대한폴리머,부산광역시 강서구 생곡산단로 29 (생곡동),혼성 및 재생 플라스틱 소재 물질 제조업,미등록
5108,대한풍력기계,부산광역시 사상구 하신번영로 446 (엄궁동),산업용 송풍기 및 배기장치 제조업,051-302-3885
5109,대한플라텍,부산광역시 강서구 공항앞길85번길 122-1 (대저2동),절삭가공 및 유사처리업,055-902-7448
5110,대한하이텍,"부산광역시 사상구 새벽로121번길 30 (감전동, 대한하이텍)",주형 및 금형 제조업 외 2종,051-313-1880
5111,대한합금공업사,부산광역시 강서구 둔치본리길 125-1 (봉림동),기체 펌프 및 압축기 제조업,051-971-0904
5112,대한화성,부산광역시 기장군 정관읍 산단7로 7-5,그 외 기타 플라스틱 제품 제조업 외 2종,051-728-3356
5113,대한화성산업(주),부산광역시 기장군 정관읍 정관상곡2길 33-48,합성수지 및 기타 플라스틱 물질 제조업,051-728-3356
5114,대한화성산업(주),부산광역시 기장군 정관읍 산단7로 7-5,그 외 기타 플라스틱 제품 제조업,051-728-3356
5115,대한화학공업사,"부산광역시 사상구 사상로402번길 26 (덕포동, 대진화학공업사)",석유화학계 기초 화학물질 제조업,051-303-7890
5116,대해보일러엔지니어링,부산광역시 영도구 남항서로92번길 41 (남항동2가),선박 구성 부분품 제조업,051-413-8481
5117,대헌프리텍(주),"부산광역시 사상구 학감대로237번길 50 (감전동, 대헌프리텍(주))",절삭가공 및 유사처리업,051-314-5950
5118,대현C&G,"부산광역시 강서구 공항로361번가길 68,  가동 (대저2동)","금속 문, 창, 셔터 및 관련제품 제조업",051-555-1434
5119,대현기업사,부산광역시 강서구 맥도길205번길 142-12 (대저2동),주형 및 금형 제조업,051-305-5335
5120,대현방식(주),부산광역시 사하구 감천항로429번길 32 (구평동),금속 단조제품 제조업 외 1종,051-266-6220
5121,대현인슐텍(주),"부산광역시 강서구 녹산화전로 23, 씨동 11호 (송정동)",선박 구성 부분품 제조업,051-971-7100
5122,대현정밀,"부산광역시 금정구 개좌로 103 (금사동, 대현정밀)",그 외 자동차용 신품 부품 제조업 외 3종,051-528-3716
5123,대현중자,부산광역시 강서구 평성길 5-12 (명지동),주형 및 금형 제조업,051-327-7411
5124,대현콘트롤,부산광역시 사상구 낙동대로1396번길 91 (삼락동),배전반 및 전기 자동제어반 제조업,051-313-0470
5125,대현테크,부산광역시 강서구 평강로171번길 259(대저1동),무기 및 총포탄 제조업 외 38종,051-831-9720
5126,대현테크,부산광역시 사하구 다대로300번길 8 (장림동),"금속 문, 창, 셔터 및 관련제품 제조업",051-206-6910
5127,대현테크,부산광역시 사하구 낙동남로 1347 (하단동),"금속 문, 창, 셔터 및 관련제품 제조업 외 1종",051-293-2458
5128,대현티엠에스,부산광역시 영도구 대평남로 68-1 (대평동2가),기타 일반 기계 및 장비 수리업 외 1종,051-403-4755
5129,대호기업,부산광역시 서구 남부민로10번길 25 (남부민동),기타 절연선 및 케이블 제조업,051-246-1726
5130,대호볼트,부산광역시 사상구 학장로248번길 21 (학장동),볼트 및 너트류 제조업,051-324-2653
5131,대호산업,부산광역시 사상구 장인로37번길 115-11 (감전동),도금업,051-322-8207
5132,대호수지,부산광역시 강서구 녹산산업중로 376 (송정동),비금속류 해체 및 선별업 외 1종,051-831-2731
5133,대호에프에이,"부산광역시 사상구 학감대로192번길 60-23 (학장동, 대호F.A)",선박 구성 부분품 제조업,051-327-1399
5134,대호전기,부산광역시 사상구 사상로439번길 67 (모라동),배전반 및 전기 자동제어반 제조업,051-974-0813
5135,대호정밀,부산광역시 사상구 학감대로 216-23 (감전동),그 외 자동차용 신품 부품 제조업 외 67종,051-327-1582
5136,대화목형,부산광역시 강서구 미음국제5로가길 27 (미음동),주형 및 금형 제조업,미등록
5137,대화산업,"부산광역시 사상구 가야대로104번길 17 (학장동, 우진플렌트)",포장용 플라스틱 성형용기 제조업,051-327-5667
5138,대화산업공업(주),부산광역시 사상구 가야대로104번길 47 (학장동),도금업 외 1종,051-316-6781
5139,대화엔지니어링,"부산광역시 영도구 남항남로9번길 56 (남항동2가, 국제선박(주)/대화엔지니어링)",선박 구성 부분품 제조업,051-254-4209
5140,대화쿨링,부산광역시 강서구 낙동북로73번가길 76 (강동동),가정용 및 산업용 공기 조화장치 제조업 외 1종,051-326-3321
5141,대화펌프,부산광역시 기장군 기장읍 청강로74번길 54,기체 펌프 및 압축기 제조업,051-722-8344
5142,대환금속,부산광역시 영도구 절영로19번길 60 (영선동1가),선박 구성 부분품 제조업,051-412-8349
5143,대훈,부산광역시 사상구 사상로385번길 63 (덕포동),안경 및 안경렌즈 제조업 외 2종,051-302-4500
5144,대훈ENG,부산광역시 강서구 제도로1041번길 509 (강동동),컨베이어장치 제조업 외 2종,051-323-8273
5145,대흥기계,"부산광역시 사상구 장인로20번길 76 (감전동, 대흥기계)",건설 및 채광용 기계장비 제조업,051-323-1516
5146,대흥기계,부산광역시 사상구 사상로349번길 29 (덕포동),기타 가공 공작기계 제조업,051-301-6806
5147,대흥기업,부산광역시 기장군 정관읍 산단4로 73,자동차 엔진용 신품 부품 제조업,051-522-8334
5148,대흥기업사,부산광역시 강서구 대저중앙로348번길 45 (대저1동),신발 부분품 제조업,051-322-3339
5149,대흥라바텍,"부산광역시 사상구 낙동대로 1354, 2동(삼락동, 영창레이저)",고무패킹류 제조업 외 2종,051-301-2693
5150,대흥시스텍주식회사,"부산광역시 사상구 낙동대로1404번길 69, 2, 3층(삼락동)",배전반 및 전기 자동제어반 제조업,051-324-9090
5151,대흥실업,부산광역시 강서구 대저중앙로348번길 32-1 (대저1동),"플라스틱 포대, 봉투 및 유사제품 제조업",미등록
5152,대흥엔지니어링,부산광역시 강서구 호계로79번길 46 (죽동동),육상 금속 골조 구조재 제조업,051-941-0795
5153,대흥연사,부산광역시 강서구 녹산산단382로 13-23 (송정동),연사 및 가공사 제조업,051-832-1125
5154,대흥정밀,부산광역시 사상구 모덕로96번길 68 (덕포동),선박 구성 부분품 제조업 외 26종,051-323-9488
5155,대흥정밀고무공업사,"부산광역시 사상구 모덕로107번길 17 (모라동, 대흥정밀)",기타 신발 제조업,051-301-5751
5156,대흥조선,부산광역시 사하구 감천항로405번길 29(구평동),강선 건조업 외 2종,051-266-0152
5157,대흥출판인쇄사,"부산광역시 중구 보수대로124번길 49, 101호 (보수동2가)",오프셋 인쇄업,051-466-6167
5158,댄포스코리아 주식회사,부산광역시 사하구 다대로170번길 49 (신평동) (총 4 필지),유압기기 제조업,051-220-1096
5159,댄포스코리아(주),부산광역시 기장군 장안읍 의과학1로 97,전자부품 실장기판 제조업,051-220-1003
5160,더(THE),"부산광역시 사상구 학감대로 106, 1층 (학장동)",구두류 제조업,051-714-2740
5161,더블유알씨(주),부산광역시 강서구 녹산산단165로14번길 11-14 (송정동),그 외 기타 분류 안된 화학제품 제조업 외 1종,02-780-5979
5162,더블유오씨.피엠(WOC.PM),"부산광역시 사하구 신산로 120, 9층 924호  (신평동)",그 외 기타 금속가공업,미등록
5163,더세이프티(주) 지사,부산광역시 강서구 녹산산업중로 23 (송정동),선박 구성 부분품 제조업,051-468-0119
5164,더센텀 주식회사,부산광역시 해운대구 송정1로8번길 14 (송정동),그 외 기타 전자부품 제조업,051-304-7550
5165,더에이치,부산광역시 강서구 대저중앙로357번길 33-1 (대저1동),주형 및 금형 제조업,미등록
5166,더원코퍼레이션,부산광역시 강서구 녹산산단261로39번길 2 (송정동),도금업,미등록
5167,더조은주방 ,부산광역시 기장군 장안읍 오리산단5로 48,일반철물 제조업,051-626-7253
5168,더존테크 창원볼트,부산광역시 사상구 낙동대로815번길 28-38 (감전동),도금업,051-316-2795
5169,더캔들샵,"부산광역시 수영구 망미배산로36번길 50, 1층상가 (망미동)",표면광택제 및 실내가향제 제조업,070-4210-0706
5170,더페이스,"부산광역시 북구 만덕3로16번길 1, 204호 더페이스(만덕동, 부산이노비즈센터)",금속 가구 제조업,02-1661-0593
5171,더휴서비스,부산광역시 사상구 모덕로 11 (삼락동),침구 및 관련제품 제조업 외 7종,ARS-1833-8786
5172,덕산기업,부산광역시 강서구 신호산단3로88번길 28 (신호동),자동차용 금속 압형제품 제조업 외 1종,051-832-1791
5173,덕산에테르씨티(주),부산광역시 강서구 녹산산단17로 113 (송정동),금속탱크 및 저장용기 제조업 외 3종,051-941-6470
5174,덕산창호,부산광역시 해운대구 해운대로 1086-1 (송정동),기타 건축용 플라스틱 조립제품 제조업,051-703-4706
5175,덕산철강(주),부산광역시 기장군 장안읍 오리 945-2,기타 1차 비철금속 제조업,미등록
5176,덕선산업,부산광역시 기장군 장안읍 선암길 8,육상 금속 골조 구조재 제조업 외 1종,미등록
5177,덕성산업,부산광역시 사하구 장평로195번길 102 (장림동),"플라스틱 포대, 봉투 및 유사제품 제조업",051-261-5547
5178,덕성산업,부산광역시 기장군 정관읍 산단4로 84 ((주)호승윈스피아),그 외 자동차용 신품 부품 제조업 외 3종,051-728-7209
5179,덕성이에이엠,부산광역시 강서구 범방3로 25 (범방동),그 외 자동차용 신품 부품 제조업 외 1종,051-972-8972
5180,덕성화학,"부산광역시 사상구 낙동대로1446번길 11 (삼락동, 혜명테크)",플라스틱 필름 제조업 외 1종,051-301-9186
5181,덕송전기공업사,부산광역시 강서구 맥도길585번길 75 (대저2동),기타 전기 변환장치 제조업 외 5종,051-941-7788
5182,덕우산업,"부산광역시 사상구 사상로393번길 68 (덕포동, 경호스텐)",그 외 기타 고무제품 제조업,051-301-6741
5183,덕우산업,부산광역시 기장군 장안읍 장안산단1로 12-9,기타 무선 통신장비 제조업,051-925-5737
5184,덕우수산,부산광역시 사하구 장평로15번길 30 (장림동),기타 수산동물 가공 및 저장 처리업,051-262-8655
5185,덕원,부산광역시 강서구 신포길39번길 14 (명지동),신발 부분품 제조업 외 1종,055-327-3772
5186,덕원엔지니어링,"부산광역시 영도구 해양로111번길 32, 1층(청학동)",선박 구성 부분품 제조업 외 1종,051-412-9993
5187,덕원엠테크,부산광역시 영도구 대평로46번길 3 (대평동2가),선박 구성 부분품 제조업,미등록
5188,덕원이엔지(ENG),"부산광역시 영도구 해양로117번길 2, 1층(청학동, (주)한스쉽핑)",선박 구성 부분품 제조업,051-415-1636
5189,덕융산업(주),부산광역시 강서구 가리새1로25번길 6 (미음동),육상 금속 골조 구조재 제조업,051-714-2317
5190,덕융산업(주),부산광역시 강서구 낙동남로549번길 34 (녹산동),절삭가공 및 유사처리업 외 2종,051-714-2317
5191,덕이수지,부산광역시 기장군 정관읍 용수공단1길 27,그 외 기타 금속가공업,미등록
5192,덕일상사,부산광역시 강서구 미음국제5로마길 18 (미음동) 덕일상사,산업용 송풍기 및 배기장치 제조업,미등록
5193,덕조산업,부산광역시 사상구 모덕로67번길 124  (모라동),주형 및 금형 제조업,051-896-5569
5194,덕창사,"부산광역시 사상구 낙동대로1428번길 49 (삼락동, 덕창사)",제판 및 조판업,051-301-7723
5195,덕천박스,부산광역시 강서구 가락대로1397번길 95 (봉림동),골판지 제조업 외 1종,051-972-1537
5196,덕포기계산업,부산광역시 강서구 미음국제5로다길 15(미음동),그 외 기타 특수목적용 기계 제조업,미등록
5197,데브그루커뮤니케이션즈,부산광역시 강서구 가달2로 68 (생곡동),기타 광학기기 및 사진기 제조업,02-713-1651
5198,데비콘,"부산광역시 강서구 녹산산단382로14번길 55, 212호 (송정동, 부산광역시 신발산업진흥센타)",기타 신발 제조업,051-941-2880
5199,데이워크시스템즈 주식회사,"부산광역시 사상구 대동로 303, 620호 (감전동, 부산디지털밸리아파트형공장)","물질 검사, 측정 및 분석기구 제조업",051-329-7050
5200,데크윈해양,부산광역시 영도구 해양로195번길 32 (동삼동),선박 구성 부분품 제조업,051-405-7890
5201,덴탈서치,부산광역시 사하구 하신중앙로3번길 10-2 (장림동),포장용 플라스틱 성형용기 제조업,051-261-2842
5202,도광산업포장,부산광역시 강서구 상덕로119번길 42 (강동동),"목재 포장용 상자, 드럼 및 유사용기 제조업",051-264-9317
5203,도균테크,"부산광역시 사상구 낙동대로1318번길 52(삼락동, 동양정밀)",무기 및 총포탄 제조업 외 57종,051-301-5821
5204,도도유통,부산광역시 강서구 과학산단1로103번길 34 (지사동),기타 신발 제조업,051-325-3306
5205,도디스(주)  ,부산광역시 기장군 장안읍 반룡산단2로 20,그 외 기타 달리 분류되지 않은 운송장비 제조업,051-925-6766
5206,도리정공,부산광역시 사하구 비봉로 65 (신평동),자동차 엔진용 신품 부품 제조업 외 1종,051-208-9400
5207,도림정밀,부산광역시 강서구 녹산산단262로50번길 28 (송정동),절삭가공 및 유사처리업 외 1종,051-831-8861
5208,도미노디자인,"부산광역시 사상구 새벽로 175, 1층, 2호(감전동)",경 인쇄업 외 1종,051-313-1141
5209,도서출판예문사,부산광역시 중구 동광길 176 (대창동2가),경 인쇄업 외 1종,051-469-3331
5210,도성정밀,부산광역시 강서구 낙동북로138번길 24 (강동동),"탭, 밸브 및 유사장치 제조업",051-327-0282
5211,도우산업(주),부산광역시 강서구 과학산단1로103번길 27 (지사동),선박 구성 부분품 제조업,051-711-0945
5212,도우산업(주),부산광역시 강서구 과학산단로369번길 20 (지사동),선박 구성 부분품 제조업,051-711-0941
5213,도원SC,부산광역시 강서구 화전산단5로14번길 12 (화전동),도장 및 기타 피막처리업,미등록
5214,도원산업,부산광역시 강서구 미음국제5로다길 39 (미음동),볼트 및 너트류 제조업,051-972-3995
5215,도원산업,부산광역시 강서구 제도로 1187-1 (강동동),운송장비 조립용 플라스틱제품 제조업 외 1종,051-971-8942
5216,도원전기,부산광역시 강서구 공항앞길85번길 91-4(대저2동),그 외 기타 금속가공업,051-717-3333
5217,도원전기,"부산광역시 영도구 대평로27번길 12, 1층(대평동1가)",선박 구성 부분품 제조업 외 1종,051-418-7900
5218,도원특수용접,"부산광역시 사상구 새벽로121번길 65, C동 (감전동)",그 외 기타 분류 안된 금속 가공 제품 제조업 외 2종,051-326-9923
5219,도윤산업,"부산광역시 사상구 새벽로 53-23 (학장동, 해동금속)",절삭가공 및 유사처리업 외 17종,051-722-8477
5220,도하테크,부산광역시 강서구 대저로3번길 52-15 (대저1동),"천막, 텐트 및 유사 제품 제조업 외 42종",051-303-5134
5221,도흥공업사,"부산광역시 사상구 학장로135번길 70 (학장동, 도흥금속)",선철주물 주조업,051-322-5058
5222,독일 보청기,"부산광역시 부산진구 중앙대로 722-2,  지하1층, 지상1층 (부전동)",치과기공물 제조업 외 2종,051-803-5588
5223,독일스타보청기(주),부산광역시 부산진구 중앙대로 724-1 (부전동),그 외 기타 의료용 기기 제조업,051-804-9999
5224,돈오화학(주)   ,부산광역시 기장군 장안읍 기룡리 1154-11번지,플라스틱 필름 제조업 외 2종,055-323-3504
5225,동건통상,"부산광역시 부산진구 전포대로275번길 20, 102동 110호,115호 (전포동, 서면롯데캐슬스카이)",액체 여과기 제조업 외 2종,051-818-7111
5226,동경ENG,"부산광역시 사하구 하신중앙로3번길 24, 2층 (장림동)",기타 일반 기계 및 장비 수리업,051-416-8957
5227,동경ENG,부산광역시 영도구 해양로182번길 13 (청학동),선박 구성 부분품 제조업,051-416-8957
5228,동경정밀,부산광역시 강서구 낙동북로43번길 38-28 (강동동),주형 및 금형 제조업,051-973-4214
5229,동경중공업(주),부산광역시 강서구 녹산산단381로40번길 15 (송정동),육상 금속 골조 구조재 제조업 외 1종,051-973-8718
5230,동경철강(주),부산광역시 강서구 가달2로55번길 6 (생곡동),철강선 제조업 외 1종,051-831-2981
5231,동경철강(주),부산광역시 강서구 가달2로 52 (생곡동),금속선 가공제품 제조업 외 4종,051-831-2981
5232,동관산업,부산광역시 강서구 제도로1092번가길 52 (강동동),자동차 엔진용 신품 부품 제조업 외 2종,미등록
5233,동광기계,부산광역시 강서구 녹산산업북로 283 (송정동),컨베이어장치 제조업 외 1종,051-831-5531
5234,동광기업사,부산광역시 사하구 다산로226번길 9 (장림동),도금업,051-264-6166
5235,동광산업,부산광역시 기장군 정관읍 곰내길 654-58,기타 1차 비철금속 제조업,미등록
5236,동광선재(주),부산광역시 사하구 다대로170번길 85 (신평동),철강선 제조업 외 7종,051-205-5177
5237,동광엔지니어링,부산광역시 강서구 녹산산업중로 191-8 (송정동),인쇄회로기판용 적층판 제조업 외 2종,051-207-8525
5238,동광정공,부산광역시 강서구 체육공원로52번길 84 (대저1동),그 외 기타 특수목적용 기계 제조업 외 1종,051-328-3256
5239,동광정밀,"부산광역시 강서구 체육공원로52번길 94, 공장동 1층 (대저1동)",무기 및 총포탄 제조업 외 44종,051-301-0812
5240,동광종합철재,부산광역시 사상구 가야대로 124 (학장동),그 외 기타 1차 철강 제조업,051-325-1480
5241,동광화학공업사,부산광역시 사하구 신산북로 21 (신평동),비주거용 건물 임대업,051-204-2621
5242,동구방열,부산광역시 강서구 녹산산단27로 41 (송정동),산업용 난방보일러 및 방열기 제조업 외 7종,051-832-0081
5243,동국ENG,부산광역시 강서구 제도로1041번다길 14-3 (강동동),자동차용 금속 압형제품 제조업 외 1종,051-971-0702
5244,동국금망공업사,부산광역시 강서구 녹산산단261로60번길 8 (송정동),자동차용 금속 압형제품 제조업 외 2종,051-831-1881
5245,동국기계,부산광역시 사상구 새벽로215번길 8 (괘법동),기타 가공 공작기계 제조업,051-313-6712
5246,동국씨엠(주) 부산공장,부산광역시 남구 신선로 102 (감만동),냉간 압연 및 압출 제품 제조업 외 4종,051-640-5123
5247,동국중전기(주),부산광역시 강서구 녹산산단46로 21 (송정동),육상 금속 골조 구조재 제조업 외 5종,051-831-7135
5248,동국통신(주),부산광역시 강서구 체육공원로6번길 211 (대저1동),방송장비 제조업,070-4404-5559
5249,동균알앤티,부산광역시 영도구 대평로6번길 10-4 (남항동1가),"증류기, 열교환기 및 가스발생기 제조업",051-415-3037
5250,동근산업,부산광역시 강서구 미음국제5로가길 25(미음동),주형 및 금형 제조업,055-941-8712
5251,동남SPG,부산광역시 강서구 화전산단2로 94 (화전동),그 외 기타 일반목적용 기계 제조업 외 1종,051-305-9391
5252,동남계전,"부산광역시 금정구 동천로 6 (회동동, 동남계전)",배전반 및 전기 자동제어반 제조업 외 2종,051-525-5255
5253,동남공업(주),부산광역시 사하구 다산로78번길 27 (다대동) (총 2 필지),자동차 엔진용 신품 부품 제조업 외 1종,051-266-0090
5254,동남금속,"부산광역시 기장군 정관읍 산단5로 100-88, B동",수동식 식품 가공기기 및 금속 주방용기 제조업 외 3종,051-804-2809
5255,동남금속레이저,"부산광역시 사상구 가야대로 121 (감전동, 동남금속레이져)",그 외 기타 1차 철강 제조업,051-325-6400
5256,동남기업,"부산광역시 사상구 장인로37번길 47-14 (감전동, 동남기업)",자동차 차체용 신품 부품 제조업 외 40종,051-315-8400
5257,동남듸젤,부산광역시 영도구 태종로65번길 12 (대교동1가),선박 구성 부분품 제조업,051-415-1189
5258,동남모던(주),"부산광역시 강서구 미음산단로8번길 80(구랑동, 동남모던(주))",강관 제조업 외 5종,051-832-0650
5259,동남모던(주),부산광역시 강서구 녹산산업중로 52-16 (송정동),절삭가공 및 유사처리업,051-832-0650
5260,동남무역,부산광역시 사상구 장인로20번길 11 (감전동),고무패킹류 제조업 외 1종,051-321-2345
5261,동남보트레저산업,부산광역시 부산진구 성지로 66-1 (초읍동),오락 및 스포츠용 보트 건조업,051-817-7075
5262,동남산전(주),"부산광역시 사상구 광장로20번길 40 (괘법동, 동남산전)",배전반 및 전기 자동제어반 제조업,051-311-0050
5263,동남식품,부산광역시 사하구 신평동 365-3번지 외 1필지,"수산동물 훈제, 조리 및 유사 조제식품 제조업",051-204-5524
5264,동남알앤디,부산광역시 사상구 사상로557번길 17 (모라동),구조용 금속 판제품 및 공작물 제조업,051-303-0957
5265,동남어패럴,"부산광역시 금정구 회천로32번길 20 (회동동, 대림산업)",셔츠 및 블라우스 제조업 외 4종,051-524-5833
5266,동남정밀공업사,"부산광역시 사상구 새벽로215번길 90 (괘법동, (주)대성테크)",기체 펌프 및 압축기 제조업 외 1종,051-319-1787
5267,동남철강,부산광역시 사상구 장인로 38(감전동),그 외 기타 금속가공업,051-311-6665
5268,동남테크(주),부산광역시 기장군 정관읍 산단6로 12-25 (총 2 필지),자동차 차체용 신품 부품 제조업 외 1종,051-711-2214
5269,동남합동산업,부산광역시 사하구 하신번영로73번길 2 (신평동),솜 및 실 염색가공업,051-526-3618
5270,동남화스텍,부산광역시 강서구 유통단지1로132번길 20 (대저2동),볼트 및 너트류 제조업 외 2종,051-973-1052
5271,동락화학공업사,부산광역시 강서구 녹산산단165로14번길 15 (송정동),그 외 기타 분류 안된 화학제품 제조업 외 2종,051-204-0041
5272,동락화학공업사,"부산광역시 강서구 송정동 1529-8,9번지",그 외 기타 분류 안된 화학제품 제조업 외 2종,051-831-6456
5273,동래석재,부산광역시 기장군 정관읍 산단4로 2-13 (동영석재),기타 석제품 제조업,051-728-3384
5274,동래석재 제2공장,부산광역시 기장군 정관면 산단4로 8-41,기타 석제품 제조업,051-728-3384
5275,동력사송풍기,"부산광역시 사상구 가야대로 11 (감전동, 동력사송풍기)",산업용 송풍기 및 배기장치 제조업,051-316-5566
5276,동림섬유,부산광역시 사하구 신산로29번길 13 (신평동),솜 및 실 염색가공업,051-201-3133
5277,동명공업사,부산광역시 사상구 가야대로175번길 46 (주례동),신발 부분품 제조업 외 2종,051-312-7773
5278,동명기계,"부산광역시 사상구 낙동대로 1338 (삼락동, 동명기계)",기타 가공 공작기계 제조업,051-301-3003
5279,동명기계,"부산광역시 사상구 새벽로77번길 16 (학장동, 동명기계)",그 외 기타 1차 철강 제조업,051-326-2031
5280,동명기술(주),부산광역시 영도구 대평북로 31 (대평동1가),강선 건조업 외 2종,051-413-9401
5281,동명기업,부산광역시 강서구 가리새1로17번길 21 (생곡동),금속탱크 및 저장용기 제조업 외 26종,051-912-6669
5282,동명레이저,"부산광역시 사상구 낙동대로1420번길 42 (삼락동, 성진정공)",그 외 기타 1차 철강 제조업,051-908-5616
5283,동명마린써비스,"부산광역시 영도구 남항서로82번길 64, 1층 (남항동3가)",선박 구성 부분품 제조업,051-416-0487
5284,동명산업,부산광역시 강서구 미음국제5로가길 9(미음동),그 외 기타 금속가공업,미등록
5285,동명산업사,부산광역시 기장군 정관읍 정관로 923-73,금속 스프링 제조업,051-728-7221
5286,동명산업사,부산광역시 사상구 새벽로 116 (감전동),"플라스틱 포대, 봉투 및 유사제품 제조업",051-313-4067
5287,동명전연,부산광역시 사상구 낙동대로1488번길 25 (삼락동),변압기 제조업 외 5종,051-303-4783
5288,동명정밀,"부산광역시 사상구 낙동대로943번길 117 (감전동, 동명정밀)",유압기기 제조업,051-326-8796
5289,동명정밀공업,"부산광역시 사상구 학장로63번길 55 (학장동, 동명정밀공업사)",그 외 기타 금속가공업,051-319-0334
5290,동명테크,부산광역시 사상구 사상로 54-1 (주례동),금속 절삭기계 제조업,051-326-4220
5291,동명테크    ,부산광역시 기장군 정관읍 산단7로 7-15,금속 가구 제조업,051-727-1236
5292,동명화학,"부산광역시 금정구 개좌로 24 (금사동, 동명화학)","플라스틱 선, 봉, 관 및 호스 제조업",051-525-5335
5293,동민수지금속,"부산광역시 사상구 괘감로 14 (감전동, 동민수지금속)",절삭가공 및 유사처리업,051-315-7075
5294,동민정밀,부산광역시 사하구 하신중앙로27번길 20 (장림동),유압기기 제조업,051-265-7717
5295,동방공업,"부산광역시 사상구 새벽로121번길 103 (감전동, 동방빌딩)",그 외 기타 일반목적용 기계 제조업 외 1종,051-312-7800
5296,동방금속공업사,부산광역시 강서구 녹산산단261로31번길 13 (송정동),도금업,051-831-3010
5297,동방금속공업사,부산광역시 강서구 녹산산단261로31번길 24 (송정동),도금업,미등록
5298,동방주방가구,부산광역시 강서구 죽동길196번길 182-13 (죽동동),주방용 및 음식점용 목재가구 제조업,미등록
5299,동방테크(주),부산광역시 강서구 과학산단1로60번길 30 (지사동),자동차 엔진용 신품 부품 제조업 외 1종,051-323-2693
5300,동방테크(주),"부산광역시 사상구 학감대로178번길 80 (학장동, 동방테크(주))",기타 1차 비철금속 제조업,051-323-2693
5301,동방화학공업사,부산광역시 강서구 녹산산단290로 27-21 (송정동),합성수지 및 기타 플라스틱 물질 제조업,미등록
5302,동보연마공업사,"부산광역시 사상구 낙동대로1330번길 26 (삼락동, 동보연마공업사)",연마재 제조업,051-304-9191
5303,동보정밀,"부산광역시 수영구 구락로111번길 16 (망미동, (주)에스 탑)",절삭가공 및 유사처리업,051-861-6041
5304,동보정밀강관(주),부산광역시 사하구 다산로105번길 31 (다대동),그 외 기타 분류 안된 금속 가공 제품 제조업 외 1종,051-262-6253
5305,동보체인공업(주),부산광역시 기장군 정관읍 농공길 27 (동보체인공업(주)),기어 및 동력전달장치 제조업,051-727-6911
5306,동보체인공업(주),부산광역시 기장군 장안읍 장안산단2로 23,기어 및 동력전달장치 제조업,051-727-6911
5307,동보테크,부산광역시 강서구 대저동서로 83 (대저1동),수동식 식품 가공기기 및 금속 주방용기 제조업,051-941-5513
5308,동부레미콘(주),부산광역시 기장군 정관읍 산단7로 7-42,레미콘 제조업 외 1종,051-728-6591
5309,동부유압기계,부산광역시 영도구 봉래나루로 172 (봉래동2가),선박 구성 부분품 제조업,051-417-8009
5310,동서공업사,"부산광역시 영도구 해양로195번길 62 (동삼동, 대경금속)",선박 구성 부분품 제조업,051-405-8713
5311,동서금형,"부산광역시 사상구 낙동대로1292번길 37 (삼락동, 동서금형)",주형 및 금형 제조업,051-304-5253
5312,동서문화기획,"부산광역시 동래구 아시아드대로164번길 8, 1층 (사직동)",경 인쇄업 외 2종,051-2801-2300
5313,동서문화기획,부산광역시 연제구 월드컵대로187번길 75 (거제동),간판 및 광고물 제조업 외 3종,051-866-2300
5314,동서산업,부산광역시 영도구 산업로 15 (청학동),선박 구성 부분품 제조업,051-418-6662
5315,동서산업(주),부산광역시 기장군 일광면 기장대로 1157,그 외 기타 분류 안된 비금속 광물제품 제조업 외 3종,051-724-4851
5316,동서산업(주)   ,부산광역시 기장군 장안읍 반룡산단3로 26,"탭, 밸브 및 유사장치 제조업",051-724-4851
5317,동서산전,부산광역시 사하구 윤공단로 37 (다대동),배전반 및 전기 자동제어반 제조업,051-262-2961
5318,동서열처리,부산광역시 강서구 녹산산업중로 235 (송정동),금속 열처리업,051-831-7321
5319,동서열처리 주식회사 (미음지점),부산광역시 강서구 미음산단3로 5(미음동),금속 열처리업,051-304-7321
5320,동서열처리(주),부산광역시 강서구 녹산산업중로 265 (송정동),금속 열처리업,051-941-7321
5321,동서유지(주)부산공장,부산광역시 사하구 감천항로 60 (구평동),커피 가공업,051-263-9200
5322,동서전기,부산광역시 영도구 대평남로 21 (대평동1가),배전반 및 전기 자동제어반 제조업,051-416-3013
5323,동서체인,"부산광역시 사상구 낙동대로1348번길 49 (삼락동, 동서체인)",기어 및 동력전달장치 제조업,051-319-3027
5324,동서포장기재산업,부산광역시 강서구 대저동서로 213 (대저2동),육상 금속 골조 구조재 제조업 외 3종,051-973-1451
5325,동서하이테크,부산광역시 사상구 모덕로67번길 29(모라동),금속 절삭기계 제조업 외 1종,051-301-3632
5326,동성계기,부산광역시 영도구 남항서로82번길 73 (남항동2가),"물질 검사, 측정 및 분석기구 제조업",051-417-4144
5327,동성금속공업사,"부산광역시 사상구 낙동대로1384번길 11 (삼락동, 동성금속공업사)",볼트 및 너트류 제조업 외 4종,051-303-6764
5328,동성냉동이엔지,부산광역시 강서구 공항로393번길 60-22 (대저2동),산업용 냉장 및 냉동 장비 제조업 외 2종,051-263-3849
5329,동성냉동이엔지,부산광역시 사하구 장평로132번길 10 (장림동),산업용 냉장 및 냉동 장비 제조업,051-263-3849
5330,동성사,부산광역시 사상구 새벽로223번길 7 (괘법동),플라스틱 합성피혁 제조업 외 5종,051-327-2771
5331,동성산업,부산광역시 강서구 녹산산업중로 32-21 (송정동),금속탱크 및 저장용기 제조업 외 1종,051-261-5187
5332,동성상사,"부산광역시 부산진구 거제대로74번길 20, 지하층 (양정동)",그 외 기타 플라스틱 제품 제조업,051-867-2681
5333,동성섬유,부산광역시 기장군 기장읍 청강리 708-3번지,부직포 및 펠트 제조업,051-642-3144
5334,동성아이앤씨 주식회사,부산광역시 금정구 공단로 68-23(금사동),셔츠 및 블라우스 제조업 외 7종,051-528-8899
5335,동성에스알앤티,부산광역시 사상구 낙동대로1460번길 6 (삼락동),그 외 자동차용 신품 부품 제조업 외 3종,051-303-6622
5336,동성전기공업사,부산광역시 영도구 남항서로 6-22 (남항동3가),선박 구성 부분품 제조업,051-414-8797
5337,동성정밀,부산광역시 영도구 해양로 28-1 (청학동),절삭가공 및 유사처리업,051-412-1918
5338,동성정밀,"부산광역시 사상구 사상로367번길 62 (덕포동, 동성정밀)","탭, 밸브 및 유사장치 제조업 외 1종",051-303-6743
5339,동성종합샷타,부산광역시 기장군 정관면 산단3로 92-74 (동성종합샤타),"금속 문, 창, 셔터 및 관련제품 제조업",051-244-9692
5340,동성중공업(주),부산광역시 강서구 녹산산단261로74번길 27 (송정동),철도차량 부품 및 관련 장치물 제조업,051-831-0821
5341,동성중공업(주),부산광역시 강서구 녹산산업북로 215 (송정동),철도차량 부품 및 관련 장치물 제조업,미등록
5342,동성철판,부산광역시 강서구 미음국제4로 56(미음동),그 외 기타 1차 철강 제조업,051-831-2006
5343,동성테크,부산광역시 사상구 모덕로67번길 147-7 (모라동),기타 가공 공작기계 제조업,051-302-3021
5344,동성토탈마린,부산광역시 영도구 해양로 21 (청학동),선박 구성 부분품 제조업,051-416-4978
5345,동성특수기계,"부산광역시 사상구 새벽로63번길 53 (학장동, 대명기계)",유압기기 제조업,051-327-5235
5346,동성플랜트,부산광역시 강서구 녹산산단362로 8 (송정동),선박 구성 부분품 제조업,070-7521-9137
5347,동성하이텍,부산광역시 강서구 녹산산단261로23번길 15 (송정동),선박 구성 부분품 제조업,051-831-9561
5348,동성하이텍,부산광역시 강서구 미음산단3로 152 (미음동),선박 구성 부분품 제조업,051-831-9561
5349,동성화학,"부산광역시 사상구 모덕로 53 (모라동, 동성화학)",기타 비철금속 주조업,051-301-2934
5350,동순덕식품공업사,부산광역시 사하구 신산북로 46 (신평동),비주거용 건물 임대업,051-203-8881
5351,동승정밀화학,부산광역시 강서구 과학산단로333번길 77-44 (지사동),합성수지 및 기타 플라스틱 물질 제조업 외 1종,051-941-8280
5352,동승테크,부산광역시 사하구 하신번영로 438-2 (하단동),"탭, 밸브 및 유사장치 제조업",051-324-2567
5353,동승포장,부산광역시 강서구 호계로145번길 42 (죽동동),골판지 상자 및 가공제품 제조업,051-973-9586
5354,동신C&S,부산광역시 강서구 낙동북로108번길 50 (강동동),그 외 기타 특수목적용 기계 제조업 외 1종,055-338-9991
5355,동신FA,부산광역시 강서구 울만로25번길 100 (대저2동),기타 물품 취급장비 제조업,051-303-8703
5356,동신금속,"부산광역시 금정구 반송로490번길 12-12, 1층 (금사동)",금속 가구 제조업,미등록
5357,동신금속,부산광역시 강서구 녹산산단407로 93 (송정동),그 외 기타 1차 철강 제조업,051-831-2128
5358,동신기전,부산광역시 강서구 미음국제5로나길 16(미음동),그 외 기타 일반목적용 기계 제조업,051-316-1235
5359,동신넴코,부산광역시 기장군 정관읍 정관로 253,기타 음향기기 제조업,051-728-6584
5360,동신딥홀정공,부산광역시 강서구 지사동 명동지구 i8-6,금속 절삭기계 제조업 외 2종,051-271-2180
5361,동신산업,부산광역시 강서구 사취등2길 122 (명지동),육상 금속 골조 구조재 제조업 외 1종,미등록
5362,동신산업사,"부산광역시 사상구 사상로137번길 33 (감전동, 동신산업사)",어망 및 기타 끈 가공품 제조업,051-315-1844
5363,동신지엠티상사,"부산광역시 사상구 학감대로222번길 27 (감전동, 대동WF공업)",신발 부분품 제조업,051-311-5342
5364,동신특수고무,부산광역시 사상구 사상로477번길 52 (모라동),그 외 기타 고무제품 제조업,051-804-4879
5365,동신특수제지(주),부산광역시 사상구 새벽로91번길 85 (학장동),위생용 종이제품 제조업,051-893-8484
5366,동신화학,부산광역시 강서구 대저중앙로 360-11 (대저1동),포장용 플라스틱 성형용기 제조업,051-972-4040
5367,동심,부산광역시 강서구 녹산산단261로60번길 40 (송정동),구름베어링 제조업,051-323-0006
5368,동아강업(주),부산광역시 사상구 장인로 72 (학장동),그 외 기타 1차 철강 제조업,051-312-5571
5369,동아고무밴드공업사,"부산광역시 사상구 학감대로164번길 29 (학장동, 동아밴드공업사)",그 외 기타 고무제품 제조업,051-324-2900
5370,동아공업사,"부산광역시 사상구 낙동대로 865 (감전동, 동아산업사)","탭, 밸브 및 유사장치 제조업",051-326-9577
5371,동아금속,부산광역시 강서구 과학산단2로19번길 112 (지사동),금속 단조제품 제조업,051-973-7673
5372,동아금속,부산광역시 사상구 가야대로103번길 16 (감전동),"기타 비철금속 제련, 정련 및 합금 제조업",051-322-8898
5373,동아금속(주),"부산광역시 사상구 학감대로178번길 90 (학장동, 동아금속(주))",선철주물 주조업 외 1종,051-323-1512
5374,동아기계,부산광역시 강서구 미음국제5로다길 11(미음동),주형 및 금형 제조업,051-972-4546
5375,동아기획,"부산광역시 사하구 낙동대로 542, B110호(하단동, 대우에덴프라자)",간판 및 광고물 제조업 외 2종,051-291-7605
5376,동아기획,부산광역시 강서구 녹산산단261로13번길 35 (송정동),기타 인쇄관련 산업 외 3종,051-291-7605
5377,동아기획,부산광역시 사하구 하단동  492-2 301호,기타 인쇄업 외 1종,051-291-7605
5378,동아기획,부산광역시 사하구 낙동대로 536 (하단동),경 인쇄업 외 1종,051-291-7605
5379,동아당인쇄사,"부산광역시 사상구 낙동대로1420번길 41,  501호 (삼락동)",기타 인쇄업 외 1종,051-301-3450
5380,동아레이져용접,"부산광역시 사하구 신산로 120, B1층 FB102호 (신평동)",그 외 기타 금속가공업,미등록
5381,동아마당,"부산광역시 해운대구 센텀중앙로 90, 큐비e센터 지식산업센터 1604호 (재송동)",제품 디자인업,미등록
5382,동아밸브공업사,부산광역시 강서구 녹산산단289로 93 (송정동),"탭, 밸브 및 유사장치 제조업 외 1종",051-831-1505
5383,동아볼트공업(주),부산광역시 사하구 신산로13번길 51 (신평동),볼트 및 너트류 제조업 외 6종,051-292-2233
5384,동아산업,부산광역시 강서구 제도로1041번길 521 (강동동),낚시 및 수렵용구 제조업,051-973-7954
5385,동아상사,부산광역시 강서구 녹산산업북로 471 (송정동),기타 구조용 금속제품 제조업 외 1종,051-831-6333
5386,동아소재,부산광역시 사상구 낙동대로1002번길 42 (감전동),합성수지 및 기타 플라스틱 물질 제조업,051-313-5001
5387,동아에프앤티(주),부산광역시 강서구 화전산단6로102번길 9 (화전동),강관 제조업 외 1종,051-327-4771
5388,동아우드,부산광역시 강서구 식만로 13-36 (죽림동),"목재 포장용 상자, 드럼 및 유사용기 제조업",051-973-2600
5389,동아유압엔지니어링,부산광역시 사상구 낙동대로1396번길 32 (삼락동),유압기기 제조업,051-313-5151
5390,동아인텍,부산광역시 강서구 녹산산단165로 86-19 (송정동),그 외 기타 분류 안된 비금속 광물제품 제조업,미등록
5391,동아전기공업(주),부산광역시 사하구 다대로137번길 74 (신평동),"전기회로 개폐, 보호장치 제조업 외 8종",051-206-7171
5392,동아전기공업사,부산광역시 사하구 감천항로419번길 23-1 (구평동),선박 구성 부분품 제조업,051-415-1596
5393,동아정밀,부산광역시 사상구 모덕로27번길 31(삼락동),자동차 엔진용 신품 부품 제조업 외 1종,051-315-2039
5394,동아정밀,부산광역시 강서구 과학산단1로103번길 49 (지사동),금속 절삭기계 제조업,051-311-0548
5395,동아정밀공업사,부산광역시 강서구 화전산단5로38번길 24 (화전동),"금속 문, 창, 셔터 및 관련제품 제조업 외 8종",051-264-9451
5396,동아정밀산업,부산광역시 강서구 미음국제5로마길 41(미음동),그 외 기타 일반목적용 기계 제조업,051-324-6268
5397,동아정밀산업,부산광역시 강서구 유통단지1로132번길 28 (대저2동),"탭, 밸브 및 유사장치 제조업",미등록
5398,동아제과,부산광역시 사하구 하신중앙로3번길 73 (장림동),과자류 및 코코아 제품 제조업,051-263-9314
5399,동아제이티(주),부산광역시 사하구 감천항로419번길 19 (구평동),배전반 및 전기 자동제어반 제조업,051-261-1710
5400,동아케미칼,부산광역시 사하구 다대로354번길 44 (장림동),그 외 기타 플라스틱 제품 제조업,051-263-4768
5401,동아푸드(주),"부산광역시 서구 등대로 117, 2층, 3층 (남부민동)",기타 수산동물 가공 및 저장 처리업,051-263-0204
5402,동아프린팅팩,부산광역시 강서구 대저중앙로357번길 26-3 (대저1동),골판지 제조업 외 1종,미등록
5403,동아플레이팅(주),"부산광역시 강서구 녹산산단382로14번가길 20, 1층 111호 (송정동, 한국청정도금센터)",도금업 외 1종,051-263-2170
5404,동아플레이팅(주) 지점,"부산광역시 강서구 녹산산단382로14번가길 20, 1층 101호 (송정동, 한국청정도금센터)",도금업,051-263-2170
5405,동아흥업(주),부산광역시 강서구 녹산산단165로 86-19 (송정동),그 외 기타 분류 안된 비금속 광물제품 제조업 외 3종,051-831-1314
5406,동양CAP,부산광역시 강서구 녹산산단261로40번길 12 (송정동),자동차 차체용 신품 부품 제조업,051-973-9518
5407,동양G.T.S,부산광역시 강서구 미음산단로 382 (미음동),그 외 기타 일반목적용 기계 제조업,051-831-6505
5408,동양공업사,"부산광역시 사상구 학장로 295 (주례동, 동양공업사)",육상 금속 골조 구조재 제조업 외 2종,051-312-4343
5409,동양기계,"부산광역시 사상구 대동로239번길 15-9 (학장동, 동양기계)",금속 절삭기계 제조업,051-322-1688
5410,동양기어풀리,"부산광역시 사상구 모덕로 7 (삼락동, 평화특수)",기어 및 동력전달장치 제조업 외 1종,051-303-9851
5411,동양기업,부산광역시 강서구 낙동북로138번길 16 (강동동),암면 및 유사제품 제조업,051-262-4662
5412,동양기전,부산광역시 사상구 모덕로96번길 55(덕포동),기타 절연선 및 케이블 제조업 외 70종,051-305-4872
5413,동양기전,부산광역시 사상구 낙동대로1396번길 83 (삼락동),기타 절연선 및 케이블 제조업 외 69종,051-305-4872
5414,동양기전레이저,부산광역시 강서구 녹산산업중로 67 (송정동),구조용 금속 판제품 및 공작물 제조업 외 3종,051-305-3231
5415,동양듸젤기공사,부산광역시 영도구 대평로 59-2 (대평동2가),선박 구성 부분품 제조업,051-415-4747
5416,동양라이트,부산광역시 강서구 명지동 3093-2번지 에코델타시티 산업 25-1,기타 조명장치 제조업,051-831-4455
5417,동양레포츠,부산광역시 강서구 낙동남로644번길 23 (녹산동),낚시 및 수렵용구 제조업,미등록
5418,동양메탈공업(주),부산광역시 사하구 홍티로 139 (다대동),기어 및 동력전달장치 제조업 외 1종,051-264-0018
5419,동양사,부산광역시 부산진구 백양대로34번길 10-14 (부암동),기체 펌프 및 압축기 제조업,051-809-1801
5420,동양산업,부산광역시 강서구 공항앞길85번길 55-2 (대저2동),"플라스틱 포대, 봉투 및 유사제품 제조업",051-973-2725
5421,동양산업,부산광역시 강서구 공항로301번가길 23 (대저2동),건설 및 채광용 기계장비 제조업,051-973-4847
5422,동양산업기계,부산광역시 사상구 삼덕로45번길 8 (덕포동),철도차량 부품 및 관련 장치물 제조업,051-303-9610
5423,동양상공사,"부산광역시 사상구 가야대로196번길 36 (학장동, 동양상공사)",기어 및 동력전달장치 제조업,051-324-9425
5424,동양섬유(주) 송도지점,부산광역시 서구 충무대로 140 (남부민동),육류 기타 가공 및 저장처리업 (가금류 제외) 외 2종,051-257-8077
5425,동양섬유(주)부산지점,부산광역시 사하구 장림로 304 (장림동),수산동물 건조 및 염장품 제조업,051-261-8001
5426,동양수산기계(주),부산광역시 사하구 을숙도대로748번길 28 (구평동),컨베이어장치 제조업 외 1종,051-316-7038
5427,동양아연금속공업사,부산광역시 사하구 감천항로405번길 22 (구평동),"기타 비철금속 제련, 정련 및 합금 제조업 외 6종",051-263-8743
5428,동양야금공업(주),부산광역시 사하구 하신중앙로53번길 10 (신평동),"기타 비철금속 제련, 정련 및 합금 제조업",051-205-2660
5429,동양에스앤지(주),"부산광역시 사상구 사상로355번길 54 (덕포동, 동양S&G(주))",연마재 제조업,051-303-5454
5430,동양유압,부산광역시 강서구 대저중앙로286번길 133-1 (대저1동),"고무, 화학섬유 및 플라스틱 성형기 제조업 외 1종",051-941-6883
5431,동양이앤에스,부산광역시 강서구 녹산산단382로14번길 27 (송정동),연사 및 가공사 제조업 외 2종,051-831-2372
5432,동양이앤지,부산광역시 사상구 새벽로167번길 100 (감전동),고무패킹류 제조업 외 1종,051-315-9660
5433,동양전기,부산광역시 사하구 장평로299번길 31 (신평동),전구 및 램프 제조업,051-202-7451
5434,동양전자통신,"부산광역시 영도구 대평로20번길 24,  삼화빌딩 3층, 4층 (대평동1가)",기타 무선 통신장비 제조업,051-412-0403
5435,동양정밀,"부산광역시 사상구 낙동대로1318번길 52, 동양정밀(삼락동, 동양정밀)",무기 및 총포탄 제조업 외 57종,051-802-5841
5436,동양정밀,부산광역시 강서구 봉죽길482번길 258-1 (죽동동),주형 및 금형 제조업 외 3종,051-323-9157
5437,동양정판,부산광역시 사하구 하신중앙로3번가길 36 (장림동),오프셋 인쇄업,051-265-4913
5438,동양제강(주),부산광역시 사하구 다산로 147 (다대동),끈 및 로프 제조업,051-260-2600
5439,동양제관(주),"부산광역시 사상구 새벽로45번길 40 (학장동, (주)동양제관)",육상 금속 골조 구조재 제조업 외 1종,051-314-8661
5440,동양진공기술,부산광역시 사상구 낙동대로1302번길 50 (삼락동),기체 펌프 및 압축기 제조업,051-325-6960
5441,동양커민스,부산광역시 영도구 해양로 86-8 (청학동),선박 구성 부분품 제조업,051-412-2046
5442,동양특수가스켓,부산광역시 사상구 새벽로167번길 122 (감전동),고무패킹류 제조업 외 1종,051-312-0692
5443,동양특수고무,"부산광역시 사상구 학감대로192번길 14 (학장동, 동양특수고무)",고무패킹류 제조업 외 6종,051-311-1332
5444,동양특수고무,부산광역시 강서구 녹산산업중로167번길 12 (송정동),고무패킹류 제조업 외 1종,051-831-5703
5445,동양특수목재(주),부산광역시 사하구 다대로 351-1 (장림동),일반 제재업 외 5종,051-262-5555
5446,동양프론테크(주)부산지점,부산광역시 사상구 사상로433번길 9 (모라동),기타 기계.장비 조립용 플라스틱 제품 제조업 외 1종,051-304-7787
5447,동양피앤씨 유한회사,부산광역시 강서구 녹산산단381로12번길 13-25 (송정동),비금속류 해체 및 선별업 외 1종,051-831-1245
5448,동양피앤씨 유한회사,부산광역시 강서구 녹산산단381로40번길 16 (송정동),그 외 기타 플라스틱 제품 제조업,051-831-1245
5449,동양하이드텍(주),부산광역시 강서구 미음산단3로 8 (미음동),그 외 기타 달리 분류되지 않은 운송장비 제조업,051-831-6185
5450,동양합포,부산광역시 강서구 대저중앙로 338 (대저1동),그 외 기타 봉제의복 제조업,051-305-7951
5451,동양호이스트,부산광역시 강서구 제도로 809 (강동동),기타 물품 취급장비 제조업,051-973-8853
5452,동양후렉시블,부산광역시 사상구 새벽로223번길 130 (괘법동),핵반응기 및 증기보일러 제조업,051-317-8707
5453,동연스틸,부산광역시 강서구 녹산산단261로73번길 11 (송정동),강관 제조업 외 1종,051-831-7501
5454,동연스틸(주),부산광역시 강서구 녹산산단261로73번길 11 (송정동),그 외 기타 금속가공업,051-831-7501
5455,동연스틸주식회사,부산광역시 기장군 장안읍 명례산단7로 16,강관 제조업 외 3종,051-723-7800
5456,동연오토텍(주),부산광역시 기장군 장안읍 오리산단8로 27,강관 제조업,055-543-6615
5457,동연오토텍(주),부산광역시 기장군 장안읍 명례산단2로 93,금속 열처리업 외 1종,051-727-7995
5458,동연해양조선(주),부산광역시 사하구 감천항로405번길 29 (구평동),강선 건조업 외 4종,051-263-3223
5459,동영TEXTILE,"부산광역시 금정구 공단로61번길 22 (금사동, 우영섬유)",모직물 직조업,051-531-8387
5460,동영공업사,부산광역시 사상구 학감대로178번길 26 (학장동),자동차용 금속 압형제품 제조업 외 1종,051-313-1579
5461,동영기계,부산광역시 사상구 새벽로77번길 10 (학장동),금속 절삭기계 제조업,051-314-6979
5462,동영기업(주),부산광역시 해운대구 반송로513번길 66-33(석대동),배전반 및 전기 자동제어반 제조업 외 2종,051-320-0503
5463,동영사,"부산광역시 금정구 금사로 35, 2층 (서동)",기타 직물제품 제조업 외 19종,미등록
5464,동영산업(주),"부산광역시 수영구 구락로117번길 14 (망미동, 동영산업(주)) (총 2 필지)",그 외 기타 가구 제조업 외 4종,051-753-8283
5465,동영선박공업사,부산광역시 영도구 남항서로 12-9 (남항동3가),선박 구성 부분품 제조업,051-412-1277
5466,동영엔지니어링,부산광역시 영도구 해양로 46 (청학동),선박 구성 부분품 제조업,미등록
5467,동영전력시스템(주),부산광역시 사상구 사상로425번길 67 (모라동),전기회로 접속장치 제조업 외 1종,051-333-3588
5468,동영정공,부산광역시 강서구 대저중앙로286번길 95 (대저1동),주형 및 금형 제조업,051-304-6001
5469,동영테크,부산광역시 강서구 제도로 767-10 (강동동),그 외 자동차용 신품 부품 제조업,미등록
5470,동영테크원(주),"부산광역시 해운대구 반송로513번길 66-33, 회동석대산단 17번 산업용지 (석대동)",배전반 및 전기 자동제어반 제조업 외 4종,051-320-0500
5471,동영특수고무,"부산광역시 사상구 학감대로222번길 27, 1층(감전동, 대동WF공업)",육상 금속 골조 구조재 제조업 외 1종,미등록
5472,동영특수밸브,부산광역시 강서구 낙동북로138번길 28 (강동동),"탭, 밸브 및 유사장치 제조업",미등록
5473,동오그린,"부산광역시 금정구 공단동로41번길 10, B1층 101호(금사동, 보림팩토피아)",기타 가정용 전기기기 제조업,051-529-3207
5474,동우,부산광역시 사하구 다산로 150 (다대동),기타 기관 및 터빈 제조업,051-290-4115
5475,동우,부산광역시 강서구 녹산산업중로 126 (송정동),선박 구성 부분품 제조업,051-971-9390
5476,동우BOS,부산광역시 강서구 신덕길2번길 92 (대저1동),"전기회로 개폐, 보호장치 제조업",051-831-4894
5477,동우SG,부산광역시 사상구 낙동대로1330번길 9 (삼락동),금속탱크 및 저장용기 제조업 외 10종,051-301-1314
5478,동우금형,부산광역시 사상구 대동로 199-12 (학장동),주형 및 금형 제조업,070-8845-8609
5479,동우기술(주),"부산광역시 사상구 동주로16번길 46 (주례동, 동우E&GC)","전기회로 개폐, 보호장치 제조업 외 4종",051-326-5760
5480,동우기업사,"부산광역시 영도구 산업로 21 (청학동, 동우기업사)",선박 구성 부분품 제조업,051-413-9991
5481,동우산업사,"부산광역시 해운대구 반송로 859 (반송동, 공장)",세폭직물 제조업 외 11종,051-545-8152
5482,동우알앤에스(주),부산광역시 사상구 학감대로178번길 71 (학장동),그 외 자동차용 신품 부품 제조업 외 3종,051-322-5525
5483,동우에프지엠,부산광역시 강서구 송정동 1581-13번지 외 1필지,육상 금속 골조 구조재 제조업 외 2종,051-831-2525
5484,동우전기,부산광역시 강서구 신덕길18번길 21-16 (대저1동),전동기 및 발전기 제조업,051-326-4482
5485,동우화학,부산광역시 사상구 낙동대로1348번길 84 (삼락동),신발 부분품 제조업,051-311-7930
5486,동우히타 엔지니어링,부산광역시 강서구 금호순서길 90-24 (대저2동),디지털 적층 성형기계 제조업 외 1종,051-313-6538
5487,동운정밀 ,부산광역시 기장군 정관읍 산단4로 109,그 외 기타 일반목적용 기계 제조업,051-728-9255
5488,동원,"부산광역시 금정구 개좌로 51 (금사동, 명기정밀)",장식용 목제품 제조업 외 8종,051-529-3805
5489,동원금속,부산광역시 사상구 대동로209번길 31 (학장동),기타 구조용 금속제품 제조업,051-325-6081
5490,동원기전(주),부산광역시 강서구 영강길 96 (명지동),산업처리공정 제어장비 제조업 외 1종,051-204-1199
5491,동원레이저,부산광역시 강서구 미음산단로403번길 7 (미음동),그 외 기타 금속가공업,미등록
5492,동원산업(주) 부산 냉장센터,부산광역시 서구 원양로 147 (암남동),기타 수산동물 가공 및 저장 처리업 외 2종,051-600-1923
5493,동원산업(주)부산공장,부산광역시 서구 원양로 147 (암남동),기타 수산동물 가공 및 저장 처리업,051-250-0616
5494,동원수산(주)부산공장,부산광역시 사하구 을숙도대로 685 (신평동),수산동물 냉동품 제조업 외 1종,051-290-0166
5495,동원알미늄,부산광역시 금정구 기찰로 1 (부곡동),"금속 문, 창, 셔터 및 관련제품 제조업 외 1종",051-512-4000
5496,동원엔지니어링,부산광역시 강서구 식만로 229 (식만동),기어 및 동력전달장치 제조업,070-8811-6543
5497,동원전기,부산광역시 사하구 장평로83번길 28 (장림동),"전기회로 개폐, 보호장치 제조업 외 1종",051-265-4368
5498,동원정밀,"부산광역시 사상구 낙동대로1390번길 61 (삼락동, 동원정밀)",그 외 자동차용 신품 부품 제조업 외 3종,051-304-2551
5499,동원정밀주식회사,부산광역시 사상구 새벽로 128 (감전동),주형 및 금형 제조업,051-323-2328
5500,동원테크,부산광역시 강서구 녹산산단77로 51 (송정동),그 외 자동차용 신품 부품 제조업 외 4종,051-204-1186
5501,동원테크,부산광역시 영도구 남항남로19번길 37 (남항동3가),"레이더, 항행용 무선기기 및 측량기구 제조업",051-417-2057
5502,동원특수기계,부산광역시 강서구 녹산산단261로73번길 22 (송정동),"고무, 화학섬유 및 플라스틱 성형기 제조업 외 1종",051-831-0147
5503,동은단조(주),부산광역시 강서구 과학산단로333번길 29 (지사동),그 외 자동차용 신품 부품 제조업 외 3종,051-974-9700
5504,동은단조(주),부산광역시 강서구 미음국제7로 58 (미음동),그 외 자동차용 신품 부품 제조업,051-941-9835
5505,동은단조(주),부산광역시 강서구 미음국제7로 52 (미음동),그 외 자동차용 신품 부품 제조업,051-974-9700
5506,동은밸브(주),부산광역시 강서구 과학산단로369번길 9 (지사동),"탭, 밸브 및 유사장치 제조업",051-263-1511
5507,동은볼트,부산광역시 강서구 강동송백2길 59 (강동동),볼트 및 너트류 제조업 외 2종,051-941-3988
5508,동은산업(주),부산광역시 강서구 미음산단3로 171 (미음동),금속 단조제품 제조업,051-323-5501
5509,동은산업(주),"부산광역시 사상구 감전천로 26 (학장동, 동은산업(주))",그 외 기타 분류 안된 금속 가공 제품 제조업 외 1종,051-323-5501
5510,동은산업사,부산광역시 강서구 녹산산단261로 78 (송정동),금속탱크 및 저장용기 제조업 외 1종,051-831-9084
5511,동은테크,부산광역시 사상구 낙동대로1062번길 38 (감전동),그 외 기타 금속가공업 외 1종,051-315-7825
5512,동의자동화,부산광역시 강서구 대저중앙로357번길 60-3 (대저1동),그 외 기타 일반목적용 기계 제조업,051-304-1553
5513,동인워터솔루션(주),부산광역시 강서구 화전산단6로66번길 9 (화전동),"탭, 밸브 및 유사장치 제조업 외 6종",051-831-9636
5514,동인하이텍(주),부산광역시 강서구 장락길 38 (생곡동),그 외 금속 압형제품 제조업 외 2종,051-973-3221
5515,동일고무벨트(주),부산광역시 동래구 충렬대로238번가길 13 (수안동),고무패킹류 제조업 외 1종,051-520-9000
5516,동일고무벨트(주),"부산광역시 금정구 공단동로55번길 28 (금사동, 동일고무벨트(주))",고무패킹류 제조업 외 10종,051-520-9043
5517,동일고무벨트(주),부산광역시 강서구 화전산단3로 114(화전동),그 외 기타 분류 안된 금속 가공 제품 제조업 외 1종,051-520-9000
5518,동일공업사,부산광역시 사하구 감천로 20 (감천동),구조용 금속 판제품 및 공작물 제조업,051-291-3791
5519,동일금속,부산광역시 사하구 장평로 31 (장림동),수동식 식품 가공기기 및 금속 주방용기 제조업,051-264-7117
5520,동일기전,부산광역시 기장군 기장읍 동뫼길 17-15,그 외 기타 일반목적용 기계 제조업 외 1종,051-529-7200
5521,동일기획,"부산광역시 사상구 낙동대로 809-25 (엄궁동, 동일기획)",인쇄 및 제책용 기계 제조업,051-324-4237
5522,동일냉장(주),부산광역시 사하구 다대로170번길 10 (신평동),수산동물 냉동품 제조업,051-204-1281
5523,동일로링,부산광역시 사하구 다산로175번길 32 (다대동),금속 절삭기계 제조업,051-325-8328
5524,동일산업,부산광역시 사상구 새벽시장로 92-14 (감전동),고무패킹류 제조업,051-292-2213
5525,동일산업,부산광역시 강서구 대저중앙로286번길 106-3 (대저1동),유압기기 제조업,051-941-3608
5526,동일산업,"부산광역시 사상구 모라로 24 (모라동, 대영코리아)",판지 상자 및 용기 제조업,051-305-6356
5527,동일스텐공업사,부산광역시 사하구 장평로71번길 47 (장림동),자동차용 금속 압형제품 제조업 외 1종,051-263-9101
5528,동일스틸럭스(주),"부산광역시 사상구 가야대로 46(학장동, 동일철강(주))",열간 압연 및 압출 제품 제조업,051-316-5341
5529,동일에프비,부산광역시 기장군 정관면 산단1로 66-75 (동일 F&B),단추 및 유사 파스너 제조업,051-727-7541
5530,동일엔지니어링,부산광역시 사상구 낙동대로1356번길 70 (삼락동),유압기기 제조업,051-302-2449
5531,동일정밀,부산광역시 사상구 가야대로134번길 42 (학장동),금속 절삭기계 제조업,051-311-2414
5532,동일조선(주),부산광역시 사하구 감천동 391-1번지,강선 건조업 외 13종,051-200-1211
5533,동일주재공업사,"부산광역시 사상구 학장로135번길 111 (학장동, 동일목공)",기타 오락용품 제조업 외 1종,051-311-0393
5534,동일철강(주),"부산광역시 사상구 가야대로 46 (학장동, 동일철강(주))",열간 압연 및 압출 제품 제조업,051-316-5341
5535,동일특수제지,부산광역시 부산진구 백양대로136번길 102 (당감동),위생용 종이제품 제조업,051-816-1447
5536,동일패키지,부산광역시 사상구 낙동대로815번길 62 (감전동),"플라스틱 포대, 봉투 및 유사제품 제조업 외 1종",051-271-3790
5537,동주테크,부산광역시 강서구 낙동북로126번길 42 (강동동),선박 구성 부분품 제조업,051-971-6890
5538,동지프린텍,부산광역시 남구 양지골로 79 (감만동),판지 상자 및 용기 제조업 외 3종,051-624-6211
5539,동진DTF,"부산광역시 동래구 안락로125번길 31, B105호 (안락동, 덕경 네오빌 아파트)",어망 및 기타 끈 가공품 제조업,051-518-0225
5540,동진공업주식회사,부산광역시 사상구 사상로367번길 73 (덕포동),그 외 기타 분류 안된 금속 가공 제품 제조업 외 1종,070-7017-6391
5541,동진기계공업사,부산광역시 강서구 경전철로39번나길 6 (대저2동),그 외 기타 1차 철강 제조업,051-973-4134
5542,동진기공,부산광역시 강서구 화전산단6로 72 (화전동),액체 여과기 제조업,051-831-1717
5543,동진기술산업,부산광역시 사상구 장인로77번길 103 (학장동),암면 및 유사제품 제조업 외 4종,051-316-8751
5544,동진레이저,부산광역시 강서구 녹산산단381로12번길 69 (송정동),철도차량 부품 및 관련 장치물 제조업,051-323-7334
5545,동진모직공업사,부산광역시 기장군 기장읍 기장대로413번길 22 (동진모직),모직물 직조업,051-723-0156
5546,동진모타공업(주),부산광역시 강서구 경전철로 213 (대저2동),그 외 자동차용 신품 부품 제조업 외 3종,051-503-4587
5547,동진사,"부산광역시 금정구 동부곡로6번길 48, 지하1층 (부곡동)",절연 코드세트 및 기타 도체 제조업,051-516-4987
5548,동진산업,부산광역시 기장군 기장읍 기장대로413번길 24,그 외 기타 분류 안된 금속 가공 제품 제조업 외 1종,051-723-1305
5549,동진산업,부산광역시 사하구 감천항로 465 (구평동),"탭, 밸브 및 유사장치 제조업",051-266-6031
5550,동진섬유(주),부산광역시 사하구 다대로 179 (신평동),화학섬유직물 직조업,051-852-9991
5551,동진섬유(주),부산광역시 사하구 신산로 6 (신평동),편조원단 제조업,051-863-1739
5552,동진섬유(주),부산광역시 사하구 신산로13번길 16 (신평동),"직물, 편조원단 및 의복류 염색 가공업 외 1종",051-852-9991
5553,동진섬유(주)이노베이션센터,부산광역시 사하구 다대로170번길 17 (신평동),편조원단 제조업,051-852-9991
5554,동진섬유주식회사,부산광역시 기장군 정관면 농공길 2-109 (동진섬유(주)),편조원단 제조업,051-727-6731
5555,동진실업,"부산광역시 사상구 사상로367번길 16 (덕포동, 유창금속)",수동식 식품 가공기기 및 금속 주방용기 제조업,051-303-7526
5556,동진이엔에스,부산광역시 사상구 새벽시장로56번가길 50 (감전동),철도차량 부품 및 관련 장치물 제조업 외 3종,051-865-0034
5557,동진정밀,"부산광역시 사상구 사상로356번길 11 (덕포동, 동진정밀)",그 외 자동차용 신품 부품 제조업 외 3종,051-303-2032
5558,동진철강(주),"부산광역시 사상구 새벽로 55 (학장동, 동진철강(주)) (총 2 필지)",절삭가공 및 유사처리업,051-314-8800
5559,동진컴퍼니,"부산광역시 금정구 서동중심로 42, 2층 (서동)","근무복, 작업복 및 유사의복 제조업 외 13종",051-522-9144
5560,동진콘베어밸트,부산광역시 강서구 맥도강변길835번길 26 (대저2동),금속선 가공제품 제조업,051-973-6633
5561,동진테크,부산광역시 사상구 농산물시장로26번길 54 (엄궁동),구조용 금속 판제품 및 공작물 제조업 외 28종,051-328-1155
5562,동진테크,부산광역시 사상구 낙동대로901번길 25-38(감전동),유압기기 제조업 외 29종,051-123-4567
5563,동진테크,부산광역시 강서구 녹산산단261로73번길 13 (송정동),주형 및 금형 제조업 외 3종,051-831-2922
5564,동진테크,부산광역시 사상구 장인로77번길 103-20(학장동),자동차용 신품 동력전달장치 제조업,051-317-5677
5565,동진특수고무,부산광역시 기장군 정관읍 정관중앙로 211 (동진특수고무) (총 2 필지),그 외 자동차용 신품 부품 제조업 외 3종,051-728-5772
5566,동진하이테크,"부산광역시 부산진구 전포대로223번길 14-2, 3층, 306호 (전포동)",배전반 및 전기 자동제어반 제조업 외 3종,051-956-2000
5567,동창셔터금속,부산광역시 금정구 공단로 68-33(금사동),"금속 문, 창, 셔터 및 관련제품 제조업",051-529-0303
5568,동창정밀,부산광역시 사상구 장인로77번길 129 (학장동),자동차 엔진용 신품 부품 제조업,051-317-8520
5569,동창주조창,부산광역시 사상구 감전천로 98 (학장동),선철주물 주조업,051-315-2179
5570,동하기전(주),부산광역시 강서구 낙동남로533번길 99 (녹산동),배전반 및 전기 자동제어반 제조업,051-263-1540
5571,동하열처리,부산광역시 사상구 낙동대로1390번길 32 (삼락동),금속 열처리업,051-302-4455
5572,동해강업(주),부산광역시 기장군 정관읍 산단4로 59 (동해강업(주)),"금속 문, 창, 셔터 및 관련제품 제조업 외 3종",051-863-8123
5573,동해건업,부산광역시 강서구 맥도길 291-1 (대저2동),기타 1차 비철금속 제조업,051-973-7102
5574,동해건업,부산광역시 강서구 맥도길 287 (대저2동),기타 1차 비철금속 제조업,051-973-7103
5575,동해공업,"부산광역시 사상구 가야대로176번길 12 (학장동, 성진산업)",그 외 기타 1차 철강 제조업,051-325-8207
5576,동해공업사,"부산광역시 사상구 장인로 24 (감전동, 동해공업사)",선박 구성 부분품 제조업,051-324-1592
5577,동해기계,부산광역시 강서구 공항앞길85번길 116 (대저2동),절삭가공 및 유사처리업,055-311-4347
5578,동해목재(주),부산광역시 강서구 녹산산업중로 439 (송정동),일반 제재업,051-831-1233
5579,동해사,부산광역시 사상구 대동로 121-10 (학장동),솜 및 실 염색가공업,051-622-1988
5580,동해산업,부산광역시 강서구 낙동북로138번길 23-1 (강동동),육상 금속 골조 구조재 제조업 외 1종,051-973-0087
5581,동해산업,부산광역시 사하구 장림제1동 829-1번지,침구 및 관련제품 제조업,051-261-4867
5582,동해섬유,"부산광역시 남구 용호로198번길 50, 지하 1층(용호동, 문창학원)",셔츠 및 블라우스 제조업 외 1종,051-633-8330
5583,동해철강(주),부산광역시 사상구 학감대로191번길 48 (학장동),그 외 기타 1차 철강 제조업,051-312-2488
5584,동헌기업,부산광역시 사상구 가야대로176번길 14 (학장동),"탭, 밸브 및 유사장치 제조업",051-314-2610
5585,동헌기업,부산광역시 강서구 녹산산업중로61번길 25 (송정동),유압기기 제조업 외 1종,051-831-1911
5586,동헌정밀,"부산광역시 사상구 가야대로11번길 65(감전동, 동헌정밀)",금속 절삭기계 제조업,051-325-9307
5587,동현금속   ,부산광역시 기장군 정관읍 산단4로 25,그 외 자동차용 신품 부품 제조업,미등록
5588,동현금속기계,부산광역시 강서구 미음국제5로가길 21 (미음동),금속 주조 및 기타 야금용 기계 제조업,미등록
5589,동현비에스엘,부산광역시 사상구 가야대로 190 (학장동),그 외 기타 1차 철강 제조업,051-323-8595
5590,동현산업,부산광역시 강서구 화전산단5로14번길 31 (화전동),절삭가공 및 유사처리업,051-831-2920
5591,동현산업사,부산광역시 강서구 대저중앙로357번길 44 (대저1동),금속 절삭기계 제조업,051-304-4877
5592,동현스틸,부산광역시 강서구 체육공원로6번길 115 (대저1동),그 외 기타 1차 철강 제조업,051-315-2510
5593,동현테크,"부산광역시 해운대구 센텀중앙로 90, 7층 703 (재송동)",기기용 자동측정 및 제어장치 제조업 외 1종,051-819-8093
5594,동현테크 주식회사,"부산광역시 기장군 기장읍 배산로68번길 16-7, 비 01호()",그 외 기타 봉제의복 제조업 외 1종,051-724-1046
5595,동현푸드시스템,"부산광역시 서구 원양로 71, 사조씨푸드(주)물류센타 10층 (암남동)",기타 수산동물 가공 및 저장 처리업,051-714-2205
5596,동협전자,"부산광역시 사상구 모덕로 3 (삼락동, 한일기계)",기기용 자동측정 및 제어장치 제조업 외 1종,051-302-2276
5597,동호기계공업(주),부산광역시 강서구 울만로25번길 74 (대저2동),건설 및 채광용 기계장비 제조업,051-202-4226
5598,동호기계공업(주),부산광역시 강서구 울만로25번길 68 (대저2동),건설 및 채광용 기계장비 제조업,051-202-4227
5599,동호목재산업(주),부산광역시 강서구 녹산화전로 74 (송정동),일반 제재업,051-831-3051
5600,동호철강,부산광역시 사상구 새벽로 83-9 (학장동),그 외 기타 1차 철강 제조업,051-315-3995
5601,동화 엔·에프(N·F),"부산광역시 기장군 정관읍 정관로 799, 1층",표면 가공 목재 및 특정 목적용 제재목 제조업,051-552-1888
5602,동화공업사,부산광역시 강서구 화전산단5로98번길 21 (화전동),주형 및 금형 제조업 외 1종,051-301-8726
5603,동화금속,부산광역시 강서구 녹산산단261로39번길 27 (송정동),도금업 외 1종,051-831-3044
5604,동화기업사,부산광역시 강서구 미음국제5로라길 26 (미음동),"금속 문, 창, 셔터 및 관련제품 제조업 외 1종",051-866-6404
5605,동화넥스콤프,부산광역시 강서구 미음산단로8번길 75 (구랑동),기체 펌프 및 압축기 제조업,미등록
5606,동화마린테크,부산광역시 영도구 해양로 24-9 (청학동),선박 구성 부분품 제조업 외 1종,051-412-0080
5607,동화사,부산광역시 연제구 거제천로 232-1 (연산동),"근무복, 작업복 및 유사의복 제조업",051-504-4585
5608,동화산업,부산광역시 사상구 대동로179번길 42 (학장동),강주물 주조업,051-322-9347
5609,동화산업(주),부산광역시 강서구 호계로125번길 50 (죽동동),"탭, 밸브 및 유사장치 제조업",055-338-5346
5610,동화엔텍송정공장(주),부산광역시 강서구 화전산단5로 90 (화전동),"증류기, 열교환기 및 가스발생기 제조업",051-974-0708
5611,동화전자,"부산광역시 부산진구 동성로87번길 4, 1,2층(전포동)",그 외 기타 전자부품 제조업 외 7종,051-808-5212
5612,동화정밀,부산광역시 사상구 낙동대로1420번길 47 (삼락동),기어 및 동력전달장치 제조업 외 1종,051-305-8380
5613,동화정밀화학,"부산광역시 강서구 미음산단5로41번길 71, 303호(미음동)",합성수지 및 기타 플라스틱 물질 제조업,051-262-8280
5614,동화정밀화학(주),부산광역시 강서구 녹산산단262로13번길 35 (송정동),인쇄잉크 및 회화용 물감 제조업,051-831-1747
5615,동화철강,부산광역시 강서구 식만로 13-49 (죽림동),육상 금속 골조 구조재 제조업 외 1종,미등록
5616,동화철강,"부산광역시 사상구 가야대로 179 (주례동, 동화철강)",그 외 기타 1차 철강 제조업,051-324-9251
5617,동훈산업,부산광역시 강서구 대저중앙로286번길 106-9 (대저1동),선박 구성 부분품 제조업,051-326-9245
5618,동훈산업사,부산광역시 사상구 주례로 220(학장동),주형 및 금형 제조업 외 1종,051-328-9807
5619,동희개발,부산광역시 강서구 녹산산단261로13번길 53 (송정동),그 외 자동차용 신품 부품 제조업 외 3종,051-819-2806
5620,두남기계,부산광역시 기장군 정관읍 산단4로 68,금속 절삭기계 제조업,055-367-3358
5621,두담테크,부산광역시 부산진구 개금본동로23번길 60 (개금동),콘크리트 관 및 기타 구조용 콘크리트 제품 제조업 외 1종,미등록
5622,두레기공,부산광역시 사하구 다산로 165 (다대동),주형 및 금형 제조업,051-264-5130
5623,두리상사,"부산광역시 남구 유엔로120번가길 23, 1층 (대연동)",기타 식품 첨가물 제조업,051-623-7463
5624,두림우드,부산광역시 강서구 가락대로 280 (송정동),목재 깔판류 및 기타 적재판 제조업,미등록
5625,두발로,부산광역시 사하구 신산로29번길 13 (신평동),솜 및 실 염색가공업,미등록
5626,두산AUTO서비스,부산광역시 강서구 호계로103번길 39 (죽동동),금속 절삭기계 제조업,051-319-2338
5627,두산마그네트산업기계,부산광역시 강서구 영강길 62 (명지동),배전반 및 전기 자동제어반 제조업,051-261-5951
5628,두산정밀미싱,"부산광역시 동구 자성로 109(범일동, 두산정밀)","기타 섬유, 의복 및 가죽 가공 기계 제조업",051-643-6293
5629,두산종합정비,부산광역시 강서구 녹산산업북로 189 (송정동),건설 및 채광용 기계장비 제조업,051-831-3020
5630,두산타일몰드,부산광역시 강서구 체육공원로52번길 93 (대저1동),주형 및 금형 제조업,미등록
5631,두성정밀,부산광역시 사상구 낙동대로1318번길 21 (삼락동),주형 및 금형 제조업,051-304-6999
5632,두성테크,부산광역시 강서구 미음국제5로다길 17 (미음동),절삭가공 및 유사처리업,미등록
5633,두손기계,부산광역시 강서구 과학산단1로 139 (지사동),그 외 기타 1차 철강 제조업,051-831-7055
5634,두솜(주),부산광역시 사상구 가야대로196번길 23 (학장동),그 외 기타 분류 안된 섬유제품 제조업,미등록
5635,두양기계,부산광역시 강서구 화전산단6로90번길 6 (화전동),그 외 자동차용 신품 부품 제조업 외 3종,051-328-1191
5636,두양목재,부산광역시 강서구 낙동남로622번길 29 (녹산동),목재 깔판류 및 기타 적재판 제조업,051-301-4591
5637,두영기계,부산광역시 강서구 미음산단로76번길 21(구랑동),금속 절삭기계 제조업,051-831-5405
5638,두영물류상사,부산광역시 강서구 전양3길 56 (강동동),기타 1차 비철금속 제조업,051-972-5187
5639,두원기계(주),부산광역시 강서구 미음산단로 80 (구랑동),절삭가공 및 유사처리업 외 3종,051-831-9516
5640,두원메탈(주),부산광역시 기장군 장안읍 반룡리 830-4번지,절연 코드세트 및 기타 도체 제조업 외 1종,051-583-8898
5641,두웰 엔지니어링,"부산광역시 연제구 마곡천로 54, 상가동 201호 (연산동, 연산동현대홈타운)",그 외 기타 전기장비 제조업 외 1종,051-927-7695
5642,두진산업,부산광역시 기장군 장안읍 좌동리 724-1번지 외 1필지,전자 응용 절삭기계 제조업,미등록
5643,두현텍,부산광역시 강서구 대저중앙로375번길 13-1 (대저1동),금속탱크 및 저장용기 제조업 외 2종,051-972-1674
5644,듀론(DURONE),"부산광역시 남구 신선로 365, 산학협력관 514-2호(용당동, 부경대학교용당캠퍼스)",무인 항공기 및 무인 비행장치 제조업,051-623-8138
5645,드림산업,부산광역시 강서구 공항앞길85번길 104(대저2동),구조용 금속 판제품 및 공작물 제조업,미등록
5646,드림쇼파,부산광역시 동래구 연안로74번길 39 (안락동),소파 및 기타 내장가구 제조업 외 1종,051-524-1222
5647,드림오션주식회사,부산광역시 영도구 해양로 24-16 (청학동),선박 구성 부분품 제조업,051-412-4054
5648,드림테크,부산광역시 강서구 화전산단5로 102(화전동),주형 및 금형 제조업,미등록
5649,드림테크,부산광역시 강서구 녹산산단382로59번길 53 (송정동),절삭가공 및 유사처리업,051-974-0117
5650,드립커피 인클라인,부산광역시 기장군 장안읍 반룡산단2로 24,커피 가공업,미등록
5651,드블류피에스(WPS),"부산광역시 사하구 낙동대로 164, 한라빌딩504호(괴정동)",분사기 및 소화기 제조업,070-8267-0440
5652,드필드,부산광역시 강서구 공항앞길13번길 42-32 (대저2동),선박 구성 부분품 제조업,051-941-5881
5653,득공기계,부산광역시 강서구 녹산산단17로 152 (송정동),절삭가공 및 유사처리업,051-831-1135
5654,디씨에이치(주),"부산광역시 사상구 낙동대로1446번길 28, 외1필지 (삼락동)",선박 구성 부분품 제조업 외 61종,051-301-6078
5655,디씨에이치(주),부산광역시 사상구 낙동대로1420번길 55 (삼락동),선박 구성 부분품 제조업 외 32종,051-301-6078
5656,디씨티  ,부산광역시 기장군 장안읍 에코산단2로 8,특수 직물 및 기타 직물 직조업,055-364-2722
5657,디아이렉신메디텍(주),"부산광역시 금정구 개좌로 273-20, 2층 202호(회동동, 브이원타워)",분말 야금제품 제조업 외 1종,051-531-4900
5658,디알이엔지,부산광역시 강서구 제도로1041번길 520 (강동동),절삭가공 및 유사처리업,051-365-0882
5659,디앤비,"부산광역시 연제구 거제대로 172, 2층 (거제동)",고무 의류 및 기타 위생용 비경화 고무제품 제조업,051-853-9861
5660,디앤아이(D&I),"부산광역시 해운대구 재반로 55, 1층 (재송동)",커튼 및 유사제품 제조업,051-526-3459
5661,디앤에이치,부산광역시 강서구 공항로1409번길 73 (대저1동),그 외 기타 금속가공업 외 4종,055-322-2728
5662,디앤테크,부산광역시 강서구 녹산산단382로60번길 22 (송정동),그 외 기타 분류 안된 금속 가공 제품 제조업,미등록
5663,디에스비엔지니어링 주식회사,"부산광역시 영도구 산업로 27 (청학동, 구명정제)",합성수지선 건조업,051-412-5937
5664,디에스산전,부산광역시 강서구 낙동북로63번길 34 (강동동),전동기 및 발전기 제조업 외 12종,051-325-4248
5665,디에스알(주),부산광역시 강서구 녹산산업중로192번길 7 (송정동),끈 및 로프 제조업,051-979-0500
5666,디에스에스(주),부산광역시 수영구 무학로21번길 8 (광안동),"전기회로 개폐, 보호장치 제조업 외 4종",051-628-9626
5667,디에스에이,부산광역시 강서구 녹산산단27로 153 (송정동),금속선 가공제품 제조업,051-941-1752
5668,디에스엔지니어링,부산광역시 강서구 공항로811번나길 120 (대저2동),절삭가공 및 유사처리업,미등록
5669,디에스엠,부산광역시 기장군 정관읍 산단3로 101-17,그 외 금속 압형제품 제조업,051-525-2627
5670,디에스케이아이(주),부산광역시 사상구 모라로 22 (모라동) 부산벤처타워,금속 절삭기계 제조업,051-609-9641
5671,디에스테크,부산광역시 강서구 공항로1409번길 43-13 (대저1동),자동차용 신품 동력전달장치 제조업 외 1종,051-971-5364
5672,디에스테크,부산광역시 강서구 녹산산단407로 21 (송정동),절삭가공 및 유사처리업,미등록
5673,디에스테크(주),부산광역시 사하구 장평로71번길 33 (장림동),그 외 기타 플라스틱 제품 제조업,051-263-4665
5674,디에스텍,부산광역시 강서구 식만로93번길 7 (죽림동),기타 인쇄업 외 1종,051-305-3100
5675,디에스파워(주),부산광역시 강서구 화전산단2로 111(화전동),변압기 제조업,031-499-9675
5676,디에스플러스포장 주식회사,부산광역시 강서구 대저중앙로348번길 24-17 (대저1동),종이 포대 및 가방 제조업 외 1종,051-852-3237
5677,디에스피,부산광역시 기장군 정관읍 산단5로 100-58,"도금, 착색 및 기타 표면처리강재 제조업",051-728-3334
5678,디에이치,부산광역시 강서구 체육공원로52번길 69 (대저1동),강관 제조업 외 4종,070-8802-6976
5679,디에이치(DH)렉크,"부산광역시 강서구 녹산산단261로 58, (송정동, 1585-1) (송정동)",그 외 기타 금속가공업,051-971-6995
5680,디에이치글로벌,부산광역시 강서구 생곡산단로61번길 17 (생곡동),기타 건축용 나무제품 제조업,051-314-3321
5681,디에이치오션,부산광역시 강서구 낙동북로125번길 108 (강동동),오락 및 스포츠용 보트 건조업 외 2종,051-911-1161
5682,디에이치케이기술산업(주),부산광역시 기장군 장안읍 오리산단5로 66,육상 금속 골조 구조재 제조업,051-973-7277
5683,디에이치테크(주),부산광역시 강서구 화전산단6로66번길 20 (화전동),가정용 및 산업용 공기 조화장치 제조업 외 9종,051-314-3321
5684,디에이치테크(주),부산광역시 강서구 화전산단3로 132 (화전동),가정용 및 산업용 공기 조화장치 제조업 외 8종,051-314-3321
5685,디에이치파워주식회사,부산광역시 금정구 개좌로 198-1 (회동동),배전반 및 전기 자동제어반 제조업 외 4종,051-521-4058
5686,디에치테크(D.H.TEC),부산광역시 강서구 제도로1041번길 531-1 (강동동),육상 금속 골조 구조재 제조업 외 1종,051-311-4577
5687,디엔씨하이텍,부산광역시 강서구 녹산산단381로12번길 50 (송정동),주형 및 금형 제조업,051-271-2680
5688,디엔에스식품,부산광역시 기장군 기장읍 청강리 245-1번지,그 외 기타 식료품 제조업,051-724-9111
5689,디엔에스안전산업,"부산광역시 사하구 신산로 120,  7층 710호 (신평동)",어망 및 기타 끈 가공품 제조업,미등록
5690,디엔에이치,부산광역시 사상구 새벽로63번길 57(학장동),"용기 세척, 포장 및 충전기 제조업",051-311-4540
5691,디엔엠,부산광역시 사상구 학감대로178번길 56 (학장동),절삭가공 및 유사처리업,051-313-1662
5692,디엘일렉트릭,부산광역시 영도구 해양로195번가길 16 (동삼동),전기.전자 및 정밀기기 수리업,051-463-7040
5693,디엠에스   ,부산광역시 기장군 장안읍 장안산단6로 35-10,주형 및 금형 제조업 외 1종,070-8131-5440
5694,디엠케이인터내셔날,"부산광역시 해운대구 반송로513번길 66-47, 4층 402, 403호(석대동, 테크노타워)",기타 가정용 전기기기 제조업,051-525-8279
5695,디엠테크,부산광역시 강서구 미음산단3로 100 (미음동),산업처리공정 제어장비 제조업,051-972-8777
5696,디엠티,부산광역시 영도구 해양로195번나길 44 (동삼동),선박 구성 부분품 제조업 외 1종,051-261-7933
5697,디엠티대명(주),부산광역시 강서구 미음산단로 361 (미음동),금속탱크 및 저장용기 제조업 외 1종,051-973-5893
5698,디오,부산광역시 강서구 송정길100번길 54 (송정동),가금류 가공 및 저장 처리업 외 7종,미등록
5699,디오더블유(DOW),부산광역시 강서구 화전산단6로 124 (화전동),절삭가공 및 유사처리업,051-972-4589
5700,디올아트,부산광역시 연제구 해맞이로 103 (거제동),경 인쇄업 외 1종,051-636-1142
5701,디와이(DY)다이텍,부산광역시 사하구 신산로29번길 38 (신평동),섬유제품 기타 정리 및 마무리 가공업,051-293-2285
5702,디와이(DY)조선,부산광역시 사하구 다대로605번길 51 (다대동),기타 선박 건조업,051-261-0331
5703,디와이솔,부산광역시 사상구 낙동대로881번길 51 (감전동),기타 신발 제조업,051-326-7952
5704,디와이이엔지,"부산광역시 영도구 해양로 22, 1동 1층(청학동)",선박 구성 부분품 제조업 외 3종,051-414-0718
5705,디와이텍,"부산광역시 강서구 미음산단3로 172(미음동, 일화공업(주))",변압기 제조업 외 3종,051-714-5144
5706,디와이피,부산광역시 사상구 모덕로67번길 147-9 (모라동),오프셋 인쇄업,051-301-6001
5707,디인사이트(d-insight),부산광역시 수영구 구락로111번길 15 (망미동),간판 및 광고물 제조업,051-752-8289
5708,디자인 모컴,부산광역시 서구 까치고개로208번길 19 (아미동1가),간판 및 광고물 제조업,051-254-9400
5709,디자인 이룸(E.Room),"부산광역시 부산진구 부전로 5-1, 거북골빌딩 7층 (702,703호)(부전동)",제판 및 조판업 외 3종,051-809-0014
5710,디자인글꼴,"부산광역시 부산진구 중앙대로 591-1 (범천동, 디자인글꼴)",기타 인쇄업 외 1종,051-636-1210
5711,디자인니즈,부산광역시 강서구 대저중앙로286번길 149 (대저1동),전시 및 광고용 조명장치 제조업,051-917-9907
5712,디자인레전드,부산광역시 해운대구 반송로828번길 20 (반송동),기타 인쇄업,051-747-4520
5713,디자인매일,"부산광역시 중구 대청로 91-7, 2층, 3층 (대청동3가)",기타 인쇄업 외 3종,051-467-3337
5714,디자인문진,"부산광역시 서구 보수대로 223-6,  10/4 (동대신동3가)",기타 인쇄업 외 1종,051-254-1616
5715,디자인스틸,부산광역시 강서구 화전산단6로90번길 10 (화전동),그 외 기타 분류 안된 금속 가공 제품 제조업,미등록
5716,디자인우경,"부산광역시 부산진구 동성로112번나길 6, 1층 (전포동)",기타 인쇄업 외 1종,051-804-6451
5717,디자인컵 ,부산광역시 기장군 장안읍 반룡산단2로 42,전구 및 램프 제조업,070-7560-7502
5718,디자인혼,"부산광역시 해운대구 송정중앙로5번길 41, 2층 (송정동)",간판 및 광고물 제조업 외 1종,051-987-0320
5719,디자인혼,부산광역시 기장군 장안읍 반룡산단3로 88,기타 건축용 나무제품 제조업 외 1종,051-987-0320
5720,디제이씨푸드,"부산광역시 사하구 장평로15번길 30, 1층 (장림동)",수산동물 냉동품 제조업,051-265-9490
5721,디지마린주식회사,"부산광역시 해운대구 센텀중앙로 90, 22층 2211 (재송동)","레이더, 항행용 무선기기 및 측량기구 제조업 외 2종",051-783-2430
5722,디지털치과기공소,"부산광역시 해운대구 센텀동로 71, 3층 311호 (우동, 벽산이센텀클래스원2차)",치과기공물 제조업 외 2종,ARS-1670-2193
5723,디케이,부산광역시 강서구 대저중앙로286번길 143 (대저1동),"탭, 밸브 및 유사장치 제조업",051-305-3770
5724,디케이(DK)폴리테크,부산광역시 강서구 식만로 13-41 (죽림동),플라스틱 필름 제조업,051-972-5968
5725,디케이공업(주),"부산광역시 사상구 모덕로108번길 38 (덕포동, DK공업사(주))",자동차 엔진용 신품 부품 제조업 외 1종,051-301-5995
5726,디케이글로비즈,"부산광역시 사상구 낙동대로943번길 235, 3층 303 (감전동)",기타 신발 제조업,051-302-4422
5727,디케이모터스(주),부산광역시 금정구 회동동 552-5번지,자동차용 신품 동력전달장치 제조업,051-527-9136
5728,디케이모터스(주),"부산광역시 금정구 개좌로 279, (552-3,4번지) (회동동)",자동차용 신품 동력전달장치 제조업,051-527-9136
5729,디케이모터스(주),부산광역시 금정구 개좌로 273-14 (회동동),자동차용 신품 동력전달장치 제조업 외 1종,051-527-9136
5730,디케이이,부산광역시 강서구 녹산화전로 126-25 (화전동),선박 구성 부분품 제조업,051-972-7872
5731,디케이테크,"부산광역시 강서구 녹산산업중로 67, B동 (송정동)",기타 구조용 금속제품 제조업,051-265-3355
5732,디케이티 ,부산광역시 강서구 화전산단3로 108(화전동),"기타 비철금속 압연, 압출 및 연신 제품 제조업",051-831-8493
5733,디케이티엠아이인터내셔널(주),부산광역시 강서구 식만로259번길 76 (식만동),"탭, 밸브 및 유사장치 제조업",051-973-7331
5734,디케이플랜트(주),부산광역시 강서구 구랑동 1226-7번지,"산업용 오븐, 노 및 노용 버너 제조업 외 2종",051-271-1342
5735,디텍(주),부산광역시 강서구 미음산단로 327 (미음동),합성수지선 건조업 외 1종,051-831-6880
5736,디피아이(주),"부산광역시 강서구 녹산산단442로 56, (송정동,1771-8) (송정동)",그 외 기타 일반목적용 기계 제조업 외 3종,051-941-0878
5737,디피에스테크놀로지,"부산광역시 강서구 화전산단5로38번길 24(화전동, 동아정밀공업사)","금속 문, 창, 셔터 및 관련제품 제조업 외 8종",미등록
5738,라영밴딩,부산광역시 강서구 녹산화전로 23 (송정동),절삭가공 및 유사처리업,051-831-7883
5739,라온,"부산광역시 동래구 명안로71번길 30-4, 1층 (명장동)",구조용 금속 판제품 및 공작물 제조업,051-525-2888
5740,라온,부산광역시 강서구 녹산산단261로31번길 20 (송정동),도금업,051-831-0681
5741,라온로보틱스,"부산광역시 기장군 장안읍 반룡산단로 33, 라온로보틱스",산업용 로봇 제조업,051-522-5140
5742,라온수출포장,부산광역시 강서구 녹산산단261로87번길 10 (송정동),"목재 포장용 상자, 드럼 및 유사용기 제조업",051-973-9028
5743,라온테크,부산광역시 강서구 녹산산업북로313번길 14 (송정동),주형 및 금형 제조업,070-8287-1291
5744,라움 시스템가구,부산광역시 기장군 정관읍 산단4로 68,주방용 및 음식점용 목재가구 제조업,미등록
5745,라이온제과,부산광역시 사하구 장림동 541번지 외 1필지,과자류 및 코코아 제품 제조업,미등록
5746,라프랑스,"부산광역시 해운대구 선수촌로208번길 33-5, 2층(반여동)",빵류 제조업 외 1종,051-758-5231
5747,락크웰,부산광역시 사하구 사하로70번길 43 (구평동),"근무복, 작업복 및 유사의복 제조업 외 3종",051-265-1121
5748,락테크,부산광역시 강서구 녹산산업북로313번길 32-1 (송정동),절삭가공 및 유사처리업,051-714-6283
5749,랩스,부산광역시 사상구 엄궁로 70-16 (엄궁동),"전자기 측정, 시험 및 분석기구 제조업 외 8종",070-7366-2883
5750,러브리전산,부산광역시 해운대구 반송로525번길 33 (석대동),기타 주변기기 제조업,051-759-5252
5751,럭키스텐플랜지,부산광역시 사상구 가야대로12번길 12 (감전동),그 외 기타 일반목적용 기계 제조업 외 1종,051-322-7744
5752,럭키시스템,부산광역시 강서구 대저중앙로71번가길 29 (대저1동),기타 목재가구 제조업,051-333-3355
5753,럭키테이프,부산광역시 영도구 청학동 91번지,그 외 기타 플라스틱 제품 제조업,051-416-5811
5754,런텍,부산광역시 강서구 미음산단4로 6 (미음동),"증류기, 열교환기 및 가스발생기 제조업",미등록
5755,레날티엠티 주식회사,"부산광역시 영도구 남항서로82번길 29-11(남항동2가, 레날티엠티주식회사)",선박 구성 부분품 제조업,051-466-8984
5756,레더팔레트,"부산광역시 영도구 남항로9번길 55, 4층(대교동1가, 나나빌딩)",핸드백 및 지갑 제조업 외 1종,051-418-9391
5757,레보(주),부산광역시 사하구 다산로 12-11 (다대동),그 외 기타 전자부품 제조업 외 3종,051-262-8827
5758,레프코리아,부산광역시 사하구 하신번영로177번길 22 (신평동),산업용 냉장 및 냉동 장비 제조업,051-203-1258
5759,렉스피드 (REXPID),부산광역시 사하구 장평로 55 (장림동),그 외 기타 분류 안된 금속 가공 제품 제조업 외 2종,051-263-1908
5760,렌텍(주),부산광역시 강서구 송정동 1558-19번지,건설 및 채광용 기계장비 제조업,051-831-1343
5761,렙콘컴퍼니,"부산광역시 강서구 미음국제3로 57(미음동, (주)유니크라미)","체조, 육상 및 체력단련용 장비 제조업",미등록
5762,로그인,"부산광역시 사상구 엄궁로 70-16, 부산테크노파크 303호 (엄궁동)",일반용 전기 조명장치 제조업,051-317-6600
5763,로드메카트로닉스,"부산광역시 사하구 하신중앙로27번길 17, 3층 304 (장림동)",그 외 기타 전기장비 제조업 외 1종,051-263-7347
5764,로마전자기술,부산광역시 강서구 공항로1309번가길 42-3(대저1동),그 외 기타 전자부품 제조업 외 2종,051-528-6301
5765,로박스,부산광역시 강서구 미음국제5로마길 40 (미음동),그 외 기타 일반목적용 기계 제조업,미등록
5766,로보트론,부산광역시 사하구 을숙도대로569번길 36 (신평동),산업용 로봇 제조업 외 1종,051-203-3090
5767,로보트론,"부산광역시 강서구 미음산단3로 77, A동 (미음동)",산업용 로봇 제조업,051-292-3004
5768,로보틱스퍼실리티,부산광역시 사상구 광장로56번길 48-18 (괘법동),산업용 로봇 제조업,미등록
5769,로카디(주),부산광역시 강서구 녹산산단261로59번길 14 (송정동),그 외 기타 분류 안된 금속 가공 제품 제조업 외 3종,051-831-1721
5770,로카디(주),부산광역시 강서구 녹산산단381로86번길 24 (송정동),육상 금속 골조 구조재 제조업 외 5종,051-831-1721
5771,록스텍코리아(주),부산광역시 사하구 다산로78번길 32 (다대동),선박 구성 부분품 제조업,051-314-9787
5772,록지매트,부산광역시 사상구 강변대로456번길 33-32(엄궁동),침구 및 관련제품 제조업,051-647-8151
5773,롯데웰푸드(주)부산공장            ,부산광역시 기장군 정관읍 산단2로 11,빵류 제조업,051-780-3184
5774,루트광학,"부산광역시 사하구 다대로354번안길 94, B동 2층 (장림동)",안경 및 안경렌즈 제조업,051-264-8755
5775,르노코리아 주식회사,부산광역시 강서구 르노삼성대로 61 (신호동),자동차용 엔진 제조업 외 7종,051-979-7303
5776,리노공업(주),부산광역시 강서구 녹산산단261로31번길 8 (송정동),도금업,051-831-3232
5777,리노공업(주),부산광역시 강서구 미음산단로105번길 26(구랑동),그 외 기타 전자부품 제조업,051-831-3232
5778,리노공업(주),부산광역시 강서구 녹산산단261로23번길 24 (송정동),도금업,051-831-3232
5779,리노공업(주),"부산광역시 강서구 녹산산단382로14번가길 20, 3층 301호 (송정동, 한국청정도금센터)",도금업,051-831-3232
5780,리노공업(주),부산광역시 강서구 미음산단로105번길 20 (구랑동),그 외 기타 전자부품 제조업 외 1종,051-831-3232
5781,리노공업(주),부산광역시 강서구 미음산단로105번길 10 (구랑동),그 외 기타 전자부품 제조업 외 1종,051-831-3232
5782,리녹스(주),부산광역시 사상구 사상로385번길 60(덕포동),그 외 기타 금속가공업,070-5066-3760
5783,리녹스(주),부산광역시 사하구 낙동대로550번길 37 (하단동),그 외 기타 금속가공업,070-5066-3760
5784,리딩솔루션,"부산광역시 강서구 과학산단1로60번길 30,  디지털센터 104-3호 (지사동)",자동차용 신품 동력전달장치 제조업 외 5종,051-516-0953
5785,리모텍씨엔씨,부산광역시 강서구 녹산산단77로 20 (송정동),선박 구성 부분품 제조업 외 24종,미등록
5786,리얼테크,부산광역시 영도구 남항남로19번길 9 (남항동3가),선박 구성 부분품 제조업,051-989-1230
5787,리오기업,부산광역시 강서구 녹산산업중로 51-20 (송정동),도장 및 기타 피막처리업 외 3종,051-831-4810
5788,리우스틸산업,부산광역시 강서구 녹산산업중로 252 (송정동),볼트 및 너트류 제조업 외 1종,051-941-7805
5789,리켄케이키코리아(주),부산광역시 강서구 화전산단2로134번길 23 (화전동),전기경보 및 신호장치 제조업,051-518-3613
5790,리켐코리아,부산광역시 강서구 녹산산단261로39번길 21 (송정동),도금업,051-972-4189
5791,린데코리아(주),부산광역시 강서구 녹산산단262로13번길 52 (송정동),수소 제조업 외 1종,02-2188-2200
5792,린데코리아(주),부산광역시 강서구 녹산산단262로13번길 50 (송정동),수소 제조업 외 1종,02-2188-2200
5793,림스마린서비스,부산광역시 사하구 감천항로 447 (구평동),그 외 기타 특수목적용 기계 제조업 외 1종,051-413-9730
5794,림스마린서비스,부산광역시 강서구 화전산단5로74번길 16 (화전동),기체 펌프 및 압축기 제조업,051-413-9730
5795,림팩토리 주식회사,부산광역시 강서구 제도로 805-13 (강동동),그 외 기타 고무제품 제조업,미등록
5796,링스텍,부산광역시 강서구 제도로1041번길 236-12(강동동),금속 스프링 제조업,051-973-7990
5797,링엔지니어링,부산광역시 강서구 녹산산단77로 50 (송정동),금속 절삭기계 제조업,051-831-1204
5798,링크정보시스템(주),"부산광역시 해운대구 센텀중앙로 60, 701호, 702호, 703호 (우동)",유선 통신장비 제조업 외 6종,051-508-9722
5799,마노기술주식회사,부산광역시 강서구 대저중앙로357번길 26-19 (대저1동),"금속 문, 창, 셔터 및 관련제품 제조업 외 9종",051-897-0912
5800,마노테크,부산광역시 사하구 장평로 66 (장림동),"전기회로 개폐, 보호장치 제조업 외 1종",051-714-1330
5801,마르덱스코리아(주),부산광역시 해운대구 센텀중앙로 66 (우동) 센텀 T 타워,내연기관 제조업,051-746-5052
5802,마린서비스코리아(MARINE SERVICE KOREA),부산광역시 강서구 대저들길 438(대저1동),그 외 기타 전자부품 제조업,미등록
5803,마린시스템,부산광역시 기장군 정관읍 산단7로 78-20,기기용 자동측정 및 제어장치 제조업,051-740-6020
5804,마린전자상사,"부산광역시 동구 고관로 62, 지하1층 (초량동)","레이더, 항행용 무선기기 및 측량기구 제조업 외 2종",051-441-1922
5805,마린콘트롤,"부산광역시 영도구 남항남로 23-2, 재경BD, 2F (남항동3가, 재경전자)",배전반 및 전기 자동제어반 제조업,051-809-4494
5806,마린테크,부산광역시 남구 석포로73번길 68 (대연동),선박 구성 부분품 제조업,051-441-0620
5807,마린플래닛주식회사,"부산광역시 해운대구 센텀동로 99, 4층 410 (재송동, 벽산e센텀클래스원)",그 외 기타 봉제의복 제조업,051-781-3081
5808,마스터 다이버스 코리아,부산광역시 영도구 중리북로 32(동삼동),그 외 기타 금속가공업,미등록
5809,마스텍중공업주식회사,부산광역시 영도구 대평남로 35 (대평동1가),강선 건조업 외 1종,051-604-4300
5810,마주광고기획,부산광역시 강서구 공항로533번나길 15 (대저2동),간판 및 광고물 제조업,051-971-6621
5811,마프상사,부산광역시 강서구 공항로811번나길 57 (대저2동),선박 구성 부분품 제조업 외 1종,051-203-3121
5812,마하스텐,부산광역시 강서구 대저중앙로 230 (대저1동),수동식 식품 가공기기 및 금속 주방용기 제조업,051-638-1977
5813,만강공업사,부산광역시 강서구 미음국제5로라길 42(미음동),금속 절삭기계 제조업,미등록
5814,만경정밀,부산광역시 강서구 낙동북로102번가길 34 (강동동),그 외 자동차용 신품 부품 제조업 외 3종,051-972-6256
5815,만덕비닐산업,부산광역시 강서구 식만로 13-39 (죽림동),플라스틱 필름 제조업,051-972-5968
5816,만물조선,부산광역시 사하구 감천항로405번길 45(구평동),강선 건조업 외 4종,미등록
5817,만복기계,부산광역시 강서구 낙동남로622번길 23 (녹산동),절삭가공 및 유사처리업,051-317-1910
5818,만선,부산광역시 강서구 생곡산단1로24번길 51 (생곡동),핵반응기 및 증기보일러 제조업,미등록
5819,만성코프레이션,부산광역시 사상구 낙동대로943번길 71 (감전동),기타 구조용 금속제품 제조업,051-321-0505
5820,만수엔지니어링,부산광역시 영도구 대평로 57 (대평동2가),선박 구성 부분품 제조업,051-413-5535
5821,만에너지솔루션즈코리아(주),부산광역시 강서구 범방2로 51 (범방동),선박 구성 부분품 제조업,051-635-6444
5822,만이엔지,부산광역시 강서구 공항앞길85번길 101-1 (대저2동),절삭가공 및 유사처리업,미등록
5823,만진산업,부산광역시 강서구 녹산산단261로87번길 23 (송정동),산업용 송풍기 및 배기장치 제조업,051-831-0199
5824,만진종합부라쉬,"부산광역시 기장군 장안읍 명례산단1로 182, 명례산단 59번 산업용지",그 외 기타 특수목적용 기계 제조업 외 1종,051-646-7744
5825,만해산전,부산광역시 강서구 녹산산단381로 60-16 (송정동),배전반 및 전기 자동제어반 제조업,051-831-5958
5826,만해전기,부산광역시 강서구 녹산산단77로22번길 29 (송정동),배전반 및 전기 자동제어반 제조업,051-831-5958
5827,만호제강(주),부산광역시 강서구 녹산화전로 71 (송정동),철강선 제조업 외 1종,051-831-5611
5828,말레베어공조 주식회사 ,부산광역시 기장군 장안읍 장안산단9로 110 (광진윈텍),그 외 자동차용 신품 부품 제조업,051-950-9706
5829,맑은공간대호 주식회사,"부산광역시 영도구 태종로 727, 산학허브관 609호(동삼동, 국립한국해양대학교)",기체 여과기 제조업,051-405-2001
5830,맛다올푸드,"부산광역시 해운대구 반여로167번길 68-1, 2층 (반여동)",천연 및 혼합조제 조미료 제조업,051-521-0323
5831,망고클라우드 주식회사,"부산광역시 북구 만덕3로16번길 1, 404호(만덕동, 부산이노비즈센터)",컴퓨터 제조업,051-501-2248
5832,매그스위치 테크놀로지 코리아(주),부산광역시 남구 신선로303번길 23 (용당동),그 외 기타 전기장비 제조업 외 3종,051-621-9648
5833,매일산업,부산광역시 강서구 화전산단2로134번길 23 (화전동),일반용 전기 조명장치 제조업,051-512-8811
5834,매일수산유통,부산광역시 사하구 다산로225번길 49 (장림동),기타 수산동물 가공 및 저장 처리업,051-303-3987
5835,매일프로세스,"부산광역시 중구 대청로 91-7, 2층 (대청동3가)",기타 인쇄업,051-465-3361
5836,매직골드,부산광역시 사상구 학감대로177번길 47(학장동),수동식 식품 가공기기 및 금속 주방용기 제조업,051-304-0490
5837,매직엘이디,부산광역시 강서구 대저동서로249번길 51 (대저2동),간판 및 광고물 제조업 외 1종,051-941-6481
5838,매틱스(주),부산광역시 강서구 미음산단로199번길 5 (미음동),그 외 기타 특수목적용 기계 제조업 외 1종,051-831-8000
5839,맥(MAC)한샘퍼니처,부산광역시 사하구 두송로 232 (구평동),기타 목재가구 제조업 외 1종,051-941-6639
5840,맥그리거코리아(주),부산광역시 강서구 과학산단1로 81 (지사동),선박 구성 부분품 제조업 외 3종,051-972-9260
5841,맥디자인산업,부산광역시 금정구 서동로 57 (부곡동),간판 및 광고물 제조업,051-518-0008
5842,먼데이,부산광역시 사상구 삼덕로73번길 17 (덕포동),그 외 기타 분류 안된 금속 가공 제품 제조업 외 1종,051-304-7773
5843,메가런,부산광역시 강서구 녹산산업중로 130(송정동),고무패킹류 제조업,미등록
5844,메디폴(MEDIPOL)  ,"부산광역시 해운대구 반송로513번길 66-47, 1층 103호(석대동, 테크노타워)",그 외 기타 의료용 기기 제조업 외 1종,051-525-9709
5845,메크툴코리아(주),부산광역시 강서구 화전산단5로84번길 17(화전동),그 외 기타 분류 안된 금속 가공 제품 제조업,055-541-1969
5846,메탈플러스(주),부산광역시 강서구 녹산산단382로49번길 12 (송정동),그 외 기타 1차 철강 제조업,미등록
5847,명가씨푸드,부산광역시 사하구 구평로 23 (구평동),기타 수산동물 가공 및 저장 처리업,051-265-6466
5848,명광,부산광역시 사상구 장인로20번길 47-26 (감전동),그 외 기타 일반목적용 기계 제조업,051-313-1501
5849,명광공업사,부산광역시 강서구 낙동남로622번길 47-1 (녹산동),주형 및 금형 제조업,051-205-1900
5850,명광화학공업(주),부산광역시 사하구 하신번영로 78 (신평동) (총 2 필지),신발 부분품 제조업 외 2종,051-206-7284
5851,명길사,부산광역시 사하구 장평로 116 (장림동),고무 타이어 및 튜브 제조업 외 1종,051-262-4215
5852,명문산기,부산광역시 강서구 신호산단1로 220-9 (신호동),절삭가공 및 유사처리업,미등록
5853,명보기업(주),부산광역시 사하구 홍티로 12 (다대동),그 외 자동차용 신품 부품 제조업 외 5종,051-263-3111
5854,명보기업(주),부산광역시 사하구 다산로 205 (다대동),절삭가공 및 유사처리업,051-263-3111
5855,명보사,부산광역시 사상구 사상로 352 (덕포동),신발 부분품 제조업,051-302-3046
5856,명보주식회사,"부산광역시 사상구 광장로56번길 48, 3,4층 (괘법동)",배전반 및 전기 자동제어반 제조업 외 4종,051-317-8878
5857,명보카렌다,부산광역시 강서구 녹산산단381로12번길 13-16 (송정동),기타 인쇄물 출판업,051-831-6210
5858,명보테크,부산광역시 기장군 장안읍 반룡산단1로 55,승강기 제조업,미등록
5859,명성,부산광역시 연제구 아시아드대로54번길 32 (거제동),셔츠 및 블라우스 제조업 외 14종,051-503-4921
5860,명성,"부산광역시 사상구 삼락천로 247 (삼락동, 명성)",배전반 및 전기 자동제어반 제조업,051-304-9820
5861,명성ENG,부산광역시 사하구 감천항로 493 (구평동),선박 구성 부분품 제조업,미등록
5862,명성건업,부산광역시 강서구 공항로1347번길 98-1 (대저1동),플라스틱 창호 제조업,051-341-1356
5863,명성계전,부산광역시 강서구 공항로339번길 26-7 (대저2동),배전반 및 전기 자동제어반 제조업,051-324-2115
5864,명성공업사,부산광역시 강서구 식만로 41-26 (죽림동),농업 및 임업용 기계 제조업,051-305-2231
5865,명성공업사,부산광역시 강서구 녹산산업중로 57 (송정동),절삭가공 및 유사처리업,051-831-8804
5866,명성글로벌(주),"부산광역시 사하구 다대동로6번길 21, 3층 2호 (다대동)",수산동물 건조 및 염장품 제조업 외 3종,051-256-8001
5867,명성금속,부산광역시 사상구 학장로135번길 81 (학장동),볼트 및 너트류 제조업 외 2종,051-317-6232
5868,명성기계,부산광역시 사상구 가야대로134번길 13 (학장동),유압기기 제조업,051-311-8616
5869,명성메탈,부산광역시 사상구 사상로531번길 61(모라동),기타 절연선 및 케이블 제조업,051-305-0806
5870,명성사,"부산광역시 강서구 대저중앙로 360-16, 명성사(대저1동)",기타 인쇄업,051-818-5549
5871,명성산업,부산광역시 강서구 대저중앙로 360-20 (대저1동),강관 제조업 외 1종,051-328-7933
5872,명성섬유(주),부산광역시 사하구 하신번영로73번길 16 (신평동),"직물, 편조원단 및 의복류 염색 가공업",051-201-1493
5873,명성식품,부산광역시 사하구 장림번영로104번길 114 (장림동),수산동물 건조 및 염장품 제조업,051-261-5784
5874,명성어패럴,부산광역시 해운대구 선수촌로 137 (반여동),남자용 겉옷 제조업 외 6종,051-532-0341
5875,명성어패럴 금사공장,부산광역시 금정구 공단로50번길 23 (금사동),기타 직물제품 제조업,051-523-9402
5876,명성에코텍,부산광역시 강서구 신덕길2번길 93 (대저1동),부직포 및 펠트 제조업,051-817-2916
5877,명성유통,"부산광역시 동래구 시실로107번길 31, 가동 (명장동)",가금류 가공 및 저장 처리업,051-528-9119
5878,명성전기,"부산광역시 사하구 신산로 120, 5층 518호 (신평동)",배전반 및 전기 자동제어반 제조업,미등록
5879,명성정밀,"부산광역시 사상구 학장로248번길 32 (학장동, 명성정밀)",금속 절삭기계 제조업,051-327-5453
5880,명성정밀,부산광역시 사상구 사상로341번길 18 (덕포동),주형 및 금형 제조업 외 1종,051-301-5335
5881,명성정밀,부산광역시 강서구 식만로247번길 38 (식만동),절삭가공 및 유사처리업,051-973-9775
5882,명성정밀,부산광역시 사상구 가야대로176번길 60 (학장동),그 외 자동차용 신품 부품 제조업 외 3종,051-328-4321
5883,명성창호유리,부산광역시 강서구 공항로 1197 (대저1동),안전유리 제조업 외 1종,051-973-9681
5884,명성태크,"부산광역시 강서구 울만로25번길 104, A동 (대저2동)","플라스틱 선, 봉, 관 및 호스 제조업",미등록
5885,명성테크,부산광역시 사상구 삼락천로 190 (모라동),육상 금속 골조 구조재 제조업 외 1종,051-302-7935
5886,명성테크,부산광역시 사상구 사상로425번길 34 (모라동),구조용 금속 판제품 및 공작물 제조업,051-315-1587
5887,명성테크,"부산광역시 사상구 강변대로456번길 15-11 (엄궁동, 명성테크)",그 외 기타 일반목적용 기계 제조업 외 1종,051-311-3012
5888,명세씨엠케이(주),부산광역시 기장군 정관읍 산단3로 73 (명세cmk(주)),그 외 기타 의료용 기기 제조업 외 3종,051-518-7135
5889,명승테크,부산광역시 강서구 녹산산단382로49번길 40 (송정동),절삭가공 및 유사처리업,051-972-9953
5890,명승테크,부산광역시 강서구 녹산산단382로49번길 40 (송정동),절삭가공 및 유사처리업,051-972-9953
5891,명신기업,부산광역시 강서구 미음국제7로가길 8(미음동),그 외 기타 금속가공업,051-271-3905
5892,명신산업,부산광역시 사상구 새벽로201번길 7 (괘법동),그 외 기타 전기장비 제조업 외 3종,051-312-6789
5893,명신어패럴,부산광역시 사하구 다대로170번길 19 (신평동),셔츠 및 블라우스 제조업 외 1종,051-202-1055
5894,명신전기,"부산광역시 영도구 대평로19번길 7, 1층 (대평동1가)",배전반 및 전기 자동제어반 제조업,051-413-2334
5895,명신종합중기정비,부산광역시 사하구 다산로53번길 10 (다대동),건설 및 채광용 기계장비 제조업,051-324-4177
5896,명심사무가구,부산광역시 강서구 강동송백2길 14 (강동동),,051-973-7066
5897,명우식품,부산광역시 강서구 공항로1409번길 43-3 (대저1동),육류 포장육 및 냉동육 가공업 (가금류 제외) 외 1종,051-504-1051
5898,명원전기(주),부산광역시 강서구 미음산단로105번길 34 (구랑동),배전반 및 전기 자동제어반 제조업 외 1종,051-291-4006
5899,명원전기(주),부산광역시 강서구 녹산산단27로 127 (송정동),배전반 및 전기 자동제어반 제조업 외 2종,051-291-4006
5900,명인산업주식회사,부산광역시 강서구 생곡로189번길 19(생곡동),기타 가공 공작기계 제조업,051-902-5697
5901,명인하이테크,부산광역시 영도구 남항남로 16 (남항동3가),선박 구성 부분품 제조업,051-414-5333
5902,명주금속,부산광역시 강서구 화전산단6로114번길 9 (화전동),그 외 자동차용 신품 부품 제조업 외 1종,051-263-9520
5903,명진,부산광역시 강서구 미음국제5로마길 34  (미음동),강관 가공품 및 관 연결구류 제조업,미등록
5904,명진,"부산광역시 사하구 신산로 120, A동 14층 A1404호  (신평동)",기타 조명장치 제조업 외 1종,051-203-3936
5905,명진TECH,부산광역시 강서구 제도로 30-14 (명지동),금속탱크 및 저장용기 제조업 외 1종,051-973-4942
5906,명진금속,부산광역시 강서구 화전산단2로 122 (화전동),자동차용 금속 압형제품 제조업 외 3종,051-292-0981
5907,명진금속,부산광역시 사하구 하신번영로127번길 10 (신평동),주형 및 금형 제조업 외 3종,051-292-0981
5908,명진금속,부산광역시 사하구 다대로354번길 50 (장림동),볼트 및 너트류 제조업 외 2종,051-262-6214
5909,명진금속(주),부산광역시 강서구 녹산산단381로 74 (송정동),강관 제조업 외 1종,051-832-0288
5910,명진금형,부산광역시 강서구 과학산단2로19번길 100-72 (지사동),주형 및 금형 제조업 외 1종,051-971-3267
5911,명진기전,"부산광역시 사상구 새벽로168번길 62 (감전동, 명진기전)",배전반 및 전기 자동제어반 제조업 외 6종,051-323-4533
5912,명진벤드,부산광역시 강서구 미음산단4로 140(미음동),주철관 제조업,051-997-6101
5913,명진정밀,부산광역시 강서구 대저중앙로357번길 46-6 (대저1동),그 외 기타 금속가공업,051-301-7282
5914,명진정밀,부산광역시 강서구 범방2로 18 (미음동),자동차 차체용 신품 부품 제조업 외 1종,051-311-5288
5915,명진특수강,"부산광역시 사상구 장인로77번길 33 (학장동, 성원공업사)",그 외 기타 1차 철강 제조업,051-317-1318
5916,명진판지,부산광역시 강서구 공항로 1263 (대저1동),펄프 제조업,051-973-0380
5917,명진하이테크,부산광역시 강서구 화전산단5로 102 (화전동),주형 및 금형 제조업,051-973-6820
5918,명진홀딩스(주),부산광역시 사하구 감천항로 6 (감천동),기타 수산동물 가공 및 저장 처리업,070-5101-2708
5919,명천전기,부산광역시 영도구 남항로10번길 16 (남항동2가),배전반 및 전기 자동제어반 제조업,051-418-7240
5920,명현산기,부산광역시 강서구 녹산산업중로 52-16 (송정동),절삭가공 및 유사처리업,051-831-0581
5921,명호낙동강재첩,부산광역시 강서구 가덕해안로2번나길 116(눌차동),건강보조용 액화식품 제조업,미등록
5922,모계염직(주),부산광역시 사하구 신산로 27 (신평동),"직물, 편조원단 및 의복류 염색 가공업",051-207-5210
5923,모니텍(주),부산광역시 사상구 새벽시장로 92 (감전동),"전자기 측정, 시험 및 분석기구 제조업 외 2종",051-311-8691
5924,모닝알앤디,부산광역시 사상구 모덕로 7 (삼락동),구조용 금속 판제품 및 공작물 제조업,051-525-2888
5925,모닝에스티에스(주),부산광역시 강서구 미음산단로105번길 11 (구랑동),강관 제조업 외 1종,02-6112-3080
5926,모다라,"부산광역시 해운대구 센텀중앙로 97, B동 비-203호(재송동, 센텀스카이비즈)",그 외 기타 봉제의복 제조업 외 5종,051-784-4450
5927,모던인테크(주),"부산광역시 사상구 백양대로445번길 18, 1동 (주례동)",커튼 및 유사제품 제조업,051-325-0260
5928,모던인테크(주),"부산광역시 사상구 백양대로 453 (주례동, MODERN)",커튼 및 유사제품 제조업 외 1종,051-325-0260
5929,모든기계,부산광역시 강서구 제도로 1187-3 (강동동),절삭가공 및 유사처리업,051-972-1362
5930,모든텍,"부산광역시 수영구 과정로42번길 23,  1,3층 (망미동) (총 2 필지)",커튼 및 유사제품 제조업 외 2종,051-805-1228
5931,모라박스,부산광역시 강서구 공항로1409번길 61-18 (대저1동),골판지 제조업 외 1종,미등록
5932,모리엘엔지니어링,부산광역시 사하구 다대로354번길 75 (장림동),산업용 냉장 및 냉동 장비 제조업,051-266-0172
5933,모모스커피(주),부산광역시 영도구 봉래나루로 160(봉래동2가),커피 가공업,051-512-0700
5934,모비벅스,부산광역시 강서구 미음산단로 101(구랑동),차체 및 특장차 제조업,미등록
5935,모스텍 주식회사,부산광역시 기장군 정관읍 매곡길 41,기타 기관 및 터빈 제조업,051-728-2245
5936,모아기획,부산광역시 중구 복병산길6번길 3 (대청동1가),스크린 인쇄업,051-468-4624
5937,모아스틸(주),부산광역시 강서구 가달2로55번길 54 (생곡동),그 외 기타 1차 철강 제조업,051-941-8100
5938,모와비,"부산광역시 남구 용호로159번길 94, 4층 402호  (용호동)",셔츠 및 블라우스 제조업 외 1종,미등록
5939,모이다(MOIDA),"부산광역시 사하구 신산로 120, 5층 501호 (신평동)",그 외 기타 특수목적용 기계 제조업,미등록
5940,모전,부산광역시 강서구 미음국제3로 47(미음동),절삭가공 및 유사처리업,051-941-3779
5941,몬스타(주),"부산광역시 사상구 대동로 303, 5층(503, 504호)(감전동, 부산디지털밸리아파트형공장)",컴퓨터 모니터 제조업 외 3종,070-8852-7730
5942,몬스타(주),"부산광역시 사상구 학장로 329, 공장1동전체, 공장2동전체 (주례동)",컴퓨터 제조업 외 3종,070-8852-7729
5943,몰텍,부산광역시 강서구 신호산단3로88번길 70 (신호동),주형 및 금형 제조업,051-203-7717
5944,무비산업,부산광역시 사하구 을숙도대로873번길 25 (감천동) (총 2 필지),도장 및 기타 피막처리업 외 1종,051-201-5490
5945,무진기계,부산광역시 강서구 울만로322번길 15-13 (대저2동),그 외 기타 일반목적용 기계 제조업 외 1종,미등록
5946,무한동력,부산광역시 사상구 낙동대로1384번길 77 (삼락동),기어 및 동력전달장치 제조업,미등록
5947,문수씽크,부산광역시 사상구 낙동대로 799(엄궁동),주방용 및 음식점용 목재가구 제조업 외 2종,051-315-1765
5948,문영공업사,부산광역시 기장군 정관면 산단1로 66-6 (문영공업사),자동차용 금속 압형제품 제조업 외 1종,051-727-8071
5949,문화금속,부산광역시 사하구 감천항로 451-1 (구평동),기타 비철금속 주조업,051-412-0033
5950,문화벤딩(공),부산광역시 강서구 화전산단6로114번길 15 (화전동),자동차용 금속 압형제품 제조업 외 1종,051-327-1740
5951,문화섬유공업사,부산광역시 사상구 사상로223번길 76 (괘법동),신발 부분품 제조업,051-323-9771
5952,문화인터내셔날,부산광역시 사상구 학감대로237번길 36 (감전동),신발 부분품 제조업,051-317-0003
5953,문화크리스탈,부산광역시 강서구 녹산산단382로60번길 10 (송정동),가정용 유리제품 제조업,051-831-4856
5954,뮤텍,부산광역시 강서구 금호순서길89번길 24-10 (대저2동),금속 절삭기계 제조업,051-312-8504
5955,미가교역,부산광역시 강서구 녹산산업중로 93 (송정동),치과기공물 제조업 외 4종,051-831-6040
5956,미강스텐,부산광역시 강서구 가달1로 72 (생곡동),그 외 기타 1차 철강 제조업,051-316-0310
5957,미강스텐레스,"부산광역시 사상구 가야대로64번길 41 (학장동, 미강스텐레스)",그 외 기타 1차 철강 제조업,051-316-0310
5958,미건개발,부산광역시 기장군 정관읍 용수리 331-2,기타 1차 비철금속 제조업,미등록
5959,미건금속,부산광역시 사하구 다산로225번길 17 (장림동),도금업,미등록
5960,미광F/L,부산광역시 강서구 금호순서길89번길 65 (대저2동),그 외 기타 달리 분류되지 않은 운송장비 제조업,051-323-7834
5961,미광냉동(주),부산광역시 사하구 다대로605번길 25 (다대동),수산동물 냉동품 제조업,051-261-7771
5962,미광네임프래트,부산광역시 사상구 모덕로102번길 41(덕포동),스크린 인쇄업 외 3종,051-304-2520
5963,미광버티칼,부산광역시 부산진구 동평로 343 (양정동),커튼 및 유사제품 제조업 외 1종,051-805-1322
5964,미광사,부산광역시 사하구 다산로226번길 7 (장림동),도금업,051-264-3265
5965,미광사,부산광역시 사하구 다산로 202 (다대동),절삭가공 및 유사처리업,051-264-3265
5966,미광정밀,부산광역시 강서구 공항로339번길 40 (대저2동),그 외 자동차용 신품 부품 제조업 외 3종,051-466-2193
5967,미광테크,부산광역시 강서구 공항로1409번길 81-2 (대저1동),유압기기 제조업 외 1종,051-302-6007
5968,미금산업,부산광역시 강서구 녹산산단382로14번가길 29 (송정동),도장 및 기타 피막처리업,051-831-0743
5969,미농식품(주),부산광역시 강서구 녹산산단261로59번길 46 (송정동),떡류 제조업,051-303-9743
5970,미농종합식품,부산광역시 강서구 공항로1207번길 32 (대저1동),떡류 제조업,미등록
5971,미농포장,부산광역시 강서구 체육공원로6번길 161-25 (대저1동),골판지 제조업 외 1종,051-972-0094
5972,미도산업,"부산광역시 남구 신선로 365, 부산창업지원센터 514호 (용당동)",구조용 금속 판제품 및 공작물 제조업,미등록
5973,미도식품 유한회사,부산광역시 사하구 장림로93번길 33 (장림동),"수산동물 훈제, 조리 및 유사 조제식품 제조업",051-261-4910
5974,미도식품 유한회사,부산광역시 사하구 장림로93번길 23 (장림동),"수산동물 훈제, 조리 및 유사 조제식품 제조업",051-261-4610
5975,미라코리아,부산광역시 기장군 정관읍 용수공단1길 8 ((CSM)창성),"플라스틱 포대, 봉투 및 유사제품 제조업",051-522-9200
5976,미래N안전,"부산광역시 부산진구 부전로 14-1, 2층(부전동)",벽 및 바닥 피복용 플라스틱제품 제조업 외 2종,051-808-1336
5977,미래가설산업,"부산광역시 강서구 미음국제7로 21(미음동, 미래가설산업)",건설 및 채광용 기계장비 제조업,051-971-0213
5978,미래공간,"부산광역시 기장군 장안읍 명례산단2로 73, 씨동",선박 구성 부분품 제조업,051-851-3273
5979,미래기전,"부산광역시 사상구 대동로 303,  벽산디지털밸리 214호 (감전동)",유압기기 제조업,051-974-0761
5980,미래목재계단,부산광역시 강서구 상덕로119번길 88-23 (강동동),기타 건축용 나무제품 제조업 외 4종,051-635-7267
5981,미래산업,부산광역시 강서구 식만로247번길 20-11 (식만동),그 외 기타 일반목적용 기계 제조업 외 1종,051-941-1977
5982,미래산업,"부산광역시 사상구 새벽로77번길 81 (학장동, 미래산업)",도장 및 기타 피막처리업,051-317-6464
5983,미래산업사,"부산광역시 해운대구 재반로30번길 70,  미래산업사 (재송동)",낚시 및 수렵용구 제조업,051-782-8171
5984,미래에너지솔루션(주),부산광역시 강서구 화전산단1로63번길 10 (화전동),핵반응기 및 증기보일러 제조업,051-271-4470
5985,미래엠앤디,부산광역시 강서구 상덕로97번길 81-1 (강동동),주형 및 금형 제조업,051-941-8181
5986,미래엠텍,부산광역시 강서구 낙동북로60번길 4(강동동),금속선 가공제품 제조업,미등록
5987,미래열처리,부산광역시 강서구 생곡산단2로11번길 34 (생곡동),금속 열처리업,051-263-8700
5988,미래우드,부산광역시 강서구 호계로 32 (죽림동),목재 도구 및 주방용 나무제품 제조업,051-941-1190
5989,미래자동화,부산광역시 강서구 체육공원로6번길 93(대저1동),유압기기 제조업,051-316-5650
5990,미래전기(주),"부산광역시 사상구 모라로 22, 13층 1308호(모라동, 부산벤처타워)",배전반 및 전기 자동제어반 제조업,051-973-7816
5991,미래정공,부산광역시 강서구 과학산단2로3번길 40 (지사동),그 외 자동차용 신품 부품 제조업 외 3종,051-974-0568
5992,미래진공기술,"부산광역시 사상구 낙동대로1446번길 31 (삼락동, 미래전공)",그 외 기타 특수목적용 기계 제조업 외 1종,051-304-1771
5993,미래캐리어,"부산광역시 사상구 새벽시장로 144-13 (감전동, (주)수덕)","천막, 텐트 및 유사 제품 제조업 외 36종",051-312-8808
5994,미래테크,부산광역시 강서구 낙동북로60번길 4-2 (강동동),절삭가공 및 유사처리업,051-973-3088
5995,미래테크,"부산광역시 강서구 녹산화전로 23, A-4호 (송정동)",그 외 기타 특수목적용 기계 제조업 외 1종,미등록
5996,미래플랜트,"부산광역시 영도구 해양로195번길 82, 1동(동삼동)",육상 금속 골조 구조재 제조업,051-415-3204
5997,미르이앤씨(주),부산광역시 강서구 대저로3번길 70-1 (대저1동),"금속 문, 창, 셔터 및 관련제품 제조업 외 5종",051-728-7758
5998,미림기업사,부산광역시 기장군 정관면 용수공단2길 92-1 (미림기업사),"금속 문, 창, 셔터 및 관련제품 제조업 외 1종",051-727-3470
5999,미산건설 주식회사,부산광역시 강서구 공항로339번길 25-17 (대저2동),구조용 금속 판제품 및 공작물 제조업 외 15종,미등록
6000,미성기술,"부산광역시 사상구 모라로 22, 11층 1111, 1112호(부산벤처타워) (모라동)",그 외 기타 전자부품 제조업,051-328-1625
6001,미성식품,부산광역시 사하구 다대로300번길 31 (장림동),과자류 및 코코아 제품 제조업,051-264-0226
6002,미성전기,부산광역시 영도구 해양로195번가길 12 (동삼동),전기.전자 및 정밀기기 수리업,051-417-3007
6003,미성화학공업사,부산광역시 기장군 정관면 산단4로 2-76 ((주)미성화학),"플라스틱 선, 봉, 관 및 호스 제조업",051-728-6466
6004,미쉘레,부산광역시 남구 문현로66번길 12 (문현동),"근무복, 작업복 및 유사의복 제조업 외 2종",051-635-2001
6005,미쓰햅솔루션 주식회사,"부산광역시 사상구 백양대로 900, 1001호 (모라동)",전기경보 및 신호장치 제조업 외 1종,051-328-5505
6006,미음공장,부산광역시 강서구 미음국제7로가길 10 (미음동),배전반 및 전기 자동제어반 제조업,미등록
6007,미정식품,부산광역시 강서구 녹산산단382로59번길 13 (송정동),기타 식품 첨가물 제조업,051-831-5330
6008,미주아이앤케이,부산광역시 기장군 기장읍 청강로 42,주방용 및 음식점용 목재가구 제조업,051-723-2070
6009,미주케미칼,부산광역시 강서구 녹산산단382로14번가길 19 (송정동),부직포 및 펠트 제조업,051-262-8180
6010,미주테크,부산광역시 강서구 녹산산업중로61번길 9 (송정동),그 외 기타 금속가공업,051-941-7903
6011,미준어패럴,"부산광역시 부산진구 범일로 150-5, 2층 (범천동)",남자용 겉옷 제조업 외 5종,미등록
6012,미지앤블라인드,부산광역시 부산진구 백양산로 15 (당감동),커튼 및 유사제품 제조업 외 1종,051-898-0528
6013,미진기계,부산광역시 강서구 녹산산업중로61번길 11 (송정동),그 외 기타 특수목적용 기계 제조업 외 1종,051-831-0041
6014,미진자연식품,부산광역시 기장군 기장읍 대변로 32-1,수산식물 가공 및 저장 처리업,미등록
6015,미진정밀,"부산광역시 사상구 가야대로12번길 43, 미진정밀 B동 (감전동)","탭, 밸브 및 유사장치 제조업",051-325-7383
6016,미진정밀,"부산광역시 사상구 낙동대로1002번길 37, 미진정밀 A동 (감전동)","탭, 밸브 및 유사장치 제조업",051-325-7383
6017,미진특수명판,부산광역시 사상구 새벽로91번길 79  (학장동),기타 인쇄업,051-522-8501
6018,미창기업,부산광역시 강서구 녹산산단262로60번길 12 (송정동),도장 및 기타 피막처리업,051-941-1061
6019,미창석유공업(주),"부산광역시 영도구 해양로 241 (동삼동, 미창석유)",윤활유 및 그리스 제조업,051-403-6441
6020,미터시티투 ,"부산광역시 기장군 장안읍 장안산단8로 126, 4층 일부",전기회로 접속장치 제조업 외 1종,070-5126-2000
6021,미화금속,"부산광역시 사상구 새벽로215번길 50 (괘법동, 한창정밀)",구조용 금속 판제품 및 공작물 제조업,051-328-7001
6022,미흥스텐레스공업사,부산광역시 강서구 녹산산업중로 227 (송정동) (총 2 필지),자동차용 금속 압형제품 제조업 외 1종,051-831-2263
6023,민 테크,부산광역시 사하구 다산로 20 (다대동),금속 단조제품 제조업,051-265-7119
6024,민성산업,부산광역시 사상구 학장로169번길 93(학장동),기관차 및 기타 철도차량 제조업 외 7종,051-313-8680
6025,민성산업,부산광역시 강서구 낙동북로102번길 67 (강동동),가정용 및 산업용 공기 조화장치 제조업 외 1종,051-972-8211
6026,민성에프에이,부산광역시 사상구 낙동대로1390번길 16 (삼락동),그 외 기타 금속가공업,051-324-5567
6027,민수기계,부산광역시 기장군 기장읍 차성서로 16,기타 가공 공작기계 제조업 외 2종,051-722-7995
6028,민진로스팅,부산광역시 사상구 낙동대로970번길 52 (감전동),커피 가공업,051-865-018
6029,민창철강(주),"부산광역시 사상구 새벽로 89 (학장동, (주)민창철강)",기타 구조용 금속제품 제조업,051-324-6767
6030,민텍,부산광역시 사상구 낙동대로882번길 7-24 (감전동),그 외 기타 금속가공업 외 7종,051-463-9210
6031,밀성기전,"부산광역시 영도구 남항서로82번길 50, 밀성기전 (남항동3가)",선박 구성 부분품 제조업,051-415-1206
6032,밀성엠텍(주),"부산광역시 영도구 남항서로82번길 26,  (건축물일부) (남항동3가)",선박 구성 부분품 제조업,051-412-1789
6033,밀양금속,부산광역시 사하구 다산로225번길 28 (장림동),도금업,051-264-0610
6034,밀양수지,부산광역시 강서구 생곡산단로 33 (생곡동),혼성 및 재생 플라스틱 소재 물질 제조업,051-971-9546
6035,밀크코브라주식회사,부산광역시 해운대구 해운대로 1252 (송정동),그 외 기타 나무제품 제조업,051-759-2701
6036,바람인텍(주),부산광역시 강서구 화전산단6로114번길 27(화전동),가정용 및 산업용 공기 조화장치 제조업 외 1종,051-903-6600
6037,바람인텍(주),부산광역시 강서구 미음산단3로 124 (미음동),가정용 및 산업용 공기 조화장치 제조업 외 1종,051-903-6600
6038,바르질라코리아(주),부산광역시 강서구 미음산단로 351 (미음동),선박 구성 부분품 제조업 외 1종,051-329-0500
6039,바름TECH,"부산광역시 강서구 과학산단1로60번길 31, 2B동 206호(지사동, 부산테크노파크)",전동기 및 발전기 제조업,미등록
6040,바스윌,부산광역시 강서구 대저중앙로347번길 66 (대저1동),설치용 및 위생용 플라스틱제품 제조업,051-941-4666
6041,바우기업,부산광역시 영도구 대평남로 28 (대평동1가),선박 구성 부분품 제조업,미등록
6042,바우홈가구,부산광역시 사하구 장림동 989-27번지,기타 목재가구 제조업,051-263-1339
6043,바이랙코리아,부산광역시 강서구 화전산단5로98번길 13 (화전동),그 외 기타 분류 안된 금속 가공 제품 제조업 외 1종,051-316-3833
6044,바이브로레이저인터내셔널(주),"부산광역시 남구 신선로 2, 1동 4층 401호  (우암동)",산업처리공정 제어장비 제조업,미등록
6045,바이앤드,부산광역시 강서구 낙동북로43번길 38 -12(강동동) 바이앤드,그 외 기타 특수목적용 기계 제조업,051-503-2346
6046,바이오랩코리아(주),부산광역시 강서구 미음산단5로41번길 21 (미음동),화장품 제조업,051-612-6217
6047,바이오알앤피(주),부산광역시 강서구 녹산산단262로 53 (송정동),화학섬유 방적업,051-265-0831
6048,바이킹라이프세이빙이큅먼트코리아(유),부산광역시 강서구 녹산산단361로 40 (송정동),기타 선박 건조업,051-714-0831
6049,바이테크,부산광역시 강서구 녹산산업중로 51-8 (송정동),절삭가공 및 유사처리업,051-831-1226
6050,바하악기,"부산광역시 동래구 명륜로 161 (명륜동, 바하악기)",기타 악기 및 전자 악기 제조업,051-553-8008
6051,박스네,부산광역시 강서구 대저중앙로357번길 15 (대저1동),그 외 기타 종이 및 판지 제품 제조업,미등록
6052,반도공업사,부산광역시 영도구 대평로19번길 18 (대평동1가),선박 구성 부분품 제조업,051-417-9666
6053,반도기공,"부산광역시 사상구 괘감로 90 (감전동, 반도기공)",기타 물품 취급장비 제조업,051-323-9568
6054,반도도장기기,"부산광역시 사상구 대동로 303, 106호 (감전동, 부산디지털밸리아파트형공장)",기타 가공 공작기계 제조업 외 1종,051-329-7788
6055,반도산업,부산광역시 강서구 낙동남로622번길 55 (녹산동),비동력식 수공구 제조업,051-972-5592
6056,반도산업기계,부산광역시 강서구 녹산산단262로50번길 28 (송정동),기타 물품 취급장비 제조업,051-832-0116
6057,반도산전(주),"부산광역시 해운대구 센텀중앙로 78, 13층 1308, b102 (우동, 센텀그린타워(CENTUM GREEN TOWER))",유선 통신장비 제조업 외 7종,051-808-8556
6058,반도인쇄사,"부산광역시 사상구 가야대로134번길 29(학장동, 부산도서)",기타 인쇄업 외 1종,051-0000-0000
6059,반석브라스트,부산광역시 강서구 화전산단5로37번길 21(화전동),도장 및 기타 피막처리업 외 2종,070-8882-3357
6060,반석인쇄출판사,"부산광역시 연제구 해맞이로43번길 9, 1,2층 (거제동)",경 인쇄업 외 2종,051-851-1702
6061,발리교역(주)(1공장),"부산광역시 사상구 학감대로237번길 20 (감전동, 발리교역(주))",기타 신발 제조업 외 1종,051-322-8333
6062,방주테크유압,부산광역시 영도구 남항남로19번길 2 (남항동3가),선박 구성 부분품 제조업,051-413-7599
6063,배금정밀,부산광역시 강서구 체육공원로26번길 52 (대저1동),기어 및 동력전달장치 제조업 외 6종,051-303-5525
6064,배성목재,부산광역시 기장군 정관읍 산단7로 7-35,기타 목재가구 제조업 외 3종,051-722-0443
6065,배진선박,부산광역시 영도구 대평남로31번길 1 (대평동1가),선박 구성 부분품 제조업,051-417-7367
6066,백광,부산광역시 영도구 해양로 248 (동삼동),선박 구성 부분품 제조업,미등록
6067,백두장갑,부산광역시 금정구 서곡로20번길 6 (서동),그 외 기타 분류 안된 섬유제품 제조업,051-523-3546
6068,백두테크,부산광역시 강서구 범방2로9번길 7 (범방동),배전반 및 전기 자동제어반 제조업,051-714-3728
6069,백마금속,부산광역시 사상구 학감대로192번길 59 (학장동),선박 구성 부분품 제조업,051-323-3219
6070,백만전기(주) 물류센터,부산광역시 사하구 구평동 371-4번지,배전반 및 전기 자동제어반 제조업 외 1종,051-242-8006
6071,백산HMC,"부산광역시 사상구 가야대로 215 (주례동, 백산유압산기)",기타 가공 공작기계 제조업,051-312-5678
6072,백산산업,부산광역시 사하구 보덕포1길 66 (장림동),"알루미늄 제련, 정련 및 합금 제조업",051-262-0982
6073,백산이엔지,"부산광역시 강서구 녹산화전로 23, B-6 (송정동)",구조용 금속 판제품 및 공작물 제조업,051-972-6669
6074,백송강재(주),부산광역시 강서구 화전산단5로98번길 26 (화전동),절단가공및표면처리강재생산업,051-831-4133
6075,백승산업,부산광역시 강서구 입소정관길 169 (대저2동),그 외 기타 고무제품 제조업,051-866-5886
6076,백암수산(주),부산광역시 사하구 다대로320번길 16 (장림동),수산동물 냉동품 제조업,051-245-0180
6077,범아유니텍(주),부산광역시 강서구 화전산단5로84번길 11 (화전동),구조용 금속 판제품 및 공작물 제조업 외 6종,051-831-9877
6078,범아테크,부산광역시 기장군 정관읍 정관로 949 (등광기업),그 외 기타 종이 및 판지 제품 제조업 외 4종,051-728-3967
6079,범양,부산광역시 사상구 강변대로456번길 21 (엄궁동),수동식 식품 가공기기 및 금속 주방용기 제조업,051-325-2782
6080,범양계전(주),"부산광역시 남구 신선대산복로 32-1 (용당동, 범양계전(주))","전기회로 개폐, 보호장치 제조업 외 2종",051-621-5121
6081,범양기업,"부산광역시 사상구 농산물시장로26번길 58 (엄궁동, 범양기업)","증류기, 열교환기 및 가스발생기 제조업",051-301-8961
6082,범양기업,부산광역시 영도구 대평로33번길 5 (대평동1가),선박 구성 부분품 제조업,051-416-6623
6083,범용명판,부산광역시 금정구 노포사송로 18 (노포동),스크린 인쇄업 외 2종,051-508-6119
6084,범용철강,부산광역시 강서구 식만로 27 (죽림동),그 외 기타 1차 철강 제조업,051-941-7889
6085,범용철강,부산광역시 강서구 식만로 25 (죽림동),그 외 기타 1차 철강 제조업,051-941-7889
6086,범진테크,부산광역시 강서구 상덕로97번길 31-2 (강동동),그 외 기타 고무제품 제조업,미등록
6087,범천기업(주),부산광역시 강서구 녹산산업북로313번길 14-1 (송정동),금속류 해체 및 선별업 외 1종,051-831-1137
6088,범천지기,부산광역시 부산진구 만리산로73번길 40 (범천동),골판지 상자 및 가공제품 제조업,051-638-0685
6089,범한네트웍스,부산광역시 기장군 기장읍 배산로56번길 26-19,유선 통신장비 제조업 외 21종,051-523-2211
6090,베스트목재수출포장,부산광역시 기장군 정관읍 예림1로 87-36,"목재 포장용 상자, 드럼 및 유사용기 제조업",미등록
6091,베스트엔지니어링서비스(주),부산광역시 강서구 화전산단5로14번길 7 (화전동),기타 음향기기 제조업,051-972-6135
6092,베스트인메탈(주),부산광역시 사상구 장인로17번길 79 (감전동),구름베어링 제조업 외 1종,051-317-2297
6093,베스트코리아,부산광역시 강서구 미음국제5로마길 22(미음동),승강기 제조업,미등록
6094,베테랑,"부산광역시 서구 구덕로 350, 지하1층 (동대신동3가, 문화아파트)","근무복, 작업복 및 유사의복 제조업 외 2종",051-256-9507
6095,벧엘기계(주),부산광역시 강서구 과학산단2로42번길 21 (지사동),기타 가공 공작기계 제조업 외 1종,051-303-5220
6096,벨루가(Beluga),"부산광역시 사하구 장림번영로104번길 55, 2층 (장림동)",특수 직물 및 기타 직물 직조업 외 22종,051-553-2977
6097,벽산페인트(주)부산공장,"부산광역시 사상구 낙동대로970번길 69(감전동, 벽산페인트(주))",일반용 도료 및 관련제품 제조업,051-310-5713
6098,벽서정공,부산광역시 강서구 미음산단로76번길 17 (구랑동),절삭가공 및 유사처리업,051-831-2870
6099,벽전산업,"부산광역시 사상구 가야대로64번길 45 (학장동, 벽전산업)",절삭가공 및 유사처리업,051-324-1766
6100,보감푸드,부산광역시 강서구 낙동북로108번길 41-1 (강동동),천연 및 혼합조제 조미료 제조업 외 2종,051-925-6210
6101,보경금속,부산광역시 강서구 녹산산업중로 395 (송정동),강주물 주조업 외 1종,051-305-9280
6102,보경기업,부산광역시 영도구 남항남로 27-2 (남항동3가),선박 구성 부분품 제조업,미등록
6103,보경산업,부산광역시 강서구 생곡로 248 (생곡동),선박 구성 부분품 제조업,051-831-4615
6104,보경산업기계,"부산광역시 사상구 학감대로221번길 58 (감전동, 태인정공)",그 외 자동차용 신품 부품 제조업 외 4종,051-325-8529
6105,보경실업,"부산광역시 남구 문현금융로18번길 20, 2F (문현동)",남자용 겉옷 제조업 외 1종,051-863-3690
6106,보고통상,"부산광역시 사상구 대동로 275 (감전동, 삼정웜나사)",비동력식 수공구 제조업 외 22종,051-325-3433
6107,보광테크,부산광역시 강서구 공항로1409번길 43-18 (대저1동),절삭가공 및 유사처리업,051-303-6251
6108,보금공업사,부산광역시 사하구 다산로225번길 39 (장림동),도금업,051-262-6938
6109,보금기업 주식회사,부산광역시 강서구 대저중앙로357번길 46-3 (대저1동),구조용 금속 판제품 및 공작물 제조업 외 10종,051-971-9123
6110,보금산업,부산광역시 강서구 화전산단3로 98(화전동),육상 금속 골조 구조재 제조업,051-941-4511
6111,보라매공업사,"부산광역시 사상구 사상로386번길 22 (덕포동, 보라매공업사)",계면활성제 제조업,051-303-8668
6112,보라어패럴,부산광역시 사하구 사하로141번길 51-5 (괴정동),셔츠 및 블라우스 제조업 외 3종,051-201-2051
6113,보령기업,부산광역시 강서구 화전산단1로63번길 26 (화전동),기타 가공 공작기계 제조업,051-322-6701
6114,보령통상,부산광역시 연제구 신금로17번길 35 (연산동),편조의복 제조업,051-866-1455
6115,보명수산,"부산광역시 서구 원양로 1, B동 5층 507 (암남동)","수산동물 훈제, 조리 및 유사 조제식품 제조업 외 1종",051-266-6002
6116,보명철강,"부산광역시 사상구 가야대로 118 (학장동, 보명철강)",그 외 기타 1차 철강 제조업,051-327-1231
6117,보문정밀,부산광역시 강서구 녹산산업중로 51-12 (송정동),일반철물 제조업,055-329-1127
6118,보민볼트금속,부산광역시 강서구 낙동남로622번길 11 (녹산동),볼트 및 너트류 제조업,051-323-7090
6119,보민볼트금속,부산광역시 사상구 학장로169번길 34-12 (학장동),볼트 및 너트류 제조업 외 2종,051-323-7090
6120,보배광업사,부산광역시 강서구 지사동 259번지,,051-972-6375
6121,보배마린,"부산광역시 영도구 대평로6번길 40,  (건물일부) (대교동1가)",선박 구성 부분품 제조업,051-416-4448
6122,보성,"부산광역시 남구 무민사로 7-24 (감만동, 보성)",그 외 자동차용 신품 부품 제조업 외 3종,미등록
6123,보성공업사,부산광역시 사상구 학감대로 216-26 (감전동),볼트 및 너트류 제조업 외 2종,051-324-8550
6124,보성금속,"부산광역시 사상구 낙동대로1356번길 13 (삼락동, 보성금속)",볼트 및 너트류 제조업 외 2종,051-304-5321
6125,보성기계,부산광역시 사상구 낙동대로881번길 27 (감전동),기어 및 동력전달장치 제조업,051-322-1739
6126,보성기계,부산광역시 사하구 을숙도대로569번길 18 (신평동),금속탱크 및 저장용기 제조업 외 1종,051-203-7755
6127,보성냉동엔지니어링,부산광역시 기장군 정관읍 예림1로 83 (케리어공조시스템),산업용 냉장 및 냉동 장비 제조업,051-727-6678
6128,보성냉장(주),부산광역시 서구 원양로 139 (암남동),수산동물 냉동품 제조업,051-253-3083
6129,보성산업,부산광역시 사상구 낙동대로916번길 39 (감전동),컨베이어장치 제조업 외 1종,051-328-7081
6130,보성선박전자장비(주),부산광역시 금정구 중앙대로2001번길 57 (남산동),기타 무선 통신장비 제조업 외 1종,051-508-0390
6131,보성엔지니어링,부산광역시 사상구 낙동대로901번길 33 (감전동),배전반 및 전기 자동제어반 제조업,051-868-6763
6132,보성유리,부산광역시 강서구 공항로1207번길 16 (대저1동),안전유리 제조업 외 1종,051-973-9093
6133,보성정밀,부산광역시 사상구 학장로169번길 52 (학장동),그 외 기타 일반목적용 기계 제조업 외 2종,051-265-6375
6134,보성테크,"부산광역시 금정구 개좌로 273-20, 4층 402호(회동동, 브이원타워)",배전반 및 전기 자동제어반 제조업,051-728-2607
6135,보승금속,부산광역시 강서구 녹산산업북로313번길 58 (송정동),선박 구성 부분품 제조업,051-832-0670
6136,보승자원,부산광역시 강서구 죽동길 6 (죽동동),자동차용 금속 압형제품 제조업 외 1종,미등록
6137,보승테크,부산광역시 사상구 학감대로222번길 14 (감전동),기어 및 동력전달장치 제조업,051-323-8960
6138,보양  ,부산광역시 기장군 장안읍 반룡산단2로 17,그 외 자동차용 신품 부품 제조업,055-322-3163
6139,보영화공,"부산광역시 사상구 장인로17번길 111 (감전동, 보영화공)",기타 기초 무기 화학물질 제조업,051-323-8402
6140,보은정밀,부산광역시 사하구 장림로161번길 18 (장림동),주형 및 금형 제조업,051-264-5865
6141,보임이엔지 주식회사,부산광역시 강서구 미음국제5로라길 31(미음동),농업 및 임업용 기계 제조업,051-973-5326
6142,보현산업(주),부산광역시 기장군 장안읍 명례산단5로 123,그 외 기타 금속가공업 외 1종,051-507-8000
6143,보현엠티에스(주),부산광역시 기장군 장안읍 명례산단5로 131,그 외 기타 달리 분류되지 않은 운송장비 제조업,051-507-8000
6144,보현프랜지,부산광역시 강서구 녹산산업북로313번길 7 (송정동),주철관 제조업,미등록
6145,본촌인터내셔날(주),부산광역시 기장군 장안읍 명례산단2로 48,천연 및 혼합조제 조미료 제조업,051-728-5900
6146,볼포스주식회사,부산광역시 강서구 과학산단2로43번길 18 (지사동),유압기기 제조업,051-832-5867
6147,봄 아트 돌,"부산광역시 해운대구 센텀중앙로 90, 1동 9층 916 (재송동)",인형 및 장난감 제조업 외 1종,미등록
6148,봉생금속,"부산광역시 사상구 낙동대로1412번길 74 (삼락동, 봉생금속)",자동차용 금속 압형제품 제조업 외 1종,051-304-4474
6149,봉일화학(주),"부산광역시 사상구 대동로193번길 39 (학장동, 봉일화학)",합성수지 및 기타 플라스틱 물질 제조업 외 1종,051-322-0011
6150,봉진산업사,"부산광역시 남구 유엔평화로 7-1, 3층, 4층 (대연동)",남자용 겉옷 제조업 외 1종,051-627-5026
6151,봉평제분,부산광역시 강서구 대저로221번나길 22-13(대저1동),"면류, 마카로니 및 유사식품 제조업",미등록
6152,봉화쇼트,"부산광역시 사상구 대동로239번길 50 (학장동, 봉화쇼트)",그 외 기타 금속가공업,051-325-0911
6153,봉황정밀,부산광역시 사상구 학감대로191번길 26 (학장동),절삭가공 및 유사처리업,051-327-3067
6154,봉황정밀,부산광역시 사상구 학감대로191번길 22 (학장동),주형 및 금형 제조업,051-327-3067
6155,부강비지엠텍,"부산광역시 사상구 모덕로 34 (삼락동, (주)동회종합건재)",철강선 제조업,051-304-4020
6156,부강인더스트리,부산광역시 사상구 가야대로175번길 29 (감전동),그 외 기타 일반목적용 기계 제조업 외 18종,051-806-1134
6157,부강테크(주),"부산광역시 사상구 사상로455번길 23 (모라동, 부강테크(주))",그 외 자동차용 신품 부품 제조업 외 3종,051-302-9728
6158,부건사무기 ,"부산광역시 금정구 개좌로 273-20, 3층 309호  (회동동)",컴퓨터 프린터 제조업,051-755-2996
6159,부경 S.Y,"부산광역시 수영구 망미로8번길 34, 1층 (망미동)",피복 및 충전 용접봉 제조업 외 11종,051-255-2191
6160,부경 더 피싱,"부산광역시 사하구 하신중앙로27번길 17, 201호(장림동, 에이스밀)",낚시 및 수렵용구 제조업,미등록
6161,부경PATTERN,부산광역시 강서구 낙동남로456번길 25-31 (녹산동),주형 및 금형 제조업,051-973-0860
6162,부경금속,부산광역시 사상구 낙동대로1390번길 76 (삼락동),볼트 및 너트류 제조업 외 2종,051-328-5811
6163,부경기계산업,부산광역시 강서구 공항앞길33번길 55 (대저2동),기타 가공 공작기계 제조업,051-314-8427
6164,부경농수산,부산광역시 강서구 녹산산단382로59번길 21 (송정동),기타 과실ㆍ채소 가공 및 저장 처리업 외 1종,미등록
6165,부경레이져,부산광역시 강서구 미음산단로 148 (구랑동),그 외 기타 금속가공업,051-714-6131
6166,부경로라조각,부산광역시 사상구 낙동대로1396번길 20 (삼락동),구름베어링 제조업,051-303-6690
6167,부경메탈,부산광역시 강서구 신호산단3로 100 (신호동),구름베어링 제조업,051-327-3787
6168,부경사무가구,부산광역시 기장군 일광면 청원길 311,기타 목재가구 제조업,미등록
6169,부경산업,부산광역시 강서구 녹산산단77로22번길 9 (송정동),자동차용 신품 동력전달장치 제조업 외 1종,051-261-3230
6170,부경산업,"부산광역시 사상구 낙동대로1390번길 12 (삼락동, 부경산업)",그 외 기타 고무제품 제조업,051-304-7680
6171,부경수도(주),"부산광역시 동래구 명장로22번길 74-3, 지하1층·102·103호 (명장동)",그 외 기타 플라스틱 제품 제조업 외 3종,051-1877-9554
6172,부경수산(주),부산광역시 사하구 장림번영로84번길 27 (장림동),수산동물 냉동품 제조업 외 1종,051-261-7322
6173,부경시멘트(주),부산광역시 사하구 감천항로 221 (구평동),시멘트 제조업,051-263-3200
6174,부경엔지니어링,"부산광역시 영도구 남항남로19번길 19, (건축물일부) (남항동3가)",내연기관 제조업,051-417-7242
6175,부경엔지니어링,부산광역시 사하구 장림로 118 (장림동),볼트 및 너트류 제조업 외 3종,051-264-4037
6176,부경열처리,부산광역시 사상구 낙동대로1330번길 59 (삼락동),금속 열처리업 외 4종,051-305-3535
6177,부경웰푸드(주),부산광역시 사하구 장림번영로84번길 21 (장림동),그 외 기타 식료품 제조업,051-261-7322
6178,부경인쇄재료사,"부산광역시 사상구 낙동대로1420번길 41,  417호 (삼락동)",기타 인쇄업 외 1종,051-302-7090
6179,부경인테크,부산광역시 강서구 신덕길18번길 3-10 (대저1동),전자 응용 절삭기계 제조업,051-941-4682
6180,부경자동화,부산광역시 강서구 공항앞길51번길 52 (대저2동),기타 가공 공작기계 제조업,051-303-3023
6181,부경전기공업사,부산광역시 영도구 봉래나루로 178 (봉래동2가),선박 구성 부분품 제조업,051-415-6369
6182,부경정공,부산광역시 강서구 화전산단5로 102 (화전동),주형 및 금형 제조업,미등록
6183,부경정공주식회사,부산광역시 강서구 녹산산단381로12번길 65 (송정동),기타 선박 건조업 외 1종,051-832-6360
6184,부경테크,부산광역시 강서구 낙동북로60번길 32-18 (강동동),절삭가공 및 유사처리업,051-944-3249
6185,부경테크,부산광역시 기장군 정관읍 매곡길 39,가정용 전기 난방기기 제조업,051-1599-3478
6186,부경테크,부산광역시 강서구 신호산단4로 92 (신호동),건설 및 채광용 기계장비 제조업,051-327-5253
6187,부경테크,부산광역시 영도구 대평로27번길 22 (대평동1가),선박 구성 부분품 제조업,051-417-2230
6188,부경테크,"부산광역시 사상구 대동로 303,  벽산디지털밸리 806호 (감전동)",전동기 및 발전기 제조업 외 7종,051-329-7020
6189,부경테크,부산광역시 기장군 정관면 매곡길 40,가정용 전기 난방기기 제조업 외 1종,051-727-3478
6190,부경테크윈,"부산광역시 사상구 엄궁로 70-16, 101호(엄궁동)",배전반 및 전기 자동제어반 제조업,051-715-0427
6191,부곡스텐레스(주),부산광역시 강서구 미음국제7로 5 (미음동),냉간 압연 및 압출 제품 제조업 외 2종,051-973-8081
6192,부광,부산광역시 사하구 장평로 224 (신평동),체외 진단 시약 제조업 외 2종,051-261-7591
6193,부광 & I,부산광역시 강서구 대저중앙로 372-2 (대저1동),그 외 기타 분류 안된 금속 가공 제품 제조업 외 1종,051-941-5198
6194,부광기업,부산광역시 사상구 사상로146번길 32 (감전동),전시 및 광고용 조명장치 제조업,051-311-3104
6195,부광모방(주),부산광역시 사상구 괘감로 11 (괘법동),모 방적업,051-323-3121
6196,부광몰드시스템,부산광역시 금정구 동천로7번길 62-31 (회동동),포장용 플라스틱 성형용기 제조업,051-527-5464
6197,부광섬유(주),부산광역시 사하구 신산로 10 (신평동),"직물, 편조원단 및 의복류 염색 가공업",051-293-8405
6198,부광엔지니어링,부산광역시 영도구 남항서로70번길 63 (남항동3가),선박 구성 부분품 제조업,051-415-1117
6199,부광정밀,부산광역시 강서구 낙동북로108번길 61-1 (강동동),그 외 자동차용 신품 부품 제조업 외 3종,051-327-2540
6200,부광정밀,부산광역시 금정구 개좌로 51-1 (금사동),주철관 제조업,051-554-0632
6201,부광조선(주),부산광역시 사하구 감천항로405번길 29 (구평동),강선 건조업 외 2종,051-263-2278
6202,부광테크,부산광역시 강서구 녹산산단382로49번길 40 (송정동),금속 절삭기계 제조업,051-972-9953
6203,부광통신(주),부산광역시 금정구 구서중앙로 42(구서동),방송장비 제조업 외 2종,051-523-0333
6204,부광편직(주),부산광역시 사하구 신산로 196 (신평동),화학섬유직물 직조업,051-283-8401
6205,부광화학공업(주),부산광역시 강서구 녹산산단262로13번길 41 (송정동),일반용 도료 및 관련제품 제조업 외 1종,051-831-5111
6206,부국ENG,부산광역시 강서구 식만로 51-16 (죽림동),금속 주조 및 기타 야금용 기계 제조업,051-303-7353
6207,부국금속,부산광역시 사상구 낙동대로 978-4 (감전동),도금업,051-323-0844
6208,부국산업,부산광역시 강서구 녹산산업중로 51-4 (송정동),도장 및 기타 피막처리업 외 1종,051-831-2347
6209,부국열처리,부산광역시 사상구 학감대로192번길 60-27 (학장동),금속 열처리업,051-326-1079
6210,부국전자(주),"부산광역시 사상구 엄궁로 70-16, 315호 (엄궁동, 부산테크노파크)",일반용 전기 조명장치 제조업 외 1종,051-322-5064
6211,부국전자주식회사,"부산광역시 북구 효열로 111, 303호 부산지식산업센터 (금곡동)",일반용 전기 조명장치 제조업 외 1종,051-361-5064
6212,부국전자주식회사,"부산광역시 사상구 엄궁로 70-16, 310호 (엄궁동, 부산테크노파크)",일반용 전기 조명장치 제조업 외 2종,051-322-5064
6213,부국철강(주) 부산지점,부산광역시 강서구 미음산단4로 201 (미음동),육상 금속 골조 구조재 제조업 외 1종,051-971-0041
6214,부금정밀,부산광역시 사하구 다대로300번길 42 (장림동),주형 및 금형 제조업 외 1종,미등록
6215,부라보식품,부산광역시 기장군 정관읍 산단5로 36-11,가금류 가공 및 저장 처리업,051-728-8627
6216,부르크하르트컴프레이션코리아부산(유),부산광역시 강서구 미음산단1로15번길 10 (구랑동),유압기기 제조업,051-711-1120
6217,부리전기로공업사,부산광역시 사상구 새벽로77번길 17 (학장동),금속 주조 및 기타 야금용 기계 제조업 외 5종,051-315-9191
6218,부림PC산업,부산광역시 기장군 정관면 산단2로 16-6,그 외 기타 분류 안된 금속 가공 제품 제조업 외 1종,051-723-1588
6219,부림금속,부산광역시 사상구 장인로37번길 115 (감전동),도금업,051-328-7143
6220,부산가공,부산광역시 사하구 하신번영로73번길 10 (신평동),"직물, 편조원단 및 의복류 염색 가공업",051-292-3131
6221,부산갈매기,부산광역시 사하구 다대로354번안길 91 (장림동),"수산동물 훈제, 조리 및 유사 조제식품 제조업",051-204-0227
6222,부산감천항수산물시장(주),"부산광역시 서구 원양로 35,  부산국제수산물도매시장 냉장/냉동보관시설 3층 (암남동)",얼음 제조업,051-220-8083
6223,부산건재,"부산광역시 강서구 강동동 86-4,5번지","콘크리트 타일, 기와, 벽돌 및 블록 제조업 외 1종",051-972-2154
6224,부산경남패션봉제산업협동조합,부산광역시 금정구 옥봉로8번길 16(서동),"근무복, 작업복 및 유사의복 제조업 외 12종",051-525-9968
6225,부산공동어시장 조합공동사업법인,부산광역시 서구 충무대로 184 (남부민동),수산동물 냉동품 제조업 외 1종,051-254-8966
6226,부산광역시(건설안전시험사업소),부산광역시 금정구 회동동 산 42-1,아스팔트 콘크리트 및 혼합제품 제조업,051-550-7211
6227,부산광역시자원재활용센타,부산광역시 강서구 생곡산단로 76 (생곡동),비금속류 해체 및 선별업 외 1종,051-971-9218
6228,부산기계,"부산광역시 사상구 학감대로191번길 42 (학장동, 부산기계)",그 외 기타 일반목적용 기계 제조업 외 1종,051-323-3259
6229,부산기공,부산광역시 강서구 화전산단5로74번길 24 (화전동),그 외 기타 금속가공업,051-831-5381
6230,부산노즐,부산광역시 영도구 대평로34번길 9-11 (대평동2가),선박 구성 부분품 제조업,051-418-3795
6231,부산농산,부산광역시 강서구 대저로197번길 19 (대저1동),김치류 제조업 외 1종,051-501-6100
6232,부산다이스,부산광역시 수영구 좌수영로101번길 32 (망미동),금속 절삭기계 제조업,051-756-0745
6233,부산다이야몬드공구제작소,"부산광역시 사상구 사상로356번길 53 (덕포동, 세다실업)",톱 및 호환성 공구 제조업,051-808-1500
6234,부산대원식품(주),부산광역시 강서구 녹산산단381로12번길 13-10(송정동),"수산동물 훈제, 조리 및 유사 조제식품 제조업",051-831-4429
6235,부산대원식품(주),부산광역시 강서구 녹산산단407로 27 (송정동),"수산동물 훈제, 조리 및 유사 조제식품 제조업",051-831-4429
6236,부산동성제분,부산광역시 사상구 낙동대로1396번길 94 (삼락동),곡물 제분업,051-302-5931
6237,부산리사이클링(주),부산광역시 사상구 낙동대로901번길 25-18 (감전동),그 외 기타 분류 안된 비금속 광물제품 제조업 외 3종,051-327-2727
6238,부산링구공업사,부산광역시 사하구 다산로208번길 12 (다대동),자동차용 신품 조향장치 및 현가 장치 제조업 외 18종,051-264-4531
6239,부산문화사,"부산광역시 중구 흑교로75번길 10,  3층 (보수동2가)",경 인쇄업 외 1종,051-245-6003
6240,부산방열 주식회사,부산광역시 영도구 태종로83번길 39(봉래동1가),선박 구성 부분품 제조업,051-413-2190
6241,부산베벨기어,부산광역시 사상구 학감대로222번길 64 (주례동),기어 및 동력전달장치 제조업,051-328-5587
6242,부산복지체육복사업부,"부산광역시 동래구 여고로 53, 지하1층 (사직동, 여고빌딩)",셔츠 및 블라우스 제조업 외 1종,051-505-5200
6243,부산분체,부산광역시 사하구 다산로175번길 26 (다대동),도장 및 기타 피막처리업,051-265-6122
6244,부산산성양조,부산광역시 금정구 중앙대로1685번길 25 (부곡동),탁주 및 약주 제조업,051-582-0659
6245,부산산업,부산광역시 사상구 낙동대로1338번길 23 (삼락동),"탭, 밸브 및 유사장치 제조업 외 14종",051-301-1998
6246,부산산업(주),"부산광역시 사상구 장인로 35(감전동, 부산산업(주))",레미콘 제조업,051-315-8338
6247,부산서구지역자활센터(마스크),"부산광역시 서구 암남공원로 42, 1층(암남동)",기타 직물제품 제조업,051-257-1957
6248,부산수양,부산광역시 강서구 평강로 341 (대저1동),건설.광업용 기계 및 장비 수리업,051-971-0145
6249,부산스텐,부산광역시 사상구 사상로375번길 27 (덕포동),배전반 및 전기 자동제어반 제조업,051-304-1944
6250,부산시기계공업협동조합,부산광역시 강서구 화전산단6로 71 (화전동),비주거용 건물 임대업,051-266-4517
6251,부산양조장림제조장,부산광역시 사하구 다대로320번길 9 (장림동),탁주 및 약주 제조업,051-263-6081
6252,부산에이티에스(주) ,"부산광역시 금정구 개좌로 273-20, 2층 205호 (회동동, 브이원타워)",교통 신호장치 제조업 외 3종,051-531-9234
6253,부산유니텍,"부산광역시 영도구 해양로117번길 12, 외 1필지(청학동 1-133)(청학동, 부산유니텍)",내연기관 제조업 외 5종,051-412-1729
6254,부산유압기계,부산광역시 강서구 미음국제1로가길 14 (미음동),유압기기 제조업,051-941-4417
6255,부산유체산업,부산광역시 북구 사상로 597 (구포동),"전자기 측정, 시험 및 분석기구 제조업 외 2종",070-4351-0110
6256,부산인쇄공사,"부산광역시 수영구 망미번영로 29 (광안동, 부산인쇄공사)",그 외 기타 종이 및 판지 제품 제조업,051-752-1868
6257,부산자동차부품공업협동조합,"부산광역시 강서구 과학산단1로 31 (지사동, 자동차부품협동화단지)",그 외 자동차용 신품 부품 제조업 외 3종,051-972-4211
6258,부산자동화시스템,부산광역시 강서구 대저중앙로 218 (대저1동),배전반 및 전기 자동제어반 제조업,051-929-9159
6259,부산자이로,"부산광역시 중구 보수대로36번길 23, 1층 (부평동3가)",그 외 기타 전자부품 제조업,051-253-0618
6260,부산장애인직업재활시설,부산광역시 강서구 대저로89번다길 70 (대저1동),기타 인쇄업,051-868-3534
6261,부산전기,부산광역시 사하구 감천항로405번길 91 (구평동),선박 구성 부분품 제조업,미등록
6262,부산전기,부산광역시 사하구 하신번영로 397 (하단동),변압기 제조업,051-207-4717
6263,부산조선주식회사,부산광역시 영도구 해양로15번길 1 (청학동),기타 선박 건조업 외 2종,051-417-1717
6264,부산조선해양기자재공업협동조합,부산광역시 강서구 녹산산단289로 25 (송정동),선박 구성 부분품 제조업 외 1종,051-831-5100
6265,부산조선해양기자재공업협동조합,부산광역시 강서구 미음산단3로 130 (미음동),선박 구성 부분품 제조업,051-831-5100
6266,부산종합기계,"부산광역시 사상구 사상로439번길 3 (모라동, 부산기계)",그 외 기타 일반목적용 기계 제조업 외 1종,051-323-3654
6267,부산종합상사,부산광역시 강서구 금호순서길89번가길 22 (대저2동),기타 직물제품 제조업,051-973-8334
6268,부산주공(주),부산광역시 기장군 장안읍 반룡리 875-2번지,자동차 엔진용 신품 부품 제조업 외 1종,051-780-5934
6269,부산직업재활원,"부산광역시 연제구 톳고개로 48 (연산동, 성우원)",,051-759-9213
6270,부산진공열처리,"부산광역시 사상구 모덕로95번길 22 (모라동, 부산진공열처리)",금속 열처리업,051-302-0232
6271,부산철재산업사,부산광역시 사상구 학장로135번길 34 (학장동),그 외 기타 1차 철강 제조업,051-322-1199
6272,부산카플링 주식회사,부산광역시 강서구 녹산산단261로74번길 13 (송정동),강관 제조업,051-973-2177
6273,부산카플링(주),부산광역시 강서구 녹산산단231로 15 (송정동),강관 가공품 및 관 연결구류 제조업,051-973-2299
6274,부산컨테이너,부산광역시 강서구 식만로93번길 49 (죽림동),기타 구조용 금속제품 제조업 외 1종,051-972-9727
6275,부산특수기계,"부산광역시 사상구 농산물시장로26번길 32,  (651-36) (엄궁동)",내연기관 제조업,051-315-5599
6276,부산특수용접,부산광역시 영도구 남항동1가 38번지,금속 열처리업,051-416-2690
6277,부산펀칭,"부산광역시 금정구 반송로 469 (금사동, 부산직물공업사)",자동차 엔진용 신품 부품 제조업 외 5종,051-521-0051
6278,부산포리빽,부산광역시 강서구 대저중앙로348번길 24-24 (대저1동),"플라스틱 포대, 봉투 및 유사제품 제조업",미등록
6279,부산풍력발전부품사업협동조합,부산광역시 강서구 미음산단2로24번길 47 (구랑동),절삭가공 및 유사처리업,051-831-2305
6280,부산프라스틱공업(주),부산광역시 강서구 녹산산업중로168번길 3 (송정동),포장용 플라스틱 성형용기 제조업,051-832-2211
6281,부산하이테크,"부산광역시 영도구 대평남로 36, 1층 (대평동2가)",선박 구성 부분품 제조업,051-852-5390
6282,부산합동양조 연산제조장,부산광역시 연제구 월드컵대로 172 (연산동),탁주 및 약주 제조업,051-865-5961
6283,부성IM,부산광역시 강서구 녹산화전로 23 (송정동),그 외 기타 특수목적용 기계 제조업,051-941-3344
6284,부성금속산업,부산광역시 강서구 신덕길2번길 146-16 (대저1동),그 외 기타 금속가공업,051-304-2601
6285,부성기업,부산광역시 사상구 낙동대로1048번길 42 (감전동),비금속류 해체 및 선별업 외 1종,051-313-3400
6286,부성메탈베아링,부산광역시 강서구 울만로322번길 35 (대저2동),기어 및 동력전달장치 제조업,051-972-3180
6287,부성산업,부산광역시 사하구 사하로 63 (구평동),"체조, 육상 및 체력단련용 장비 제조업",051-262-9911
6288,부성선박 주식회사,부산광역시 영도구 남항서로 127-1 (대교동1가),선박 구성 부분품 제조업 외 1종,051-416-6604
6289,부성선박(주),부산광역시 사하구 감천항로190번안길 14(구평동),선박 구성 부분품 제조업 외 1종,051-416-6604
6290,부성철재상사,부산광역시 사상구 새벽로215번길 118 (괘법동),육상 금속 골조 구조재 제조업 외 3종,051-323-2191
6291,부성테크,"부산광역시 금정구 동천로 23 (회동동, 개성염색(I)) (총 2 필지)",자동차 엔진용 신품 부품 제조업 외 15종,051-524-0201
6292,부성테크,부산광역시 강서구 제도로 817-12(강동동),볼트 및 너트류 제조업,051-973-1661
6293,부신섬유,부산광역시 강서구 공항앞길85번길 86 (대저2동),화학섬유직물 직조업 외 1종,051-831-6556
6294,부신택스(주),부산광역시 강서구 미음동 1532-2번지,자동차용 신품 의자 제조업,051-831-6556
6295,부연선박,부산광역시 영도구 해양로79번길 18 (청학동),선박 구성 부분품 제조업,051-413-6634
6296,부영공업사,부산광역시 사하구 다산로225번길 18 (장림동),도금업,051-264-2120
6297,부영공영,부산광역시 강서구 낙동남로583번길 70 (녹산동),산업처리공정 제어장비 제조업 외 1종,미등록
6298,부영금속,부산광역시 강서구 녹산산단261로39번길 17 (송정동),도금업,051-831-3737
6299,부영기계,부산광역시 강서구 녹산산단262로49번길 12 (송정동),주철관 제조업,051-313-1783
6300,부영뉴텍(주),부산광역시 강서구 지사글로벌3로 19 (지사동),음ㆍ식료품 및 담배 가공기계 제조업,051-977-9574
6301,부영물산,부산광역시 사하구 다산로225번길 49 (장림동),수산동물 냉동품 제조업,051-261-0535
6302,부영산업,"부산광역시 사상구 낙동대로1062번길 36 (감전동, 부영산업)",기어 및 동력전달장치 제조업 외 4종,051-328-6002
6303,부영산업,부산광역시 사하구 다산로225번길 23 (장림동),선박 구성 부분품 제조업,051-327-0751
6304,부영산업밸브,"부산광역시 사상구 사상로401번길 43 (덕포동, 부영산업밸브(주))","탭, 밸브 및 유사장치 제조업",051-301-1220
6305,부영수지,부산광역시 강서구 생곡산단로 29 (생곡동),혼성 및 재생 플라스틱 소재 물질 제조업,051-311-9919
6306,부영정밀,부산광역시 사상구 학감대로147번길 41(학장동),절삭가공 및 유사처리업,051-311-2904
6307,부영정밀,부산광역시 사상구 학감대로 184-24 (학장동),금속 절삭기계 제조업 외 1종,051-317-7230
6308,부영철망,부산광역시 강서구 대저중앙로375번길 43 (대저1동),금속선 가공제품 제조업,051-305-8575
6309,부영테크,"부산광역시 강서구 녹산산단261로39번길 6, (송정동 1567-8) (송정동)",절삭가공 및 유사처리업 외 1종,051-832-5029
6310,부영화학,부산광역시 기장군 정관읍 용수공단1길 4 (부영화학),그 외 기타 플라스틱 제품 제조업 외 2종,051-728-5714
6311,부영화학,부산광역시 강서구 녹산산단261로39번길 6 (송정동),도금업,051-831-9947
6312,부운기업,부산광역시 사상구 낙동대로901번길 25-38 (감전동),무기 및 총포탄 제조업 외 29종,미등록
6313,부원금속,부산광역시 강서구 평강로434번가길 6 (대저1동),자동차용 금속 압형제품 제조업 외 1종,미등록
6314,부원금형,"부산광역시 사상구 사상로385번길 10 (덕포동, 부원금속)",주형 및 금형 제조업,051-301-9901
6315,부원데코,"부산광역시 부산진구 가야대로 673, 1층, 지하1층 (가야동)",커튼 및 유사제품 제조업,051-631-1325
6316,부원산업기계,"부산광역시 강서구 신덕길2번길 130, 부원산업기계(대저1동)",그 외 기타 일반목적용 기계 제조업,051-973-8048
6317,부원아이티 주식회사,"부산광역시 강서구 체육공원로6번길 46, 2층 (대저1동)",메모리용 전자집적회로 제조업 외 23종,051-332-1600
6318,부원화성(주) 지점,부산광역시 강서구 미음국제5로라길 11 (미음동),합성섬유 제조업,051-831-6723
6319,부원화성주식회사,부산광역시 강서구 녹산산단382로 17 (송정동),합성섬유 제조업,051-831-6723
6320,부일공업사,부산광역시 영도구 봉래나루로 242 (봉래동3가),그 외 기타 플라스틱 제품 제조업,051-416-1696
6321,부일공작소,"부산광역시 사상구 새벽로168번길 22 (감전동, 자람터)",액체 펌프 제조업 외 1종,051-311-2824
6322,부일금속,부산광역시 영도구 봉래나루로 242 (봉래동3가),기타 비철금속 주조업,051-416-1696
6323,부일엔지니어링,부산광역시 부산진구 전포대로216번길 14 (전포동),가정용 및 산업용 공기 조화장치 제조업 외 1종,051-806-7981
6324,부일원통연마공업사,부산광역시 강서구 울만로322번길 21 (대저2동),디지털 적층 성형기계 제조업 외 1종,051-972-2045
6325,부일유리,부산광역시 강서구 대저중앙로375번길 13-13(대저1동),기타 판유리 가공품 제조업,051-973-0926
6326,부일전기제작소,부산광역시 강서구 녹산산단77로 50 (송정동),배전반 및 전기 자동제어반 제조업,051-831-3456
6327,부일테프론 주식회사,부산광역시 사상구 모덕로 25 (삼락동),그 외 기타 플라스틱 제품 제조업,051-302-0268
6328,부일토탈마린,부산광역시 영도구 대평남로31번길 21 (대평동1가),선박 구성 부분품 제조업 외 1종,051-416-9797
6329,부전전기,부산광역시 영도구 대평로34번길 9-34 (대평동2가),선박 구성 부분품 제조업,051-418-6679
6330,부주,부산광역시 강서구 미음국제7로 37 (미음동),그 외 기타 금속가공업,051-831-0703
6331,부호산업사,"부산광역시 사상구 낙동대로1384번길 39 (삼락동, 부호산업사)",무기 및 총포탄 제조업 외 24종,051-301-0536
6332,부흥롤마스커(주),부산광역시 영도구 해양로 190 (청학동),"적층, 합성 및 특수표면처리 종이 제조업",051-405-3950
6333,부흥산업사,부산광역시 사상구 새벽로 5 (학장동),자동차용 금속 압형제품 제조업 외 1종,051-328-1933
6334,불가사리기계기술,부산광역시 강서구 녹산산업북로313번길 7 (송정동),절삭가공 및 유사처리업,미등록
6335,브엘코리아,"부산광역시 사상구 사상로 343, 2층(덕포동)",기타 신발 제조업,051-302-1562
6336,브이원밸브,부산광역시 강서구 맥도길83번길 42 (대저2동),"탭, 밸브 및 유사장치 제조업",051-974-8506
6337,브이지 주식회사,부산광역시 강서구 식만로 33-36 (죽림동),접착제 및 젤라틴 제조업 외 9종,051-717-2689
6338,브이지(주),부산광역시 강서구 식만로 41-12 (죽림동),표면 가공 목재 및 특정 목적용 제재목 제조업 외 4종,051-717-2689
6339,브이지엠(VGM),부산광역시 강서구 죽동길196번길 182-23 (죽동동),전동기 및 발전기 제조업 외 1종,055-328-3918
6340,브이피에스(주),부산광역시 강서구 미음산단4로62번길 13 (미음동),기체 펌프 및 압축기 제조업,051-271-1326
6341,블랙테크,부산광역시 금정구 개좌로 55-9 (금사동),감광재료 및 관련 화학제품 제조업,051-852-0891
6342,블루마린(주),"부산광역시 영도구 대평로20번길 23 (대평동1가, 하나빌)",선박 구성 부분품 제조업,051-441-2357
6343,블루멕스,"부산광역시 사하구 낙동대로550번길 37, 산학연구관413-1호 (하단동, 부산동아대학교승학캠퍼스)",일반용 전기 조명장치 제조업,051-220-7600
6344,블루테크,부산광역시 강서구 대저중앙로 314-3 (대저1동),주형 및 금형 제조업,051-304-9969
6345,블루테크,부산광역시 기장군 기장읍 석산1길 3,암면 및 유사제품 제조업 외 7종,051-724-5002
6346,블루텍,"부산광역시 해운대구 센텀중앙로 97, A동 1601호 (재송동)",그 외 기타 전자부품 제조업,070-8656-9010
6347,블루하우스디자인,"부산광역시 사하구 신산로 120, 신평동 493동 2층 216호 (신평동)",그 외 기타 분류 안된 금속 가공 제품 제조업 외 1종,미등록
6348,블룸포스 코리아 유한회사,부산광역시 강서구 호계로 27 (죽림동),배전반 및 전기 자동제어반 제조업 외 3종,051-710-1233
6349,비발디,부산광역시 사상구 학감대로192번길 60(학장동),구두류 제조업,051-643-6157
6350,비비즈,"부산광역시 해운대구 송정2로23번길 31 (송정동, 서진산업)",인형 및 장난감 제조업 외 1종,051-704-1068
6351,비비즈   ,부산광역시 기장군 장안읍 반룡산단2로 24,자동차용 신품 의자 제조업 외 1종,051-704-1068
6352,비사벌,부산광역시 강서구 대저중앙로286번길 127 (대저1동),주방용 및 음식점용 목재가구 제조업 외 1종,051-973-1666
6353,비손특수용접,부산광역시 강서구 제도로 767-18 (강동동),"탭, 밸브 및 유사장치 제조업",미등록
6354,비아이산업(주),부산광역시 강서구 공항로767번다길 32 (대저2동),그 외 기타 전자부품 제조업 외 2종,051-441-5613
6355,비아이엔테크,부산광역시 사하구 다대로354번길 61 (장림동),분사기 및 소화기 제조업 외 10종,051-263-2548
6356,비아이피(주),부산광역시 기장군 장안읍 명례산단3로 32,선박 구성 부분품 제조업,051-519-2000
6357,비앤더비(주),부산광역시 사하구 신산로29번길 25 (신평동),"직물, 편조원단 및 의복류 염색 가공업",051-205-8704
6358,비앤에스피,부산광역시 강서구 공항로339번길 137-6 (대저2동),"탭, 밸브 및 유사장치 제조업",051-327-1161
6359,비앤티(주),부산광역시 사하구 감천항로405번길 21 (구평동),선박 구성 부분품 제조업 외 1종,051-200-8980
6360,비에스엘,부산광역시 사상구 가야대로176번길 76 (학장동),그 외 기타 의료용 기기 제조업,051-328-9235
6361,비에스엘,"부산광역시 사상구 낙동대로1356번길 86 (삼락동, 비에스엘레이저)",절삭가공 및 유사처리업,051-304-3909
6362,비에스엘코리아,부산광역시 사하구 감천항로405번길 48 (구평동),선박 구성 부분품 제조업,051-412-0591
6363,비에스우드,부산광역시 기장군 정관읍 산단7로 7-25 (배성목재),기타 목재가구 제조업 외 3종,051-722-0442
6364,비에이치케이,"부산광역시 사상구 삼덕로 42, B동 (덕포동)",절삭가공 및 유사처리업 외 5종,051-989-4928
6365,비에프마린테크,부산광역시 영도구 해양로 33-17 (청학동),내연기관 제조업,051-416-0509
6366,비에프엔지니어링,"부산광역시 영도구 해양로 135 (청학동, 오성어구사)",선박 구성 부분품 제조업,051-416-0509
6367,비엔스틸라(주)녹산공장,부산광역시 강서구 녹산산업북로313번길 96 (송정동),"도금, 착색 및 기타 표면처리강재 제조업 외 2종",051-600-8300
6368,비엔씨,부산광역시 강서구 낙동북로125번길 102-1 (강동동),절삭가공 및 유사처리업,051-205-0202
6369,비엔씨테크(주),부산광역시 기장군 정관읍 용수공단2길 82-5,그 외 금속 압형제품 제조업,051-727-2924
6370,비엔철강(주),부산광역시 강서구 녹산산단381로 19 (송정동),"도금, 착색 및 기타 표면처리강재 제조업",051-600-8530
6371,비엔티(주),부산광역시 기장군 정관읍 양수길 37 (부광헬봇(주)),그 외 기타 고무제품 제조업 외 4종,051-728-4273
6372,비엔피엔지니어링(주),부산광역시 사상구 새벽로167번길 117 (감전동),"증류기, 열교환기 및 가스발생기 제조업 외 3종",051-311-9541
6373,비엘두(주),부산광역시 강서구 미음국제5로라길 10 (미음동),그 외 기타 특수목적용 기계 제조업 외 3종,051-832-1203
6374,비엠(BM),부산광역시 강서구 신호산단3로 100 (신호동),구름베어링 제조업,051-831-3785
6375,비엠스틸주식회사,부산광역시 강서구 미음국제3로 83(미음동),강관 제조업,미등록
6376,비엠스틸주식회사,부산광역시 강서구 미음국제3로 85(미음동),강관 제조업,미등록
6377,비엠에스,부산광역시 기장군 정관면 산단1로 66-11,자동차용 금속 압형제품 제조업 외 1종,051-727-5548
6378,비엠에스엔지니어링 주식회사,부산광역시 강서구 가리새1로17번길 18(생곡동),금속탱크 및 저장용기 제조업,051-931-0105
6379,비엠에코 주식회사,부산광역시 강서구 제도로 743 (강동동),부직포 및 펠트 제조업,051-626-2925
6380,비엠케이마린(주),부산광역시 영도구 해양로 221-2 (동삼동),선박 구성 부분품 제조업,051-405-5959
6381,비엠피코리아(주),"부산광역시 사상구 감전천로 215 (감전동, 범양캐리어)","금속 문, 창, 셔터 및 관련제품 제조업 외 2종",051-301-4111
6382,비오비,"부산광역시 사하구 장림번영로84번길 34, 나동 (장림동)",유압기기 제조업 외 1종,051-206-9626
6383,비욘드오션,"부산광역시 강서구 녹산산단382로14번길 32, C동 408호 (송정동)",선박 구성 부분품 제조업,070-7514-5528
6384,비원이미지 주식회사,"부산광역시 부산진구 엄광로386번길 33, 1층 (범천동)",방송장비 제조업 외 5종,051-714-5055
6385,비이솔루션,부산광역시 강서구 낙동남로533번길 55 (녹산동),그 외 기타 금속가공업,051-715-7401
6386,비전테크,"부산광역시 사상구 대동로223번길 23 (학장동, 동진금속)",도금업,051-328-2477
6387,비젼알앤디,"부산광역시 사상구 학장로135번길 114, 1동 (학장동)",구조용 금속 판제품 및 공작물 제조업,051-317-7003
6388,비젼알앤디,부산광역시 강서구 대저중앙로347번길 62(대저1동),구조용 금속 판제품 및 공작물 제조업,051-317-7003
6389,비젼테크,부산광역시 사상구 사상로333번길 20 (덕포동),도장 및 기타 피막처리업,051-316-4995
6390,비젼테크놀리지 주식회사,부산광역시 강서구 식만로233번길 26-1 (식만동),기타 가정용 전기기기 제조업 외 5종,051-971-4771
6391,비즈클러치,부산광역시 사하구 보덕포1길 2 (장림동),그 외 자동차용 신품 부품 제조업 외 3종,051-266-2616
6392,비케이티부경테크(주),부산광역시 사하구 하신중앙로 37 (장림동),산업용 냉장 및 냉동 장비 제조업,051-265-9700
6393,비타민전자,"부산광역시 사상구 대동로 303, 1201호 (감전동, 부산디지털밸리아파트형공장)",철도차량 부품 및 관련 장치물 제조업 외 1종,051-896-9200
6394,비티티솔루션즈코리아(주),"부산광역시 기장군 장안읍 장안산단9로 110, 2층",그 외 자동차용 신품 부품 제조업,051-950-9851
6395,비호시스템(주),"부산광역시 연제구 과정로283번나길 24, 2층 (연산동)",유선 통신장비 제조업,051-759-8638
6396,빅스타인터내셔널,부산광역시 사하구 감천항로182번길 15 (구평동),윤활유 및 그리스 제조업,051-271-6607
6397,빅오토 K2KOREA,부산광역시 강서구 공항로743번길 48-52 (대저2동),그 외 기타 일반목적용 기계 제조업 외 1종,051-972-2688
6398,빅토스,"부산광역시 강서구 녹산산단231로 6, (송정동 1575-2) (송정동)",셔츠 및 블라우스 제조업 외 1종,051-831-9987
6399,빅프렌즈,"부산광역시 동래구 명안로 51-1, 2층(명장동)",편조의복 제조업 외 1종,051-532-3978
6400,빈테크,부산광역시 강서구 미음산단4로 106 (미음동),자동차 차체용 신품 부품 제조업,051-973-6589
6401,빈포스,부산광역시 강서구 녹산산단361로 16 (송정동),"체조, 육상 및 체력단련용 장비 제조업",미등록
6402,빵내음주식회사,부산광역시 강서구 낙동북로138번길 17-2 (강동동),빵류 제조업,미등록
6403,사단법인 누리복지회 사업부,"부산광역시 사하구 장림번영로104번길 28, 2층(장림동)","근무복, 작업복 및 유사의복 제조업 외 2종",051-710-1401
6404,사단법인 목련장애인연합회지점 기계사업부,부산광역시 강서구 가락대로1397번길 133-9 (봉림동),구조용 금속 판제품 및 공작물 제조업 외 10종,051-973-3008
6405,사단법인 부산광역시 남구장애인협회 누리피복사업단,부산광역시 사하구 장림로 283 (장림동),기타 직물제품 제조업 외 20종,051-208-0040
6406,사단법인 부산지체장애인단체협의회 사업단,부산광역시 강서구 입소정관길 168 (대저2동),"동 압연, 압출 및 연신제품 제조업 외 5종",051-465-9055
6407,사단법인 컴피장애인복지자립협회 ,부산광역시 사상구 학감대로177번길 27(학장동),기타 직물제품 제조업 외 10종,051-317-3332
6408,사단법인 한국장애인자립협회,부산광역시 강서구 대저2동 경전철로 219,위생용 종이제품 제조업,051-959-4511
6409,사단법인 한국장애인자립협회,부산광역시 강서구 체육공원로52번길 79 (대저1동),"플라스틱 포대, 봉투 및 유사제품 제조업 외 6종",051-959-4511
6410,사단법인장애인고용진흥회부산사업소,부산광역시 강서구 평강로 191 (대저1동),위생용 종이제품 제조업,051-971-0582
6411,사단법인해냄복지회부산서부지회,부산광역시 사하구 장림로196번길 11 (장림동),문구용 종이제품 제조업,051-263-8088
6412,사람을보호하는기업(PPS),"부산광역시 동구 고관로 29-1, 2층(초량동)",기타 무선 통신장비 제조업 외 1종,051-311-2907
6413,사복) 신애재활원 신애직업재활원,부산광역시 부산진구 성지로62번길 40 (초읍동),문구용 종이제품 제조업,051-902-9128
6414,사상인쇄사,부산광역시 사상구 새벽로 175 (감전동),경 인쇄업 외 2종,051-326-4296
6415,사인코아몰,부산광역시 수영구 좌수영로210번길 50 (망미동),구조용 금속 판제품 및 공작물 제조업 외 4종,051-468-2366
6416,사조동아원(주)부산공장,부산광역시 동구 충장대로 293 (좌천동),곡물 제분업 외 1종,051-630-0316
6417,사조씨푸드(주),부산광역시 서구 원양로 71 (암남동),기타 수산동물 가공 및 저장 처리업,051-253-9028
6418,사하스포츠,부산광역시 사하구 장평로 122-2 (장림동),놀이터용 장비 제조업,051-266-6343
6419,사회복지법인 대한장애인복지회,부산광역시 기장군 정관면 산단4로 2-1,액체 여과기 제조업,02-3143-5530
6420,사회복지법인 동진복지재단,"부산광역시 북구 의성로115번길 33, 2층 사회복지법인 동진복지재단 (덕천동)","근무복, 작업복 및 유사의복 제조업 외 11종",051-337-8008
6421,산루 주식회사,"부산광역시 동래구 시실로167번길 81, 2~3층(명장동)",수산식물 가공 및 저장 처리업,미등록
6422,산성누룩,부산광역시 금정구 중리2길 16 (금성동),기타 식품 첨가물 제조업,051-517-5304
6423,산시스텍,"부산광역시 사상구 모라로 22, 7층 709호(부산벤처타워) (모라동)",기타 전기 변환장치 제조업,051-609-9245
6424,산야로제화상사,부산광역시 강서구 호계로 9 (죽림동),기타 신발 제조업,051-205-7828
6425,산왕건설(주),부산광역시 부산진구 진남로 379-1 (전포동),"금속 문, 창, 셔터 및 관련제품 제조업 외 3종",051-808-5972
6426,산우금속,부산광역시 사하구 다산로225번길 31 (장림동),도금업,051-261-6521
6427,산율철강,부산광역시 강서구 녹산산업북로 436 (송정동),절삭가공 및 유사처리업,051-311-6363
6428,산청&바이오,부산광역시 사하구 을숙도대로724번길 14 (구평동),인삼식품 제조업 외 1종,051-262-0778
6429,산호철강(주),부산광역시 사상구 낙동대로960번길 55 (감전동),기타 구조용 금속제품 제조업,051-322-4501
6430,삼경이엔지,부산광역시 영도구 해양로 221-3 (동삼동),선박 구성 부분품 제조업,051-405-9661
6431,삼공브이오에스(주),부산광역시 강서구 녹산산단17로 135 (송정동),그 외 기타 특수목적용 기계 제조업 외 1종,051-200-3040
6432,삼공세이프(주),"부산광역시 서구 까치고개로239번길 7-2,  (2층) (토성동2가)",그 외 기타 봉제의복 제조업,051-241-3040
6433,삼광PRM(주),부산광역시 사하구 다산로78번길 31 (다대동),무기 및 총포탄 제조업 외 4종,051-264-4153
6434,삼광산업,부산광역시 강서구 녹산산단77로22번길 21 (송정동),구조용 금속 판제품 및 공작물 제조업,055-551-0553
6435,삼광산업기계 (주),부산광역시 강서구 미음국제5로나길 18(미음동),"고무, 화학섬유 및 플라스틱 성형기 제조업",미등록
6436,삼광이엔씨,"부산광역시 강서구 미음산단로295번길 6(미음동, 부산조선해양기자재제1공업협동조합)",선박 구성 부분품 제조업 외 1종,051-831-2353
6437,삼광직물공업사,부산광역시 강서구 낙동북로63번길 46 (강동동),,051-971-1045
6438,삼구산업,부산광역시 강서구 제도로 1190 (강동동),안전유리 제조업 외 1종,051-336-0005
6439,삼기물산,부산광역시 기장군 일광면 이동길 41,수산식물 가공 및 저장 처리업,051-721-0400
6440,삼농,부산광역시 강서구 공항로 461 (대저2동),구조용 금속 판제품 및 공작물 제조업,미등록
6441,삼농금속,부산광역시 강서구 맥도강변길 912-49 (대저2동),그 외 기타 특수목적용 기계 제조업 외 1종,미등록
6442,삼덕기계공업(주),부산광역시 사상구 낙동대로1390번길 39 (삼락동),금속 절삭기계 제조업,051-305-6843
6443,삼덕로보틱스,부산광역시 사상구 낙동대로1390번길 45 (삼락동),산업용 로봇 제조업,051-305-6843
6444,삼덕정비(주),부산광역시 사상구 가야대로 85 (감전동),건설 및 채광용 기계장비 제조업,051-315-3225
6445,삼덕통상(주),부산광역시 강서구 낙동남로511번길 11 (녹산동),구두류 제조업 외 2종,051-831-4631
6446,삼덕통상(주) 제2공장,부산광역시 강서구 낙동남로511번길 17 (녹산동),구두류 제조업 외 2종,051-831-4631
6447,삼도유압(주),"부산광역시 강서구 녹산산업북로 203,  송정동1578-2 (송정동)",유압기기 제조업,051-714-3811
6448,삼득산업(주),부산광역시 강서구 녹산산단381로12번길 8 (송정동),반려동물용 사료 제조업 외 2종,051-831-0034
6449,삼륭공업사,부산광역시 사상구 장인로77번길 130 (학장동),도금업,051-316-7577
6450,삼명사,부산광역시 강서구 미음산단2로 28 (구랑동),기타 전기 변환장치 제조업,051-261-3551
6451,삼명산업(주),부산광역시 강서구 화전산단6로 46 (화전동),육상 금속 골조 구조재 제조업 외 5종,051-204-3551
6452,삼미산업,부산광역시 강서구 공항로533번길 354-6 (대저2동),목재문 및 관련제품 제조업 외 5종,051-831-5981
6453,삼보계량시스템(주),부산광역시 강서구 화전산단5로48번길 19(화전동),그 외 기타 일반목적용 기계 제조업,02-866-3125
6454,삼보계량시스템(주),"부산광역시 강서구 화전산단5로48번길 21(화전동, 삼보계량시스템주식회사)",그 외 기타 일반목적용 기계 제조업,051-711-3125
6455,삼보금형,"부산광역시 사상구 모덕로96번길 23 (덕포동, 삼보금형)",주형 및 금형 제조업,051-301-5255
6456,삼보기계공업사,부산광역시 강서구 낙동북로219번길 35 (대저1동),,051-973-4915
6457,삼보방전,부산광역시 사상구 사상로 419 (모라동),주형 및 금형 제조업,051-303-8252
6458,삼보산업,"부산광역시 사상구 낙동대로 917(감전동, (주)경부철강)","탭, 밸브 및 유사장치 제조업",051-316-2882
6459,삼보씨엠씨(주),부산광역시 강서구 미음산단4로 65 (미음동),건설 및 채광용 기계장비 제조업 외 1종,051-717-0581
6460,삼보열판(주),부산광역시 기장군 정관면 곰내길 654-96 (삼보열판(주)) (총 2 필지),"증류기, 열교환기 및 가스발생기 제조업",051-728-6633
6461,삼보정공,부산광역시 사하구 신산로13번길 60 (신평동),육상 금속 골조 구조재 제조업 외 1종,051-294-2700
6462,삼보정밀화학공업(주),"부산광역시 사상구 학장로 39-37 (학장동, 삼보정밀화학(주))",무기안료용 금속 산화물 및 관련 제품 제조업,051-311-3001
6463,삼보정밀화학공업(주),부산광역시 강서구 녹산산단382로50번길 52 (송정동),"염료, 조제 무기안료, 유연제 및 기타 착색제 제조업",051-311-7789
6464,삼보제약,"부산광역시 동구 초량중로 40-1,  3층 (초량동)",한의약품 제조업,051-466-7400
6465,삼보텍,부산광역시 사하구 다대로354번안길 60 (장림동),그 외 기타 플라스틱 제품 제조업,051-261-6023
6466,삼보플레이팅(주),부산광역시 강서구 녹산산단261로31번길 15 (송정동),도금업 외 1종,051-831-9901
6467,삼보하이테크(주),부산광역시 강서구 녹산산단261로 25 (송정동),도금업,051-941-2406
6468,삼부고무공업(주),"부산광역시 사상구 사상로349번길 22 (덕포동, 삼부고무공업사(주))",그 외 기타 고무제품 제조업 외 4종,051-301-1415
6469,삼부공업사,부산광역시 강서구 녹산산단262로50번길 28 (송정동),절삭가공 및 유사처리업,051-831-1355
6470,삼부기업,부산광역시 기장군 정관읍 매곡길 44,그 외 기타 전기장비 제조업,미등록
6471,삼부기업,"부산광역시 사상구 학장로 95 (학장동, 도우금속)","알루미늄 제련, 정련 및 합금 제조업",051-323-9259
6472,삼부산업,부산광역시 사상구 새벽로17번길 49-9 (학장동),기어 및 동력전달장치 제조업,051-312-2075
6473,삼부우레탄,부산광역시 사상구 사상로367번길 70 (덕포동),신발 부분품 제조업 외 4종,051-301-5568
6474,삼부웰텍,부산광역시 강서구 범방3로 15 (범방동),그 외 기타 일반목적용 기계 제조업,051-971-3881
6475,삼성 S.R,"부산광역시 사상구 사상로393번길 15 (덕포동, 삼성SR)",고무패킹류 제조업 외 1종,051-305-4101
6476,삼성g2b주식회사,"부산광역시 부산진구 동평로405번길 118, 6층 (양정동)",방송장비 제조업 외 14종,051-946-8000
6477,삼성강건사,부산광역시 기장군 정관면 산단3로 120 (삼성강건사),기타 구조용 금속제품 제조업,051-728-5689
6478,삼성공업사,부산광역시 사상구 장인로 86 (학장동),도금업,051-313-3148
6479,삼성금속,"부산광역시 사상구 대동로179번길 9 (학장동, 삼성금속)",선철주물 주조업,051-315-4574
6480,삼성금속,부산광역시 강서구 녹산산단261로39번길 23 (송정동),도금업,051-831-7571
6481,삼성기계공업,부산광역시 강서구 미음산단로34번길 29 (구랑동),절삭가공 및 유사처리업,051-831-4577
6482,삼성기계공업사,"부산광역시 사상구 장인로20번길 47-27 (감전동, 삼성기계공업사)",운송장비 조립용 플라스틱제품 제조업 외 1종,051-313-7227
6483,삼성기계공업사,부산광역시 강서구 녹산산단77로22번길 6 (송정동),절삭가공 및 유사처리업,051-831-4577
6484,삼성냉동 주식회사,"부산광역시 영도구 남항남로 4 (남항동3가, 삼성냉동)",기타 가공 공작기계 제조업,051-412-2223
6485,삼성넥시스,부산광역시 강서구 녹산산단262로 53 (송정동),어망 및 기타 끈 가공품 제조업,051-265-0831
6486,삼성상사,부산광역시 사하구 신산로 117 (신평동),골판지 제조업 외 1종,051-202-5551
6487,삼성선박공업사,부산광역시 영도구 남항서로70번길 32 (남항동3가),선박 구성 부분품 제조업,051-415-2685
6488,삼성수지,"부산광역시 사상구 사상로 57-10 (주례동, 삼성수지)",그 외 기타 플라스틱 제품 제조업,051-317-1485
6489,삼성실업,부산광역시 사하구 낙동남로1367번길 3 (하단동) (총 2 필지),"근무복, 작업복 및 유사의복 제조업 외 2종",051-291-0012
6490,삼성애드,"부산광역시 동래구 안락로 48,  2층 (안락동)",간판 및 광고물 제조업 외 12종,051-528-0727
6491,삼성에스티,부산광역시 사상구 가야대로196번길 52 (학장동),연사 및 가공사 제조업,051-325-0511
6492,삼성영상보안주식회사,"부산광역시 동래구 명안로78번길 42, 2층 (명장동)",기타 음향기기 제조업 외 4종,051-818-9680
6493,삼성영상보안주식회사,"부산광역시 부산진구 전포대로223번길 15, B동 407호 (전포동, 테크노프라자)",기타 음향기기 제조업 외 4종,051-818-9680
6494,삼성자바라,부산광역시 동래구 아시아드대로255번가길 38-3 (온천동),구조용 금속 판제품 및 공작물 제조업,051-506-2026
6495,삼성전기(주),부산광역시 강서구 녹산산업중로 333 (송정동),연성 및 기타 인쇄회로기판 제조업 외 2종,051-970-7171
6496,삼성정기공업사,"부산광역시 사상구 사상로368번길 11 (덕포동, 삼성전기공업사)",농업 및 임업용 기계 제조업 외 2종,051-303-5550
6497,삼성정밀,부산광역시 강서구 공항로1347번길 98-4 (대저1동),절삭가공 및 유사처리업,051-853-8420
6498,삼성정밀,"부산광역시 사상구 삼락천로 136 (덕포동, 삼성정밀)",절삭가공 및 유사처리업,051-326-6075
6499,삼성직물,"부산광역시 사상구 낙동대로1446번길 53 (삼락동, 삼성직물)",편조원단 제조업,051-301-7373
6500,삼성케미컬,부산광역시 강서구 제도로1002번길 34-1 (강동동),"목재 포장용 상자, 드럼 및 유사용기 제조업",미등록
6501,삼성터보엔지니어링,부산광역시 영도구 남항남로 12 (남항동3가),기타 기관 및 터빈 제조업 외 1종,051-413-8822
6502,삼성테크,부산광역시 영도구 해양로 33-48 (청학동),"증류기, 열교환기 및 가스발생기 제조업",051-417-0417
6503,삼성티앤아이(주),부산광역시 강서구 화전산단3로 76 (화전동),절삭가공 및 유사처리업,051-832-5778
6504,삼성퍼니처,부산광역시 동래구 안락로125번길 42 (명장동),주방용 및 음식점용 목재가구 제조업 외 1종,051-753-5474
6505,삼성화이바세라믹,부산광역시 강서구 녹산산업중로167번길 32 (송정동),위생용 및 산업용 도자기 제조업 외 2종,051-831-9990
6506,삼성히터,부산광역시 강서구 체육공원로52번길 74-1 (대저1동),"산업용 오븐, 노 및 노용 버너 제조업 외 1종",051-323-9948
6507,삼세산업(주),부산광역시 영도구 절영로 503-3 (동삼동),절연 코드세트 및 기타 도체 제조업 외 2종,051-418-2996
6508,삼신공업사,"부산광역시 사상구 낙동대로1436번길 16 (삼락동, 청도산업)",금속 단조제품 제조업,051-301-1451
6509,삼신텍,"부산광역시 사상구 사상로 62 (주례동, 삼신TECH)",볼트 및 너트류 제조업 외 2종,051-897-2711
6510,삼신특수고무,"부산광역시 사상구 새벽시장로 144-21 (감전동, 제일테크)",고무패킹류 제조업 외 1종,051-323-8345
6511,삼신포장공업사,"부산광역시 강서구 녹산산단381로 24, ,부산광역시 강서구 녹산산단381로12번길 13-11 (송정동)",골판지 제조업 외 1종,051-831-3312
6512,삼아금속,부산광역시 사상구 학장로135번길 9 (학장동),금속 열처리업,051-326-6223
6513,삼아기계,부산광역시 금정구 반송로490번길 37 (금사동) (총 2 필지),금속 절삭기계 제조업,051-525-3388
6514,삼아정밀금형,"부산광역시 금정구 공단로61번길 9 (금사동, 삼아정밀금형)",주형 및 금형 제조업,051-524-5661
6515,삼아지기공업사,부산광역시 사하구 장림번영로104번길 22 (장림동),그 외 기타 종이 및 판지 제품 제조업,051-262-0095
6516,삼양,부산광역시 사하구 다산로105번길 39 (다대동),선박 구성 부분품 제조업,미등록
6517,삼양금속공업(주),부산광역시 사상구 학감대로 170-20 (학장동),선박 구성 부분품 제조업,051-266-6655
6518,삼양금속공업(주),부산광역시 사하구 다대로 944 (다대동),선박 구성 부분품 제조업,051-266-6655
6519,삼양금속공업(주),부산광역시 사하구 다산로105번길 39 (다대동),선박 구성 부분품 제조업,051-266-6655
6520,삼양목재상사,부산광역시 강서구 녹산산단407로 45 (송정동),비주거용 건물 임대업,051-831-2948
6521,삼양상사,부산광역시 해운대구 해운대로1105번길 32-9 (송정동),그 외 기타 봉제의복 제조업,051-702-5922
6522,삼양선용계기(주),부산광역시 사하구 장평로76번길 13 (장림동),그 외 기타 분류 안된 금속 가공 제품 제조업 외 1종,051-263-4460
6523,삼양섬유공업사,부산광역시 금정구 동천로7번길 21 (회동동),모 방적업,051-523-0313
6524,삼양씨푸드(주),"부산광역시 서구 원양로 1, B동 4층 408호, 306호 (암남동, 수산가공선진화단지)",수산동물 건조 및 염장품 제조업 외 1종,051-265-0877
6525,삼양축로공업사,부산광역시 사상구 가야대로175번길 23 (감전동),그 외 기타 일반목적용 기계 제조업 외 1종,051-325-2071
6526,삼양테크,"부산광역시 사하구 하신중앙로27번길 17, 2층 202호 (장림동, 에이스밀)",그 외 기타 일반목적용 기계 제조업 외 1종,051-263-9963
6527,삼양통상(주) 부산공장,부산광역시 사하구 을숙도대로 651 (신평동) (총 2 필지),기타 신발 제조업,051-204-7711
6528,삼양판지 주식회사,부산광역시 강서구 녹산산단382로 46 (송정동),골판지 제조업 외 1종,051-831-4281
6529,삼연에스티,부산광역시 강서구 녹산산단382로50번길 40 (송정동),기타 기초 유기화학 물질 제조업,051-831-3093
6530,삼영 BOLT,"부산광역시 사상구 낙동대로1384번길 28 (삼락동, 삼영볼트)",볼트 및 너트류 제조업 외 2종,051-302-2411
6531,삼영H.P,부산광역시 강서구 금호순서길 121-11 (대저2동),유압기기 제조업,051-974-0401
6532,삼영공업사,"부산광역시 사상구 가야대로133번길 64 (감전동, 삼영공업사)",주형 및 금형 제조업,051-317-0727
6533,삼영목재산업,부산광역시 강서구 신포길 275 (명지동),"목재 포장용 상자, 드럼 및 유사용기 제조업",051-973-6032
6534,삼영몰드,"부산광역시 해운대구 삼어로91번길 68-27 (반여동, 삼영정밀공업사)",주형 및 금형 제조업,051-526-8267
6535,삼영사,"부산광역시 사상구 대동로 203 (학장동, 삼영사)",기타 종이 및 판지 제조업 외 2종,051-326-7300
6536,삼영사,부산광역시 사하구 장평로 194 (장림동),그 외 기타 분류 안된 금속 가공 제품 제조업 외 1종,051-263-4478
6537,삼영섬유공업사,부산광역시 사상구 가야대로103번길 38(감전동),모 방적업 외 1종,051-316-4485
6538,삼영섬유상사,"부산광역시 사상구 모덕로107번길 69 (모라동, 삼영섬유)",기타 방적업,051-304-2783
6539,삼영알곤,부산광역시 강서구 낙동북로102번길 75 (강동동),그 외 기타 금속가공업,051-323-7175
6540,삼영엔지니어링,부산광역시 강서구 맥도강변길 234 (대저2동),가정용 및 산업용 공기 조화장치 제조업 외 1종,051-941-7441
6541,삼영엠티(주),부산광역시 강서구 생곡산단1로 28 (생곡동),기타 1차 비철금속 제조업,051-971-3001
6542,삼영엠티(주),부산광역시 강서구 생곡산단1로 36 (생곡동),기타 1차 비철금속 제조업,051-971-3001
6543,삼영엠티(주) 미음지점,부산광역시 강서구 미음국제9로 22 (생곡동),자동차 엔진용 신품 부품 제조업 외 1종,051-971-3001
6544,삼영엠티(주)지사지점,부산광역시 강서구 과학산단2로19번길 126 (지사동),자동차 엔진용 신품 부품 제조업 외 1종,051-971-3001
6545,삼영윈도우,부산광역시 기장군 정관읍 정관상곡2길 33-36,"금속 문, 창, 셔터 및 관련제품 제조업",051-727-5511
6546,삼영이에스티,"부산광역시 영도구 해양로 128, B동 2층(청학동, 대성주유소)",방송장비 제조업 외 1종,미등록
6547,삼영이엔씨 주식회사,부산광역시 영도구 일산봉로 1 (청학동),기타 무선 통신장비 제조업 외 1종,051-601-6666
6548,삼영이엔씨(주),부산광역시 영도구 상리로 69 (동삼동),기타 무선 통신장비 제조업 외 2종,051-601-6666
6549,삼영전기사,부산광역시 강서구 평강로171번길 30-17 (대저1동),변압기 제조업,051-973-7916
6550,삼영정공,부산광역시 강서구 가락대로1397번길 178 (봉림동),금속 절삭기계 제조업,051-972-2661
6551,삼영정공,"부산광역시 사상구 사상로440번길 9 (모라동, 삼영정공)",주형 및 금형 제조업,051-305-7419
6552,삼영정밀,부산광역시 사상구 사상로425번길 51(모라동),합성수지 및 기타 플라스틱 물질 제조업,051-304-1764
6553,삼영조선소,부산광역시 영도구 남항동2가 12-7번지,선박 구성 부분품 제조업 외 1종,051-416-0107
6554,삼영특수인쇄공업사,부산광역시 남구 우암양달로 6 (우암동),기타 인쇄업 외 1종,051-634-3030
6555,삼영팩,부산광역시 강서구 녹산산단381로12번길 58(송정동),식품 위생용 종이 상자 및 용기 제조업,051-504-6897
6556,삼영해양,부산광역시 영도구 남항동2가 12-16,선박 구성 부분품 제조업,051-416-0107
6557,삼오열처리,부산광역시 사상구 낙동대로1404번길 17 (삼락동),금속 열처리업,051-305-3510
6558,삼오테크,부산광역시 사하구 서포로 44 (구평동),선박 구성 부분품 제조업,051-262-4452
6559,삼오피팅,"부산광역시 강서구 녹산산단262로59번길 51,  (송정동, 1762-9) (송정동)",강관 제조업 외 1종,051-941-9574
6560,삼우,부산광역시 강서구 울만로25번길 16 (대저2동),"금속 문, 창, 셔터 및 관련제품 제조업",051-831-1194
6561,삼우,부산광역시 사상구 사상로45번길 26 (주례동),도장 및 기타 피막처리업,051-324-1657
6562,삼우 주식회사,"부산광역시 강서구 화전산단6로 71, 3층 304 (화전동)",선박 구성 부분품 제조업 외 3종,051-971-6780
6563,삼우공업사,부산광역시 강서구 미음국제5로마길 40(미음동),기타 가공 공작기계 제조업,미등록
6564,삼우금속,"부산광역시 사상구 낙동대로1330번길 49 (삼락동, 삼우금속)",도장 및 기타 피막처리업,051-305-8774
6565,삼우기계,부산광역시 강서구 녹산산단381로 46 (송정동),건설 및 채광용 기계장비 제조업 외 2종,051-831-2231
6566,삼우볼트공업,부산광역시 강서구 대저중앙로233번길 16 (대저1동),볼트 및 너트류 제조업,051-301-4470
6567,삼우산업사,부산광역시 강서구 낙동북로126번길 50-2 (강동동),산업용 냉장 및 냉동 장비 제조업,051-971-9482
6568,삼우수출포장 주식회사,"부산광역시 강서구 녹산산단382로14번길 32, B동(전체)(송정동)","목재 포장용 상자, 드럼 및 유사용기 제조업",051-941-4990
6569,삼우안전환경 주식회사,부산광역시 사하구 감천항로 253-11(구평동),선박 구성 부분품 제조업 외 3종,051-262-7900
6570,삼우엠씨피(주),부산광역시 강서구 미음산단1로16번길 20 (구랑동),선박 구성 부분품 제조업 외 3종,051-780-3010
6571,삼우엠씨피(주) 제2공장,부산광역시 강서구 미음산단1로16번길 22 (구랑동),선박 구성 부분품 제조업,051-780-3000
6572,삼우티이에스(주),부산광역시 사하구 감천항로405번길 101(구평동),강선 건조업 외 30종,051-412-0647
6573,삼우티이에스(주),부산광역시 사하구 감천항로405번길 49 (구평동),선박 구성 부분품 제조업 외 1종,051-412-0647
6574,삼운정공,부산광역시 사상구 사상로 65 (주례동),자동차용 신품 동력전달장치 제조업,051-325-0641
6575,삼원Amec,부산광역시 사상구 낙동대로1356번길 74 (삼락동),"탭, 밸브 및 유사장치 제조업 외 1종",051-808-7890
6576,삼원C&C,부산광역시 강서구 낙동북로138번길 38 (강동동),주형 및 금형 제조업,051-302-0601
6577,삼원IT,"부산광역시 영도구 절영로 71,  부산멀티미디어지원센터 401호 (남항동2가)",기타 무선 통신장비 제조업 외 1종,051-441-6031
6578,삼원금속,부산광역시 사상구 장인로 10(감전동),그 외 기타 금속가공업,051-324-3301
6579,삼원금속,"부산광역시 사상구 대동로 264 (감전동, 삼원금속)",자동차용 금속 압형제품 제조업 외 1종,051-324-3301
6580,삼원금속공장,부산광역시 강서구 미음동 205-17번지 미음국제3로 107,그 외 금속 압형제품 제조업,051-324-3301
6581,삼원기업,부산광역시 사상구 새벽시장로 145 (감전동),그 외 기타 플라스틱 제품 제조업,051-314-6072
6582,삼원산업(주)부산공장,부산광역시 기장군 정관면 산단5로 104-5 (삼원산업) (총 3 필지),기타 1차 비철금속 제조업,051-722-3000
6583,삼원스카이,"부산광역시 사상구 가야대로176번길 32 (학장동, 삼원SKY)",그 외 기타 전자부품 제조업 외 2종,051-325-5100
6584,삼원시푸드,부산광역시 사하구 다산로225번길 51 (장림동),"수산동물 훈제, 조리 및 유사 조제식품 제조업 외 1종",051-264-3800
6585,삼원액트(주),부산광역시 사상구 대동로 28 (엄궁동),"전기회로 개폐, 보호장치 제조업",051-320-7702
6586,삼원액트(주),부산광역시 사상구 대동로 41 (엄궁동),"전기회로 개폐, 보호장치 제조업",051-320-7702
6587,삼원에프에이(주),부산광역시 해운대구 반송로513번길 66-25 (석대동),그 외 기타 전자부품 제조업 외 10종,051-630-3000
6588,삼원우의산업,부산광역시 금정구 구서로 12 (구서동),"천막, 텐트 및 유사 제품 제조업 외 7종",051-516-9822
6589,삼원이엔지(주),부산광역시 강서구 낙동북로138번길 36 (강동동),주형 및 금형 제조업,051-302-0601
6590,삼원정밀,부산광역시 강서구 제도로1041번나길 41 (강동동),주형 및 금형 제조업,051-304-4748
6591,삼원테크,부산광역시 강서구 식만로85번길 17 (죽림동),그 외 기타 일반목적용 기계 제조업 외 1종,051-972-3225
6592,삼원테크,부산광역시 강서구 녹산산업중로 365 (송정동),농업 및 임업용 기계 제조업 외 1종,070-4001-7857
6593,삼원테크,부산광역시 사하구 장림번영로104번길 64 (장림동),톱 및 호환성 공구 제조업,051-415-0063
6594,삼원테크웰(주),"부산광역시 사상구 낙동대로1420번길 41, 512호 (삼락동)",그 외 기타 전기장비 제조업,051-977-5012
6595,삼원파이론,부산광역시 사상구 삼덕로73번길 41 (덕포동),신발 부분품 제조업,051-304-1592
6596,삼원화학,"부산광역시 사상구 새벽시장로45번길 53-25 (감전동, 삼원화학)",플라스틱 필름 제조업 외 1종,051-302-3900
6597,삼융테크,부산광역시 사상구 감전천로 33 (감전동),도금업,051-328-3357
6598,삼은엘앤티,부산광역시 강서구 화전산단3로 106 (화전동),배전반 및 전기 자동제어반 제조업,051-971-0550
6599,삼의특수고무,부산광역시 사하구 다산로176번길 18 (다대동) (총 2 필지),그 외 자동차용 신품 부품 제조업 외 3종,051-264-0478
6600,삼익방폭전기(주),부산광역시 사하구 다산로 216 (다대동),기타 조명장치 제조업 외 6종,051-265-2414
6601,삼익파워텍,부산광역시 금정구 동천로7번길 48-12 (회동동),배전반 및 전기 자동제어반 제조업 외 1종,051-531-4594
6602,삼인라이프롬(Samin.Lifrom),부산광역시 기장군 정관읍 용수공단2길 41,폴리스티렌 발포 성형제품 제조업 외 2종,051-727-3601
6603,삼인테크(주),부산광역시 강서구 낙동남로511번길 55 (녹산동),배전반 및 전기 자동제어반 제조업,051-831-1377
6604,삼일금속(주),부산광역시 강서구 화전산단6로66번길 14(화전동),선박 구성 부분품 제조업,051-311-1597
6605,삼일냉장(주),부산광역시 사하구 서포로 36 (구평동) (총 4 필지),수산동물 냉동품 제조업,051-262-3101
6606,삼일산업사,부산광역시 강서구 녹산산단381로40번길 11 (송정동),철강선 제조업 외 1종,051-831-0084
6607,삼일아이앤씨(주),"부산광역시 동래구 우장춘로4번길 24, 3층(온천동)",방송장비 제조업,051-893-3104
6608,삼일이엔지,"부산광역시 금정구 개좌로 273(회동동, 삼일이엔지)",유압기기 제조업 외 1종,051-529-2824
6609,삼일이엔지 정관,부산광역시 기장군 정관읍 산단4로 79,절삭가공 및 유사처리업,051-529-2824
6610,삼일전기공업(주),부산광역시 기장군 정관읍 산단5로 100-191,배전반 및 전기 자동제어반 제조업 외 3종,051-531-5661
6611,삼일정공,부산광역시 강서구 식만로 207-33 (식만동),일반철물 제조업 외 4종,051-941-9111
6612,삼일정밀,"부산광역시 사상구 삼락천로 236 (모라동, 삼일정밀)",그 외 자동차용 신품 부품 제조업 외 3종,051-301-3503
6613,삼일테크,부산광역시 금정구 개좌로 67 (금사동),그 외 기타 분류 안된 금속 가공 제품 제조업 외 1종,051-529-3389
6614,삼전금속공업사,부산광역시 강서구 미음산단로377번길 11 (미음동),볼트 및 너트류 제조업 외 1종,051-305-6446
6615,삼정ENG,부산광역시 강서구 미음국제5로나길 30(미음동),철강선 제조업,미등록
6616,삼정ENG,부산광역시 강서구 미음국제5로나길 30(미음동),기타 가공 공작기계 제조업,미등록
6617,삼정공업,"부산광역시 사상구 학감대로163번길 25 (학장동, 삼정공업)",그 외 기타 분류 안된 비금속 광물제품 제조업 외 3종,051-312-1150
6618,삼정공업사,"부산광역시 사상구 장인로17번길 114 (감전동, 삼정벤딩)",주철관 제조업,051-323-6755
6619,삼정공업사,부산광역시 영도구 대평로46번길 7 (대평동2가),선박 구성 부분품 제조업,051-416-2043
6620,삼정금속,부산광역시 사상구 새벽로 124 (감전동),절삭가공 및 유사처리업,051-328-3019
6621,삼정기계,부산광역시 강서구 녹산산단289로 19 (송정동),선박 구성 부분품 제조업,051-832-0190
6622,삼정산업,부산광역시 강서구 녹산산업중로 21 (송정동),자동차 차체용 신품 부품 제조업,051-960-3414
6623,삼정엔지니어링,부산광역시 강서구 신포길 287 (명지동),주형 및 금형 제조업,051-941-5050
6624,삼정정밀,"부산광역시 사상구 장인로37번길 13 (감전동, 삼정정밀)",건설 및 채광용 기계장비 제조업,051-305-8807
6625,삼정휴먼서버,"부산광역시 사하구 서포로 7, 삼정휴먼서버 (구평동)",그 외 기타 봉제의복 제조업,051-293-2811
6626,삼주공업사,부산광역시 강서구 낙동북로126번길 68-12 (강동동),용접기제조업,051-971-6171
6627,삼주물산(주),부산광역시 부산진구 동평로214번길 14 (부암동),그 외 기타 전자부품 제조업,051-818-1977
6628,삼진ADP,부산광역시 동래구 시실로 200 (명장동),간판 및 광고물 제조업,051-529-9491
6629,삼진공업,부산광역시 사하구 신산로29번길 55 (신평동),육상 금속 골조 구조재 제조업 외 2종,051-208-5511
6630,삼진그린푸드(주),부산광역시 사하구 다대로300번길 22 (장림동),포장용 플라스틱 성형용기 제조업 외 3종,051-261-9560
6631,삼진그린푸드(주),부산광역시 사하구 장림번영로104번길 120 (장림동),기타 식품 첨가물 제조업 외 3종,051-261-9560
6632,삼진금속,부산광역시 사상구 낙동대로1356번길 68 (삼락동),도금업,051-315-4845
6633,삼진기계,부산광역시 강서구 미음국제4로 37(미음동),건설 및 채광용 기계장비 제조업,051-831-2315
6634,삼진메카텍,부산광역시 강서구 화전산단5로48번길 35 (화전동),기타 가공 공작기계 제조업,051-324-3634
6635,삼진벤드,부산광역시 강서구 미음국제5로마길 8(미음동),철강선 제조업,051-972-6025
6636,삼진부엌가구,부산광역시 수영구 무학로 41(광안동),목재 도구 및 주방용 나무제품 제조업,051-753-5356
6637,삼진식품(주),부산광역시 사하구 다대로1066번길 51 (장림동),"수산동물 훈제, 조리 및 유사 조제식품 제조업",051-416-5977
6638,삼진식품(주),"부산광역시 서구 원양로 1, A동 405호(암남동, 수산가공선진화단지)",기타 수산동물 가공 및 저장 처리업,051-412-5468
6639,삼진엔지니어링,부산광역시 영도구 남항서로 6-12 (남항동3가),기타 일반 기계 및 장비 수리업 외 2종,051-418-5288
6640,삼진웰텍 주식회사,부산광역시 강서구 범방2로 32 (범방동),그 외 기타 일반목적용 기계 제조업,051-971-1166
6641,삼진정공(주),부산광역시 사상구 낙동대로 1064 (감전동),그 외 기타 일반목적용 기계 제조업 외 19종,051-324-3634
6642,삼진정밀,부산광역시 강서구 녹산산단77로22번길 10 (송정동),그 외 자동차용 신품 부품 제조업 외 5종,051-831-3800
6643,삼진정밀,부산광역시 강서구 녹산산단77로 23 (송정동),건설 및 채광용 기계장비 제조업,051-831-3800
6644,삼진테크,부산광역시 강서구 미음국제7로가길 3 (미음동),그 외 기타 분류 안된 금속 가공 제품 제조업,미등록
6645,삼진프랜지,부산광역시 강서구 녹산산단381로 74 (송정동),강관 가공품 및 관 연결구류 제조업,051-831-4031
6646,삼창GTC,부산광역시 영도구 태종로89번길 36 (봉래동2가),선박 구성 부분품 제조업,051-417-8227
6647,삼창레이저테크,부산광역시 강서구 녹산산업북로 271 (송정동),전자 응용 절삭기계 제조업,051-831-7770
6648,삼천리열처리테크(주),부산광역시 사하구 홍티로 115 (다대동),금속 열처리업,051-304-3004
6649,삼풍하이테크,"부산광역시 사상구 낙동대로902번길 42 (감전동, 삼풍하이테크)",기타 가공 공작기계 제조업,051-325-5397
6650,삼풍화학,부산광역시 강서구 미음국제5로라길 20(미음동),자동차 차체용 신품 부품 제조업,051-973-4812
6651,삼한정공(주),부산광역시 강서구 녹산산업중로61번길 16 (송정동),절삭가공 및 유사처리업,051-324-6380
6652,삼한테크,부산광역시 강서구 화전산단2로 123 (화전동),절삭가공 및 유사처리업,미등록
6653,삼현금속,부산광역시 강서구 녹산산단382로60번길 16 (송정동),그 외 자동차용 신품 부품 제조업 외 4종,051-312-8960
6654,삼현에프씨,"부산광역시 동래구 반송로 264, 지하1층 (명장동)",셔츠 및 블라우스 제조업 외 4종,051-863-9981
6655,삼현정밀기계공업사,부산광역시 영도구 남항서로70번길 46-4 (남항동3가),그 외 기타 일반목적용 기계 제조업 외 2종,051-417-5740
6656,삼현테크,부산광역시 강서구 맥도강변길 235 (대저2동),볼트 및 너트류 제조업 외 2종,051-972-4274
6657,삼호산업(주),"부산광역시 해운대구 해운대로 35 (반여동, 삼호골프)",기타 신발 제조업,051-550-1101
6658,삼호정밀,부산광역시 강서구 평강로 217-1 (대저1동),선박 구성 부분품 제조업 외 25종,051-971-7226
6659,삼호정밀,부산광역시 강서구 제도로 975-13 (강동동),볼트 및 너트류 제조업 외 2종,미등록
6660,삼호정밀,부산광역시 강서구 미음국제6로 104 (미음동),그 외 자동차용 신품 부품 제조업,051-971-7226
6661,삼호지기사,부산광역시 사하구 신산북로 7 (신평동),골판지 제조업 외 1종,051-262-0451
6662,삼호코팅사,부산광역시 사상구 사상로433번길 71 (모라동),플라스틱 접착처리 제품 제조업 외 1종,051-301-2815
6663,삼호테크,부산광역시 사상구 모라로6번길 13-7 (삼락동),주형 및 금형 제조업,051-303-2841
6664,삼홍기계,부산광역시 강서구 과학산단1로 145 (지사동),항공기용 부품 제조업,051-714-2611
6665,삼화금속,부산광역시 강서구 녹산산단231로 38 (송정동),도금업,051-831-8600
6666,삼화기업사,부산광역시 사상구 모덕로96번길 59-11 (덕포동),인형 및 장난감 제조업,051-303-2301
6667,삼화메탈(주),부산광역시 기장군 장안읍 장안산단9로 65,그 외 자동차용 신품 부품 제조업 외 3종,051-728-5622
6668,삼화산전,부산광역시 사상구 낙동대로1460번길 7 (삼락동),배전반 및 전기 자동제어반 제조업,051-319-0665
6669,삼화스틸,"부산광역시 사상구 새벽로 45 (학장동, 삼화스틸)",그 외 기타 1차 철강 제조업,051-323-0577
6670,삼화스틸(주),부산광역시 사상구 낙동대로1428번길 63 (삼락동),철강선 제조업 외 1종,051-301-4600
6671,삼화스틸(주)감전공장,부산광역시 사상구 낙동대로 864 (감전동),철강선 제조업 외 1종,051-315-2366
6672,삼화스틸(주)사상공장,부산광역시 사상구 새벽로63번길 70 (학장동),철강선 제조업 외 3종,051-301-7300
6673,삼화어구사,부산광역시 사하구 신산로 111 (신평동),비주거용 건물 임대업,051-204-0581
6674,삼화인쇄,부산광역시 연제구 거제천로9번길 2 (거제동),기타 종이 및 판지 제조업,051-853-4220
6675,삼화전기,부산광역시 강서구 낙동북로108번길 54 (강동동),배전반 및 전기 자동제어반 제조업,미등록
6676,삼화조선 주식회사,"부산광역시 영도구 대평남로 61(대평동2가, 삼화조선)",강선 건조업 외 1종,051-415-3421
6677,삼화종합식품,부산광역시 사하구 을숙도대로755번길 65 (구평동),기타육지동물고기가공및저장처리업 외 1종,051-265-0085
6678,삼화컨스텍,부산광역시 강서구 대부길 279 (강동동),기타 건축용 플라스틱 조립제품 제조업,051-319-0037
6679,삼화텔콤,"부산광역시 동구 조방로 48,  502호 (범일동)",기타 음향기기 제조업 외 3종,070-7012-8822
6680,삼화프라스틱,부산광역시 강서구 녹산산단262로 27 (송정동),포장용 플라스틱 성형용기 제조업,051-1588-5456
6681,삼환전력전자,부산광역시 사상구 감전천로 141 (감전동),기타 전기 변환장치 제조업 외 1종,051-305-0165
6682,삼흥기계공업(주),"부산광역시 사상구 가야대로133번길 11 (감전동, 삼흥기계)",그 외 기타 특수목적용 기계 제조업 외 1종,051-325-6054
6683,삼흥마린,부산광역시 강서구 체육공원로6번길 209 (대저1동),선박 구성 부분품 제조업,미등록
6684,삼흥비철,부산광역시 강서구 녹산산단381로40번길 3 (송정동),"알루미늄 제련, 정련 및 합금 제조업",051-831-0444
6685,삼흥비철,부산광역시 강서구 생곡산단2로11번길 47 (생곡동),금속 절삭기계 제조업,051-831-0444
6686,삼흥에스씨(주),부산광역시 강서구 가달1로 58 (생곡동),열간 압연 및 압출 제품 제조업 외 1종,051-317-0141
6687,삼흥엔진,"부산광역시 사상구 사상로425번길 23 (모라동, 삼흥엔진)",기타 가공 공작기계 제조업,051-302-9805
6688,삼흥전기,부산광역시 강서구 공항앞길85번길 107-1 (대저2동),배전반 및 전기 자동제어반 제조업,051-945-8852
6689,삼희어패럴,"부산광역시 부산진구 범일로153번길 33, 4층 (범천동)",유아용 의복 제조업 외 3종,미등록
6690,상록개발,부산광역시 강서구 평강로 9 (강동동),그 외 기타 특수목적용 기계 제조업 외 2종,051-971-4928
6691,상림연마,"부산광역시 사상구 새벽로45번길 36 (학장동, 삼림연마)",자동차 엔진용 신품 부품 제조업 외 2종,051-316-0521
6692,상명화학,부산광역시 사하구 을숙도대로569번길 47 (신평동),그 외 기타 플라스틱 제품 제조업,051-266-8524
6693,상미사,부산광역시 강서구 가락대로1397번길 99-12 (봉림동),합성수지 및 기타 플라스틱 물질 제조업,051-264-6254
6694,상삼화학,"부산광역시 금정구 반송로 462-6 (금사동, 상삼화학)",플라스틱 필름 제조업 외 1종,051-528-9977
6695,상신공업,부산광역시 사하구 장평로83번길 33 (장림동),그 외 기타 일반목적용 기계 제조업 외 2종,051-264-2046
6696,상아인텍,부산광역시 강서구 녹산산단46로 99 (송정동),"증류기, 열교환기 및 가스발생기 제조업",051-831-9258
6697,상아인텍,부산광역시 강서구 녹산산단46로 103 (송정동),"증류기, 열교환기 및 가스발생기 제조업",051-831-9258
6698,상영정기,부산광역시 강서구 식만로247번길 34 (식만동),전동기 및 발전기 제조업 외 1종,051-832-5350
6699,상우정밀,부산광역시 금정구 공단로50번길 9 (금사동),주형 및 금형 제조업,051-527-5833
6700,상운전기,부산광역시 영도구 해양로117번길 12 (청학동),선박 구성 부분품 제조업,051-412-7772
6701,상원산전(주),"부산광역시 사상구 모라로192번길 9, 902호(모라동, 신모라공단)",컴퓨터 제조업 외 6종,051-302-1988
6702,상원전기,부산광역시 영도구 대평로 13 (대평동1가),배전반 및 전기 자동제어반 제조업,051-417-2805
6703,상유목재,부산광역시 강서구 대저로221번길 20 (대저1동),일반 제재업,051-972-0132
6704,상일,부산광역시 강서구 대저중앙로347번길 16 (대저1동),기타 목재가구 제조업,051-973-7824
6705,상진밴드,부산광역시 사상구 사상로355번길 15 (덕포동),"탭, 밸브 및 유사장치 제조업",051-303-2936
6706,상헌엔터테크(주),부산광역시 사상구 사상로551번길 37(모라동),방송장비 제조업 외 5종,051-321-1263
6707,상황미인(주),"부산광역시 사상구 가야대로360번길 48,  창업보육센터 302 (주례동)",화장품 제조업,051-758-9115
6708,새광엔텍,부산광역시 강서구 녹산산단382로59번길 49 (송정동),금속류 해체 및 선별업 외 1종,051-831-0335
6709,새롬NC,"부산광역시 사상구 낙동대로1330번길 23 (삼락동, 새롬NC)",주형 및 금형 제조업,051-317-7330
6710,새롬유니폼,"부산광역시 동래구 동래로134번길 42, 지하 1층  (명륜동)","근무복, 작업복 및 유사의복 제조업",051-645-0413
6711,새롬콜렉션,"부산광역시 부산진구 신암로71번길 3, 3층 (범천동)",가방 및 기타 보호용 케이스 제조업,051-647-7111
6712,새부산산업,부산광역시 사하구 하신번영로107번길 6 (신평동),섬유제품 기타 정리 및 마무리 가공업 외 1종,051-292-8254
6713,새신신고(TSGO),"부산광역시 사상구 모덕로 99(모라동, 우정설비(주))",구두류 제조업 외 2종,051-323-1206
6714,새암기술,부산광역시 사상구 가야대로214번길 30 (학장동),도금업,051-324-8532
6715,새영광연마,"부산광역시 사상구 광장로20번길 58-33 (괘법동, 새영광연마)",그 외 자동차용 신품 부품 제조업 외 3종,051-313-1885
6716,새천년광고(주),"부산광역시 금정구 무학송로 145 (부곡동, 새천년광고(주))",전시 및 광고용 조명장치 제조업 외 1종,051-518-4680
6717,새한I&M,부산광역시 사하구 다대동로6번길 13 (다대동),그 외 기타 전기장비 제조업,051-261-1836
6718,새한금형,부산광역시 강서구 낙동남로605번길 46-24 (녹산동),주형 및 금형 제조업,051-315-4790
6719,새한기계공업,부산광역시 사상구 학감대로178번길 20 (학장동),육상 금속 골조 구조재 제조업 외 5종,051-322-4531
6720,새한기술전기,부산광역시 사하구 다대동로6번길 10 (다대동),선박 구성 부분품 제조업,051-261-8270
6721,새한세코,부산광역시 부산진구 마철로 106 (당감동),플라스틱 접착처리 제품 제조업 외 1종,051-898-1323
6722,새한용사엔지니어링,부산광역시 사상구 낙동대로970번길 60 (감전동),디지털 적층 성형기계 제조업 외 6종,051-326-4594
6723,새한중전기,부산광역시 강서구 낙동북로161번길 110 (대저1동),전동기 및 발전기 제조업 외 2종,051-941-5353
6724,새한플라이우드,부산광역시 강서구 가달1로 59 (생곡동),선박 구성 부분품 제조업,051-265-0261
6725,생기라이프,부산광역시 사하구 비봉로21번길 25(신평동),생물 살균.살충제 및 식물보호제 제조업,051-208-2229
6726,생명물식품주식회사,부산광역시 기장군 기장읍 죽성로 197,장류 제조업 외 1종,051-721-2150
6727,샤인엔트리 주식회사,부산광역시 기장군 정관읍 용수공단2길 19-37,기타 플라스틱 발포 성형제품 제조업,미등록
6728,샵에이치디(#HD),부산광역시 강서구 녹산산단261로23번길 20 (송정동),도금업,미등록
6729,서강ENG,부산광역시 강서구 대부길 3-1 (강동동),배전반 및 전기 자동제어반 제조업,051-971-4560
6730,서강ENG,부산광역시 강서구 대부길 23 (강동동),배전반 및 전기 자동제어반 제조업,051-971-4560
6731,서경켐텍,부산광역시 사상구 사상로401번길 28 (덕포동),고무패킹류 제조업 외 23종,051-301-8482
6732,서광,부산광역시 기장군 일광읍 기장대로 681,기타 1차 비철금속 제조업,미등록
6733,서광공업,부산광역시 사하구 을숙도대로724번길 37(구평동),그 외 금속 압형제품 제조업,051-265-5006
6734,서광신소재(주),부산광역시 강서구 녹산산단382로 34 (송정동),신발 부분품 제조업,051-831-0078
6735,서광이앤씨(주),부산광역시 사상구 가야대로176번길 15 (학장동),그 외 기타 전기장비 제조업,051-904-7751
6736,서광인포컴(주),"부산광역시 금정구 청룡예전로99번길 11 (청룡동, 동성)",방송장비 제조업 외 4종,051-508-5525
6737,서광테크,"부산광역시 강서구 녹산산단261로31번길 6,  (송정동,1569-13) (송정동)",도금업,070-7539-8051
6738,서린RNG,부산광역시 강서구 경전철로188번길 145-10(대저1동),고무패킹류 제조업 외 2종,051-316-8751
6739,서면뿌리기아상사,"부산광역시 사상구 광장로56번길 64 (괘법동, 서면기아상사)",기어 및 동력전달장치 제조업,051-324-1411
6740,서문사,"부산광역시 부산진구 신천대로 106, 1층 (부전동)",경 인쇄업 외 2종,051-819-8623
6741,서밋닷컴 주식회사 부산지사,부산광역시 금정구 공단로39번길 27 (금사동),"근무복, 작업복 및 유사의복 제조업 외 17종",02-6951-5067
6742,서부스텐,부산광역시 사상구 감전천로 141 (감전동),기타 1차 비철금속 제조업,051-972-0956
6743,서부정밀,"부산광역시 사상구 장인로77번길 119 (학장동, 서부정밀)",그 외 기타 일반목적용 기계 제조업 외 1종,051-311-1005
6744,서비텍코리아(주),부산광역시 강서구 화전산단5로 90 (화전동),선박 구성 부분품 제조업 외 1종,051-720-7922
6745,서아엔지니어링,부산광역시 기장군 기장읍 대청로36번길 22 (서아엔지니어링),"레이더, 항행용 무선기기 및 측량기구 제조업 외 20종",051-724-0350
6746,서연테크,부산광역시 강서구 미음산단3로 172 (미음동),그 외 기타 금속가공업,미등록
6747,서영CS,부산광역시 강서구 식만로179번가길 7 (식만동),"탭, 밸브 및 유사장치 제조업",055-342-9249
6748,서영CS,부산광역시 강서구 식만로179번가길 11 (식만동),"탭, 밸브 및 유사장치 제조업",055-342-8249
6749,서영테크,부산광역시 강서구 과학산단로333번길 77-40(지사동),절삭가공 및 유사처리업,미등록
6750,서우 TECH,부산광역시 강서구 죽동길405번길 31-1 (죽동동),금속탱크 및 저장용기 제조업 외 1종,051-971-9426
6751,서우테크 주식회사,"부산광역시 남구 신선로 365, 6공학관 205호, 103-5호(용당동, 부경대학교용당캠퍼스)","기타 측정, 시험, 항해, 제어 및 정밀기기 제조업 외 2종",051-803-9703
6752,서울알곤용접,부산광역시 사상구 모라로6번길 18 (삼락동),그 외 기타 금속가공업,051-302-1566
6753,서울자동화,부산광역시 강서구 죽동길 109-1 (죽동동),산업처리공정 제어장비 제조업,051-941-8345
6754,서울제분,"부산광역시 사상구 가야대로104번길 36 (학장동, 디프로메트)",곡물 제분업,051-311-5930
6755,서울테크,부산광역시 강서구 맥도길509번길 28 (대저2동),"기타 비철금속 압연, 압출 및 연신 제품 제조업",051-941-3536
6756,서원DCT,부산광역시 사상구 낙동대로1384번길 27 (삼락동),"알루미늄 압연, 압출 및 연신제품 제조업",051-304-4634
6757,서원Tech,부산광역시 강서구 대저로155번길 105-4 (대저1동),주형 및 금형 제조업,051-941-4250
6758,서원하이테크,"부산광역시 사상구 가야대로 221 (주례동, 서원하이테크)",컨베이어장치 제조업 외 1종,051-316-9548
6759,서웰,부산광역시 강서구 공항로1347번길 62 (대저1동),산업처리공정 제어장비 제조업,051-861-0909
6760,서일캐스팅(주),부산광역시 기장군 정관읍 농공길 13-70 (서일캐스팅(주)),그 외 자동차용 신품 부품 제조업 외 1종,051-728-5333
6761,서일캐스팅(주)제2공장,부산광역시 기장군 정관면 달음산길 34 (총 2 필지),자동차 차체용 신품 부품 제조업 외 2종,051-728-3477
6762,서전엔지니어링(주),"부산광역시 사상구 모라로 22, 6층 615호(모라동, 부산벤처타워)",기기용 자동측정 및 제어장치 제조업 외 4종,02-557-0793
6763,서주금속,부산광역시 영도구 해양로87번길 23 (청학동),"동 제련, 정련 및 합금 제조업",미등록
6764,서진,부산광역시 강서구 미음산단2로16번길 31 (구랑동),금속 캔 및 기타 포장용기 제조업,051-941-6112
6765,서진M&D,부산광역시 사상구 학감대로178번길 64 (학장동),기타 가공 공작기계 제조업,051-324-3216
6766,서진공업사,부산광역시 강서구 미음국제5로나길 19 (미음동),"기타 섬유, 의복 및 가죽 가공 기계 제조업",미등록
6767,서진금속,"부산광역시 사상구 모덕로95번길 67, 2층 (모라동)",주방용 전기기기 제조업 외 2종,051-305-8220
6768,서진금속,"부산광역시 사상구 대동로209번길 37 (학장동, 서진금속)",금속 열처리업,051-313-1710
6769,서진기계금속,"부산광역시 사상구 장인로37번길 13-16 (감전동, 서진기계금속)",그 외 기타 일반목적용 기계 제조업 외 1종,051-324-0906
6770,서진섬유공업사,부산광역시 사하구 장림동 1108-24번지,편조원단 제조업,051-301-1653
6771,서진어패럴,부산광역시 금정구 금사로 27 (서동),"근무복, 작업복 및 유사의복 제조업 외 4종",051-521-0304
6772,서진엠텍 주식회사,부산광역시 영도구 해양로57번길 30 (청학동),선박 구성 부분품 제조업,051-412-3200
6773,서진유압,부산광역시 사상구 낙동대로1338번길 60 (삼락동),유압기기 제조업,051-328-9155
6774,서진정밀,부산광역시 기장군 정관면 산단1로 66-43 (서진정밀),액체 펌프 제조업 외 2종,051-727-7844
6775,서진초경,"부산광역시 사상구 새벽시장로 144-17 (감전동, 서진조경)",주형 및 금형 제조업,051-313-7377
6776,서진콘트롤스,부산광역시 강서구 대저중앙로347번길 42 (대저1동),배전반 및 전기 자동제어반 제조업,051-313-8781
6777,서진테크,부산광역시 강서구 녹산화전로 126-25 (화전동),절삭가공 및 유사처리업,미등록
6778,서진테크,부산광역시 강서구 미음산단6로 28(미음동),선박 구성 부분품 제조업,미등록
6779,서진티앤지(주),"부산광역시 사상구 새벽로215번길 84, A동 (괘법동)",고무패킹류 제조업 외 22종,051-313-6999
6780,서평상사,"부산광역시 사상구 괘감로 69 (괘법동, 언더우드물류창고)",신발 부분품 제조업,051-314-5053
6781,서한글로벌(주),부산광역시 강서구 미음국제5로가길 17(미음동),그 외 기타 분류 안된 금속 가공 제품 제조업,051-271-8279
6782,서한테크,부산광역시 강서구 녹산산단382로49번길 40 (송정동),선박 구성 부분품 제조업,051-831-9886
6783,서해식품,부산광역시 강서구 녹산산단262로49번길 28 (송정동),수산동물 건조 및 염장품 제조업,051-863-1515
6784,서현가발 해운대 본점,"부산광역시 해운대구 센텀중앙로 90, 7층 706호 (재송동, 큐비이센텀)",가발 및 유사 제품 제조업 외 1종,미등록
6785,서현산업,부산광역시 사하구 장림로 78-5 (장림동),끈 및 로프 제조업,051-923-5401
6786,서화기계,부산광역시 강서구 신호산단3로88번길 35 (신호동),절삭가공 및 유사처리업,051-831-0375
6787,서흥엔지니어링(주),부산광역시 강서구 녹산산단262로59번길 31 (송정동),육상 금속 골조 구조재 제조업 외 1종,051-831-1811
6788,서흥엔지니어링(주),부산광역시 강서구 녹산산업북로313번길 57 (송정동),육상 금속 골조 구조재 제조업 외 1종,051-831-1811
6789,서흥페케이지,부산광역시 강서구 공항로 1223 (대저1동),"적층, 합성 및 특수표면처리 종이 제조업 외 5종",051-971-3705
6790,석남기업,부산광역시 사하구 다산로 52 (다대동),"전기회로 개폐, 보호장치 제조업",051-266-1896
6791,석송,부산광역시 강서구 낙동북로73번가길 54-1 (강동동),기타 구조용 금속제품 제조업,051-832-1707
6792,석영산업,부산광역시 강서구 녹산산단17로14번길 29 (송정동),그 외 기타 분류 안된 금속 가공 제품 제조업 외 2종,051-831-0096
6793,석영에스엔티(주),부산광역시 강서구 범방2로 18 (범방동),그 외 기타 1차 철강 제조업,051-973-6096
6794,석종기업(주),"부산광역시 사상구 광장로56번길 77 (괘법동, 신호상사)",액체 펌프 제조업,051-313-1789
6795,석진산업,"부산광역시 사상구 대동로 211 (학장동, 석진산업)",,051-317-0666
6796,선강NT,부산광역시 강서구 녹산산단261로59번길 8 (송정동),그 외 자동차용 신품 부품 제조업,051-971-5393
6797,선경뉴매틱,"부산광역시 남구 용호로159번길 94 (용호동, .)",기기용 자동측정 및 제어장치 제조업,051-625-3114
6798,선경산업,부산광역시 강서구 미음국제5로나길 35 (미음동),그 외 자동차용 신품 부품 제조업,051-941-0510
6799,선경유압산기,"부산광역시 사상구 낙동대로1292번길 39 (삼락동, 선경유압산기)",유압기기 제조업 외 2종,051-315-6886
6800,선경전기공업사,부산광역시 영도구 대평로 40 (대평동2가),배전반 및 전기 자동제어반 제조업,051-415-1218
6801,선경화학,부산광역시 강서구 녹산산단290로 21 (송정동),폴리스티렌 발포 성형제품 제조업 외 1종,051-831-3003
6802,선광건업(주),부산광역시 사상구 대동로223번길 27 (학장동),일반철물 제조업 외 3종,051-317-3386
6803,선광테크,부산광역시 강서구 체육공원로52번길 73 (대저1동),선박 구성 부분품 제조업,051-972-7261
6804,선광팩,부산광역시 강서구 녹산산단361로 42 (송정동),골판지 제조업 외 3종,051-313-0733
6805,선두볼트,"부산광역시 사상구 낙동대로960번길 12 (감전동, 선두볼트)",볼트 및 너트류 제조업 외 2종,051-323-3269
6806,선두환경기술(주)   ,부산광역시 기장군 장안읍 에코산단2로 84,산업용 송풍기 및 배기장치 제조업 외 1종,051-715-9383
6807,선림문화사,부산광역시 사상구 학감대로 234 (감전동),제책업,051-314-2628
6808,선박냉동,부산광역시 강서구 체육공원로 20 (대저1동),선박 구성 부분품 제조업,051-327-3650
6809,선박냉열,부산광역시 영도구 남항서로104번길 5 (남항동2가),선박 구성 부분품 제조업,051-415-3781
6810,선방기계,부산광역시 강서구 공항로1409번길 61-10 (대저1동),기어 및 동력전달장치 제조업 외 4종,051-323-3654
6811,선봉기업,부산광역시 강서구 대저중앙로375번길 45-1 (대저1동),금속 가구 제조업 외 1종,051-973-2106
6812,선양산업,"부산광역시 강서구 녹산산단261로23번길 11,  (송정동, 1573-7) (송정동)",금속탱크 및 저장용기 제조업 외 1종,051-831-9951
6813,선업테크,부산광역시 강서구 체육공원로26번길 58 (대저1동),신발 부분품 제조업 외 1종,미등록
6814,선영목재,부산광역시 강서구 호계로145번길 20-11 (죽동동),목재 도구 및 주방용 나무제품 제조업,미등록
6815,선영수산,부산광역시 사하구 다산로 259 (장림동),기타 수산동물 가공 및 저장 처리업,051-262-7328
6816,선우기업,부산광역시 영도구 절영로102번길 3 (영선동3가),선박 구성 부분품 제조업,051-418-3530
6817,선우산업사,"부산광역시 사상구 모덕로 42 (삼락동, 동광공작소)",그 외 기타 플라스틱 제품 제조업,051-301-5887
6818,선우에이엘에프 ,부산광역시 기장군 장안읍 장안산단2로 7,그 외 자동차용 신품 부품 제조업 외 3종,051-728-7571
6819,선우엔지니어링,"부산광역시 강서구 식만로189번길 41-1, 선우엔지니어링(식만동)",주철관 제조업,051-558-7333
6820,선우엔지니어링,"부산광역시 영도구 남항남로 23-7 (남항동3가, 선우엔지니어링)",선박 구성 부분품 제조업,051-417-6767
6821,선우종합해사(주),부산광역시 영도구 해양로 22 (청학동),선박 구성 부분품 제조업 외 3종,051-417-8900
6822,선우테크,부산광역시 강서구 낙동북로126번길 53 (강동동),절삭가공 및 유사처리업,051-971-0103
6823,선우트레이딩전기(주),부산광역시 영도구 해양로 22 (청학동),배전반 및 전기 자동제어반 제조업 외 3종,051-417-8900
6824,선원상사(주),부산광역시 영도구 대평남로 6-7 (대평동1가),선박 구성 부분품 제조업,051-416-1810
6825,선은종합인쇄,부산광역시 중구 보수대로 128 (보수동2가),기타 인쇄업 외 2종,051-245-4970
6826,선익정밀,부산광역시 강서구 미음국제5로다길 8 (미음동),건설 및 채광용 기계장비 제조업,051-973-8937
6827,선일산업,"부산광역시 강서구 녹산산단382로14번길 55 (송정동, 부산광역시 신발산업진흥센타)",스크린 인쇄업,051-973-0277
6828,선일정공,"부산광역시 사상구 낙동대로1412번길 84 (삼락동, SI테크)",항공기용 부품 제조업 외 3종,051-305-7771
6829,선진B&T,부산광역시 사상구 장인로20번길 71(감전동),그 외 기타 분류 안된 화학제품 제조업 외 1종,051-611-5592
6830,선진ERS,"부산광역시 남구 신선로 365, 종합실습관 114호, 104호 (용당동)",일반용 전기 조명장치 제조업,070-8857-1427
6831,선진금속,"부산광역시 사상구 사상로319번길 48 (덕포동, 선진금속)",수동식 식품 가공기기 및 금속 주방용기 제조업,051-302-3359
6832,선진기계,"부산광역시 사상구 낙동대로1452번길 35 (삼락동, 선진기계)",절삭가공 및 유사처리업,051-303-1891
6833,선진섬유공업사,부산광역시 사하구 신산로29번길 19 (신평동),솜 및 실 염색가공업,051-206-1005
6834,선진이알에스,"부산광역시 강서구 과학산단1로60번길 31, 13동 7층 708호(지사동, 부산테크노파크)",일반용 전기 조명장치 제조업,051-973-7425
6835,선진정밀,부산광역시 사상구 사상로394번길 29 (덕포동),절삭가공 및 유사처리업,051-322-2083
6836,선진조선(주) 1공장,부산광역시 영도구 대평남로51번길 14 (대평동2가) (총 2 필지),강선 건조업 외 5종,051-414-8885
6837,선진조선(주) 2공장,부산광역시 영도구 대평남로 55(대평동2가),강선 건조업 외 3종,051-414-8885
6838,선진테크,부산광역시 사상구 강변대로456번길 16-13 (엄궁동),구름베어링 제조업,051-831-8183
6839,선진테크,부산광역시 강서구 녹산산단261로13번길 53 (송정동),구름베어링 제조업,051-831-8183
6840,선진테크(주),부산광역시 사하구 감천항로405번길 11 (구평동),선박 구성 부분품 제조업 외 5종,051-262-3510
6841,선프라즈마,부산광역시 강서구 녹산산업중로 387 (송정동),그 외 기타 금속가공업,051-715-7470
6842,선후정밀,부산광역시 사상구 낙동대로1338번길 64 (삼락동),기타 가공 공작기계 제조업,051-302-6907
6843,섬진강식품,부산광역시 강서구 덕포길 296 (강동동),"수산동물 훈제, 조리 및 유사 조제식품 제조업",051-971-6908
6844,성강사,"부산광역시 사상구 낙동대로 1332 (삼락동, 성원유리)","탭, 밸브 및 유사장치 제조업",051-301-0790
6845,성강정밀,"부산광역시 사상구 삼덕로 32-1 (덕포동, 성강정밀)",선박 구성 부분품 제조업 외 2종,051-301-1361
6846,성경전기,부산광역시 강서구 대저중앙로375번길 45 (대저1동),가정용 전기 난방기기 제조업,051-301-8818
6847,성경프로펠러,부산광역시 사하구 을숙도대로569번길 33 (신평동),기어 및 동력전달장치 제조업 외 1종,051-266-7900
6848,성광EMP,부산광역시 강서구 녹산산업북로 46 (송정동),배전반 및 전기 자동제어반 제조업,미등록
6849,성광TP(주),부산광역시 사하구 신산로29번길 18 (신평동),솜 및 실 염색가공업 외 2종,051-204-9387
6850,성광기계,부산광역시 강서구 미음국제5로다길 40 (미음동),절삭가공 및 유사처리업,051-322-1038
6851,성광기공,부산광역시 강서구 녹산산단27로 27 (송정동),육상 금속 골조 구조재 제조업 외 1종,051-831-0620
6852,성광기공,부산광역시 강서구 미음산단로377번길 5 (미음동),육상 금속 골조 구조재 제조업 외 1종,051-830-0620
6853,성광볼트,부산광역시 강서구 맥도길 561 (대저2동),볼트 및 너트류 제조업 외 2종,051-941-2507
6854,성광산업,부산광역시 강서구 대저중앙로348번길 17-1 (대저1동),혼성 및 재생 플라스틱 소재 물질 제조업,051-973-7263
6855,성광산업(주),부산광역시 강서구 녹산산단361로 43 (송정동),도장 및 기타 피막처리업,051-831-3550
6856,성광스틸,부산광역시 강서구 미음산단3로 100 (미음동),절삭가공 및 유사처리업,051-796-1967
6857,성광스틸,부산광역시 강서구 생곡산단1로24번길 51 (생곡동),기타 구조용 금속제품 제조업,051-796-1967
6858,성광실리콘,부산광역시 강서구 낙동북로60번길 32-17 (강동동),그 외 기타 고무제품 제조업,051-303-7577
6859,성광엔지니어링,부산광역시 사하구 장평로 122-5 (장림동),"용기 세척, 포장 및 충전기 제조업",051-208-7092
6860,성광의자,부산광역시 사상구 대동로239번길 15-13(학장동),소파 및 기타 내장가구 제조업,미등록
6861,성광이엔지,부산광역시 강서구 공항앞길33번길 94-15(대저2동),산업용 그 외 비경화 고무제품 제조업,미등록
6862,성광인젝션,부산광역시 기장군 정관읍 매학용수로 45,운송장비 조립용 플라스틱제품 제조업 외 2종,051-526-8404
6863,성광정밀,부산광역시 기장군 장안읍 명례산단4로 131,그 외 기타 1차 철강 제조업 외 1종,051-328-6889
6864,성광정판인쇄사,부산광역시 강서구 녹산산단362로 30 (송정동),골판지 상자 및 가공제품 제조업 외 1종,051-261-0027
6865,성광케미칼,부산광역시 사하구 하신중앙로54번길 32 (장림동),계면활성제 제조업,051-264-1344
6866,성광테크,부산광역시 사상구 감전천로 192 (학장동),절삭가공 및 유사처리업,051-327-2468
6867,성남샷타공업사,"부산광역시 사상구 낙동대로1412번길 76 (삼락동, 성남셔터공업사)","금속 문, 창, 셔터 및 관련제품 제조업",051-305-4747
6868,성도산업,"부산광역시 사상구 새벽시장로29번길 16 (감전동, 성도산업)",그 외 기타 전기장비 제조업 외 2종,051-328-4908
6869,성도정밀,부산광역시 강서구 제도로1092번길 23 (강동동),주형 및 금형 제조업,051-303-8414
6870,성동선박공업(주),부산광역시 사하구 구평로 21-5 (구평동),선박 구성 부분품 제조업,051-266-2988
6871,성동연마공업(주),부산광역시 기장군 정관면 산단7로 7-6 (대보목재),연마재 제조업,051-521-3777
6872,성동유압기계,부산광역시 사상구 괘감로 16 (감전동),유압기기 제조업,051-322-2529
6873,성동테크,부산광역시 강서구 공항로1347번길 98-2 (대저1동),주형 및 금형 제조업,051-301-5657
6874,성록 이엔지(ENG),부산광역시 강서구 공항앞길85번길 55-1 (대저2동),절삭가공 및 유사처리업 외 1종,051-973-3724
6875,성림,부산광역시 강서구 낙동남로622번길 51 (녹산동),배전반 및 전기 자동제어반 제조업,051-831-4717
6876,성림목재,부산광역시 기장군 정관면 산단7로 17 (성림목재),일반 제재업,051-727-8913
6877,성림산업,부산광역시 부산진구 연지로 12-1 (연지동),화학섬유직물 직조업 외 1종,051-806-4001
6878,성림에너지(주),부산광역시 강서구 화전산단1로63번길 10 (화전동),핵반응기 및 증기보일러 제조업 외 3종,051-271-4470
6879,성림중전기(주),부산광역시 강서구 생곡동 1584-1,"전기회로 개폐, 보호장치 제조업",051-831-2641
6880,성림중전기(주),부산광역시 강서구 범방2로 61 (범방동),"전기회로 개폐, 보호장치 제조업",051-831-2641
6881,성림탁자,부산광역시 기장군 정관읍 용수공단2길 19-18,주방용 및 음식점용 목재가구 제조업,미등록
6882,성림하이텍,"부산광역시 사상구 학감대로 169-11 (학장동, 영신유압)",항공기용 부품 제조업 외 9종,051-316-5592
6883,성림화학산업,부산광역시 강서구 맥도강변길835번길 42 (대저2동),플라스틱 필름 제조업 외 1종,051-242-3939
6884,성모금형,부산광역시 강서구 제도로1175번길 56-30 (강동동),그 외 기타 금속가공업,051-832-1844
6885,성미테크,부산광역시 강서구 제도로 975-5 (강동동),"전기회로 개폐, 보호장치 제조업 외 2종",051-301-7059
6886,성민스틸 주식회사 ,부산광역시 사상구 낙동대로1016번길 37(감전동),기타 1차 비철금속 제조업,051-323-0081
6887,성민스틸(주),부산광역시 사상구 감전동 511-10,기타 1차 비철금속 제조업,051-323-0081
6888,성보계전 주식회사,부산광역시 강서구 대저로171번길 187 (대저1동),방송장비 제조업 외 7종,051-523-2255
6889,성보기계,"부산광역시 사상구 학감대로237번길 45 (감전동, 성보기계)",그 외 자동차용 신품 부품 제조업 외 3종,051-326-7279
6890,성보전기공업(주),부산광역시 기장군 정관읍 정관로 929-9 (성보전기공업(주)),배전반 및 전기 자동제어반 제조업 외 9종,051-728-9200
6891,성보특수강(주),"부산광역시 사상구 낙동대로916번길 76 (감전동, (주)성보특수강)",그 외 기타 1차 철강 제조업,051-311-3533
6892,성부정밀,부산광역시 사하구 다산로105번길 57 (다대동),그 외 기타 금속가공업 외 4종,051-262-2521
6893,성산정공,부산광역시 강서구 범방2로 48 (범방동),그 외 금속파스너 및 나사제품 제조업,051-262-0680
6894,성수정밀,부산광역시 강서구 대저중앙로348번길 24-11 (대저1동),그 외 자동차용 신품 부품 제조업 외 3종,051-311-0022
6895,성신공업주식회사,"부산광역시 강서구 녹산산단382로14번가길 20, 1층 112호 (송정동, 한국청정도금센터)",도금업,070-7017-6401
6896,성신디펜스솔루션 주식회사,부산광역시 강서구 송정동 녹산산단261로74번길 54,선박 구성 부분품 제조업 외 4종,02-3463-3100
6897,성신스텐(주),부산광역시 기장군 정관면 예림리 335-1번지,기타 1차 비철금속 제조업,미등록
6898,성신엔지니어링,부산광역시 영도구 대평로33번길 17 (대평동1가),선박 구성 부분품 제조업,051-417-4675
6899,성신전기,"부산광역시 영도구 남항서로82번길 61 (남항동2가, 신영선박공장)",선박 구성 부분품 제조업,051-416-4929
6900,성신토탈마린,부산광역시 사하구 감천항로405번길 64 (구평동),선박 구성 부분품 제조업,051-417-3969
6901,성심냉동공업사,부산광역시 영도구 해양로87번길 16 (청학동),선박 구성 부분품 제조업,051-416-0155
6902,성심산업,부산광역시 영도구 남항남로9번길 6 (남항동3가),선박 구성 부분품 제조업,051-414-9701
6903,성심산업,부산광역시 강서구 대저중앙로 204-1 (대저1동),골판지 제조업 외 1종,미등록
6904,성심전기,부산광역시 영도구 해양로 33-34 (청학동),선박 구성 부분품 제조업,051-418-8658
6905,성심테크,부산광역시 강서구 가달2로55번길 20 (생곡동),그 외 기타 금속가공업,051-831-3465
6906,성심테크,부산광역시 강서구 녹산산단77로 42 (송정동),그 외 기타 금속가공업,051-831-3465
6907,성아ENG,"부산광역시 강서구 녹산화전로 23,  C동 6호 (송정동)",배전반 및 전기 자동제어반 제조업,미등록
6908,성아공업사,부산광역시 영도구 산업로 17 (청학동),기타 1차 비철금속 제조업,051-416-4995
6909,성안AP,부산광역시 강서구 녹산산단27로 84 (송정동),도장 및 기타 피막처리업,미등록
6910,성안산업(주),부산광역시 사상구 가야대로48번길 17 (학장동),기체 여과기 제조업 외 2종,051-322-1216
6911,성오정밀,부산광역시 사하구 다대로354번안길 94 (장림동),그 외 기타 플라스틱 제품 제조업 외 1종,051-262-3077
6912,성우,"부산광역시 사상구 낙동대로1356번길 82 (삼락동, 금학사)",수동식 식품 가공기기 및 금속 주방용기 제조업,051-301-4961
6913,성우금속,부산광역시 사하구 다산로 257,도금업,051-317-3254
6914,성우벤드,부산광역시 강서구 유통단지1로132번길 20 (대저2동),자동차용 금속 압형제품 제조업 외 1종,051-972-4933
6915,성우산업,부산광역시 강서구 낙동북로138번길 41 (강동동),그 외 자동차용 신품 부품 제조업 외 4종,미등록
6916,성우산업사,"부산광역시 동래구 수안로8번길 19-7 (수안동, 성우산업)",자동차용 금속 압형제품 제조업 외 3종,051-556-0575
6917,성우전기,"부산광역시 영도구 해양로 33-34 (청학동, 성우전기공장)",선박 구성 부분품 제조업,051-415-6525
6918,성우정밀,"부산광역시 사상구 낙동대로1428번길 9 (삼락동, 세도테크)",기어 및 동력전달장치 제조업 외 15종,051-312-5203
6919,성우정밀,부산광역시 기장군 정관면 산단4로 2-72,그 외 기타 분류 안된 금속 가공 제품 제조업 외 1종,051-526-4243
6920,성운정밀,"부산광역시 사상구 사상로333번길 65 (덕포동, 성운정밀)","탭, 밸브 및 유사장치 제조업",051-305-6450
6921,성웅기술,부산광역시 기장군 장안읍 길천1길 22,기타 무선 통신장비 제조업,051-727-1813
6922,성원고무공업사,부산광역시 강서구 제도로1041번길 236-10 (강동동),그 외 기타 고무제품 제조업,051-971-8611
6923,성원금속,부산광역시 강서구 녹산산업북로313번길 62 (송정동),그 외 기타 금속가공업 외 1종,051-831-0057
6924,성원기전,부산광역시 강서구 낙동남로666번길 19-1 (녹산동),배전반 및 전기 자동제어반 제조업,051-271-1866
6925,성원사,부산광역시 사하구 다산로225번길 27 (장림동),도금업,051-262-1863
6926,성원산업,부산광역시 사상구 학장로169번길 98 (학장동),기타 1차 비철금속 제조업,051-317-0869
6927,성원산전(주),"부산광역시 기장군 기장읍 청강로85번길 35,  토지구획정리사업지구 165블럭 19롯트",금속 표시판 제조업,051-722-3721
6928,성원에스티,부산광역시 강서구 가달2로55번길 38 (생곡동),합성수지 및 기타 플라스틱 물질 제조업,051-831-3556
6929,성원엠텍,부산광역시 강서구 미음산단4로 111 (미음동),주철관 제조업,051-973-7001
6930,성원이앤지,부산광역시 강서구 공항앞길85번길 91-4 (대저2동),철도차량 부품 및 관련 장치물 제조업,051-972-1227
6931,성원인쇄(주),"부산광역시 사상구 낙동대로1420번길 41,  105,105-3호 (삼락동)",기타 인쇄업 외 1종,051-305-3400
6932,성원전기,부산광역시 강서구 공작길 8-28 (강동동),선박 구성 부분품 제조업,051-831-9230
6933,성원전자,부산광역시 금정구 개좌로 71 (금사동),메모리용 전자집적회로 제조업 외 1종,051-524-2629
6934,성원정공,부산광역시 사상구 낙동대로1420번길 72 (삼락동),기타 가공 공작기계 제조업,051-302-4345
6935,성원정공,"부산광역시 사상구 낙동대로1452번길 42 (삼락동, 성원정공)",그 외 자동차용 신품 부품 제조업 외 3종,051-303-9545
6936,성원정밀,"부산광역시 사상구 모덕로67번길 102 (모라동, 성원정밀)",주형 및 금형 제조업,051-301-6035
6937,성원테크,부산광역시 영도구 해양로87번길 13 (청학동),"탭, 밸브 및 유사장치 제조업 외 1종",051-412-8161
6938,성원테크,부산광역시 사하구 장평로 58 (장림동),육상 금속 골조 구조재 제조업 외 1종,051-266-0573
6939,성원텍,부산광역시 강서구 체육공원로6번길 47-11 (대저1동),주형 및 금형 제조업,051-973-1800
6940,성원피팅,부산광역시 강서구 낙동북로138번길 27 (강동동),절삭가공 및 유사처리업,051-644-6618
6941,성원하이텍(주),부산광역시 강서구 신호산단3로87번길 33 (신호동),자동차용 금속 압형제품 제조업 외 3종,051-832-6677
6942,성은전기,부산광역시 영도구 대교로46번길 9 (봉래동1가),선박 구성 부분품 제조업,051-413-9490
6943,성일FA,부산광역시 사상구 괘감로 139 (감전동),배전반 및 전기 자동제어반 제조업,051-311-2002
6944,성일공업사,부산광역시 영도구 대평로28번길 7 (대평동1가),선박 구성 부분품 제조업,051-417-6561
6945,성일금형,부산광역시 사상구 학감대로164번길 28 (학장동),주형 및 금형 제조업,051-325-1581
6946,성일기계,부산광역시 강서구 녹산산단382로14번길 39 (송정동),내연기관 제조업 외 2종,미등록
6947,성일밸브공업(주),부산광역시 사상구 학장로135번길 50 (학장동),"탭, 밸브 및 유사장치 제조업",051-325-8752
6948,성일산업,부산광역시 강서구 녹산산업중로 57 (송정동),금속탱크 및 저장용기 제조업 외 1종,051-831-4127
6949,성일산업,부산광역시 사상구 학장로63번길 24 (학장동),강주물 주조업,051-320-1196
6950,성일어패럴,"부산광역시 남구 문현로 70, 2층 (문현동)",셔츠 및 블라우스 제조업 외 5종,051-638-7839
6951,성일전기,부산광역시 강서구 대저중앙로 360-17 (대저1동),배전반 및 전기 자동제어반 제조업,051-304-2268
6952,성일테크,부산광역시 강서구 공항로393번길 37(대저2동),그 외 기타 특수목적용 기계 제조업,미등록
6953,성재벤딩,부산광역시 강서구 대저로3번길 52-11(대저1동),구조용 금속 판제품 및 공작물 제조업,051-831-4704
6954,성전이엔지,부산광역시 강서구 녹산화전로 38 (송정동),전동기 및 발전기 제조업,051-895-0551
6955,성조기계,부산광역시 강서구 낙동남로533번길 55 (녹산동),유압기기 제조업,051-261-7529
6956,성조기계,부산광역시 사하구 장평로132번길 12 (장림동),절삭가공 및 유사처리업,051-291-7528
6957,성조기계,부산광역시 강서구 화전산단5로14번길 30 (화전동),절삭가공 및 유사처리업 외 1종,051-261-7529
6958,성주금속 주식회사,부산광역시 사하구 다대로354번안길 73 (장림동),기타 비철금속 주조업,051-266-5879
6959,성준문화,"부산광역시 부산진구 신천대로71번길 33,  1층 (범천동)",제판 및 조판업,051-643-5187
6960,성지ENG,부산광역시 강서구 낙동남로605번길 46-25 (녹산동),그 외 기타 특수목적용 기계 제조업 외 1종,051-972-3412
6961,성지금형,부산광역시 강서구 녹산산단262로49번길 56 (송정동),기타 기계.장비 조립용 플라스틱 제품 제조업 외 1종,미등록
6962,성지기업,부산광역시 사상구 낙동대로 1422 (삼락동),육상 금속 골조 구조재 제조업 외 23종,051-305-5252
6963,성지엔지니어링,"부산광역시 사상구 새벽로77번길 32 (학장동, 성지ENG)","용기 세척, 포장 및 충전기 제조업",051-311-2553
6964,성지인터네셔널,부산광역시 사하구 다대로354번안길 100 (장림동),낚시 및 수렵용구 제조업,051-266-4934
6965,성진건드릴,"부산광역시 강서구 녹산산단77로 15, (송정동,1493-9) (송정동)",절삭가공 및 유사처리업,051-832-0340
6966,성진건업,부산광역시 강서구 낙동북로126번길 27 (강동동),플라스틱 창호 제조업,070-8887-4123
6967,성진기계,부산광역시 강서구 과학산단2로42번길 7 (지사동),절삭가공 및 유사처리업,051-831-2958
6968,성진디앤지,부산광역시 강서구 녹산산단382로59번길 21 (송정동),절삭가공 및 유사처리업,051-832-0340
6969,성진브레이카,부산광역시 사상구 모덕로27번길 108 (삼락동),건설 및 채광용 기계장비 제조업,051-304-9410
6970,성진사,"부산광역시 사상구 낙동대로1420번길 41,  105-2호 (삼락동)",기타 인쇄업 외 1종,051-305-6304
6971,성진사,부산광역시 연제구 해맞이로 119 (거제동),셔츠 및 블라우스 제조업 외 1종,051-503-2513
6972,성진산업,"부산광역시 남구 신선로 365,  부경대 산학협력관 511호 (용당동)",끈 및 로프 제조업,051-612-0510
6973,성진산업,부산광역시 기장군 정관읍 산단1로 66-83,"금속 문, 창, 셔터 및 관련제품 제조업",051-508-6750
6974,성진산업,"부산광역시 사상구 사상로469번다길 15 (모라동, 지에스공구)",그 외 기타 일반목적용 기계 제조업 외 1종,051-301-3057
6975,성진산업,부산광역시 강서구 봉죽길482번길 272 (죽동동),그 외 기타 일반목적용 기계 제조업 외 1종,미등록
6976,성진산업사,부산광역시 강서구 가달2로 49 (생곡동),그 외 자동차용 신품 부품 제조업,051-304-1101
6977,성진수산(주)암남동공장,부산광역시 서구 원양로 87 (암남동),"수산동물 훈제, 조리 및 유사 조제식품 제조업 외 1종",051-231-7910
6978,성진스텐,부산광역시 사상구 학장로83번길 51 (학장동),구조용 금속 판제품 및 공작물 제조업,051-326-7545
6979,성진스틸,부산광역시 강서구 낙동남로622번길 9 (녹산동),"탭, 밸브 및 유사장치 제조업",051-941-0542
6980,성진씨엠 주식회사,부산광역시 사하구 하신번영로 8 (신평동),레미콘 제조업,051-203-2114
6981,성진엔지니어링,부산광역시 영도구 남항동3가 29-178,선박 구성 부분품 제조업 외 1종,051-418-2875
6982,성진정공,부산광역시 금정구 개좌로 53 (금사동),육상 금속 골조 구조재 제조업 외 4종,051-526-9343
6983,성진정밀,부산광역시 사하구 신산북로 66 (신평동),유압기기 제조업,051-302-8003
6984,성진정밀,부산광역시 금정구 개좌로 271 (회동동),유압기기 제조업,051-525-2003
6985,성진정밀,"부산광역시 사상구 사상로319번길 12 (덕포동, 성진정밀)","탭, 밸브 및 유사장치 제조업",051-301-0281
6986,성진정밀,"부산광역시 영도구 절영로102번길 8,  1층 (영선동3가)",절삭가공 및 유사처리업,051-416-9885
6987,성진정밀기계,부산광역시 강서구 경전철로 157 (대저2동),산업처리공정 제어장비 제조업,051-324-3008
6988,성진초경,부산광역시 사상구 학감대로178번길 77 (학장동),주형 및 금형 제조업,051-323-0293
6989,성진테크,부산광역시 강서구 과학산단2로19번길 100-54(지사동),절삭가공 및 유사처리업,미등록
6990,성진테크,부산광역시 강서구 낙동북로138번길 20-5 (강동동),주형 및 금형 제조업,070-8834-7239
6991,성진테크,"부산광역시 강서구 녹산산단261로31번길 9, (송정동 1571-4) (송정동)",도금업,051-832-7722
6992,성진테크,부산광역시 사하구 다산로175번길 32 (다대동),금속 절삭기계 제조업,051-328-8351
6993,성진파텍,부산광역시 강서구 생곡산단로 37 (생곡동),그 외 기타 분류 안된 화학제품 제조업 외 1종,051-324-8855
6994,성진프라스틱공업사,"부산광역시 사상구 낙동대로1488번길 38 (삼락동, 성진플라스틱)",그 외 기타 플라스틱 제품 제조업,051-304-6245
6995,성진화이바,부산광역시 사하구 다산로176번길 57 (다대동),표면처리 및 적층 직물 제조업,051-264-0013
6996,성창ENG,부산광역시 강서구 공항로533번길 342-29 (대저2동),그 외 기타 분류 안된 금속 가공 제품 제조업 외 1종,미등록
6997,성창기업(주),부산광역시 사하구 다대로 627 (다대동),"박판, 합판 및 유사 적층판 제조업",051-260-3313
6998,성창마린,부산광역시 영도구 남항남로 16 (남항동3가),선박 구성 부분품 제조업,051-413-8009
6999,성창사,부산광역시 사하구 다산로 230 (장림동),도금업 외 1종,051-314-8831
7000,성창산업,부산광역시 연제구 연수로 61 (연산동),그 외 기타 종이 및 판지 제품 제조업 외 5종,051-862-3144
7001,성창산업(강서),부산광역시 강서구 가락대로1303번길 67-1 (봉림동),골판지 제조업 외 1종,051-203-2321
7002,성창산업사,부산광역시 강서구 녹산산단261로13번길 55 (송정동),어망 및 기타 끈 가공품 제조업 외 1종,051-831-1553
7003,성창이엔지(주)    ,부산광역시 기장군 장안읍 반룡산단1로 10-15,배전반 및 전기 자동제어반 제조업,051-624-0114
7004,성창정밀,부산광역시 사상구 낙동대로1468번길 33-11 (삼락동),볼트 및 너트류 제조업 외 2종,051-303-7864
7005,성하금속,부산광역시 강서구 기러기길 18 (강동동),그 외 기타 분류 안된 금속 가공 제품 제조업 외 1종,051-941-8068
7006,성하기업,부산광역시 강서구 녹산산단382로59번길 45 (송정동),그 외 기타 일반목적용 기계 제조업 외 2종,051-316-3349
7007,성해특수인쇄,"부산광역시 사하구 하신중앙로27번길 17, 1층 105호 (장림동, 에이스밀)",스크린 인쇄업,051-264-6512
7008,성현공조,부산광역시 강서구 공항로1409번길 43-12 (대저1동),구조용 금속 판제품 및 공작물 제조업,051-301-9209
7009,성현라벨,부산광역시 강서구 식만로 13-40 (죽림동),세폭직물 제조업,051-941-1013
7010,성현사,부산광역시 사상구 새벽로91번길 26 (학장동),도장 및 기타 피막처리업,051-315-7871
7011,성현정밀,부산광역시 강서구 미음산단3로 148 (미음동),선박 구성 부분품 제조업 외 2종,051-262-9591
7012,성호산업,부산광역시 강서구 녹산산단382로49번길 46 (송정동),기타 건축용 나무제품 제조업,051-831-1141
7013,성호특수강 (주),"부산광역시 사상구 감전동 154-8 사상구 대동로277, C동",절삭가공 및 유사처리업,051-324-3105
7014,성호특수강 (주),"부산광역시 사상구 감전동 154-4 사상구 대동로277, A동",절삭가공 및 유사처리업,051-324-3105
7015,성호포리켐(주),부산광역시 강서구 녹산산단165로14번길 11-17 (송정동),합성수지 및 기타 플라스틱 물질 제조업,051-831-1141
7016,성화금속열처리,부산광역시 사하구 신산로 151 (신평동),금속 열처리업,051-305-5441
7017,성화금속열처리,부산광역시 사하구 신산북로 70 (신평동),금속 열처리업,051-305-5441
7018,성화금형(주),"부산광역시 사상구 학감대로177번길 50(학장동, 성화금형(주))",주형 및 금형 제조업,051-316-4164
7019,성화뉴매틱(주),"부산광역시 사상구 모라로192번길 9 (모라동, 모라아파트형공장)",기타 가공 공작기계 제조업,051-302-8909
7020,성화산업,부산광역시 사하구 다산로 250 (장림동),도금업,051-264-3000
7021,성화어패럴,"부산광역시 해운대구 재송1로32번길 27, 2층, 3층 (재송동)",남자용 겉옷 제조업 외 4종,051-783-7700
7022,성화조명,"부산광역시 서구 보수대로 210, 4층 (동대신동3가)",전구 및 램프 제조업,051-246-8469
7023,성화테크,부산광역시 사하구 하신중앙로17번길 10 (장림동),그 외 기타 플라스틱 제품 제조업,051-205-0556
7024,성화퓨렌텍(주),부산광역시 기장군 정관읍 정관상곡2길 25-31,전기경보 및 신호장치 제조업,051-747-9540
7025,성환패키지,부산광역시 사상구 새벽로194번길 74 (감전동),합성수지 및 기타 플라스틱 물질 제조업,051-791-2033
7026,성흠테크,부산광역시 강서구 미음산단3로 130(미음동),그 외 기타 금속가공업,051-971-0225
7027,성흠테크,부산광역시 강서구 미음산단3로 137 (미음동),그 외 기타 금속가공업,미등록
7028,세강,부산광역시 강서구 생곡산단2로11번길 9 (생곡동),그 외 기타 1차 철강 제조업,051-973-4139
7029,세강금속,부산광역시 사상구 사상로349번길 63 (덕포동),강주물 주조업,051-301-3399
7030,세강테크,부산광역시 강서구 공항로743번길 48-47 (대저2동),절삭가공 및 유사처리업,051-941-8863
7031,세경기계,부산광역시 강서구 평강로345번길 105-1 (대저1동),기체 펌프 및 압축기 제조업 외 1종,051-971-6283
7032,세경상사,"부산광역시 연제구 과정로344번길 53, 2층 (연산동)",부직포 및 펠트 제조업 외 1종,051-861-5984
7033,세경어패럴,부산광역시 사하구 하신중앙로17번길 24 (장림동),셔츠 및 블라우스 제조업 외 1종,051-261-8320
7034,세계금속,"부산광역시 사상구 사상로394번길 22, C동 (덕포동)",도장 및 기타 피막처리업,051-892-3257
7035,세계사,부산광역시 사상구 대동로269번길 59 (감전동),신발 부분품 제조업,051-324-6660
7036,세계특수강(주),"부산광역시 사상구 새벽로17번길 21 (학장동, 세계특수강(주))",그 외 기타 1차 철강 제조업,051-311-1943
7037,세고엔텍,부산광역시 강서구 녹산산단262로59번길 11 (송정동),액체 펌프 제조업 외 11종,051-305-0932
7038,세광유압시스템,"부산광역시 사상구 낙동대로970번길 47 (감전동, 세공유압)",유압기기 제조업,051-316-0566
7039,세광테크,부산광역시 강서구 대저중앙로 376 (대저1동),자동차용 신품 의자 제조업 외 2종,미등록
7040,세기산전,부산광역시 강서구 미음국제5로나길 20 (미음동),전동기 및 발전기 제조업 외 1종,051-941-5481
7041,세기어닝시스템,부산광역시 금정구 공단로50번길 11 (금사동),"천막, 텐트 및 유사 제품 제조업 외 1종",051-545-0593
7042,세기유압상사,"부산광역시 영도구 영선대로37번길 4,  (일부) (영선동4가)",유압기기 제조업,051-412-2536
7043,세기전기공업(주),부산광역시 강서구 설만길 105 (대저2동),배전반 및 전기 자동제어반 제조업,051-831-8660
7044,세대산업,부산광역시 사하구 장평로132번길 16-7 (장림동),,051-261-2431
7045,세동상사,부산광역시 서구 충무대로 174 (남부민동),수산동물 냉동품 제조업,051-253-8831
7046,세린테크,부산광역시 강서구 공항로339번길 228-3 (대저2동),그 외 기타 플라스틱 제품 제조업,051-261-0747
7047,세림문화사,"부산광역시 부산진구 신천대로78번길 58,  1F (부전동)",기타 인쇄업 외 1종,051-804-9256
7048,세림씨앤엠,부산광역시 강서구 생곡동 1527-2,건설 및 채광용 기계장비 제조업,051-621-9997
7049,세림휀스,부산광역시 강서구 경전철로 396 (대저1동),그 외 기타 금속가공업,051-327-6210
7050,세명ENG,부산광역시 사하구 장평로83번길 19 (장림동),그 외 자동차용 신품 부품 제조업 외 10종,051-261-6385
7051,세명금속,부산광역시 강서구 미음국제5로라길 24 (미음동),그 외 금속 압형제품 제조업,미등록
7052,세명미디어,"부산광역시 남구 고동골로4번길 7-7,  지하1층 (문현동)",방송장비 제조업 외 2종,051-254-9554
7053,세명사,"부산광역시 사상구 학장로236번길 15 (학장동, 세명사)",기타 신발 제조업 외 1종,051-325-5321
7054,세명엔지니어링,부산광역시 사하구 장평로132번길 10 (장림동),산업용 냉장 및 냉동 장비 제조업,051-263-5052
7055,세명전기공업(주),"부산광역시 사상구 대동로 188(학장동, 세명전기공업(주))",일반철물 제조업 외 4종,051-316-6887
7056,세명전기공업(주),부산광역시 강서구 미음산단5로42번길 10 (미음동),그 외 기타 분류 안된 금속 가공 제품 제조업,051-316-6887
7057,세명전기공업사,부산광역시 영도구 남항서로104번길 8 (남항동2가),배전반 및 전기 자동제어반 제조업,051-417-9488
7058,세명정공,부산광역시 기장군 철마면 두송길 47 (세명정공) (총 2 필지),주형 및 금형 제조업,051-508-7020
7059,세미콜론식스,"부산광역시 남구 우암로362번길 16(문현동, (주)은하이엔지)",자수제품 및 자수용재료 제조업,070-8887-7899
7060,세민ENC,"부산광역시 북구 팽나무로 50, 1층 (구포동)","전기회로 개폐, 보호장치 제조업",051-513-3341
7061,세방이엔지 주식회사,부산광역시 강서구 대저중앙로394번길 22-2(대저1동),기타 전기 변환장치 제조업 외 1종,051-343-9545
7062,세방테크노,"부산광역시 금정구 개좌로 62 (금사동, 국일반점)",그 외 기타 일반목적용 기계 제조업 외 1종,051-523-2466
7063,세본ENG,"부산광역시 사상구 사상로46번길 8 (주례동, 세본정밀)",그 외 기타 특수목적용 기계 제조업,051-315-1363
7064,세승ENG,부산광역시 기장군 장안읍 장안산단로 139,내연기관 화물자동차 및 특수목적용 자동차 제조업 외 1종,051-727-0329
7065,세신교역,부산광역시 강서구 녹산동 863번지,"산업용 오븐, 노 및 노용 버너 제조업 외 1종",051-202-1151
7066,세신인더스트리(주),부산광역시 사하구 다산로225번길 20 (장림동),도금업,051-265-2924
7067,세아기계,부산광역시 강서구 낙동남로682번길 22-17 (녹산동),기어 및 동력전달장치 제조업,051-973-5426
7068,세아엔지니어링,부산광역시 사하구 다산로 164 (다대동),"탭, 밸브 및 유사장치 제조업",051-972-8502
7069,세양,"부산광역시 사상구 낙동대로1420번길 41,  204호, 205호, 519호 (삼락동)",제판 및 조판업,051-304-5852
7070,세양ENG,부산광역시 강서구 낙동남로583번길 62-1 (녹산동),볼트 및 너트류 제조업 외 2종,미등록
7071,세양ENG,부산광역시 강서구 낙동북로73번길 8 (강동동),그 외 기타 일반목적용 기계 제조업,051-710-0165
7072,세양수산 주식회사,부산광역시 사하구 장평로 43 (장림동),기타 수산동물 가공 및 저장 처리업,051-264-2437
7073,세양실업(주),부산광역시 영도구 남항남로9번길 29 (남항동3가),도장 및 기타 피막처리업,051-418-6990
7074,세양조구사,부산광역시 기장군 정관읍 예림1로 75-22,낚시 및 수렵용구 제조업,미등록
7075,세양종합상사,부산광역시 영도구 대평로33번길 18 (대평동2가),선박 구성 부분품 제조업,051-417-8804
7076,세양테크,부산광역시 사하구 다산로175번길 19 (다대동),"탭, 밸브 및 유사장치 제조업",051-322-9988
7077,세양하이테크,부산광역시 강서구 녹산산단77로 46 (송정동),배전반 및 전기 자동제어반 제조업,051-831-9125
7078,세연기공,"부산광역시 강서구 녹산산단289로 57,  (송정동, 1585-6) (송정동)",컨베이어장치 제조업 외 2종,051-264-4321
7079,세연테크,부산광역시 강서구 낙동북로31번길 41(강동동),금속 스프링 제조업,미등록
7080,세연테크,부산광역시 영도구 해양로 24-7 (청학동),선박 구성 부분품 제조업,051-417-7253
7081,세영공업사,부산광역시 강서구 미음국제5로 103 (미음동) 세영공업,그 외 자동차용 신품 부품 제조업,051-941-3888
7082,세영글로벌주식회사,부산광역시 강서구 녹산산업대로 95-15 (송정동),합성섬유 제조업,051-710-1925
7083,세영산업,부산광역시 사상구 감전천로 57 (감전동),금속탱크 및 저장용기 제조업 외 1종,051-328-0051
7084,세영선박공업(주),부산광역시 영도구 해양로117번길 20 (청학동),선박 구성 부분품 제조업,051-418-4541
7085,세영섬유,부산광역시 금정구 개좌로 165 (회동동),그 외 기타 봉제의복 제조업,미등록
7086,세영유화,부산광역시 사상구 장인로37번길 81(감전동),계면활성제 제조업,051-325-4055
7087,세영유화,"부산광역시 사상구 장인로37번길 115-12 (감전동, 동아소재)","염료, 조제 무기안료, 유연제 및 기타 착색제 제조업 외 1종",051-312-2396
7088,세영전기,부산광역시 사하구 장평로 64 (장림동),선박 구성 부분품 제조업,051-264-7840
7089,세영켐텍,부산광역시 강서구 제도로 803 (강동동),고무패킹류 제조업 외 1종,055-337-1091
7090,세영테크,부산광역시 강서구 미음국제7로 69(미음동),그 외 기타 특수목적용 기계 제조업,미등록
7091,세영화학,부산광역시 사하구 다산로225번길 38 (장림동),도금업,051-263-1992
7092,세오케미칼,부산광역시 사상구 감전천로 215(감전동),화학 살균.살충제 및 농업용 약제 제조업,051-301-2900
7093,세운금속,부산광역시 사하구 다산로225번길 31 (장림동),도금업,051-262-6619
7094,세운산업,"부산광역시 사상구 낙동대로1310번길 16 (삼락동, SEWOON)",기타 식품 첨가물 제조업 외 1종,051-304-2959
7095,세운선재(주),부산광역시 기장군 정관면 산단3로 43,그 외 자동차용 신품 부품 제조업 외 4종,051-728-0918
7096,세운선재(주)   ,부산광역시 기장군 장안읍 장안산단로 31,분사기 및 소화기 제조업 외 4종,051-728-0918
7097,세운철강(주)부산공장,"부산광역시 강서구 유통단지1로 112(대저2동, 세운철강(주))",자동차 차체용 신품 부품 제조업 외 3종,051-637-3200
7098,세웅기업사,부산광역시 강서구 녹산산단361로 8 (송정동),기타 종이 상자 및 용기 제조업,051-831-6877
7099,세웅테크,부산광역시 강서구 체육공원로52번길 86 (대저1동),선박 구성 부분품 제조업,051-302-0680
7100,"세원, 아이비",부산광역시 영도구 절영로 133 (영선동4가),"근무복, 작업복 및 유사의복 제조업 외 2종",051-413-4500
7101,세원공업,부산광역시 강서구 죽동길196번길 182-27 (죽동동),그 외 자동차용 신품 부품 제조업 외 3종,051-973-1949
7102,세원목재,부산광역시 강서구 낙동북로 146 (강동동),일반 제재업,미등록
7103,세원목재,부산광역시 사상구 사상로367번길 17 (덕포동),일반 제재업,051-304-0388
7104,세원바란싱,부산광역시 사상구 낙동대로901번길 23 (감전동),"기타 측정, 시험, 항해, 제어 및 정밀기기 제조업 외 1종",051-327-1780
7105,세원브이앤이,부산광역시 사상구 모덕로67번길 102(모라동),"탭, 밸브 및 유사장치 제조업",051-328-5575
7106,세원브이앤이 ,부산광역시 사상구 대동로 199-9 (학장동),"탭, 밸브 및 유사장치 제조업",051-328-5575
7107,세원산업기계,부산광역시 사상구 낙동대로 799-8 (엄궁동),무기 및 총포탄 제조업 외 19종,051-315-8700
7108,세원상사,부산광역시 동래구 안락로 59-1 (안락동),침구 및 관련제품 제조업 외 3종,051-529-1313
7109,세원양행,부산광역시 강서구 가락대로373번가길 3 (송정동),그 외 기타 의료용 기기 제조업,051-264-0668
7110,세원엔지니어링,부산광역시 사상구 낙동대로 865 (감전동),그 외 기타 분류 안된 금속 가공 제품 제조업 외 1종,051-312-0757
7111,세원유공압,부산광역시 강서구 호계로 30-1 (죽림동),선박 구성 부분품 제조업,051-317-4412
7112,세원정밀,부산광역시 강서구 신포길 127-13 (명지동),설치용 및 위생용 플라스틱제품 제조업,미등록
7113,세원중공업,부산광역시 강서구 미음산단로 307 (미음동),선박 구성 부분품 제조업,051-317-4412
7114,세원테크,"부산광역시 사상구 가야대로 217(주례동, 세원테크)",강관 가공품 및 관 연결구류 제조업,미등록
7115,세원테크,부산광역시 강서구 상덕로97번나길 8 (강동동),절삭가공 및 유사처리업,미등록
7116,세유플랜지,부산광역시 강서구 녹산산단381로 74 (송정동),강관 제조업,051-831-7516
7117,세인일렉트롤,부산광역시 강서구 범방2로 17 (범방동),전기회로 접속장치 제조업,051-971-7963
7118,세인일렉트롤,부산광역시 강서구 세산길 311-16 (미음동),배전반 및 전기 자동제어반 제조업,051-941-7937
7119,세인전기,부산광역시 영도구 대평로45번길 7 (대평동2가),선박 구성 부분품 제조업,미등록
7120,세인전기,"부산광역시 강서구 녹산산업중로 113, 2동 A호(송정동)",배전반 및 전기 자동제어반 제조업,051-971-7121
7121,세인테크,부산광역시 강서구 녹산산업북로313번길 24(송정동),금속 절삭기계 제조업,054-286-3788
7122,세인트,"부산광역시 부산진구 서전로58번길 114, 지하1층 (전포동)","근무복, 작업복 및 유사의복 제조업 외 2종",051-808-2040
7123,세일가구산업,"부산광역시 사상구 가야대로195번길 34 (주례동, 세일기구산업)",기타 목재가구 제조업,051-328-4512
7124,세일사,부산광역시 사상구 학감대로133번길 13 (학장동),스크린 인쇄업,051-313-7771
7125,세일스텐레스공업사,부산광역시 강서구 체육공원로52번길 86-2 (대저1동),수동식 식품 가공기기 및 금속 주방용기 제조업,051-301-5959
7126,세일통상(주),부산광역시 해운대구 재반로64번길 21 (재송동),셔츠 및 블라우스 제조업 외 3종,051-623-0853
7127,세일통영주식회사,"부산광역시 금정구 반송로 476-15 (금사동, 세일(주))",기타 신발 제조업,051-521-5192
7128,세정ENG,부산광역시 영도구 남항서로 112 (남항동1가),선박 구성 부분품 제조업,051-415-0591
7129,세정기공,"부산광역시 사상구 낙동대로 809-11 (엄궁동, 세정기공)",절삭가공 및 유사처리업,미등록
7130,세정산업,부산광역시 사상구 낙동대로1384번길 34 (삼락동),기관차 및 기타 철도차량 제조업 외 9종,051-302-1432
7131,세정산업,부산광역시 사상구 낙동대로1002번길 68 (감전동),"도금, 착색 및 기타 표면처리강재 제조업",051-325-5325
7132,세정식품,부산광역시 사하구 다대로1066번길 32 (장림동),"수산동물 훈제, 조리 및 유사 조제식품 제조업",051-263-7421
7133,세종LED연구소,"부산광역시 해운대구 재송1로46번길 47, 2층 (재송동)",일반용 전기 조명장치 제조업,051-783-0560
7134,세종그린팩,부산광역시 강서구 낙동북로126번길 16-39(강동동),"플라스틱 포대, 봉투 및 유사제품 제조업",미등록
7135,세종그린팩,부산광역시 강서구 낙동북로126번길 16-37 (강동동),"플라스틱 포대, 봉투 및 유사제품 제조업",미등록
7136,세종그린팩,부산광역시 강서구 낙동북로102번길 57-1 (강동동),"플라스틱 포대, 봉투 및 유사제품 제조업",051-941-0456
7137,세종금속,부산광역시 금정구 체육공원로 150 (구서동),기타 1차 비철금속 제조업 외 1종,051-518-6945
7138,세종마린,부산광역시 강서구 죽림동 24-2번지,선박 구성 부분품 제조업,미등록
7139,세종문화사,부산광역시 중구 흑교로71번길 12 (보수동2가),경 인쇄업 외 3종,051-463-5898
7140,세종어패럴,부산광역시 동구 망양로 691-4 (수정동),그 외 기타 봉제의복 제조업,051-468-1213
7141,세종테크,부산광역시 강서구 대저중앙로237번길 15-25 (대저1동),디지털 적층 성형기계 제조업 외 1종,051-987-1392
7142,세주산업사,"부산광역시 사상구 낙동대로1396번길 33 (삼락동, 세주산업사)",선박 구성 부분품 제조업 외 1종,051-302-5444
7143,세진,부산광역시 강서구 식만로 35 (죽림동),안전유리 제조업 외 1종,051-972-6162
7144,세진,부산광역시 강서구 식만로 33 (죽림동),안전유리 제조업 외 7종,051-972-6162
7145,세진공업,부산광역시 강서구 낙동남로666번길 9-1 (녹산동),선박 구성 부분품 제조업,051-972-4755
7146,세진기계,부산광역시 사상구 광장로20번길 58-26 (괘법동),기어 및 동력전달장치 제조업 외 1종,051-323-2389
7147,세진기공,"부산광역시 사상구 사상로319번길 54 (덕포동, 세진기공)",주형 및 금형 제조업,051-303-9111
7148,세진기업,부산광역시 사하구 구평로16번길 71 (구평동),선박 구성 부분품 제조업,051-264-1396
7149,세진기업,부산광역시 강서구 낙동북로73번가길 82-1 (강동동),"천막, 텐트 및 유사 제품 제조업 외 1종",미등록
7150,세진밸브공업(주),부산광역시 강서구 화전산단2로133번길 16(화전동),"탭, 밸브 및 유사장치 제조업 외 2종",051-831-7747
7151,세진볼트공업,부산광역시 강서구 미음국제5로가길 14 (미음동),볼트 및 너트류 제조업 외 1종,051-941-9835
7152,세진산업,부산광역시 강서구 미음국제5로라길 15 (미음동),산업용 송풍기 및 배기장치 제조업,미등록
7153,세진이앤지(주),부산광역시 기장군 장안읍 명례산단4로 65-9,그 외 기타 1차 철강 제조업,051-722-5011
7154,세진전기상사,부산광역시 영도구 대평로 31 (대평동1가),배전반 및 전기 자동제어반 제조업,051-415-5285
7155,세진정밀,부산광역시 사하구 장평로 261 (신평동),자동차용 금속 압형제품 제조업 외 2종,051-266-8391
7156,세진철망,"부산광역시 사상구 학감대로 247 (감전동, 와이메쉬)",금속선 가공제품 제조업,051-315-7008
7157,세진케미칼(SEJIN CHEMICAL),부산광역시 강서구 맥도강변길 598-16 (대저2동),운송장비 조립용 플라스틱제품 제조업 외 1종,051-971-5668
7158,세진콘베어시스템,부산광역시 강서구 식만로93번길 25 (죽림동),컨베이어장치 제조업 외 1종,미등록
7159,세진테크,부산광역시 사상구 낙동대로916번길 69 (감전동),그 외 자동차용 신품 부품 제조업 외 3종,051-312-5656
7160,세진테크,부산광역시 기장군 정관읍 정관로 923-95,자동차 엔진용 신품 부품 제조업 외 1종,051-727-0944
7161,세진테크,부산광역시 사상구 대동로179번길 26 (학장동),선박 구성 부분품 제조업 외 2종,051-328-0390
7162,세진플류솔루션(주),부산광역시 강서구 녹산산단27로 24 (송정동),"탭, 밸브 및 유사장치 제조업",051-832-6652
7163,세창E.N.G,부산광역시 강서구 낙동남로622번길 72-1 (녹산동),자동차용 금속 압형제품 제조업 외 1종,051-271-3479
7164,세창기업사,부산광역시 사상구 새벽로45번길 70-7(학장동),주형 및 금형 제조업 외 1종,051-322-9775
7165,세창산업,"부산광역시 부산진구 당감로 118, 112동 115호(부암동, 협성피닉스타운)",기타 직물제품 제조업,미등록
7166,세창수출포장,부산광역시 강서구 호계로 39 (죽림동),"목재 포장용 상자, 드럼 및 유사용기 제조업",051-971-5418
7167,세창아이앤디,부산광역시 강서구 화전산단5로74번길 39 (화전동),주형 및 금형 제조업,051-302-0993
7168,세창와이어,부산광역시 강서구 녹산산단261로 54 (송정동),금속선 가공제품 제조업,051-544-5577
7169,세창정밀,부산광역시 강서구 유통단지1로132번길 28 (대저2동),기어 및 동력전달장치 제조업,051-973-0794
7170,세창정밀,"부산광역시 영도구 남항서로92번길 14,  1층,2층(건축물일부) (남항동2가)",기어 및 동력전달장치 제조업,051-412-2507
7171,세한공업사,부산광역시 강서구 낙동북로138번길 42 (강동동),주형 및 금형 제조업,051-971-6963
7172,세한스틸 주식회사,부산광역시 강서구 미음산단로 426 (미음동) 세한스틸(주),그 외 기타 1차 철강 제조업,051-315-7800
7173,세한테크,부산광역시 강서구 녹산산업중로 66 (송정동),그 외 기타 일반목적용 기계 제조업 외 1종,051-714-6430
7174,세한특수파이프,부산광역시 사하구 다산로175번길 38 (다대동),냉간 압연 및 압출 제품 제조업,051-266-6245
7175,세한포장공업사,"부산광역시 금정구 개좌로 207-1 (회동동, 새한포장공업사)",골판지 제조업 외 1종,051-528-5001
7176,세현,부산광역시 사하구 홍티로 128 (다대동),컨베이어장치 제조업 외 1종,051-262-0569
7177,세화골게이트팩(주),부산광역시 강서구 녹산산단362로 26 (송정동),골판지 제조업 외 1종,051-831-0043
7178,세화골게이트팩(주),부산광역시 강서구 녹산산단381로 25 (송정동),골판지 제조업 외 3종,051-831-0043
7179,세화골게이트팩(주),부산광역시 강서구 녹산산단362로 36(송정동),골판지 제조업 외 2종,051-831-0043
7180,세화골게이트팩(주),부산광역시 강서구 녹산산단381로 8 (송정동),골판지 제조업 외 1종,051-831-0043
7181,세화골게이트팩(주),부산광역시 강서구 녹산산단407로 7 (송정동),골판지 제조업 외 1종,051-831-0043
7182,세화골게이트팩(주),부산광역시 강서구 녹산산단362로 23 (송정동),골판지 제조업 외 1종,051-831-0043
7183,세화기업,부산광역시 영도구 남항서로70번길 48 (남항동3가),선박 구성 부분품 제조업,051-417-2315
7184,세화산업,부산광역시 강서구 녹산산단382로 9(송정동),"직물, 편조원단 및 의복류 염색 가공업",051-831-4587
7185,세화산업기계,부산광역시 사하구 하신중앙로3번길 67-1 (장림동),육상 금속 골조 구조재 제조업 외 4종,051-728-7018
7186,세화씨푸드(주),부산광역시 금정구 회천로26번길 31 (회동동),수산식물 가공 및 저장 처리업,051-527-3871
7187,세화씨푸드(주) 제2공장,부산광역시 금정구 회천로26번길 33 (회동동),수산식물 가공 및 저장 처리업,051-527-3871
7188,세화인팩(주),부산광역시 강서구 녹산산단362로 36(송정동),골판지 상자 및 가공제품 제조업 외 1종,051-831-0045
7189,세화인팩(주),부산광역시 강서구 녹산산단381로 8 (송정동),골판지 상자 및 가공제품 제조업 외 2종,070-5097-2228
7190,세화판넬(주),부산광역시 사상구 가야대로 109 (감전동),구조용 금속 판제품 및 공작물 제조업 외 1종,051-301-1886
7191,센텀스톤,부산광역시 기장군 일광면 화전2길 86-101,주방용 및 음식점용 목재가구 제조업,미등록
7192,셀락코리아,부산광역시 금정구 반송로 446-1 (금사동),일반용 도료 및 관련제품 제조업 외 6종,051-531-9577
7193,소나테크(주),부산광역시 남구 황령대로353번길 9-37 (대연동),"레이더, 항행용 무선기기 및 측량기구 제조업 외 6종",051-403-7797
7194,소나테크(주)  ,"부산광역시 금정구 개좌로 263, B동 2층 201호 (회동동, 비젼테크)","레이더, 항행용 무선기기 및 측량기구 제조업 외 5종",070-4285-4948
7195,소담정식품,부산광역시 강서구 상덕로97번길 167 (강동동),그 외 기타 식료품 제조업,051-972-1991
7196,소예플라스틱,"부산광역시 사상구 삼락천로 138 (덕포동, 소예산업)",플라스틱 접착처리 제품 제조업 외 1종,051-303-2311
7197,소울시스템,부산광역시 남구 수영로 67 (문현동),커튼 및 유사제품 제조업,051-647-0255
7198,소울테크,부산광역시 사하구 을숙도대로569번길 33 (신평동),배전반 및 전기 자동제어반 제조업 외 5종,051-271-8771
7199,소인상사,부산광역시 사하구 다대로297번길 20 (장림동),그 외 기타 달리 분류되지 않은 제품 제조업 외 1종,051-261-6410
7200,소정,부산광역시 사상구 모덕로95번길 50-10 (모라동),모조 귀금속 및 모조 장신용품 제조업,미등록
7201,손길,"부산광역시 기장군 장안읍 판곡길 40, 손길",위생용 종이제품 제조업,051-723-2428
7202,솔솔루션,부산광역시 강서구 미음산단2로 21 (구랑동),기기용 자동측정 및 제어장치 제조업 외 2종,051-264-9447
7203,솔텍(주),"부산광역시 영도구 해양로65번길 26-17, 3호(청학동) (청학동)",선박 구성 부분품 제조업,051-253-0355
7204,송가수산 주식회사,"부산광역시 서구 원양로 1, B동 4층 401 (암남동, 수산가공선진화단지)",수산동물 건조 및 염장품 제조업,051-243-3694
7205,송강에프앤비 (F&B),부산광역시 영도구 남항남로 23-9 (남항동3가),그 외 기타 식료품 제조업,051-412-0554
7206,송백섬유,부산광역시 부산진구 신암로83번길 37 (범천동),날염 가공업,051-637-4292
7207,송산기업,부산광역시 영도구 대평로41번길 6(대평동2가),선박 구성 부분품 제조업,051-416-8272
7208,송암산업,부산광역시 강서구 녹산산단262로13번길 40 (송정동),도장 및 기타 피막처리업,051-831-3710
7209,송우기계기술,부산광역시 강서구 공항로1409번길 61-6 (대저1동),주형 및 금형 제조업,051-305-5004
7210,송우산업,부산광역시 강서구 대저중앙로357번길 60 (대저1동),그 외 기타 플라스틱 제품 제조업,051-303-3822
7211,송원밴드,부산광역시 강서구 녹산산단382로49번길 10 (송정동),강관 제조업 외 1종,051-989-0051
7212,송원에프앤씨,부산광역시 사하구 다대로605번길 9 (다대동),기타 수산동물 가공 및 저장 처리업 외 1종,070-5222-5935
7213,송원정밀,부산광역시 강서구 가달2로 60 (생곡동),그 외 자동차용 신품 부품 제조업,051-303-9681
7214,송월(주)신평공장지점,부산광역시 사하구 신산로13번길 12 (신평동),"직물, 편조원단 및 의복류 염색 가공업",051-207-6702
7215,송정사,부산광역시 강서구 녹산산업중로 66 (송정동),주형 및 금형 제조업,051-831-1084
7216,수 바이오(주),"부산광역시 북구 만덕3로16번길 1, 106호 (만덕동, 부산이노비즈센터)",건강보조용 액화식품 제조업 외 2종,051-343-0906
7217,수광조경개발,부산광역시 강서구 봉죽길482번길 290-1 (죽동동),"체조, 육상 및 체력단련용 장비 제조업 외 1종",051-638-0401
7218,수담,"부산광역시 연제구 월드컵대로58번길 27, B1(연산동)","근무복, 작업복 및 유사의복 제조업 외 22종",070-4910-3335
7219,수림산업,부산광역시 사하구 두송로 237 (구평동),선박 구성 부분품 제조업,055-647-0155
7220,수림스틸,"부산광역시 강서구 미음국제5로다길 26, 수림스틸 (미음동)",금속선 가공제품 제조업,051-831-1921
7221,수민실업,부산광역시 강서구 미음산단3로 70 (미음동),금속선 가공제품 제조업,051-328-0881
7222,수범단조금형,부산광역시 사하구 장림로 100 (장림동),주형 및 금형 제조업,051-941-7274
7223,수범단조금형,부산광역시 강서구 과학산단로333번길 77-30 (지사동),주형 및 금형 제조업,051-941-7275
7224,수산기계,부산광역시 강서구 낙동남로1013번길 19 (명지동),음ㆍ식료품 및 담배 가공기계 제조업,051-973-3745
7225,수성명판사,"부산광역시 사상구 낙동대로1420번길 41,  104호 (삼락동)",기타 인쇄업 외 1종,051-305-4213
7226,수성산업기계,"부산광역시 사상구 사상로341번길 55 (덕포동, (주)포인트)",그 외 기타 일반목적용 기계 제조업 외 1종,051-328-0108
7227,수성엠앤디,부산광역시 사상구 낙동대로1390번길 26 (삼락동),자동차 차체용 신품 부품 제조업 외 34종,051-305-1755
7228,수성운반기계주식회사,부산광역시 강서구 낙동북로 112-1(강동동),기타 물품 취급장비 제조업,051-266-5171
7229,수성전기공업사,부산광역시 영도구 대평로 43  (대평동2가),선박 구성 부분품 제조업,051-417-8929
7230,수정공업사,"부산광역시 사상구 학장로 247 (학장동, 수정닛불공업)",볼트 및 너트류 제조업 외 2종,051-317-7730
7231,수정마린서비스,부산광역시 영도구 해양로195번나길 24(동삼동),선박 구성 부분품 제조업,051-414-3454
7232,수정전자,부산광역시 기장군 정관읍 산단5로 76-38,경성 인쇄회로기판 제조업 외 1종,미등록
7233,수정초경,부산광역시 강서구 공항로1347번길 88-7 (대저1동),톱 및 호환성 공구 제조업,051-973-3953
7234,수중모터 주식회사,부산광역시 금정구 동대로 20 (회동동),배전반 및 전기 자동제어반 제조업,051-531-1985
7235,수지테크,부산광역시 강서구 대저중앙로347번길 34 (대저1동),그 외 기타 달리 분류되지 않은 제품 제조업 외 1종,051-973-7536
7236,수진건드릴,부산광역시 강서구 상덕로97번길 9 (강동동),그 외 기타 일반목적용 기계 제조업 외 1종,051-302-1060
7237,수진산업,부산광역시 강서구 범방2로 62 (범방동),합성수지선 건조업,051-915-5345
7238,수협중앙회 감천항물류센타,부산광역시 서구 원양로 119 (암남동),기타 수산동물 가공 및 저장 처리업,051-791-5402
7239,숲속버티칼,부산광역시 동래구 충렬대로 506 (안락동),커튼 및 유사제품 제조업,051-529-0333
7240,쉐르파코리아,부산광역시 사하구 하신번영로 438-1(하단동),치과용 기기 제조업,051-206-2823
7241,쉘바튼테크,부산광역시 강서구 대저중앙로348번길 35 (대저1동),그 외 기타 전기장비 제조업,051-264-4441
7242,슐츠코리아(유),부산광역시 강서구 화전산단5로74번길 39 (화전동),강관 제조업 외 1종,051-971-2013
7243,스마일에프앤디(주),부산광역시 기장군 장안읍 반룡산단2로 27,건강기능식품 제조업 외 2종,070-4877-0031
7244,스마텍,"부산광역시 강서구 화전산단6로 71,  109호 (화전동)",그 외 기타 전기장비 제조업,051-980-0452
7245,스마트산업,부산광역시 강서구 미음국제5로라길 34 (미음동),유압기기 제조업,051-972-6163
7246,스마트시스템(주),"부산광역시 해운대구 재송1로31번길 49, 2층(재송동, 금강빌딩)",그 외 기타 전기장비 제조업 외 1종,051-784-8120
7247,스마트엔지니어링 주식회사,부산광역시 강서구 공항앞길85번길 127 (대저2동),그 외 기타 금속가공업,051-305-0280
7248,스베드럽스틸코리아 유한회사,부산광역시 강서구 낙동남로533번길 63 (녹산동),절삭가공 및 유사처리업,051-715-6995
7249,스왈록아시아(주),부산광역시 사상구 낙동대로 1514 (삼락동),그 외 기타 분류 안된 섬유제품 제조업,051-303-3180
7250,스카이욕실,부산광역시 강서구 평강로 227-23 (대저1동),그 외 기타 가구 제조업,051-941-9441
7251,스카텍이엔지(주),"부산광역시 남구 신선로 2, 1동 3층 305호  (우암동)",그 외 기타 전기장비 제조업 외 3종,051-625-0321
7252,스콜피온 독 베이스볼,"부산광역시 사하구 장평로195번길 6, 1층 (장림동)",기타 운동 및 경기용구 제조업,051-266-7120
7253,스키퍼엔지니어링(주),부산광역시 강서구 가리새1로17번길 21 (생곡동),선박 구성 부분품 제조업 외 4종,051-972-9984
7254,스타우스(주),부산광역시 강서구 과학산단1로 63 (지사동),선박 구성 부분품 제조업 외 2종,070-4208-1488
7255,스타우스(주),부산광역시 강서구 과학산단1로 71 (지사동),선박 구성 부분품 제조업 외 2종,070-4208-1488
7256,스타우프코리아(유),부산광역시 강서구 화전산단5로 105 (화전동),그 외 기타 특수목적용 기계 제조업 외 1종,051-266-6666
7257,스타일덴탈 주식회사,"부산광역시 수영구 광서로10번길 47, 3층 (광안동)",치과기공물 제조업 외 1종,051-865-0444
7258,스타정화(주),부산광역시 강서구 미음산단3로 138 (미음동),선박 구성 부분품 제조업,051-831-1274
7259,스텍,부산광역시 사상구 가야대로11번길 32 (감전동),그 외 기타 전기장비 제조업,051-326-8026
7260,스텝피아,"부산광역시 사상구 학장로317번길 65 (학장동, 원진섬기)",주형 및 금형 제조업,051-327-8560
7261,스투케에너지코리아(주) ,"부산광역시 해운대구 반송로513번길 66-47, 3층 303 (석대동)","전기회로 개폐, 보호장치 제조업 외 2종",051-997-0011
7262,스튜디오빅,"부산광역시 북구 낙동대로1738번길 9, 지하1층 (구포동)",전시용 모형 제조업 외 11종,070-8868-7580
7263,스틸건재,"부산광역시 사상구 사상로356번길 53 (덕포동, 세다실업)",육상 금속 골조 구조재 제조업 외 1종,051-941-8335
7264,스틸파크(주),"부산광역시 사상구 가야대로 149 (감전동, 스틸파크(주))",열간 압연 및 압출 제품 제조업,051-328-7101
7265,승광엔지니어링,"부산광역시 영도구 태종로 291, 1층 (청학동)",선박 구성 부분품 제조업,051-414-9376
7266,승리사,부산광역시 기장군 기장읍 차성서로77번길 42-18,그 외 기타 봉제의복 제조업 외 7종,미등록
7267,승리특수명판사,"부산광역시 사상구 괘감로 59-8 (괘법동, 승리특수)",절삭가공 및 유사처리업 외 5종,051-321-0241
7268,승빈엔지니어링,부산광역시 강서구 공항앞길33번길 94-5(대저2동),전기회로 접속장치 제조업,070-7585-4832
7269,승우산업(미라니트),"부산광역시 부산진구 황령대로 73,  362-79 (전포동)",편조의복 제조업 외 3종,070-8891-2730
7270,승원 M&T,부산광역시 사하구 다산로53번길 48(다대동),유압기기 제조업,051-265-3263
7271,승원모직,"부산광역시 금정구 공단서로 27 (금사동, 승원모직)",모 방적업 외 8종,051-527-2471
7272,승일기계,부산광역시 강서구 평강로 227-19 (대저1동),그 외 기타 분류 안된 금속 가공 제품 제조업 외 1종,051-313-7519
7273,승진ENG,부산광역시 강서구 상덕로97번길 81-1 (강동동),그 외 기타 분류 안된 금속 가공 제품 제조업 외 1종,051-941-5505
7274,승진공업사,"부산광역시 사상구 낙동대로988번길 56 (감전동, 승진공업사)",일반용 전기 조명장치 제조업,051-322-2440
7275,승진메탈,부산광역시 강서구 화전산단5로74번길 35 (화전동),절삭가공 및 유사처리업,051-832-8200
7276,승평수출포장,부산광역시 강서구 녹산산단407로 31 (송정동),"목재 포장용 상자, 드럼 및 유사용기 제조업",051-831-9155
7277,승협기계,부산광역시 강서구 미음산단4로 16 (미음동),선박 구성 부분품 제조업,051-303-4112
7278,시그마 엘텍(주),부산광역시 연제구 월드컵대로 33 (연산동),"전자기 측정, 시험 및 분석기구 제조업",051-805-1718
7279,시너지메탈(주),부산광역시 강서구 신호산단1로 220-3 (신호동),그 외 기타 금속가공업,051-941-7235
7280,시대켐텍,부산광역시 강서구 식만로 13-25 (죽림동),요업용 도포제 및 관련제품 제조업,051-971-6177
7281,시디아이,"부산광역시 남구 신선로 365,  창업보육센터 417호 (용당동)",산업처리공정 제어장비 제조업 외 1종,051-626-5954
7282,시미크 주식회사,부산광역시 기장군 정관읍 예림1로 81-7,그 외 기타 플라스틱 제품 제조업,051-921-0729
7283,시민프라스틱공업사,부산광역시 사하구 장림동 823번지,운송장비 조립용 플라스틱제품 제조업 외 1종,051-264-3821
7284,시앤에스테크,부산광역시 사상구 새벽시장로 13 (감전동),그 외 자동차용 신품 부품 제조업 외 29종,051-313-0420
7285,시앤에스테크,부산광역시 사상구 학감대로252번길 68(주례동),그 외 자동차용 신품 부품 제조업 외 25종,051-313-0420
7286,시온마린서비스,부산광역시 영도구 남항남로19번길 9 (남항동3가),기타 일반 기계 및 장비 수리업,051-418-7959
7287,시온수산,"부산광역시 사하구 다대로605번길 25, 지하층(다대동)",수산동물 냉동품 제조업,051-462-9005
7288,시온수출포장,부산광역시 강서구 호계로79번길 48 (죽동동),골판지 제조업 외 1종,051-972-3289
7289,시온어패럴,"부산광역시 남구 지게골로 163, 시온어패럴(문현동)",남자용 겉옷 제조업 외 3종,미등록
7290,시온합섬(주),부산광역시 기장군 기장읍 죽성로 197,스타킹 및 기타 양말 제조업 외 2종,051-721-2150
7291,시원연마,부산광역시 기장군 정관면 산단3로 67,연마재 제조업,051-727-7317
7292,시원정밀,부산광역시 사상구 모덕로107번길 85 (모라동),선박 구성 부분품 제조업 외 4종,051-302-4997
7293,시은산업,부산광역시 기장군 정관읍 산단4로 63,그 외 기타 금속가공업,미등록
7294,시은테크,부산광역시 기장군 정관읍 산단4로 25,그 외 자동차용 신품 부품 제조업,051-727-5700
7295,시은테크,부산광역시 기장군 정관읍 산단4로 26,그 외 자동차용 신품 부품 제조업,051-727-5700
7296,시케이정밀,부산광역시 강서구 녹산산업중로 32-13 (송정동),금속 절삭기계 제조업 외 11종,051-971-3664
7297,신강터빈,부산광역시 영도구 남항서로82번길 39 (남항동2가),선박 구성 부분품 제조업,051-418-6762
7298,신광,부산광역시 강서구 녹산산단261로13번길 53 (송정동),절삭가공 및 유사처리업,미등록
7299,신광공업사,부산광역시 강서구 공항앞길51번길 50 (대저2동),"탭, 밸브 및 유사장치 제조업",051-325-4486
7300,신광산전,"부산광역시 사상구 모라로110번길 73 (모라동, 모라아파트형공장)",금속 표시판 제조업 외 21종,051-313-5561
7301,신광선박공업사,부산광역시 영도구 대평로 10-6 (대평동1가),선박 구성 부분품 제조업,051-412-6011
7302,신광엔지니어링,부산광역시 영도구 남항서로 100 (남항동2가),기타 일반 기계 및 장비 수리업,051-417-1784
7303,신광재단합판,부산광역시 기장군 정관면 산단1로 36 (신광(재단)합판),목재 깔판류 및 기타 적재판 제조업 외 1종,051-728-5645
7304,신광정공,부산광역시 강서구 평강로193번길 21-20 (대저1동),절삭가공 및 유사처리업,055-329-3972
7305,신광정밀,부산광역시 사하구 하신중앙로 5 (장림동),"탭, 밸브 및 유사장치 제조업",051-327-2776
7306,신광정밀금형,부산광역시 강서구 낙동북로138번길 22 (강동동),주형 및 금형 제조업,051-301-9727
7307,신광테크,부산광역시 강서구 낙동북로126번길 14-1 (강동동),그 외 기타 일반목적용 기계 제조업 외 1종,051-302-5566
7308,신광테크,부산광역시 기장군 정관면 매학리 166-5번지 외 1필지,주형 및 금형 제조업,051-304-3208
7309,신광화학,"부산광역시 사상구 낙동대로1396번길 85 (삼락동, 대기산업)",그 외 기타 플라스틱 제품 제조업,051-302-0555
7310,신구금속열처리,부산광역시 사상구 새벽로77번길 47 (학장동),금속 열처리업,051-314-7895
7311,신구산업,부산광역시 사상구 모덕로67번길 147-27 (모라동),비금속류 해체 및 선별업 외 1종,051-301-3677
7312,신기방적(주),부산광역시 사하구 하신번영로127번길 21 (신평동),솜 및 실 염색가공업,051-201-2995
7313,신기에이스.디(주),부산광역시 사하구 하신번영로107번길 20 (신평동),솜 및 실 염색가공업,051-206-8234
7314,신기화학,"부산광역시 금정구 수원지로 10-1 (회동동, 신기화학)",포장용 플라스틱 성형용기 제조업 외 2종,051-526-9049
7315,신대륙금속,부산광역시 강서구 화전산단5로38번길 8 (화전동),기타 비철금속 주조업,051-317-2410
7316,신대아엔지니어링,부산광역시 영도구 대평로53번길 2 (대평동2가),선박 구성 부분품 제조업,051-413-6475
7317,신덕테크(주),부산광역시 사상구 학장로169번길 87 (학장동),절삭가공 및 유사처리업,051-317-8868
7318,신덕포장,부산광역시 강서구 신덕길 14 (대저1동),절삭가공 및 유사처리업,미등록
7319,신도플라텍(주),부산광역시 사하구 다산로225번길 13 (장림동),도금업,051-2645-556
7320,신도플라텍(주) 2공장,부산광역시 사하구 보덕포1길 81(장림동),자동차 엔진용 신품 부품 제조업,051-832-0235
7321,신동기업,부산광역시 강서구 낙동북로73번길 131 (강동동),설치용 및 위생용 플라스틱제품 제조업 외 3종,051-973-3632
7322,신동아공업사,"부산광역시 사상구 낙동대로1016번길 65 (감전동, 신동화공업사)",합성수지 및 기타 플라스틱 물질 제조업,051-326-7711
7323,신동양,부산광역시 사상구 가야대로 3 (감전동),액체 펌프 제조업,051-261-3416
7324,신동정밀,부산광역시 강서구 체육공원로6번길 47-17 (대저1동),선박 구성 부분품 제조업 외 1종,051-301-1692
7325,신동종합연마,부산광역시 사상구 사상로385번길 57 (덕포동),절삭가공 및 유사처리업,051-303-6270
7326,신두섬유,부산광역시 강서구 대저중앙로 360-23 (대저1동),기타 직물제품 제조업,051-327-7267
7327,신라 SC,부산광역시 강서구 공항로393번길 60-20 (대저2동),구조용 금속 판제품 및 공작물 제조업,미등록
7328,신라공업,부산광역시 사상구 새벽로63번길 65 (학장동),절삭가공 및 유사처리업,051-313-8652
7329,신라공업,부산광역시 사상구 대동로209번길 48 (학장동),절삭가공 및 유사처리업,051-313-8652
7330,신라금속,부산광역시 강서구 낙동남로622번길 78 (녹산동),그 외 기타 1차 철강 제조업 외 1종,미등록
7331,신라금속,부산광역시 강서구 미음산단1로15번길 47(구랑동),그 외 기타 1차 철강 제조업 외 3종,051-972-0792
7332,신라기업사,부산광역시 기장군 정관면 산단7로 50-19,육상 금속 골조 구조재 제조업 외 1종,051-501-2642
7333,신라스틸,부산광역시 사상구 대동로283번길 53-10 (감전동),절삭가공 및 유사처리업,051-313-3744
7334,신라에스지(주) 부산공장,"부산광역시 사상구 낙동대로 1414 (삼락동, 신라수산(주))",기타 수산동물 가공 및 저장 처리업 외 2종,051-302-3811
7335,신라이앤티(주),부산광역시 강서구 녹산산단407로 92 (송정동),"물질 검사, 측정 및 분석기구 제조업 외 7종",051-831-7705
7336,신라화학,"부산광역시 사상구 낙동대로901번길 22 (감전동, 코스모스상사)",그 외 기타 플라스틱 제품 제조업,051-328-7133
7337,신림포장공업사,부산광역시 금정구 두구로 69 (두구동),판지 상자 및 용기 제조업,051-508-1862
7338,신립산업사,부산광역시 사하구 을숙도대로 591 (신평동),그 외 기타 플라스틱 제품 제조업,051-262-4816
7339,신명고무공업사,부산광역시 강서구 녹산산업중로167번길 10 (송정동),고무패킹류 제조업 외 1종,051-831-4067
7340,신명기계,부산광역시 강서구 제도로1041번길 520 (강동동),절삭가공 및 유사처리업,051-941-3848
7341,신명산업사,부산광역시 사하구 다대로300번길 43 (장림동),그 외 자동차용 신품 부품 제조업 외 3종,051-264-1746
7342,신명열처리,부산광역시 사하구 하신중앙로3번길 114 (장림동),금속 열처리업,051-266-8688
7343,신명전자,"부산광역시 부산진구 전포대로256번길 7, 2층,3층 (전포동)",전자부품 실장기판 제조업 외 11종,051-805-0863
7344,신명정밀가스켓공업사,부산광역시 부산진구 신천대로197번길 26-2 (당감동),그 외 기타 일반목적용 기계 제조업 외 6종,051-898-2007
7345,신미섬유,"부산광역시 금정구 회천로 54 (회동동, 일성전기)",연사 및 가공사 제조업,051-521-0501
7346,신미정공,부산광역시 강서구 범방3로30번길 42 (범방동),그 외 자동차용 신품 부품 제조업,051-831-0231
7347,신보프로펠러공업,부산광역시 영도구 태종로50번길 23 (대교동1가),선박 구성 부분품 제조업,051-418-7667
7348,신부산가구,부산광역시 기장군 일광읍 화용길 54,주방용 및 음식점용 목재가구 제조업 외 2종,051-757-2202
7349,신사기업사,부산광역시 강서구 금호순서길 121-17 (대저2동),"산업용 오븐, 노 및 노용 버너 제조업",051-941-1441
7350,신생중상이용사촌,부산광역시 사하구 다대로605번길 17 (다대동),"수산동물 훈제, 조리 및 유사 조제식품 제조업",051-261-3151
7351,신선테크,부산광역시 사하구 다산로 164 (다대동),절삭가공 및 유사처리업 외 1종,051-941-2443
7352,신성ENG,부산광역시 강서구 과학산단1로 54(지사동),"증류기, 열교환기 및 가스발생기 제조업",051-972-3318
7353,신성공업,"부산광역시 사상구 대동로 174 (학장동, 신성공업)",도장 및 기타 피막처리업,051-328-7006
7354,신성금속,"부산광역시 사상구 낙동대로 861-11 (감전동, 남양기계)",볼트 및 너트류 제조업 외 2종,051-315-8812
7355,신성기전(주),부산광역시 사하구 하신중앙로54번길 43 (장림동),"전기회로 개폐, 보호장치 제조업 외 3종",070-7122-3032
7356,신성밸브,부산광역시 강서구 호계로79번길 68-1(죽동동),"탭, 밸브 및 유사장치 제조업",051-322-8579
7357,신성산업,부산광역시 강서구 공항로1409번길 53-1 (대저1동),철강선 제조업,051-972-5556
7358,신성씨피알,"부산광역시 금정구 공단동로41번길 10, 6층 607 (금사동)",배전반 및 전기 자동제어반 제조업 외 8종,051-524-6660
7359,신성에스에스,부산광역시 강서구 공항로393번길 37-1(대저2동),육상 금속 골조 구조재 제조업,051-323-7733
7360,신성엔지니어링,부산광역시 강서구 식만로 13-17 (죽림동),건설 및 채광용 기계장비 제조업,051-971-9764
7361,신성엠텍,"부산광역시 사상구 낙동대로916번길 35, 2동 (감전동)",기체 펌프 및 압축기 제조업 외 51종,051-316-3171
7362,신성운반기계자동화,부산광역시 강서구 공항로339번길 156 (대저2동),기타 물품 취급장비 제조업 외 5종,051-972-7774
7363,신성위날드,"부산광역시 연제구 아시아드대로 38, B동 2층 및 지하(거제동)","근무복, 작업복 및 유사의복 제조업 외 1종",미등록
7364,신성유공압,부산광역시 강서구 강동중곡3길 139 (강동동),유압기기 제조업,051-325-6689
7365,신성이엔지,부산광역시 영도구 해양로 30 (청학동),선박 구성 부분품 제조업,051-413-9302
7366,신성이엔지,부산광역시 사상구 학장로 133 (학장동),선박 구성 부분품 제조업,051-412-9300
7367,신성인터내셔널,"부산광역시 사상구 사상로 363, 4층 (덕포동)",기타 신발 제조업,051-302-3296
7368,신성전기(주),부산광역시 기장군 장안읍 장안산단로 39,그 외 기타 일반목적용 기계 제조업 외 48종,051-728-6666
7369,신성정밀,부산광역시 강서구 호계로79번길 85 (죽동동),절삭가공 및 유사처리업 외 3종,051-973-5492
7370,신성정밀,부산광역시 강서구 제도로1092번가길 30 (강동동),그 외 기타 금속가공업,051-301-4658
7371,신성정밀공업(주),부산광역시 강서구 화전산단6로 40 (화전동),"용기 세척, 포장 및 충전기 제조업 외 1종",051-264-2112
7372,신성중공업(주),"부산광역시 강서구 미음산단4로 64(미음동, 신성중공업(주))",기타 물품 취급장비 제조업 외 1종,051-941-1288
7373,신성텍,부산광역시 강서구 낙동북로108번길 35-1 (강동동),그 외 기타 분류 안된 섬유제품 제조업,051-327-7916
7374,신성피혁,부산광역시 사하구 다산로 268 (장림동),모피 및 가죽 제조업,051-266-4922
7375,신성필타산업,부산광역시 북구 금곡대로324번길 38 (화명동),부직포 및 펠트 제조업 외 3종,051-333-8044
7376,신세계테크,부산광역시 강서구 대저중앙로237번길 15-17 (대저1동),주형 및 금형 제조업 외 3종,051-941-9044
7377,신세기테크,부산광역시 강서구 평강로 227-12 (대저1동),전기용 탄소제품 및 절연제품 제조업,미등록
7378,신승트랜스,부산광역시 사상구 장인로20번길 84 (감전동),변압기 제조업,051-312-0076
7379,신신금속,부산광역시 사하구 하신중앙로 111 (신평동),그 외 자동차용 신품 부품 제조업 외 6종,051-265-8008
7380,신신이앤지(주),부산광역시 강서구 낙동남로533번길 89 (녹산동),액체 펌프 제조업 외 19종,051-323-0935
7381,신신정공,부산광역시 기장군 정관면 산단2로 16-17 (신신정공),금속 절삭기계 제조업,051-727-2236
7382,신신중공업(주),부산광역시 강서구 과학산단1로 163 (지사동),선박 구성 부분품 제조업 외 1종,051-832-0735
7383,신신지엠피,부산광역시 사상구 낙동대로882번길 7-26 (감전동),액체 펌프 제조업,051-311-2106
7384,신신특수고무,부산광역시 강서구 제도로1175번길 56-28 (강동동),그 외 기타 고무제품 제조업,051-832-8901
7385,신아기업사,부산광역시 영도구 해양로 12 (청학동),선박 구성 부분품 제조업,051-415-4359
7386,신아냉동(주),부산광역시 서구 등대로 117 (남부민동),얼음 제조업,051-243-5876
7387,신아정밀,부산광역시 강서구 공항로361번가길 63 (대저2동),절삭가공 및 유사처리업,051-313-4565
7388,신아정보통신,부산광역시 사하구 대티로 19 (괴정동),기타 무선 통신장비 제조업,051-204-6223
7389,신아제지,부산광역시 강서구 맥도강변길 912-31 (대저2동),위생용 종이제품 제조업,051-973-8736
7390,신아테크,부산광역시 강서구 범방2로9번길 11  (범방동),금속탱크 및 저장용기 제조업,051-972-9421
7391,신아푸드,부산광역시 강서구 대저로29번길 38 (대저1동),기타 식사용 가공처리 조리식품 제조업,051-633-1645
7392,신안글로리,부산광역시 강서구 세산길 268 (미음동),소파 및 기타 내장가구 제조업,미등록
7393,신앙촌소비조합주식회사,부산광역시 기장군 기장읍 죽성로 197,두부 및 유사식품 제조업,051-720-7220
7394,신앙촌식품주식회사,부산광역시 기장군 기장읍 죽성로 197 (시온식품제과공장),액상시유 및 기타 낙농제품 제조업,051-721-2150
7395,신양냉동ENG,"부산광역시 사하구 하신중앙로27번길 16, 1층 (장림동)",음ㆍ식료품 및 담배 가공기계 제조업 외 1종,051-322-9010
7396,신양인쇄사,부산광역시 부산진구 범일로153번길 25 (범천동),기타 인쇄업 외 1종,051-646-2507
7397,신양일렉콤,"부산광역시 해운대구 선수촌로 169-8, 3층 (반여동)",그 외 기타 전기장비 제조업,051-525-8535
7398,신어이엔씨,부산광역시 강서구 대저동서로249번길 45 (대저2동),가정용 및 산업용 공기 조화장치 제조업 외 1종,051-971-7880
7399,신연사,"부산광역시 해운대구 센텀북대로 60, 외 2필지 6층 2 (재송동)",유선 통신장비 제조업 외 1종,미등록
7400,신영C.I.S ,"부산광역시 동래구 안락로 57, 1층 (안락동)",전자저항기 및 전자카드 제조업,051-505-3011
7401,신영가설산업(주),부산광역시 기장군 장안읍 기장대로 1593-1,강화 및 재생 목재 제조업,051-728-4445
7402,신영공업(주),부산광역시 사하구 다산로105번길 32 (다대동),볼트 및 너트류 제조업 외 7종,051-264-6200
7403,신영공업사,부산광역시 강서구 낙동북로 46-20 (강동동),그 외 기타 전자부품 제조업 외 1종,051-971-5043
7404,신영공업사,부산광역시 사하구 다산로105번길 32 (다대동),비주거용 건물 임대업,051-264-6200
7405,신영금형,부산광역시 강서구 공항앞길85번길 41 (대저2동),주형 및 금형 제조업,051-971-9137
7406,신영기계,부산광역시 강서구 미음국제7로 86(미음동),"고무, 화학섬유 및 플라스틱 성형기 제조업",미등록
7407,신영기계공업(주),부산광역시 사하구 신산로29번길 60 (신평동),내연기관 제조업,051-207-1975
7408,신영기계공업(주),부산광역시 사하구 하신번영로151번길 21 (신평동),내연기관 제조업,051-207-1975
7409,신영밸브,부산광역시 강서구 대저동서로 219 (대저2동),"탭, 밸브 및 유사장치 제조업",051-303-8344
7410,신영볼트공업사,"부산광역시 사상구 장인로20번길 47-23 (감전동, 신영볼트)",볼트 및 너트류 제조업 외 2종,051-314-0092
7411,신영산업,부산광역시 강서구 녹산산단165로 20 (송정동),기타 건축용 플라스틱 조립제품 제조업 외 1종,051-831-2051
7412,신영산업,부산광역시 강서구 녹산산업북로313번길 32-2 (송정동),구조용 금속 판제품 및 공작물 제조업,051-831-2051
7413,신영엔텍 주식회사,부산광역시 강서구 화전산단2로134번길 32 (화전동),그 외 기타 일반목적용 기계 제조업 외 9종,051-714-3855
7414,신영정공,"부산광역시 사상구 사상로341번길 17 (덕포동, 신영정공)",주형 및 금형 제조업,051-305-8590
7415,신영중전기(주),부산광역시 강서구 녹산산업북로 6 (송정동),변압기 제조업 외 4종,051-831-2245
7416,신영화스너,부산광역시 사상구 감전천로 170 (학장동),일반철물 제조업,051-316-0676
7417,신용산업,"부산광역시 사하구 하신중앙로3번가길 28, A동 2층 (장림동)","플라스틱 포대, 봉투 및 유사제품 제조업 외 2종",051-261-7878
7418,신용산업조명,부산광역시 사상구 학감대로 238-14 (감전동),일반용 전기 조명장치 제조업 외 2종,051-314-8724
7419,신용스틸,부산광역시 사상구 낙동대로943번길 75-12 (감전동),그 외 기타 1차 철강 제조업,051-326-6707
7420,신우,부산광역시 강서구 미음국제5로다길 14(미음동),"금속 문, 창, 셔터 및 관련제품 제조업",051-973-5577
7421,신우,부산광역시 강서구 미음산단1로15번길 59 (구랑동),건설 및 채광용 기계장비 제조업,051-831-6107
7422,신우 섬유사,"부산광역시 부산진구 엄광로412번길 28, 지하1층 (범천동)","근무복, 작업복 및 유사의복 제조업",미등록
7423,신우TRS,부산광역시 강서구 미음국제7로 91 (미음동),선박 구성 부분품 제조업,미등록
7424,신우개발,부산광역시 강서구 미음국제5로다길 14(미음동),"금속 문, 창, 셔터 및 관련제품 제조업",051-441-7600
7425,신우건드릴,부산광역시 강서구 식만로 271-9 (식만동),주형 및 금형 제조업,미등록
7426,신우글러브 제2공장,"부산광역시 강서구 식만로189번길 41, 신우글러브 제2공장 (식만동)",그 외 기타 분류 안된 섬유제품 제조업 외 1종,051-971-1600
7427,신우기계,"부산광역시 사상구 낙동대로1356번길 60 (삼락동, 신우기계)",금속 절삭기계 제조업,051-303-4799
7428,신우기공,부산광역시 사하구 신산로29번길 57 (신평동),그 외 기타 일반목적용 기계 제조업 외 1종,051-714-6490
7429,신우멀티텍,부산광역시 강서구 공항로1409번길 81-1 (대저1동),컨베이어장치 제조업 외 4종,051-311-2760
7430,신우목형,부산광역시 강서구 맥도길415번길 20 (대저2동),주형 및 금형 제조업,051-941-1522
7431,신우볼트,부산광역시 강서구 제도로1041번길 547 (강동동),볼트 및 너트류 제조업,051-973-6989
7432,신우섬유,부산광역시 강서구 제도로1041번나길 30 (강동동),기타 편조의복 액세서리 제조업,051-971-1600
7433,신우스틸,부산광역시 강서구 호계로 30-2 (죽림동),기타 전기 변환장치 제조업,미등록
7434,신우어패럴,부산광역시 동구 자성공원로 30-1 (범일동),여자용 겉옷 제조업 외 4종,051-636-8304
7435,신우정밀,부산광역시 강서구 과학산단1로 121 (지사동),그 외 기타 플라스틱 제품 제조업,051-831-8666
7436,신우정밀기계,"부산광역시 사상구 장인로37번길 13(감전동, 삼정정밀)",유압기기 제조업,051-311-1250
7437,신우창호,부산광역시 강서구 낙동남로605번길 24-21 (녹산동),플라스틱 창호 제조업,051-205-1948
7438,신우테크,부산광역시 강서구 낙동북로138번길 86-17 (강동동),그 외 자동차용 신품 부품 제조업 외 4종,미등록
7439,신우테크,부산광역시 강서구 낙동북로102번길 57 (강동동),그 외 자동차용 신품 부품 제조업 외 3종,미등록
7440,신우테크,부산광역시 강서구 낙동남로549번길 34 (녹산동),그 외 기타 금속가공업,051-971-0501
7441,신우트랜스,부산광역시 강서구 상덕로97번길 62 (강동동),기타 전기 변환장치 제조업 외 1종,051-972-2725
7442,신우팩토리,부산광역시 남구 용호로269번길 14 (용호동),"적층, 합성 및 특수표면처리 종이 제조업 외 1종",051-622-1612
7443,신욱전자,"부산광역시 금정구 수원지로 14 (회동동, 신욱전자)",산업용 로봇 제조업,051-531-3309
7444,신원금속,"부산광역시 사상구 삼락천로 83 (삼락동, 신원금속)",볼트 및 너트류 제조업 외 2종,051-304-3597
7445,신원금속(주),"경상남도 창원시 의창구 평산로 33, (팔용동)",도금업,051-311-9864
7446,신원기업사,부산광역시 사하구 감천항로190번길 46 (구평동),선박 구성 부분품 제조업,051-262-0553
7447,신원화성(주),"부산광역시 사상구 낙동대로1404번길 22 (삼락동, 대한폴리라스트)",모피제품 제조업 외 2종,055-312-5666
7448,신일금고,부산광역시 기장군 정관면 산단1로 66-12 (신일강철),금속 가구 제조업,051-728-3919
7449,신일금속티앤씨(주),부산광역시 사상구 새벽로223번길 79 (괘법동),그 외 기타 일반목적용 기계 제조업 외 9종,051-303-3239
7450,신일기계,부산광역시 강서구 화전산단5로98번길 35 (화전동),절삭가공 및 유사처리업,051-312-2770
7451,신일기계,부산광역시 강서구 미음국제5로다길 22 (미음동),기타 가공 공작기계 제조업,미등록
7452,신일기계(주),"부산광역시 사상구 낙동대로916번길 59 (감전동, 신일기계(주))",금속 절삭기계 제조업,051-315-1818
7453,신일기계(주) 화전지점,부산광역시 강서구 녹산화전로 126-37 (화전동),톱 및 호환성 공구 제조업,051-974-1818
7454,신일듸젤,부산광역시 강서구 호계로 25 (죽림동),전동기 및 발전기 제조업 외 1종,051-807-5458
7455,신일산업,부산광역시 사하구 장평로41번길 16 (장림동),신발 부분품 제조업,051-203-6481
7456,신일섬유(주),부산광역시 사하구 다대로354번안길 105 (장림동),화학섬유직물 직조업,051-266-6273
7457,신일전열,"부산광역시 사상구 새벽시장로29번길 49, 1층 (감전동)",그 외 기타 전기장비 제조업 외 8종,051-322-5435
7458,신일체육조경,부산광역시 기장군 장안읍 명례산단1로 15,구조용 금속 판제품 및 공작물 제조업 외 2종,051-416-0559
7459,신일케미칼,부산광역시 강서구 녹산산업중로 232 (송정동),도장 및 기타 피막처리업,미등록
7460,신일테크,"부산광역시 사상구 강변대로456번길 38 (엄궁동, 신일테크)",절삭가공 및 유사처리업,051-324-5039
7461,신일하이드로테크,부산광역시 사하구 감천항로429번길 16 (구평동),그 외 기타 분류 안된 금속 가공 제품 제조업,051-266-5450
7462,신정산업사,부산광역시 사하구 다대로300번길 15 (장림동),계면활성제 제조업,051-291-1747
7463,신정애드,부산광역시 부산진구 신천대로65번길 42 (범천동),경 인쇄업 외 2종,051-803-0377
7464,신정테크,부산광역시 영도구 대평로20번길 13 (대평동1가),방송장비 제조업 외 6종,051-415-4429
7465,신지사,부산광역시 중구 자갈치로 80 (남포동4가),경 인쇄업 외 1종,051-245-1254
7466,신지테크윈 주식회사(S.G.Techwin),부산광역시 강서구 평강로171번길 30-13 (대저1동),절삭가공 및 유사처리업,051-714-2330
7467,신지통상,부산광역시 강서구 녹산산단231로 47 (송정동),부직포 및 펠트 제조업,051-831-1300
7468,신진DMB,부산광역시 강서구 식만로 41-9 (죽림동),"금속 문, 창, 셔터 및 관련제품 제조업",051-973-2763
7469,신진TECH,부산광역시 사상구 낙동대로1348번길 18 (삼락동),유압기기 제조업,051-305-7450
7470,신진금속,부산광역시 강서구 낙동북로126번길 20-1 (강동동),그 외 기타 분류 안된 금속 가공 제품 제조업 외 1종,051-973-2161
7471,신진볼트공업사,부산광역시 사하구 하신번영로127번길 26 (신평동),볼트 및 너트류 제조업 외 2종,051-207-7474
7472,신진볼트공업사,부산광역시 강서구 화전산단6로66번길 27 (화전동),볼트 및 너트류 제조업 외 2종,051-207-7474
7473,신진산업,부산광역시 강서구 낙동북로108번길 35 (강동동),그 외 기타 분류 안된 섬유제품 제조업,미등록
7474,신진산업,부산광역시 강서구 녹산산단381로12번길 13-12 (송정동),편조원단 제조업,051-205-5606
7475,신진상사,부산광역시 강서구 식만로 13-44 (죽림동),특수 직물 및 기타 직물 직조업,051-972-2215
7476,신진에스엠    ,부산광역시 기장군 장안읍 장안산단1로 12-15,그 외 기타 일반목적용 기계 제조업,051-727-7311
7477,신진종합코팅,"부산광역시 사상구 낙동대로1420번길 41,  부산인쇄타운 415호 (삼락동)",기타 인쇄관련 산업,051-302-9979
7478,신진터빈엔지니어링,"부산광역시 영도구 대평남로 47,  18-4번지 (대평동2가)",내연기관 제조업,051-414-7174
7479,신진테크,부산광역시 기장군 정관읍 용수공단2길 42,그 외 기타 플라스틱 제품 제조업,051-526-7007
7480,신진포장,부산광역시 강서구 설만신평길 4 (대저2동),골판지 제조업 외 1종,051-317-1518
7481,신창공업사,부산광역시 영도구 대평로46번길 11-9 (대평동2가),선박 구성 부분품 제조업 외 1종,051-412-6063
7482,신창사,"부산광역시 사상구 사상로447번길 48 (모라동, 신창사)",철강선 제조업,051-302-7386
7483,신창산업,부산광역시 강서구 화전산단6로32번길 25 (화전동),절삭가공 및 유사처리업,051-831-3180
7484,신창의료기공업사,부산광역시 사상구 대동로239번길 41 (학장동),의료용 가구 제조업 외 2종,051-324-6001
7485,신태양전력,"부산광역시 서구 보수대로 41-9 (토성동1가, 토성동1가 10-2 제2종근린생활시설 (윤경민)",배전반 및 전기 자동제어반 제조업,051-244-0223
7486,신테크,부산광역시 북구 산성로48번길 7 (화명동),구조용 금속 판제품 및 공작물 제조업 외 1종,051-365-1253
7487,신풍ENG,부산광역시 강서구 강동중곡2길 253 (강동동),구조용 금속 판제품 및 공작물 제조업 외 3종,051-831-9645
7488,신풍산업사,"부산광역시 사상구 가야대로104번길 27 (학장동, 신풍산업사)",고무패킹류 제조업 외 3종,051-322-3643
7489,신풍송풍기,부산광역시 강서구 녹산산업중로 255 (송정동),산업용 송풍기 및 배기장치 제조업 외 6종,051-831-0525
7490,신하정공,부산광역시 강서구 공항앞길 105-1 (대저2동),산업처리공정 제어장비 제조업 외 1종,미등록
7491,신한산업사,부산광역시 강서구 미음국제5로 162 (범방동),그 외 기타 플라스틱 제품 제조업 외 2종,051-301-4700
7492,신한수출포장,부산광역시 강서구 식만로93번길 25 (죽림동),"목재 포장용 상자, 드럼 및 유사용기 제조업",미등록
7493,신한스틸(주),부산광역시 강서구 범방4로 11 (범방동),그 외 기타 1차 철강 제조업 외 1종,051-314-3709
7494,신한자이로사,부산광역시 영도구 대평로41번길 2-1 (대평동2가),선박 구성 부분품 제조업,051-413-9555
7495,신한전자기기,부산광역시 사하구 사하로 52 (구평동),산업처리공정 제어장비 제조업,051-262-3262
7496,신한테크,부산광역시 영도구 해양로111번길 32 (청학동),선박 구성 부분품 제조업,051-416-9598
7497,신한테크,부산광역시 사상구 모덕로67번길 147-27 (모라동),자동차 차체용 신품 부품 제조업 외 1종,051-302-2654
7498,신한테크 주식회사 지점  ,부산광역시 기장군 정관읍 산단7로 99-26,자동차 차체용 신품 부품 제조업,02-2244-8948
7499,신해제망,부산광역시 사하구 장평로41번길 25 (장림동),어망 및 기타 끈 가공품 제조업,051-972-4795
7500,신현수산(주),"부산광역시 사하구 두송로 265, 4층, 5층 (구평동)",수산동물 냉동품 제조업,051-253-9400
7501,신호산기(주),부산광역시 강서구 녹산산단262로 52 (송정동),그 외 기타 특수목적용 기계 제조업 외 8종,051-831-3670
7502,신호스틸(주),부산광역시 강서구 신호산단3로 89 (신호동),기어 및 동력전달장치 제조업,051-831-8388
7503,신호전기,"부산광역시 영도구 남항남로 32-1 (남항동3가, 남항동 공장)",배전반 및 전기 자동제어반 제조업 외 1종,051-415-4159
7504,신화공업(주),부산광역시 강서구 화전산단2로134번길 37 (화전동),자동차용 금속 압형제품 제조업 외 6종,051-201-4561
7505,신화기업,부산광역시 강서구 대저들길 436-2 (대저1동),기타 가공 공작기계 제조업,051-971-9786
7506,신화메탈,부산광역시 강서구 대저중앙로 204-2 (대저1동),강관 제조업 외 1종,051-972-7708
7507,신화볼트공업 ,부산광역시 강서구 화전산단6로66번길 13 (화전동),볼트 및 너트류 제조업 외 2종,051-972-9362
7508,신화산업,부산광역시 강서구 미음산단로34번길 23 (구랑동),절삭가공 및 유사처리업,051-831-4621
7509,신화산업,"부산광역시 금정구 공단서로8번길 80-5 (금사동, 욱일산업(주))",구두류 제조업 외 1종,051-544-3040
7510,신화산업,"부산광역시 해운대구 반송로 859 (반송동, 공장)",구두류 제조업 외 2종,051-544-3040
7511,신화의료기,부산광역시 강서구 순아3구길 82-1 (명지동),가정용 전기 난방기기 제조업,미등록
7512,신화정기,"부산광역시 사상구 감전천로 232 (감전동, 신화정기)",구름베어링 제조업 외 5종,051-326-6436
7513,신화테크,부산광역시 강서구 평강로 223-1 (대저1동),육상 금속 골조 구조재 제조업 외 1종,051-305-4128
7514,신화테크,부산광역시 영도구 해양로 46 (청학동),선박 구성 부분품 제조업,미등록
7515,신화하이텍(주),부산광역시 강서구 과학산단2로43번길 30 (지사동),강관 제조업 외 1종,051-315-9244
7516,신흥 G&P,부산광역시 강서구 맥도강변길 912-27 (대저2동),위생용 종이제품 제조업,051-973-2080
7517,신흥ENG,부산광역시 강서구 강동중곡2길 287 (강동동),선박 구성 부분품 제조업,051-817-6455
7518,신흥ENG,부산광역시 사하구 장평로15번길 1 (장림동),선박 구성 부분품 제조업 외 1종,051-941-6455
7519,신흥F&D,부산광역시 강서구 대저중앙로393번길 3 (대저1동),기타 곡물 가공품 제조업,미등록
7520,신흥개발,"부산광역시 사상구 낙동대로1460번길 33 (삼락동, 신흥개발)",구조용 금속 판제품 및 공작물 제조업,051-303-9207
7521,신흥공업사,"부산광역시 사상구 사상로356번길 25-11(덕포동, 신흥공업)",자동차 엔진용 신품 부품 제조업 외 1종,051-304-1334
7522,신흥섬유,부산광역시 강서구 가락대로1397번길 75 (봉림동),화학섬유직물 직조업,051-343-8333
7523,신흥섬유공업사,부산광역시 강서구 녹산산단362로 10 (송정동),어망 및 기타 끈 가공품 제조업,051-831-0566
7524,신흥에스이씨(주) 기장공장,부산광역시 기장군 장안읍 명례산단5로 81,금속 단조제품 제조업 외 1종,055-375-5521
7525,신흥에칭유리,부산광역시 강서구 대저중앙로348번길 25 (대저1동),안전유리 제조업 외 1종,051-336-6203
7526,신흥엘엔에스테크(주),부산광역시 강서구 상덕로119번길 67-12 (강동동),기타 인쇄업 외 1종,051-941-9566
7527,신흥엘이디,부산광역시 강서구 미음국제7로 9 (미음동),일반용 전기 조명장치 제조업,미등록
7528,신흥인쇄사(G.I.S),부산광역시 부산진구 중앙대로989번길 30-5 (양정동),경 인쇄업 외 6종,051-852-3377
7529,신흥정공,부산광역시 사상구 새벽로63번길 26 (학장동),반도체 제조용 기계 제조업,051-971-8684
7530,신흥정공(주),부산광역시 강서구 미음산단3로 122 (미음동),내연기관 제조업,052-222-8650
7531,신흥철강,부산광역시 강서구 화전산단2로133번길 40 (화전동),육상 금속 골조 구조재 제조업 외 4종,051-831-0068
7532,신흥화학,부산광역시 사하구 장평로83번길 5 (장림동),그 외 기타 플라스틱 제품 제조업,051-262-4905
7533,실크로드,"부산광역시 해운대구 재반로 5, 삼보빌딩 지하 (재송동, 마리포사)",기타 가정용 전기기기 제조업,051-753-0666
7534,실크로드산업(주),부산광역시 사상구 학감대로 184-13(학장동),일반용 전기 조명장치 제조업 외 4종,051-317-7708
7535,심도기전,부산광역시 강서구 새진목길 33-9 (명지동),"산업용 오븐, 노 및 노용 버너 제조업 외 1종",051-324-4633
7536,심우계전,부산광역시 강서구 미음국제6로 46 (미음동),배전반 및 전기 자동제어반 제조업,051-831-6850
7537,싱크플러스,"부산광역시 사하구 승학로233번길 50,  자유2차아파트 상가202호 (괴정동)",그 외 기타 전자부품 제조업 외 1종,051-202-9890
7538,쌍용레미콘(주) 동부산사업소                ,부산광역시 기장군 정관읍 산단3로 92-49 (정관읍),레미콘 제조업,051-727-9040
7539,쌍용레미콘(주)서부산사업소,부산광역시 사하구 하신중앙로 147 (신평동),레미콘 제조업,051-208-6611
7540,쌍용선재(주),부산광역시 강서구 녹산산업북로 178 (송정동),금속선 가공제품 제조업,051-831-4182
7541,쌍용쏠라(주),부산광역시 강서구 미음산단2로 50 (구랑동),기타 전기 변환장치 제조업 외 1종,051-831-9195
7542,쌍용씨앤이(주) 부산공장,부산광역시 사하구 구평로 40 (구평동),시멘트 제조업,051-261-3802
7543,쌍용전력(주),부산광역시 강서구 과학산단2로19번길 170 (지사동),배전반 및 전기 자동제어반 제조업,051-831-9147
7544,쌍용전력(주),부산광역시 강서구 미음산단2로 50 (구랑동),배전반 및 전기 자동제어반 제조업 외 3종,051-831-9145
7545,쌍용전장(주),부산광역시 강서구 과학산단2로19번길 170 (지사동),전동기 및 발전기 제조업 외 1종,051-831-9140
7546,쌍용전장(주),부산광역시 강서구 미음산단2로 50 (구랑동),배전반 및 전기 자동제어반 제조업 외 2종,051-831-9145
7547,써니테크,부산광역시 강서구 과학산단2로19번길 43 (지사동),절삭가공 및 유사처리업,051-972-0656
7548,써테크,부산광역시 사하구 다산로225번길 33 (장림동),도금업,051-266-4997
7549,썬마린토탈(주),"부산광역시 영도구 남항서로91번길 50 (남항동2가, 삼영조선소)",선박 구성 부분품 제조업 외 1종,051-728-7215
7550,썬코리아,"부산광역시 연제구 거제대로 219, 2층 (거제동)",간판 및 광고물 제조업 외 6종,051-502-4880
7551,썬테크,부산광역시 강서구 녹산산단17로14번길 19 (송정동),기타 1차 비철금속 제조업 외 5종,051-973-8657
7552,썬테크,부산광역시 영도구 청학동로 47 (청학동),기타 무선 통신장비 제조업,051-413-5000
7553,썸원,"부산광역시 남구 지게골로 152, 1층 (문현동)",그 외 기타 분류 안된 섬유제품 제조업,070-4320-0147
7554,쎄븐어페럴,"부산광역시 금정구 삼어로 204, 3층(금사동)",남자용 겉옷 제조업 외 4종,미등록
7555,쓰리데이,부산광역시 사하구 신산로13번길 38 (신평동),"직물, 편조원단 및 의복류 염색 가공업",051-208-5770
7556,쓰리디앤드,부산광역시 기장군 기장읍 내리길 139,"고무, 화학섬유 및 플라스틱 성형기 제조업 외 1종",미등록
7557,쓰리에스시스템,"부산광역시 부산진구 당감서로 152, 213호(당감동, 한국소재융합연구원 창업보육센터)",전기회로 접속장치 제조업 외 3종,미등록
7558,쓰리에스코리아 주식회사,부산광역시 강서구 대저중앙로348번길 8-9 (대저1동),금속 표시판 제조업,055-762-5260
7559,쓰리에이치(주),부산광역시 강서구 녹산산단27로 9 (송정동),"탭, 밸브 및 유사장치 제조업",051-972-2337
7560,쓰리지에프 ,부산광역시 강서구 미음국제5로나길 20(미음동),산업처리공정 제어장비 제조업,02-6959-1279
7561,씨나래 주식회사,부산광역시 영도구 해양로195번나길 44 (동삼동),선박 구성 부분품 제조업,미등록
7562,씨나비정보기술(주),부산광역시 강서구 미음산단3로 14 (미음동),전기경보 및 신호장치 제조업 외 1종,051-461-5241
7563,씨더블유마린테크,"부산광역시 영도구 남항남로19번길 5, 2층(남항동3가)",선박 구성 부분품 제조업,051-417-3735
7564,씨드 (SEA.D)   ,부산광역시 기장군 장안읍 반룡산단1로 15,수산식물 가공 및 저장 처리업,051-724-0430
7565,씨비엠,부산광역시 강서구 미음산단4로 111 (미음동),선박 구성 부분품 제조업,051-941-4035
7566,씨셀(주) ,부산광역시 기장군 장안읍 반룡산단2로 66,그 외 기타 식료품 제조업,051-405-1228
7567,씨스텍,부산광역시 기장군 정관읍 용수공단2길 45,기타 플라스틱 발포 성형제품 제조업,055-343-2364
7568,씨아이테크(주),부산광역시 강서구 화전산단5로48번길 32 (화전동),그 외 기타 일반목적용 기계 제조업 외 3종,051-714-7040
7569,씨앤에이,부산광역시 강서구 대저중앙로286번길 106-34 (대저1동),주형 및 금형 제조업,051-973-8893
7570,씨에스(CS),"부산광역시 강서구 낙동남로1013번길 45, 1층(명지동)","치약, 비누 및 기타 세제 제조업 외 1종",미등록
7571,씨에스컴퍼니,"부산광역시 사상구 모덕로67번길 151, 3층 (모라동)",그 외 기타 봉제의복 제조업 외 9종,051-301-3623
7572,씨에스테크,부산광역시 강서구 신호산단3로 89 (신호동),절삭가공 및 유사처리업,051-972-2844
7573,씨에이치(CH)금속,부산광역시 기장군 정관읍 산단7로 50-99,금속 위생용품 제조업,ARS-1688-8850
7574,씨에프(CF),부산광역시 강서구 녹산산단262로59번길 37 (송정동),육류 기타 가공 및 저장처리업 (가금류 제외) 외 1종,051-831-9425
7575,씨엔스프링연구소,"부산광역시 남구 신선로 365, 종합실습관 101, 114호 (용당동, 부경대학교)",볼트 및 너트류 제조업 외 8종,051-324-5655
7576,씨엔씨엔지니어링,부산광역시 사하구 감천항로190번안길 16 (구평동),그 외 기타 전기장비 제조업 외 2종,051-831-5506
7577,씨엔케이(CNK),"부산광역시 사상구 낙동대로1356번길 62(삼락동, 동화하이테크)",그 외 기타 분류 안된 금속 가공 제품 제조업,051-302-4833
7578,씨엠코리아(주),부산광역시 사하구 감천항로405번길 14 (구평동),그 외 기타 일반목적용 기계 제조업 외 16종,051-262-3554
7579,씨엠테크,"부산광역시 강서구 녹산화전로 23, C동 13호 (송정동)",기타 구조용 금속제품 제조업,070-7763-5006
7580,씨오션전자주식회사,부산광역시 남구 유엔평화로153번길 9 (용당동),기타 일반 기계 및 장비 수리업,051-466-1811
7581,씨제이제일제당(주) 부산공장,부산광역시 사하구 다대로 210 (장림동),기타 곡물 가공품 제조업 외 9종,051-200-2335
7582,씨케이가운,"부산광역시 동구 망양로 675-2, 2층 (수정동)",면직물 직조업 외 4종,051-644-6938
7583,씨케이글로벌(주),부산광역시 사하구 다산로225번길 51 (장림동),"수산동물 훈제, 조리 및 유사 조제식품 제조업 외 1종",051-266-4418
7584,씨케이브릿지 주식회사,"부산광역시 남구 신선로 365, 종합실습관 108호(용당동)",간판 및 광고물 제조업,051-715-5157
7585,씨케이테크 ,"부산광역시 강서구 과학산단1로60번길 31, 2B동 1층 107호(지사동, 부산테크노파크)",그 외 기타 특수목적용 기계 제조업,051-903-1302
7586,씨코리아엔지니어링,"부산광역시 영도구 해양로 65, 26-18 (청학동)",선박 구성 부분품 제조업,051-418-7401
7587,씨크리드,부산광역시 사하구 다대로605번길 9 (다대동),수산동물 냉동품 제조업,051-266-5100
7588,씨티(CT),부산광역시 강서구 녹산화전로 32 (송정동),목재문 및 관련제품 제조업 외 4종,051-971-9091
7589,씨피시스템(주),부산광역시 기장군 정관읍 정관상곡1길 27-37,운송장비 조립용 플라스틱제품 제조업 외 1종,051-868-4356
7590,아남정밀(주),부산광역시 강서구 가리새1로 21 (생곡동),자동차용 신품 동력전달장치 제조업 외 1종,051-305-2961
7591,아라특수강,부산광역시 강서구 과학산단2로19번길 100-60 (지사동),절삭가공 및 유사처리업 외 1종,051-831-5827
7592,아람산업사,부산광역시 강서구 식만로 31 (죽림동),선박 구성 부분품 제조업 외 1종,051-304-4645
7593,아렌디솔루션 주식회사,"부산광역시 사하구 신산로 120, 8층 805호 (신평동)",컴퓨터 제조업 외 3종,미등록
7594,아름텍,부산광역시 강서구 금호순서길 66 (대저2동),"탭, 밸브 및 유사장치 제조업",051-971-4374
7595,아리온통신 주식회사 부산지점,"부산광역시 영도구 산업로 25, 2층 (청학동)",기타 무선 통신장비 제조업,051-463-7517
7596,아리투스(주),"부산광역시 남구 신선로 365, 8공학관 1층, 지하1층  (용당동, 부경대학교)",기타 주변기기 제조업,051-611-0651
7597,아몬(Amon),부산광역시 사상구 새벽로91번길 21 (학장동),침구 및 관련제품 제조업 외 3종,051-317-0740
7598,아몽솔루션 주식회사,"부산광역시 연제구 중앙대로 1130, 412호413호(연산동, 연산동 SK VIEW(2단지))",방송장비 제조업,055-232-8111
7599,아미실업,부산광역시 사하구 하신중앙로3번길 60-1 (장림동),치과기공물 제조업 외 7종,051-293-6472
7600,아산금속(주),부산광역시 강서구 녹산산단261로88번길 20 (송정동),자동차용 금속 압형제품 제조업 외 1종,051-831-4337
7601,아산이노텍,부산광역시 기장군 장안읍 장안산단7로 5,주형 및 금형 제조업,051-728-5084
7602,아성글로벌 주식회사,부산광역시 강서구 죽동길405번길 24-19 (죽동동),무인 항공기 및 무인 비행장치 제조업 외 21종,051-636-5585
7603,아성글로벌 주식회사,부산광역시 강서구 죽동길405번길 24-7 (죽동동),구조용 금속 판제품 및 공작물 제조업,미등록
7604,아성기업,"부산광역시 사하구 을숙도대로 651, 2층 (신평동)",남자용 겉옷 제조업 외 12종,051-202-1457
7605,아성래핑,부산광역시 사상구 모덕로95번길 72 (모라동),주형 및 금형 제조업,051-301-5191
7606,아성사,"부산광역시 금정구 공단로 27 (금사동, 아성사)",그 외 기타 플라스틱 제품 제조업,051-532-0362
7607,아세아라미네이팅,부산광역시 사하구 감천항로190번길 20 (구평동),"적층, 합성 및 특수표면처리 종이 제조업",051-262-4316
7608,아세아전기(주),부산광역시 강서구 체육공원로6번길 161-22 (대저1동),기타 전기 변환장치 제조업 외 2종,미등록
7609,아세아화학,부산광역시 사하구 장림동 305-10번지,"플라스틱 포대, 봉투 및 유사제품 제조업",051-261-4451
7610,아시아냉열,부산광역시 강서구 낙동북로43번길 38-22 (강동동),선박 구성 부분품 제조업,051-942-2511
7611,아시아석재,부산광역시 기장군 정관면 산단3로 33,비주거용 건물 임대업,051-851-5456
7612,아시아이엔에프(주)주례지점,"부산광역시 사상구 백양대로 328, 지하1층 서편 (주례동, 성암빌딩)","근무복, 작업복 및 유사의복 제조업 외 4종",051-715-1472
7613,아신유니텍(주),부산광역시 사상구 학감대로222번길 21 (감전동),그 외 자동차용 신품 부품 제조업,055-343-9900
7614,아신전기엔지니어링,"부산광역시 영도구 절영로50번길 5,  1/3 (남항동1가)",배전반 및 전기 자동제어반 제조업,051-415-2949
7615,아신정밀판금,부산광역시 강서구 대저중앙로286번길 98 (대저1동),주형 및 금형 제조업,055-337-2041
7616,아이디어월드,부산광역시 기장군 기장읍 차성서로101번길 22 (아이디어월드),모자 제조업,051-751-7676
7617,아이렉스코리아,"부산광역시 사상구 새벽로215번길 90 (괘법동, (주)대성테크)",기타 직물제품 제조업 외 2종,051-315-0404
7618,아이비산업,부산광역시 강서구 낙동북로126번길 25 (강동동),그 외 기타 금속가공업,미등록
7619,아이비산업(주),부산광역시 기장군 정관읍 산단7로 78-37,폴리스티렌 발포 성형제품 제조업,051-927-6584
7620,아이비해양관광(주),부산광역시 기장군 장안읍 명례산단7로 106,기타 선박 건조업,051-728-8751
7621,아이손 논슬립,"부산광역시 사상구 모라로110번길 73, 402-C호 (모라동, 모라아파트형공장)",그 외 기타 금속가공업 외 1종,051-529-2639
7622,아이스코,부산광역시 강서구 녹산산업북로 7 (송정동),절삭가공 및 유사처리업,051-714-0214
7623,아이스코,부산광역시 강서구 화전산단6로90번길 22 (화전동),절삭가공 및 유사처리업,051-714-0214
7624,아이앤씨모션,부산광역시 강서구 공항앞길85번길 137-4 (대저2동),기어 및 동력전달장치 제조업,051-796-1226
7625,아이앤티,부산광역시 사상구 학장로 149 (학장동),그 외 기타 분류 안된 금속 가공 제품 제조업 외 1종,051-315-1266
7626,아이언 남부산지점,부산광역시 남구 신선로 235 (용당동),그 외 자동차용 신품 부품 제조업 외 3종,051-621-6484
7627,아이에스에바컨(주),부산광역시 강서구 화전산단5로84번길 40 (화전동),선박 구성 부분품 제조업,051-312-4056
7628,아이에스운반기계,부산광역시 강서구 대저중앙로348번길 77 (대저1동),기타 물품 취급장비 제조업,051-312-7600
7629,아이에스테크,부산광역시 영도구 해양로15번길 1 (청학동),선박 구성 부분품 제조업,051-414-7073
7630,아이에스티     ,"부산광역시 기장군 정관읍 정관로 801, 유일고무(주)제2공장",그 외 자동차용 신품 부품 제조업 외 3종,051-315-9975
7631,아이에이치스틸,부산광역시 사상구 강변대로456번길 34-10 (엄궁동),그 외 기타 1차 철강 제조업,051-312-9196
7632,아이에이치티,부산광역시 사상구 낙동대로1488번길 9 (삼락동),유압기기 제조업,051-315-4035
7633,아이엠마린,부산광역시 영도구 남항남로 32-1 (남항동3가),선박 구성 부분품 제조업,051-413-0815
7634,아이엠피,부산광역시 사하구 감천항로419번길 25 (구평동),배전반 및 전기 자동제어반 제조업 외 1종,051-202-0982
7635,아이제이텍,부산광역시 강서구 녹산산업북로313번길 36 (송정동),절삭가공 및 유사처리업,미등록
7636,아이케이테크,부산광역시 사상구 낙동대로1338번길 19 (삼락동),무기 및 총포탄 제조업 외 6종,051-305-3470
7637,아이테크,부산광역시 사상구 낙동대로815번길 68 (감전동),그 외 기타 분류 안된 금속 가공 제품 제조업 외 1종,051-314-5135
7638,아이티 월드,"부산광역시 동래구 여고로63번길 86, 1층(사직동)",기타 주변기기 제조업 외 9종,070-4435-9737
7639,아이티엠 주식회사,부산광역시 강서구 녹산산단46로 21 (송정동),전동기 및 발전기 제조업 외 1종,051-972-6118
7640,아이팁스(주),"부산광역시 남구 황령대로319번가길 11, 3층 (대연동)",기타 무선 통신장비 제조업 외 6종,051-622-1161
7641,아인ICT,부산광역시 사하구 다산로 20 (다대동),그 외 자동차용 신품 부품 제조업,미등록
7642,아자엔지니어링,"부산광역시 영도구 해양로15번길 18,  A동(일부) (청학동)",선박 구성 부분품 제조업,051-418-6385
7643,아주디자인산업(주),"부산광역시 남구 신선로 189, 2층 (감만동)",간판 및 광고물 제조업 외 7종,051-441-7000
7644,아주수출포장,부산광역시 강서구 가리새2로 12 (생곡동),선박 구성 부분품 제조업,051-941-3382
7645,아주정공,부산광역시 사상구 농산물시장로26번길 26 (엄궁동),구조용 금속 판제품 및 공작물 제조업,051-313-5777
7646,아주정밀,부산광역시 강서구 낙동북로60번길 32-13 (강동동),주형 및 금형 제조업,051-305-9369
7647,아진ATA,부산광역시 강서구 녹산산단261로39번길 7 (송정동),도금업,051-832-1486
7648,아진산업,부산광역시 강서구 녹산산업중로 122 (송정동),포장용 플라스틱 성형용기 제조업,미등록
7649,아진일렉트론,부산광역시 강서구 녹산산단261로39번길 5 (송정동),도금업,051-831-4367
7650,아진일렉트론,"부산광역시 해운대구 센텀북대로 60, 18층 1805호 (재송동, 센텀 아이에스타워)",그 외 기타 전자부품 제조업 외 1종,051-831-4367
7651,아진일렉트론3공장,"부산광역시 강서구 녹산산업중로 275,  (송정동,1605-5)",섬유제품 기타 정리 및 마무리 가공업 외 1종,051-831-4367
7652,아진일렉트론3공장,부산광역시 사하구 다산로225번길 19 (장림동),도금업,051-263-1676
7653,아진테크 주식회사,부산광역시 강서구 미음국제7로 9(미음동),배전반 및 전기 자동제어반 제조업,055-342-8870
7654,아쿠아셀(주),부산광역시 강서구 낙동남로533번길 100 (녹산동),컨베이어장치 제조업 외 11종,051-626-4122
7655,아쿠아셀(주),부산광역시 강서구 과학산단로 463(지사동),기체 여과기 제조업 외 10종,051-626-4122
7656,아쿠아셀(주) 제2공장,부산광역시 강서구 낙동남로533번길 96 (녹산동),"산업용 오븐, 노 및 노용 버너 제조업 외 10종",051-626-4756
7657,아쿠아즈,"부산광역시 남구 용호로159번길 94, 1동 1층 101 (용호동)",기타 운동 및 경기용구 제조업 외 4종,051-621-6003
7658,아쿠아테크코리아(주),부산광역시 기장군 기장읍 차성동로126번길 13-2,액체 여과기 제조업 외 3종,051-796-3220
7659,아큐아큐브,부산광역시 강서구 대저중앙로 326 (대저1동),안전유리 제조업 외 1종,미등록
7660,아테크,부산광역시 사하구 장평로15번길 14 (장림동),그 외 자동차용 신품 부품 제조업 외 3종,051-265-4806
7661,아토브(주),"부산광역시 기장군 장안읍 장안산단8로 118, 1층",자동차 엔진용 신품 부품 제조업,051-727-9575
7662,아트가든,부산광역시 동래구 온천천로441번길 13(안락동),그 외 기타 일반목적용 기계 제조업 외 4종,051-333-6699
7663,아트라스콥코코리아(주),부산광역시 강서구 미음산단2로 28 (구랑동),배전반 및 전기 자동제어반 제조업 외 1종,051-962-1152
7664,아트콘 주식회사,부산광역시 사상구 사상로 29 (주례동),그 외 기타 분류 안된 비금속 광물제품 제조업 외 1종,051-313-6053
7665,아트퍼니처,"부산광역시 사하구 신산로 120, 1층 110호 (신평동)",주방용 및 음식점용 목재가구 제조업,미등록
7666,아트핸즈,"부산광역시 해운대구 센텀6로 21,  인텔리움센텀 (우동)",전시용 모형 제조업 외 3종,051-741-8342
7667,아틀라스네이벌엔지니어링(유),부산광역시 강서구 미음산단3로 8 (미음동),전기회로 접속장치 제조업 외 2종,051-973-1370
7668,아티스린넨(주),부산광역시 사상구 사상로 391,침구 및 관련제품 제조업 외 2종,051-638-6000
7669,아현테크  ,부산광역시 기장군 장안읍 에코산단2로 82,그 외 기타 일반목적용 기계 제조업,051-971-2985
7670,아홉산캠핑,부산광역시 기장군 정관읍 정관상곡2길 33-42,그 외 기타 달리 분류되지 않은 제품 제조업,미등록
7671,안나식품,부산광역시 강서구 평강로193번길 21-9 (대저1동),천연 및 혼합조제 조미료 제조업,051-903-5767
7672,안락어망,"부산광역시 금정구 삼어로 230 (금사동, 부일정밀)",어망 및 기타 끈 가공품 제조업,051-526-6164
7673,안전전기,부산광역시 영도구 남항서로 6-8(남항동3가),선박 구성 부분품 제조업,051-417-8794
7674,안흥샤링,"부산광역시 사상구 장인로 38-17 (감전동, 안흥샤링)",그 외 기타 1차 철강 제조업,051-328-2076
7675,알레프,"부산광역시 중구 동광길 8, 지하 1층 (동광동4가)",경 인쇄업 외 1종,미등록
7676,알앤비시스템,부산광역시 강서구 대저중앙로233번길 26 (대저1동),그 외 기타 고무제품 제조업,051-973-9998
7677,알엑스로프   ,부산광역시 기장군 정관읍 산단5로 76-21,육상 금속 골조 구조재 제조업 외 1종,051-743-5617
7678,알테오화인알루미나코리아 주식회사,부산광역시 기장군 장안읍 명례산단1로 152,기타 1차 비철금속 제조업,051-711-1142
7679,알트에프(ALT.F),부산광역시 사상구 낙동대로1330번길 67 (삼락동),윤활유 및 그리스 제조업,051-303-3751
7680,알파비즈네스폼,"부산광역시 사상구 가야대로230번길 27 (주례동, 알파비지네스폼)",기타 인쇄관련 산업 외 3종,051-312-8228
7681,알파정밀,"부산광역시 해운대구 삼어로 177-30 (반여동, 영화고분자)",치과용 기기 제조업,051-527-0307
7682,알파테크,부산광역시 강서구 대부길 41 (강동동),그 외 기타 분류 안된 금속 가공 제품 제조업 외 1종,051-973-9904
7683,알프스전기,부산광역시 해운대구 해운대로 1124-1 (송정동),기기용 자동측정 및 제어장치 제조업 외 3종,051-704-9992
7684,암행어사 온돌침대,부산광역시 강서구 체육공원로6번길 211 (대저1동),매트리스 및 침대 제조업,051-305-0999
7685,앙쥬(주)    ,"부산광역시 기장군 정관읍 산단3로 92-82, 앙쥬 주식회사 ",구조용 금속 판제품 및 공작물 제조업,051-208-8357
7686,애니백,부산광역시 강서구 대저중앙로 204 (대저1동),플라스틱 필름 제조업 외 1종,051-941-2720
7687,애니팩,부산광역시 강서구 대저중앙로 202  (대저1동),"플라스틱 포대, 봉투 및 유사제품 제조업",051-941-2720
7688,애드인더스,부산광역시 부산진구 중앙대로644번길 74 (범천동),간판 및 광고물 제조업 외 15종,051-634-8778
7689,애드코아,부산광역시 사상구 사상로433번길 8 (모라동),간판 및 광고물 제조업,051-305-8441
7690,애드플랜,"부산광역시 동래구 반송로 348-2, 1층 애드플랜 (명장동)",간판 및 광고물 제조업,미등록
7691,액셀러론 코리아 유한회사,"부산광역시 금정구 개좌로 274, 2층(회동동)",자동차 엔진용 신품 부품 제조업,051-933-0500
7692,앤시정보기술(주),"부산광역시 해운대구 센텀서로 30, 2003~5호 (우동, KNN 타워)",컴퓨터 제조업 외 7종,051-664-8000
7693,앤에스(주),"부산광역시 동래구 금강공원로 13-1, 2층 (온천동, 부산은행온천동지점)","치약, 비누 및 기타 세제 제조업",051-557-9001
7694,야베스텍(주),"부산광역시 부산진구 전포대로223번길 19, 410호 (전포동)",기타 무선 통신장비 제조업 외 9종,051-808-7861
7695,야자수나라,"부산광역시 남구 석포로 87, 지하1층 (대연동)",가방 및 기타 보호용 케이스 제조업 외 37종,051-627-6987
7696,얄라팩토리주식회사,"부산광역시 남구 유엔평화로 128, 4층 (용당동)",기타 무선 통신장비 제조업 외 4종,051-611-0930
7697,양일목재,부산광역시 사하구 신산로 180 (신평동),"목재 포장용 상자, 드럼 및 유사용기 제조업",051-291-1242
7698,양일산업포장(주),부산광역시 사하구 신산로 180 (신평동),"목재 포장용 상자, 드럼 및 유사용기 제조업",051-291-1242
7699,양주기업,부산광역시 사상구 학장로135번길 81 (학장동),볼트 및 너트류 제조업 외 2종,051-322-4611
7700,양지산업,부산광역시 사상구 사상로401번길 30 (덕포동),인쇄 및 제책용 기계 제조업,051-322-7814
7701,어반플랜,부산광역시 연제구 안연로 8 (연산동),간판 및 광고물 제조업,051-924-0074
7702,어보제철음식연구소 주식회사,부산광역시 기장군 기장읍 기장대로413번길 72,기타 수산동물 가공 및 저장 처리업,051-723-8097
7703,어업회사법인 해농수산(주),"부산광역시 서구 원양로 1, B동 2층 207 (암남동, 수산가공선진화단지)",기타 수산동물 가공 및 저장 처리업,051-257-8161
7704,어업회사법인 화접항(주)  ,부산광역시 기장군 장안읍 반룡산단2로 11,수산식물 가공 및 저장 처리업,051-723-0707
7705,언페러럴스포츠코리아(주),"부산광역시 사상구 삼락천로 202, 2층 (모라동)",신발 부분품 제조업,051-305-8511
7706,업 디자인 기획,"부산광역시 사상구 사상로161번길 28, B동1층 (괘법동)",간판 및 광고물 제조업,051-312-5120
7707,업라이트,부산광역시 강서구 낙동북로31번길 14 (강동동),배전반 및 전기 자동제어반 제조업 외 3종,070-432-0902
7708,업튼(UPTON),"부산광역시 남구 용호로159번길 94, 8층 801 (용호동) 8층 801호",셔츠 및 블라우스 제조업 외 15종,051-626-7371
7709,에너지절감사업(주),"부산광역시 부산진구 동천로 116, B1층 103호(전포동, 한신밴)",비메모리용 및 기타 전자집적회로 제조업 외 1종,051-811-2277
7710,에덴ST,부산광역시 강서구 기러기길 50 (강동동),절삭가공 및 유사처리업,051-973-3018
7711,에센스전자 ,"부산광역시 금정구 개좌로 273-20, 5층 505 (회동동)",그 외 기타 전자부품 제조업 외 1종,051-527-9880
7712,에스.피.엘(주),부산광역시 사하구 다산로 131 (다대동),자동차 차체용 신품 부품 제조업,053-856-7875
7713,에스더마린,부산광역시 영도구 해양로195번나길 44 (동삼동),기타 일반 기계 및 장비 수리업 외 1종,미등록
7714,에스더블유조선(주),부산광역시 사하구 감천항로405번길 49 (구평동),선박 구성 부분품 제조업 외 1종,051-266-7105
7715,에스더블유테크(주),부산광역시 강서구 가달1로 77 (생곡동),그 외 자동차용 신품 부품 제조업,051-972-7025
7716,에스디(SD),부산광역시 강서구 낙동북로73번길 15 (강동동),"금속 문, 창, 셔터 및 관련제품 제조업",02-2654-4437
7717,에스디(SD)정보통신,"부산광역시 북구 시랑로79번길 8, 202호(구포동, 금호빌라)",유선 통신장비 제조업 외 4종,051-521-3900
7718,에스디상사(주),부산광역시 강서구 정주산단로 75 (지사동),표면 가공 목재 및 특정 목적용 제재목 제조업 외 9종,051-831-9100
7719,에스디상사(주),부산광역시 강서구 녹산산단381로12번길 76 (송정동),표면 가공 목재 및 특정 목적용 제재목 제조업 외 1종,051-831-9100
7720,에스디이,부산광역시 강서구 낙동남로511번길 67 (녹산동),배전반 및 전기 자동제어반 제조업,051-972-5446
7721,에스비 안전,"부산광역시 강서구 녹산산단382로14번길 55, 108호(녹산협업화사업장)(송정동, 부산광역시 신발산업진흥센타)",그 외 기타 플라스틱 제품 제조업 외 1종,051-207-0306
7722,에스비선보(주),부산광역시 사하구 다산로 80 (다대동),선박 구성 부분품 제조업 외 1종,051-260-5534
7723,에스비선보(주) 구평1공장,부산광역시 사하구 구평동 472-2번지,선박 구성 부분품 제조업,051-260-5580
7724,에스비선보(주) 구평공장,부산광역시 사하구 감천항로405번길 61 (구평동),선박 구성 부분품 제조업 외 10종,051-260-5971
7725,에스비선보(주) 다대2공장,부산광역시 사하구 홍티로 100 (다대동),선박 구성 부분품 제조업 외 1종,051-260-5534
7726,에스비정공,"부산광역시 강서구 공항로339번길 26-6,  외 3필지 (대저2동)","탭, 밸브 및 유사장치 제조업",051-973-5317
7727,에스비테크 주식회사,"부산광역시 해운대구 센텀6로 21, 4층 408 (우동, 인텔리움센텀)",그외 기타 전자부품 제조업,051-731-2086
7728,에스씨푸드,부산광역시 기장군 정관면 산단7로 69 (정관면),수산식물 가공 및 저장 처리업,051-782-0961
7729,에스아이테크,부산광역시 사상구 낙동대로1366번길 67(삼락동),그 외 기타 분류 안된 금속 가공 제품 제조업,미등록
7730,에스아이플로텍(주),부산광역시 기장군 정관읍 농공길 13-70,유압기기 제조업,051-932-5338
7731,에스알(S.R)씨푸드,부산광역시 사하구 장평로15번길 1-6 (장림동),"수산동물 훈제, 조리 및 유사 조제식품 제조업",051-266-4692
7732,에스알텍,부산광역시 강서구 가락대로1397번길 307 (봉림동),절삭가공 및 유사처리업,051-831-6925
7733,에스앤제이 엔지니어,"부산광역시 강서구 과학산단1로60번길 31, 1동 2층 205호(지사동, 부산테크노파크)",선박 구성 부분품 제조업 외 4종,051-208-9993
7734,에스앤제이클린텍(주),부산광역시 강서구 맥도강변길 194 (대저2동),기타 가정용 전기기기 제조업,051-724-9000
7735,에스앤케이,부산광역시 기장군 장안읍 장안산단7로 128,승강기 제조업,051-728-3692
7736,에스앤티다이내믹스주식회사 지사공장,부산광역시 강서구 과학산단2로 31 (지사동),배전반 및 전기 자동제어반 제조업,055-280-5361
7737,에스앤티모티브(주),부산광역시 기장군 철마면 여락송정로 363,자동차용 신품 동력전달장치 제조업 외 6종,051-509-2342
7738,에스앤티모티브(주)정관공장,부산광역시 기장군 정관읍 산단4로 2-36 (S&T기전(주)),그 외 자동차용 신품 부품 제조업 외 4종,051-509-2342
7739,에스앤피,"부산광역시 해운대구 삼어로 169, 102호 (반여동)",간판 및 광고물 제조업,051-852-5047
7740,에스앤피글로벌(주) ,부산광역시 강서구 대저중앙로394번가길 142 (대저1동),변압기 제조업 외 5종,051-816-8836
7741,에스에스ENG,부산광역시 강서구 미음국제5로가길 15 (미음동),유압기기 제조업,070-8612-1377
7742,에스에스기공,부산광역시 사상구 감전천로 87 (감전동),기어 및 동력전달장치 제조업 외 8종,051-319-3434
7743,에스에스마린솔루션,"부산광역시 영도구 대평로20번길 9, 백경유압 내(대평동1가)",선박 구성 부분품 제조업,051-417-2100
7744,에스에스에이(주),부산광역시 사하구 하신중앙로27번길 6 (장림동),그 외 기타 특수목적용 기계 제조업 외 6종,051-325-2900
7745,에스에스엘인터내셔널(주),"부산광역시 강서구 가달2로55번길 16, 에스에스엘인터내셔널(주) (생곡동)","금속 문, 창, 셔터 및 관련제품 제조업 외 1종",051-303-3033
7746,에스에스이(주),부산광역시 사하구 하신번영로151번길 17 (신평동),그 외 기타 금속가공업 외 1종,070-4320-3488
7747,에스에스이주식회사,"부산광역시 사하구 하신중앙로3번가길 28, B동 (장림동)",선박 구성 부분품 제조업 외 1종,070-4320-3488
7748,에스에스테크 주식회사,"부산광역시 강서구 과학산단1로60번길 31, postbi동 1층 103, 104 (지사동)",전구 및 램프 제조업 외 2종,051-987-9988
7749,에스에이치 코리아,부산광역시 사상구 모덕로107번길 11 (모라동),가정용 및 산업용 공기 조화장치 제조업 외 1종,051-314-3972
7750,에스에이치신소재 주식회사,"부산광역시 강서구 낙동북로102번가길 21, 에스에이치신소재(주) (강동동)",플라스틱 시트 및 판 제조업,051-928-0714
7751,에스에이치테크,"부산광역시 강서구 신덕길18번길 3-11, 에스에이치테크 (대저1동)","동 압연, 압출 및 연신제품 제조업 외 2종",051-941-2604
7752,에스에이치텍,부산광역시 강서구 가락대로1397번길 247 (봉림동),"전기회로 개폐, 보호장치 제조업 외 1종",051-941-7977
7753,에스에이치플랜트(주),부산광역시 강서구 녹산산업중로 32-19 (송정동),구조용 금속 판제품 및 공작물 제조업,051-831-1817
7754,에스에이치피(SHP),"부산광역시 남구 용호로159번길 94, B1층 102호(용호동)","탭, 밸브 및 유사장치 제조업",051-625-7114
7755,에스에프에프,부산광역시 강서구 화전산단6로54번길 13 (화전동),금속 단조제품 제조업,051-925-0079
7756,에스에프에프코리아(주),부산광역시 강서구 과학산단1로103번길 53 (지사동),절삭가공 및 유사처리업,051-941-8885
7757,에스엔더블유테크,부산광역시 사상구 가야대로103번길 10 (감전동),그 외 기타 1차 철강 제조업 외 45종,051-322-3493
7758,에스엔더블유테크,부산광역시 강서구 가리새2로13번길 14(생곡동),그 외 기타 1차 철강 제조업 외 31종,051-322-3493
7759,에스엔디스틸,부산광역시 강서구 미음산단로199번길 47 (미음동),절삭가공 및 유사처리업,051-831-0552
7760,에스엔스틸(주),부산광역시 사하구 홍티로 92 (다대동),그 외 기타 1차 철강 제조업 외 1종,051-924-7900
7761,에스엔에프(주),부산광역시 강서구 낙동남로456번길 25-17 (녹산동),선박 구성 부분품 제조업,051-261-6903
7762,에스엔케이,부산광역시 강서구 유통단지1로132번길 28 (대저2동),"기타 측정, 시험, 항해, 제어 및 정밀기기 제조업",051-973-6783
7763,에스엔피,부산광역시 강서구 맥도길 346(대저2동),볼트 및 너트류 제조업,051-403-5866
7764,에스엘케이글로벌,부산광역시 기장군 장안읍 에코산단2로 70,내연기관 제조업,051-727-8302
7765,에스엠,부산광역시 강서구 대저중앙로237번길 15-15 (대저1동),전시 및 광고용 조명장치 제조업,051-832-6969
7766,에스엠(SM)테크,부산광역시 강서구 식만로85번길 28(죽림동),가방 및 기타 보호용 케이스 제조업,051-311-9379
7767,에스엠베스트,"부산광역시 남구 신선로 365, 종합실습관 113호 (용당동, 부경대학교)",그 외 기타 플라스틱 제품 제조업,051-611-0635
7768,에스엠산업 금속제련 주식회사,부산광역시 강서구 녹산산단261로40번길 12 (송정동),"알루미늄 제련, 정련 및 합금 제조업",미등록
7769,에스엠아이,부산광역시 강서구 화전산단5로37번길 17 (화전동),절삭가공 및 유사처리업,031-498-3366
7770,에스엠엔지니어링,부산광역시 영도구 대평남로 45 (대평동2가),선박 구성 부분품 제조업,051-414-8529
7771,에스엠정밀기술,부산광역시 강서구 과학산단2로3번길 88 (지사동),주형 및 금형 제조업,051-960-5900
7772,에스엠테크,부산광역시 강서구 평강로193번길 45 (대저1동),그 외 기타 1차 철강 제조업,051-941-7471
7773,에스엠테크,부산광역시 강서구 녹산산단382로50번길 24 (송정동),그 외 기타 일반목적용 기계 제조업 외 2종,051-327-2366
7774,에스엠테크,부산광역시 강서구 체육공원로6번길 181-12 (대저1동),산업용 송풍기 및 배기장치 제조업,051-894-8717
7775,에스엠티,부산광역시 강서구 대저중앙로348번길 24-22 (대저1동),절삭가공 및 유사처리업,051-302-0390
7776,에스엠하이텍,부산광역시 사하구 다산로 182 (다대동),절삭가공 및 유사처리업,051-265-2304
7777,에스와이기어(주),부산광역시 강서구 미음산단4로 70(미음동),기어 및 동력전달장치 제조업 외 1종,055-336-8191
7778,에스와이메탈,"부산광역시 강서구 미음국제5로라길 17, (주)호성 (미음동)",자동차용 신품 조향장치 및 현가 장치 제조업,미등록
7779,에스와이테크,부산광역시 사상구 주례로 216(학장동),주형 및 금형 제조업 외 1종,051-328-9807
7780,에스와이테크,부산광역시 사상구 사상로319번길 14 (덕포동),그 외 기타 고무제품 제조업 외 16종,051-317-8250
7781,에스와이파워 주식회사,부산광역시 기장군 정관읍 산단1로 72,배전반 및 전기 자동제어반 제조업,051-727-4265
7782,에스이앤에스(주),"부산광역시 영도구 봉래나루로 285, 1층 1호 (봉래동4가)",선박 구성 부분품 제조업,051-416-9184
7783,에스이앤테크주식회사,"부산광역시 강서구 미음국제5로 93(미음동, 김형수공장)",그 외 기타 특수목적용 기계 제조업 외 15종,051-711-2743
7784,에스이에스티(주),부산광역시 강서구 미음산단로8번길 37 (구랑동),액체 여과기 제조업,051-920-1000
7785,에스이엔피,부산광역시 강서구 녹산산단382로50번길 25 (송정동),기타 인쇄업 외 1종,051-203-4474
7786,에스이엠,"부산광역시 사상구 대동로179번길 7, 2층 (학장동)",액체 펌프 제조업,051-742-2702
7787,에스제이 (SJ) 테크윈,부산광역시 강서구 평강로345번길 138-9 (대저1동),주형 및 금형 제조업,051-941-6197
7788,에스제이강업(주),부산광역시 강서구 낙동남로644번길 26 (녹산동),절삭가공 및 유사처리업,051-324-3324
7789,에스제이나노텍,부산광역시 강서구 녹산산업중로168번길 13 (송정동),계면활성제 제조업,070-8805-1619
7790,에스제이볼트,부산광역시 사상구 새벽로63번길 48 (학장동),볼트 및 너트류 제조업,055-298-9532
7791,에스제이스틸,부산광역시 강서구 녹산산단231로 64 (송정동),절삭가공 및 유사처리업,미등록
7792,에스제이이(주),"부산광역시 기장군 정관읍 산단7로 78-21,  (정관읍 예림리 203-22번지)",유압기기 제조업 외 2종,051-727-5775
7793,에스제이테크,부산광역시 강서구 녹산산단261로14번길 17-25 (송정동),선박 구성 부분품 제조업,051-831-9832
7794,에스제이테크,부산광역시 강서구 제도로1041번길 236-4 (강동동),주형 및 금형 제조업,051-714-3327
7795,에스지솔루션(주),부산광역시 강서구 미음산단5로41번길 25 (미음동),"전기회로 개폐, 보호장치 제조업 외 13종",055-719-3001
7796,에스지에스부산다이빙 유한회사,부산광역시 강서구 미음국제5로마길 23 (미음동),선박 구성 부분품 제조업,051-971-8922
7797,에스지엔지니어링,부산광역시 영도구 해양로195번나길 22 (동삼동),선박 구성 부분품 제조업,051-414-6614
7798,에스지테크,"부산광역시 강서구 화전산단6로 35(화전동, 부산시기계공업협동조합)",그 외 기타 금속가공업,051-973-2484
7799,에스케이라이팅,부산광역시 사상구 새벽로 53-12 (학장동),일반용 전기 조명장치 제조업 외 4종,051-313-0100
7800,에스케이브이(주),부산광역시 영도구 절영로94번길 9-9 (영선동3가),선박 구성 부분품 제조업,051-417-8951
7801,에스케이에프코리아(주),부산광역시 강서구 과학산단2로19번길 99 (지사동),그 외 자동차용 신품 부품 제조업 외 3종,051-970-2411
7802,에스케이파워텍(주),부산광역시 기장군 장안읍 의과학4로 2,기타 반도체소자 제조업,051-727-4816
7803,에스크텍,부산광역시 강서구 평강로 6 (강동동),배전반 및 전기 자동제어반 제조업,051-941-1971
7804,에스테크에이치(주),부산광역시 강서구 녹산산업중로 32-21 (송정동),선박 구성 부분품 제조업,미등록
7805,에스텍,"부산광역시 사상구 낙동대로988번길 4 (감전동, 대우금속)",전기경보 및 신호장치 제조업 외 2종,051-326-7822
7806,에스텍,부산광역시 강서구 녹산산업중로 287-19(송정동),"금속 문, 창, 셔터 및 관련제품 제조업",051-831-6644
7807,에스티메탈,부산광역시 강서구 녹산산단290로 25 (송정동),강관 가공품 및 관 연결구류 제조업,051-832-5078
7808,에스티아이,부산광역시 사하구 을숙도대로 662 (장림동),육상 금속 골조 구조재 제조업 외 1종,051-207-6743
7809,에스티엠(STM),"부산광역시 사하구 하신중앙로27번길 17, 3층 301호 (장림동, 에이스밀)",그 외 기타 전기장비 제조업,051-265-5203
7810,에스티케이엔지니어링(주),부산광역시 기장군 장안읍 반룡산단3로 66,"전기회로 개폐, 보호장치 제조업 외 1종",051-714-1179
7811,에스티테크(주),부산광역시 사하구 감천항로419번길 46 (구평동),선박 구성 부분품 제조업 외 2종,051-266-1872
7812,에스피기전,"부산광역시 사상구 새벽로167번길 92 (감전동, (주)세풍전기)",배전반 및 전기 자동제어반 제조업,051-312-3060
7813,에스피라이트,"부산광역시 사상구 모라로 22, 14층 1411호(모라동)",교통 신호장치 제조업 외 1종,051-609-9005
7814,에스피씨케이(주),부산광역시 강서구 미음산단로403번길 12 (미음동),절삭가공 및 유사처리업,051-831-2593
7815,에스피씨케이(주),부산광역시 강서구 미음산단로403번길 14 (미음동),절삭가공 및 유사처리업,051-322-2107
7816,에스피앤지(주),부산광역시 강서구 가락대로 704 (생곡동),유압기기 제조업,051-322-0004
7817,에스피앤지(주),"부산광역시 사상구 가야대로213번길 9 (주례동, (주)에스피앤지)",기체 펌프 및 압축기 제조업,051-326-1341
7818,에스피엘(주),부산광역시 강서구 과학산단2로19번길 57 (지사동),그 외 자동차용 신품 부품 제조업 외 3종,051-941-7631
7819,에스피엘(주),부산광역시 강서구 과학산단2로19번길 49 (지사동),그 외 자동차용 신품 부품 제조업,053-856-7875
7820,에스피정공,부산광역시 금정구 반송로490번길 12-8 (금사동),디지털 적층 성형기계 제조업 외 1종,미등록
7821,에스피펌프,부산광역시 강서구 대저들길 438-3 (대저1동),액체 펌프 제조업,051-313-1750
7822,에쓰엠팹(주),"부산광역시 사하구 낙동대로550번길 37, 창업관 105호(하단동, 동아대학교)","탭, 밸브 및 유사장치 제조업",051-200-7749
7823,에어솔리스,"부산광역시 강서구 미음산단5로41번길 21, 303호(미음동, 첨단융복합소재센터)",비동력식 수공구 제조업 외 2종,051-941-9345
7824,에이-원테크,부산광역시 강서구 신호산단3로88번길 16 (신호동),자동차용 금속 압형제품 제조업 외 3종,051-941-8166
7825,에이스마케팅(주),부산광역시 기장군 정관면 산단3로 91-24,기타 과실ㆍ채소 가공 및 저장 처리업,051-728-4571
7826,에이스산업,부산광역시 영도구 청학동 1-95번지 (일부),내연기관 제조업 외 1종,051-418-8116
7827,에이스정밀,"부산광역시 사상구 낙동대로1348번길 57 (삼락동, 에이스정밀)",금속 절삭기계 제조업,051-316-5116
7828,에이스테크,부산광역시 강서구 화전산단5로98번길 10 (화전동),변압기 제조업,051-941-8425
7829,에이스테크주식회사,부산광역시 강서구 미음산단3로 142 (미음동),"용기 세척, 포장 및 충전기 제조업",051-995-3200
7830,에이스피팅,부산광역시 강서구 대저중앙로 360-27 (대저1동),"탭, 밸브 및 유사장치 제조업",051-941-3303
7831,에이시티(A.C.T),부산광역시 강서구 공항로1347번길 98-2 (대저1동),기체 여과기 제조업 외 9종,051-941-9550
7832,에이씨엔(ACN)컬렉션,"부산광역시 사상구 낙동대로943번길 235, 405호 (감전동)",신발 부분품 제조업,미등록
7833,에이알엔지니어링,부산광역시 사하구 감천로 58 (감천동),산업용 냉장 및 냉동 장비 제조업 외 2종,051-204-3366
7834,에이알티(ART),부산광역시 강서구 녹산산단381로86번길 14-3 (송정동),선박 구성 부분품 제조업,055-904-6026
7835,에이앤티,"부산광역시 기장군 장안읍 명례산단3로 98, 에이앤티",볼트 및 너트류 제조업,051-727-0150
7836,에이엠테크,부산광역시 강서구 대저중앙로357번길 64 (대저1동),주형 및 금형 제조업 외 1종,051-305-0714
7837,에이엠특장써비스  ,부산광역시 기장군 장안읍 에코산단2로 64 ,차체 및 특장차 제조업,051-704-2092
7838,에이원산업,부산광역시 강서구 미음산단1로15번길 11 (구랑동),"탭, 밸브 및 유사장치 제조업 외 1종",051-971-5665
7839,에이원상사,부산광역시 수영구 수영로 662 (광안동),기타 직물제품 제조업 외 1종,051-759-4945
7840,에이원스틸(주),부산광역시 사상구 낙동대로901번길 32(감전동),그 외 기타 1차 철강 제조업,051-271-0533
7841,에이원스틸(주),부산광역시 사상구 낙동대로901번길 21 (감전동),그 외 기타 금속가공업,051-271-0533
7842,에이원이엔지,부산광역시 사상구 새벽로45번길 22 (학장동),자동차 차체용 신품 부품 제조업 외 1종,051-941-1880
7843,에이원코퍼레이션,부산광역시 사상구 낙동대로901번길 21 (감전동),그 외 기타 금속가공업,051-311-5423
7844,에이원패키지,부산광역시 강서구 평강로171번길 229 (대저1동),골판지 제조업 외 1종,미등록
7845,에이제트마린,부산광역시 영도구 해양로182번길 14(청학동),선박 구성 부분품 제조업 외 4종,미등록
7846,에이취티에스(주),"부산광역시 남구 수영로 309, 5호관 B114호(대연동, 경성대학교)",교통 신호장치 제조업,051-715-7744
7847,에이치디종합소재,부산광역시 강서구 녹산산업중로 88 (송정동),선박 구성 부분품 제조업,051-972-6626
7848,에이치비스틸 주식회사,부산광역시 강서구 녹산화전로 63 (송정동),그 외 기타 분류 안된 금속 가공 제품 제조업,미등록
7849,에이치아이(주),"부산광역시 사상구 학장로95번길 30 (학장동, 후소산기(주))",유압기기 제조업,051-313-9411
7850,에이치앤케이,부산광역시 강서구 금호순서길 98 (대저2동),절삭가공 및 유사처리업 외 15종,미등록
7851,에이치에스(HS)마린 엔지니어링,부산광역시 영도구 대평남로51번길 5 (대평동2가),선박 구성 부분품 제조업 외 1종,051-413-0075
7852,에이치에스인슐텍,부산광역시 사하구 장림번영로84번길 34 (장림동),"천막, 텐트 및 유사 제품 제조업 외 1종",051-264-1966
7853,에이치에스테크(주),부산광역시 강서구 과학산단2로3번길 56  (지사동),가정용 및 산업용 공기 조화장치 제조업 외 1종,051-831-9935
7854,에이치에프 하이텍,"부산광역시 사상구 학감대로163번길 13-10 (학장동, 하이텍)",볼트 및 너트류 제조업 외 2종,051-315-3974
7855,에이치엘비오션테크 주식회사,부산광역시 강서구 평강로229번길 21-25 (대저1동),"탭, 밸브 및 유사장치 제조업",055-720-1000
7856,에이치엘텍주식회사,"부산광역시 강서구 녹산산단261로14번길 45-13,(송정동1610-5) (송정동)",일반용 전기 조명장치 제조업 외 3종,070-4070-7976
7857,에이치엠이(주),부산광역시 기장군 장안읍 장안산단로 43,배전반 및 전기 자동제어반 제조업 외 2종,051-709-9000
7858,에이치엠하이브,"부산광역시 사상구 사상로333번길 9, 1층(덕포동, 태화정밀)",신발 부분품 제조업,051-513-5653
7859,에이치엠홀릭,부산광역시 기장군 기장읍 청강로 92,기타 주변기기 제조업,070-8767-0030
7860,에이치와이 컨텍,"부산광역시 남구 신선로 365, 3공학관 103A(용당동, 부경대학교용당캠퍼스)",광학렌즈 및 광학요소 제조업,미등록
7861,에이치제이이(주),부산광역시 강서구 과학산단2로19번길 30 (지사동),그 외 기타 금속가공업,미등록
7862,에이치지에프앤비,"부산광역시 강서구 녹산산단382로14번길 55, 2층 5호 (송정동, 부산광역시 신발산업진흥센타)",식물성 유지 제조업,051-717-3352
7863,에이치지엠,부산광역시 강서구 미음국제5로나길 30(미음동),유압기기 제조업 외 1종,미등록
7864,에이치케이,"부산광역시 사상구 사상로 375 (덕포동, 오피스프라자)",간판 및 광고물 제조업,051-756-2262
7865,에이치케이 엘이디테크,"부산광역시 영도구 남항남로 41, 2층(남항동3가) (남항동3가)",선박 구성 부분품 제조업,051-417-8881
7866,에이치케이(HK)라이팅,부산광역시 강서구 녹산산업중로 51-7 (송정동),일반용 전기 조명장치 제조업 외 1종,051-831-7330
7867,에이치케이라이팅,부산광역시 강서구 미음국제5로나길 28(미음동),일반용 전기 조명장치 제조업 외 2종,051-831-7330
7868,에이치툴,"부산광역시 사하구 신산로 120,  8층 806호 (신평동)",치과용 기기 제조업,미등록
7869,에이치티씨(H.T.C),부산광역시 강서구 녹산산업중로 130 (송정동),운송장비 조립용 플라스틱제품 제조업,미등록
7870,에이치티엠,"부산광역시 금정구 부산대학로63번길 2, 효원산학협동관 303호(장전동, 부산대학교)",액체 펌프 제조업 외 4종,미등록
7871,에이치티엠 주식회사,부산광역시 강서구 과학산단로369번길 14 (지사동),절삭가공 및 유사처리업,051-972-7951
7872,에이치티이(HTE),부산광역시 영도구 대평로6번길 7(대평동1가),선박 구성 부분품 제조업,051-416-4950
7873,에이텍,부산광역시 강서구 녹산화전로 23 (송정동),강관 가공품 및 관 연결구류 제조업 외 3종,051-832-0723
7874,에이티시,부산광역시 기장군 정관읍 곰내길 641,유압기기 제조업 외 1종,051-466-7011
7875,에이티이엔지(대저공장),부산광역시 강서구 대저중앙로357번길 46-1 (대저1동),그 외 자동차용 신품 부품 제조업 외 3종,051-3865-1586
7876,에코레이저(주),"부산광역시 강서구 과학산단1로60번길 31, 7동 5층 501호 (지사동, 부산테크노파크)",그 외 기타 일반목적용 기계 제조업 외 1종,051-973-1333
7877,에코바이오초크(주),"부산광역시 해운대구 좌동순환로 302, 2층 (좌동)",일반용 전기 조명장치 제조업,051-545-9771
7878,에코스타,"부산광역시 남구 신선로 2, 1동 3층 309호 (우암동)",전기용 탄소제품 및 절연제품 제조업,미등록
7879,에코조경,부산광역시 강서구 상납청길 121 (대저2동),기타 건축용 나무제품 제조업 외 3종,051-941-2470
7880,에코창,부산광역시 해운대구 삼어로91번길 130-8 (반여동),커튼 및 유사제품 제조업,051-868-9823
7881,에코파워(주),부산광역시 사하구 장평로132번길 12 (장림동),일반용 전기 조명장치 제조업 외 4종,051-417-8884
7882,에코필텍(주),부산광역시 강서구 범방2로 24 (범방동),기체 여과기 제조업,051-972-5531
7883,에코필텍(주),부산광역시 강서구 과학산단로333번길 32 (지사동),기체 여과기 제조업 외 1종,051-972-5531
7884,에프에스에스,부산광역시 강서구 화전산단6로90번길 22(화전동),그 외 기타 분류 안된 금속 가공 제품 제조업,051-831-1630
7885,에프에스원 주식회사,부산광역시 강서구 미음국제5로마길 45(미음동),기타 가공 공작기계 제조업,051-973-2721
7886,에피룩스,"부산광역시 강서구 미음국제5로다길 30, 에피룩스 (미음동)",일반용 전기 조명장치 제조업 외 2종,051-323-7253
7887,엑서텍,"부산광역시 사하구 신산로 120,  3층 311호 (신평동)",기타 일반 기계 및 장비 수리업,미등록
7888,엑스레드,"부산광역시 사하구 보덕포1길 93, 2층 (장림동)",기타 일반 기계 및 장비 수리업 외 1종,미등록
7889,엑스티지(주),부산광역시 기장군 장안읍 명례산단4로 65-17,그 외 기타 1차 철강 제조업 외 1종,051-316-9685
7890,엔디그린,부산광역시 강서구 봉죽길 117 (봉림동),기타 기초 유기화학 물질 제조업,미등록
7891,엔라이트비전,부산광역시 해운대구 해운대로483번길 15-2 (우동),금속 표시판 제조업 외 1종,051-742-0611
7892,엔씨정공(주),부산광역시 강서구 범방2로9번길 11 (범방동),주형 및 금형 제조업,051-831-3386
7893,엔아이에스,부산광역시 강서구 범방2로 32 (범방동),선박 구성 부분품 제조업,051-973-3264
7894,엔에스메탈,부산광역시 강서구 제도로 767-4 (강동동),강관 제조업,미등록
7895,엔에이치파워,부산광역시 사하구 감천항로 477 (구평동),전동기 및 발전기 제조업 외 1종,051-266-4510
7896,엔제이테크,부산광역시 사상구 가야대로 220 (학장동),주형 및 금형 제조업 외 1종,051-728-7985
7897,엔젤식품,"부산광역시 북구 시랑로21번길 6 (구포동, 차고)",도시락류 제조업 외 2종,051-343-1004
7898,엔지스인포텍(주),부산광역시 동래구 충렬대로 91 (온천동),컴퓨터 제조업,051-501-0045
7899,엔지유글라스(주),부산광역시 기장군 장안읍 반룡산단1로 32,판유리 제조업 외 3종,051-711-6200
7900,엔케이에스(주),"부산광역시 금정구 개좌로 273-20, 1층 107호  (회동동)",자동차 차체용 신품 부품 제조업,051-668-5161
7901,엔케이에스(주),"부산광역시 금정구 개좌로 273-20, 1층 106호 (회동동)",자동차 차체용 신품 부품 제조업,051-668-5161
7902,엔케이에스(주),부산광역시 기장군 정관읍 산단5로 92,자동차 차체용 신품 부품 제조업,051-668-5164
7903,엔케이팩,부산광역시 사하구 신산로 117 (신평동),골판지 제조업,051-202-5551
7904,엔코이엔지,부산광역시 기장군 정관읍 정관상곡2길 59-49,구조용 금속 판제품 및 공작물 제조업 외 39종,051-728-3231
7905,엘디엠,부산광역시 기장군 장안읍 좌동리 271-1번지,기기용 자동측정 및 제어장치 제조업,미등록
7906,엘리시온,"부산광역시 금정구 회천로26번길 27 (회동동, 엘리시온)",과자류 및 코코아 제품 제조업,051-529-8695
7907,엘비글로벌(주),"부산광역시 사상구 엄궁로 70-16, 416호 (엄궁동, 부산테크노파크)",그 외 기타 일반목적용 기계 제조업 외 1종,051-323-8875
7908,엘비리텍 주식회사,부산광역시 강서구 녹산산단262로50번길 29 (송정동),기타 물품 취급장비 제조업,043-716-0007
7909,엘앤비솔루텍,부산광역시 강서구 과학산단2로19번길 50(지사동),절삭가공 및 유사처리업 외 1종,055-222-7472
7910,엘에스비이(주),부산광역시 강서구 과학산단1로 151 (지사동),도장 및 기타 피막처리업,051-974-1300
7911,엘에스일렉트릭(주),부산광역시 강서구 화전산단2로 9 (화전동),기타 전기 변환장치 제조업 외 1종,051-795-6114
7912,엘에스일렉트릭(주),부산광역시 강서구 화전산단5로117번길 35 (화전동),변압기 제조업 외 2종,051-795-6114
7913,엘에스지마리타임,부산광역시 영도구 대평남로 52 (대평동2가),선박 구성 부분품 제조업,051-418-1321
7914,엘에스파워솔루션 주식회사,부산광역시 강서구 녹산산단77로 6 (송정동),변압기 제조업 외 3종,051-832-0550
7915,엘에프티,부산광역시 강서구 호계로145번길 18 (죽동동),유압기기 제조업,051-711-5902
7916,엘엔케이,부산광역시 강서구 제도로 743 (강동동),구조용 금속 판제품 및 공작물 제조업 외 51종,051-973-3997
7917,엘엠에스에스,"부산광역시 동래구 아시아드대로 지하232, 상가 5호 3-4(온천동, 도시철도 미남역)",그 외 기타 플라스틱 제품 제조업,051-323-6888
7918,엘와이티마린,부산광역시 영도구 해양로 194 (청학동),선박 구성 부분품 제조업,051-412-0491
7919,엘카퍼니처,부산광역시 사상구 가야대로196번길 14(학장동),금속 가구 제조업 외 4종,051-314-3366
7920,엘케이베큠,부산광역시 강서구 가리새1로17번길 25 (생곡동),기체 펌프 및 압축기 제조업,051-714-6111
7921,엘케이컨트롤,부산광역시 영도구 해양로195번나길 38 (동삼동),선박 구성 부분품 제조업,051-711-7251
7922,엘케이피팅 주식회사,"부산광역시 사상구 가야대로12번길 12, 1층 (감전동)",금속 단조제품 제조업,미등록
7923,엘코미(주),부산광역시 강서구 녹산산단381로 13 (송정동),목재문 및 관련제품 제조업 외 2종,051-831-0243
7924,엘코엔지니어링(주),부산광역시 강서구 제도로 791-1 (강동동),그 외 자동차용 신품 부품 제조업 외 3종,051-973-6135
7925,엘테크,"부산광역시 사하구 신산로 120,  2층 204호 (신평동)",기체 펌프 및 압축기 제조업,051-917-0629
7926,엠.파워,부산광역시 강서구 울만로25번길 75 (대저2동),배전반 및 전기 자동제어반 제조업,051-528-5553
7927,엠스코,부산광역시 사하구 하신번영로 438-4 (하단동),배전반 및 전기 자동제어반 제조업,051-717-2899
7928,엠스텍,부산광역시 강서구 녹산산단407로 45 (송정동),절삭가공 및 유사처리업,051-266-0551
7929,엠아이플래닝,"부산광역시 사하구 신산로 120,  8층 825호 (신평동)",교통 신호장치 제조업 외 2종,미등록
7930,엠알타이어 주식회사,부산광역시 강서구 낙동남로622번길 47 (녹산동),고무 타이어 및 튜브 제조업,051-255-3231
7931,엠앤씨엔지니어링 주식회사,"부산광역시 영도구 산업로 23 (청학동, 일신빌딩)",선박 구성 부분품 제조업 외 1종,051-418-8306
7932,엠에스건철주식회사,부산광역시 금정구 공단로 68-37 (금사동),"금속 문, 창, 셔터 및 관련제품 제조업",051-558-4466
7933,엠에스글로벌바이오(주)제1공장,"부산광역시 기장군 일광면 횡계길 7, B동 103호 (해양생물산업육성센터)",기타 비알코올 음료 제조업,051-247-9183
7934,엠에스메카텍,"부산광역시 북구 효열로 111, 부산지식산업센터 305호 (금곡동)",그 외 기타 특수목적용 기계 제조업,051-312-1518
7935,엠에스애드,부산광역시 기장군 일광면 청원길 315,그 외 기타 플라스틱 제품 제조업,미등록
7936,엠에스엔티(주),부산광역시 영도구 대평로46번길 16 (대평동2가),기타 선박 건조업,051-412-1970
7937,엠에스전자통신(주),"부산광역시 동래구 금강로 160-1, 상가 201호 (온천동, 성완아이렉스)",유선 통신장비 제조업 외 5종,02-474-5005
7938,엠에스테크,"부산광역시 사하구 신산로 120, 3층 314호 (신평동)",배전반 및 전기 자동제어반 제조업,미등록
7939,엠에스티,부산광역시 강서구 공항로393번길 21 (대저2동),육상 금속 골조 구조재 제조업 외 14종,051-941-9898
7940,엠에이치테크,부산광역시 강서구 과학산단로369번길 14 (지사동),절삭가공 및 유사처리업,051-831-5120
7941,엠엠에스,부산광역시 영도구 해양로 33-32 (청학동),선박 구성 부분품 제조업,051-412-4666
7942,엠엠케이 주식회사,부산광역시 강서구 공항로 1105-3 (대저1동),산업용 난방보일러 및 방열기 제조업 외 1종,051-256-5161
7943,엠원엔지니어링,부산광역시 사상구 대동로 199-9 (학장동),"탭, 밸브 및 유사장치 제조업",070-4104-7480
7944,엠제이테크,부산광역시 강서구 화전산단5로 102(화전동),주형 및 금형 제조업,051-973-6820
7945,엠제이테크,부산광역시 강서구 체육공원로52번길 75 (대저1동),디지털 적층 성형기계 제조업 외 1종,051-302-6842
7946,엠제이테크놀러지 주식회사,부산광역시 사상구 낙동대로1292번길 36 (삼락동),액체 여과기 제조업,051-301-8167
7947,엠티시솔루션,부산광역시 강서구 신호산단3로88번길 30 (신호동),그 외 자동차용 신품 부품 제조업 외 4종,051-972-8231
7948,엠티코리아(주),부산광역시 강서구 화전산단2로134번길 33 (화전동),절삭가공 및 유사처리업 외 12종,051-832-5115
7949,엠피컴,부산광역시 강서구 녹산산업중로 35 (송정동),비주거용 건물 임대업,미등록
7950,엠피테크(MP TECH),부산광역시 사상구 사상로386번길 16 (덕포동),절삭가공 및 유사처리업,051-715-3931
7951,엠핀스포츠,부산광역시 기장군 기장읍 청강로85번길 105,셔츠 및 블라우스 제조업 외 1종,051-781-0821
7952,여전테크,"부산광역시 사하구 다산로78번길 31, 1층2동 (다대동)",볼트 및 너트류 제조업,미등록
7953,여진산업,부산광역시 강서구 영강길 66 (명지동),간판 및 광고물 제조업,051-293-1341
7954,연산메탈(주),부산광역시 강서구 화전산단1로 8 (화전동),그 외 기타 1차 철강 제조업 외 4종,051-831-8866
7955,연식품,부산광역시 강서구 평강로229번가길 8(대저1동),육류 기타 가공 및 저장처리업 (가금류 제외),미등록
7956,연우정밀,"부산광역시 사상구 모덕로108번길 26 (덕포동, 연우정밀)",주형 및 금형 제조업,051-304-3427
7957,연우테크,부산광역시 강서구 미음산단로34번길 11 (구랑동) 한국CRANE,절삭가공 및 유사처리업,미등록
7958,연일금속,부산광역시 사하구 다산로225번길 28 (장림동),도금업,051-263-6366
7959,연일제경유리,부산광역시 강서구 신호산단3로88번길 21 (신호동),"금속 문, 창, 셔터 및 관련제품 제조업",051-832-6243
7960,연일주식회사,부산광역시 강서구 조정경기장길 12-30(강동동),유압기기 제조업,051-941-9487
7961,연지기획,"부산광역시 사상구 낙동대로1420번길 41,  305,305-1,513,514호 (삼락동)",기타 인쇄업 외 1종,051-302-3360
7962,연합전기,부산광역시 강서구 체육공원로52번길 95 (대저1동),배전반 및 전기 자동제어반 제조업,051-313-6618
7963,연합중기,"부산광역시 사하구 신산로 120,  7층 709호 (신평동)",강관 가공품 및 관 연결구류 제조업,미등록
7964,연합판금,"부산광역시 사상구 괘감로 16 (감전동, 금융기기)",배전반 및 전기 자동제어반 제조업,051-327-0768
7965,영광마린,부산광역시 영도구 대평남로 68-1 (대평동2가),선박 구성 부분품 제조업,051-417-4410
7966,영광사,부산광역시 사하구 다산로 250 (장림동),도금업,051-262-6373
7967,영광산업,부산광역시 사상구 낙동대로1468번길 24 (삼락동),절삭가공 및 유사처리업 외 1종,051-305-1444
7968,영광산업사,부산광역시 강서구 과학산단로305번길 57 (지사동),자동차용 신품 동력전달장치 제조업 외 31종,051-831-7780
7969,영광시스템,"부산광역시 금정구 개좌로 200 (회동동, 영광시스템)",금속 가구 제조업,051-524-8686
7970,영광에어텍,부산광역시 강서구 대저로 291-1 (대저1동),기체 여과기 제조업,051-316-0877
7971,영광전기,"부산광역시 영도구 대평로42번길 3,  1층일부 (대평동2가)",배전반 및 전기 자동제어반 제조업,051-415-3590
7972,영광특수공업사,부산광역시 강서구 대저중앙로286번길 141-3 (대저1동),선박 구성 부분품 제조업 외 2종,051-322-0559
7973,영광후렌지,부산광역시 사상구 강변대로456번길 16-43 (엄궁동),그 외 기타 1차 철강 제조업,051-315-9747
7974,영남ENG,부산광역시 강서구 대저중앙로347번길 62 (대저1동),금속 절삭기계 제조업,051-941-4008
7975,영남공업사,부산광역시 사상구 학감대로192번길 29 (학장동),"금속 문, 창, 셔터 및 관련제품 제조업",051-326-6475
7976,영남금속,부산광역시 사상구 가야대로 126 (학장동),"금속 문, 창, 셔터 및 관련제품 제조업",051-315-6475
7977,영남금속공업사,부산광역시 영도구 남항서로92번길 38 (남항동2가),기타 비철금속 주조업,051-416-1595
7978,영남기계,부산광역시 강서구 입소신평길 23 (대저2동),건설 및 채광용 기계장비 제조업,051-325-7735
7979,영남기계(주),부산광역시 사하구 다산로 55 (다대동),그 외 기타 일반목적용 기계 제조업 외 1종,051-261-3170
7980,영남기업사,부산광역시 사하구 다대로354번안길 25 (장림동),가정용 유리제품 제조업,051-261-8326
7981,영남벨트,부산광역시 강서구 세산길 366 (미음동),그 외 기타 고무제품 제조업,051-973-8284
7982,영남벨트,부산광역시 강서구 범방2로 11 (미음동),컨베이어장치 제조업 외 1종,051-973-8866
7983,영남엔지니어링,부산광역시 강서구 낙동북로138번길 43 (강동동),절삭가공 및 유사처리업,미등록
7984,영남인더스트리,부산광역시 기장군 기장읍 대청로72번길 24-7 (동성공업사),운송장비 조립용 플라스틱제품 제조업 외 1종,051-542-3300
7985,영남자동화기계,부산광역시 강서구 유통단지1로132번길 20 (대저2동),금속 절삭기계 제조업 외 1종,051-831-0217
7986,영남테크엔지니어링,부산광역시 영도구 남항서로 12-9 (남항동3가),선박 구성 부분품 제조업,051-418-9148
7987,영남통상,"부산광역시 수영구 무학로52번길 11, 지하1층 (광안동, 제산철학)",기타 가정용 전기기기 제조업,051-751-9695
7988,영남특수강 태양광발전소,부산광역시 강서구 유통단지1로132번길 20 (대저2동),태양력 발전업,051-322-2724
7989,영남특수강(주),부산광역시 강서구 유통단지1로132번길 20 (대저2동),그 외 기타 1차 철강 제조업,051-322-2724
7990,영농조합법인 보빈,부산광역시 기장군 장안읍 구운달길 6,차류 가공업,미등록
7991,영농조합법인 해밀,부산광역시 강서구 대저로89번다길 122 (대저1동),곡물 제분업,051-973-0655
7992,영도발전기,부산광역시 영도구 남항서로92번길 31 (남항동2가) (총 2 필지),전동기 및 발전기 제조업,051-416-4481
7993,영도비철공업사,부산광역시 사상구 대동로 217-1 (학장동),기타 1차 비철금속 제조업,051-315-1519
7994,영도비철공업사,부산광역시 강서구 생곡산단1로24번길 29 (생곡동),기타 1차 비철금속 제조업,051-315-1519
7995,영도산업(주),부산광역시 강서구 녹산산업중로 22 (송정동),"탭, 밸브 및 유사장치 제조업 외 2종",051-200-9000
7996,영도스프링공업사,"부산광역시 강서구 과학산단1로 31 (지사동, 자동차부품공장(아파트형공장))",그 외 자동차용 신품 부품 제조업 외 4종,051-831-0271
7997,영도조선(주),부산광역시 영도구 대평남로51번길 26 (대평동2가),강선 건조업 외 1종,051-416-1001
7998,영동공업사,부산광역시 서구 천마로 96 (남부민동),운송장비 조립용 플라스틱제품 제조업 외 1종,051-256-3568
7999,영동기계,부산광역시 강서구 평강로 227-31 (대저1동) (총 2 필지),그 외 기타 일반목적용 기계 제조업 외 1종,미등록
8000,영동목형,부산광역시 강서구 가락대로1397번길 105 (봉림동),주형 및 금형 제조업,051-312-3059
8001,영동산업사,부산광역시 사하구 하신번영로 139 (신평동),그 외 자동차용 신품 부품 제조업 외 3종,051-207-8661
8002,영동오부라이트,"부산광역시 사상구 모덕로96번길 7 (덕포동, 혁우산업)",식품 위생용 종이 상자 및 용기 제조업 외 1종,051-302-3355
8003,영동오부라이트  ,부산광역시 기장군 장안읍 반룡산단3로 96,과자류 및 코코아 제품 제조업,051-302-3355
8004,영동합포(유),"부산광역시 사상구 낙동대로1318번길 64 (삼락동, 영동합포(유))",세폭직물 제조업 외 3종,051-301-5406
8005,영림전자,부산광역시 해운대구 재송1로46번길 45 (재송동),그 외 기타 전자부품 제조업 외 1종,051-781-1042
8006,영모화학,부산광역시 강서구 대저중앙로 360-5 (대저1동),"플라스틱 포대, 봉투 및 유사제품 제조업",051-971-3594
8007,영문사,부산광역시 서구 대영로86번길 55-8 (동대신동1가),기타 인쇄업 외 1종,051-256-9997
8008,영민섬유공업(주),부산광역시 사상구 사상로433번길 23 (모라동),화학섬유직물 직조업,051-303-8233
8009,영보산업,부산광역시 사하구 을숙도대로755번길 79 (구평동),제판 및 조판업,051-263-1178
8010,영석기업     ,"부산광역시 기장군 정관읍 정관로 801, 유일고무(주)제2공장(농공)",그 외 자동차용 신품 부품 제조업 외 3종,070-4194-2236
8011,영성금속(주),부산광역시 사상구 낙동대로1446번길 10 (삼락동),그 외 기타 플라스틱 제품 제조업,051-302-3863
8012,영성전기,부산광역시 영도구 대평로27번길 21 (대평동1가),선박 구성 부분품 제조업,051-417-5325
8013,영성종합포장,부산광역시 강서구 녹산산단382로 17 (송정동),골판지 상자 및 가공제품 제조업,051-941-4545
8014,영성테크,부산광역시 강서구 대저중앙로286번길 90-1 (대저1동),주형 및 금형 제조업,051-831-0121
8015,영성테크,부산광역시 사상구 낙동대로1302번길 43 (삼락동),주형 및 금형 제조업,051-301-9509
8016,영신ENG,부산광역시 강서구 대저중앙로 360-3 (대저1동),그 외 기타 일반목적용 기계 제조업 외 1종,051-316-4748
8017,영신기계,"부산광역시 사상구 사상로393번길 7 (덕포동, 유성금속)",그 외 기타 일반목적용 기계 제조업 외 1종,051-304-9977
8018,영신기업(주),"부산광역시 영도구 해양로15번길 1, 영신기업 공장 (청학동)",선박 구성 부분품 제조업,051-415-3824
8019,영신단플라스틱,부산광역시 강서구 강동동 83-15번지,포장용 플라스틱 성형용기 제조업,미등록
8020,영신사,부산광역시 강서구 울만로 308-1 (대저2동),종이 포대 및 가방 제조업 외 8종,051-941-8921
8021,영신선재,부산광역시 강서구 평성길 5-14 (명지동),금속선 가공제품 제조업,051-271-6130
8022,영신소재,부산광역시 강서구 녹산산단231로 6 (송정동),합성수지 및 기타 플라스틱 물질 제조업,051-831-6291
8023,영신열기공업(주),부산광역시 사상구 학장동 722-46,금속탱크 및 저장용기 제조업 외 1종,051-311-1370
8024,영신정밀,부산광역시 사하구 을숙도대로569번길 35 (신평동),절삭가공 및 유사처리업,051-203-7975
8025,영신종합포장,부산광역시 강서구 평강로187번길 11 (대저1동),골판지 제조업 외 1종,미등록
8026,영신철강(주),"부산광역시 사상구 새벽로 49 (학장동, 영신철강)",그 외 기타 1차 철강 제조업,051-313-3367
8027,영신폴리머,부산광역시 강서구 낙동북로138번길 46 (강동동),주형 및 금형 제조업,051-973-3661
8028,영양산업,부산광역시 강서구 과학산단로333번길 77-30(지사동),산업용 트럭 및 적재기 제조업 외 3종,051-941-7073
8029,영어조합법인 마리솔,부산광역시 사하구 감천항로 451(구평동),수산동물 냉동품 제조업,051-442-0467
8030,영우,부산광역시 강서구 과학산단2로19번길 100-96 (지사동),그 외 기타 분류 안된 금속 가공 제품 제조업,미등록
8031,영우정공,"부산광역시 강서구 녹산산단382로14번가길 20, 1층 103호 (송정동, 한국청정도금센터)",도금업,051-972-7858
8032,영우출판인쇄사,부산광역시 부산진구 부전로 15-2 (부전동),기타 인쇄업 외 3종,051-806-7654
8033,영은전기,부산광역시 영도구 남항남로19번길 62 (남항동2가),선박 구성 부분품 제조업,051-417-5558
8034,영인에스씨아이(영인SCI),부산광역시 강서구 식만로 205(식만동),"물질 검사, 측정 및 분석기구 제조업",미등록
8035,영인코리아(주),부산광역시 강서구 낙동남로511번길 17 (녹산동),구두류 제조업 외 2종,051-714-7066
8036,영인코리아(주),부산광역시 강서구 낙동남로511번길 18(녹산동),구두류 제조업 외 2종,051-714-7066
8037,영일금속,부산광역시 강서구 강동중곡2길 53 (강동동),인쇄회로기판용 적층판 제조업 외 5종,미등록
8038,영일기계,"부산광역시 사상구 새벽로77번길 27 (학장동, 영일기계)",그 외 기타 특수목적용 기계 제조업 외 1종,051-328-9215
8039,영일기계,부산광역시 강서구 화전산단6로102번길 8 (화전동),철도차량 부품 및 관련 장치물 제조업,051-831-2003
8040,영일기공,부산광역시 사상구 가야대로134번길 22 (학장동),기어 및 동력전달장치 제조업,051-324-4403
8041,영일벤놀,부산광역시 강서구 녹산산단382로 24 (송정동),"직물, 편조원단 및 의복류 염색 가공업",051-831-5454
8042,영일와이어,부산광역시 강서구 대저중앙로357번길 26-9 (대저1동),금속 절삭기계 제조업,051-832-8177
8043,영일철판,부산광역시 사상구 모덕로 77 (모라동),육상 금속 골조 구조재 제조업 외 1종,051-303-7849
8044,영일특수목형,부산광역시 강서구 신포길 145 (명지동),주형 및 금형 제조업,051-312-8127
8045,영재금속,"부산광역시 사상구 학감대로192번길 77 (학장동, 영재금속)",그 외 자동차용 신품 부품 제조업 외 3종,051-316-7322
8046,영재엔지니어링,부산광역시 강서구 식만로247번길 40-1 (식만동),그 외 기타 일반목적용 기계 제조업,미등록
8047,영재열처리,부산광역시 사상구 사상로439번길 20 (모라동),금속 열처리업,051-304-8688
8048,영전사,"부산광역시 사상구 새벽시장로46번길 54 (감전동, 영전사)",배전반 및 전기 자동제어반 제조업,051-314-1631
8049,영준산업,부산광역시 강서구 미음국제5로라길 39 (미음동),자동차 엔진용 신품 부품 제조업,미등록
8050,영진공판인쇄사,부산광역시 중구 대창동1가 26번지,인쇄용 및 필기용 원지 제조업 외 1종,051-469-5486
8051,영진금속,부산광역시 사상구 새벽로18번길 24 (학장동),도금업,051-264-9624
8052,영진금속,부산광역시 기장군 장안읍 반룡로 301,자동차용 금속 압형제품 제조업 외 9종,051-941-0242
8053,영진금속,"부산광역시 사상구 새벽로17번길 49-8 (학장동, 영진금속)",도금업,051-328-7693
8054,영진기계공업사,"부산광역시 사상구 낙동대로1356번길 33 (삼락동, 영진기계)",강관 제조업 외 1종,051-301-3723
8055,영진기업,"부산광역시 영도구 태종로89번길 40 (봉래동2가, 일생기업사)",선박 구성 부분품 제조업 외 1종,051-415-4560
8056,영진니트,"부산광역시 부산진구 신암로71번길 10, 지하 1층 (범천동)",편조원단 제조업,051-831-4803
8057,영진메탈,부산광역시 강서구 공항로393번길 60-27 (대저2동),일반철물 제조업,051-971-5523
8058,영진목형,부산광역시 강서구 봉죽길482번길 258 (죽동동),주형 및 금형 제조업,미등록
8059,영진볼트,"부산광역시 사상구 사상로333번길 14 (덕포동, 영진볼트(공))",볼트 및 너트류 제조업 외 2종,051-301-8466
8060,영진산업,부산광역시 강서구 낙동남로605번길 60 (녹산동),"탭, 밸브 및 유사장치 제조업",051-271-1989
8061,영진산업,부산광역시 강서구 낙동남로605번길 58 (녹산동),"탭, 밸브 및 유사장치 제조업",051-271-1989
8062,영진산업,부산광역시 사상구 낙동대로1318번길 20 (삼락동),볼트 및 너트류 제조업 외 2종,051-305-8001
8063,영진산업,"부산광역시 사상구 사상로394번길 14 (덕포동, 영진비죠)",기타 신발 제조업 외 1종,051-303-6776
8064,영진상사,부산광역시 서구 해돋이로 281 (아미동2가),"근무복, 작업복 및 유사의복 제조업 외 6종",051-256-8106
8065,영진설비,부산광역시 사하구 다산로53번길 55 (다대동),"탭, 밸브 및 유사장치 제조업",미등록
8066,영진식품,부산광역시 사하구 장평로 10 (장림동) (총 3 필지),"수산동물 훈제, 조리 및 유사 조제식품 제조업",051-265-2036
8067,영진식품,부산광역시 동구 중앙대로231번길 26 (초량동),기타 수산동물 가공 및 저장 처리업,051-467-1049
8068,영진실업(주) ,부산광역시 금정구 회동동 554-1번지,주형 및 금형 제조업,051-529-1155
8069,영진실업주식회사,부산광역시 금정구 수원지로22번길 64 (회동동),구두류 제조업 외 1종,051-529-1155
8070,영진알미늄,부산광역시 강서구 제도로 102 (명지동),구조용 금속 판제품 및 공작물 제조업,미등록
8071,영진전기,"부산광역시 사상구 학감대로163번길 13-16(학장동, 신호정공)",배전반 및 전기 자동제어반 제조업,미등록
8072,영진전기공업사,"부산광역시 사상구 낙동대로1488번길 27 (삼락동, 영진전기)",배전반 및 전기 자동제어반 제조업,051-302-4666
8073,영진정밀연마,부산광역시 강서구 호계로79번길 71 (죽동동),그 외 자동차용 신품 부품 제조업 외 3종,051-326-3578
8074,영진주물,부산광역시 강서구 녹산산단381로12번길 43-15 (송정동),선철주물 주조업,051-831-0456
8075,영진주물 2공장,부산광역시 강서구 녹산산단381로86번길 29 (송정동),그 외 기타 금속가공업,051-831-0455
8076,영진케스택,부산광역시 강서구 녹산산단407로 92 (송정동),주형 및 금형 제조업,미등록
8077,영진테크,부산광역시 강서구 식만로247번길 31 (식만동),육상 금속 골조 구조재 제조업 외 2종,051-303-3050
8078,영진파워텍,부산광역시 사하구 하신중앙로 100 (신평동),금속 스프링 제조업 외 2종,051-261-4289
8079,영진포장,부산광역시 강서구 대저중앙로347번길 64-1 (대저1동),"플라스틱 포대, 봉투 및 유사제품 제조업",미등록
8080,영진포장산업,부산광역시 강서구 과학산단2로19번길 100-68 (지사동),"목재 포장용 상자, 드럼 및 유사용기 제조업",051-941-9372
8081,영진피팅공업사,부산광역시 강서구 미음산단3로 114 (미음동),"탭, 밸브 및 유사장치 제조업",051-314-4471
8082,영창기연,부산광역시 강서구 제도로1041번길 246 (강동동),기타 물품 취급장비 제조업,051-312-0481
8083,영창레이져,부산광역시 강서구 대저중앙로348번길 8-25 (대저1동),금속 절삭기계 제조업,미등록
8084,영테크,"부산광역시 강서구 녹산산업북로 241, (송정동,1599-9) (송정동)",절삭가공 및 유사처리업,051-972-0883
8085,영풍밸브,부산광역시 사상구 새벽로201번길 5 (괘법동),"탭, 밸브 및 유사장치 제조업",051-317-8925
8086,영풍산업,부산광역시 강서구 화전산단6로102번길 21 (화전동),철도차량 부품 및 관련 장치물 제조업 외 33종,051-303-2782
8087,영풍텍스타일(주),부산광역시 사하구 신산로13번길 37 (신평동),"직물, 편조원단 및 의복류 염색 가공업",051-317-1502
8088,영화기업,부산광역시 강서구 낙동남로605번길 46-29 (녹산동),금속선 가공제품 제조업,051-941-7331
8089,영화기업,부산광역시 강서구 낙동남로605번길 46-33 (녹산동),금속선 가공제품 제조업,051-941-7331
8090,영화산업,부산광역시 사하구 하신중앙로3번가길 28 (장림동),그 외 기타 고무제품 제조업,051-972-8014
8091,영화산업주식회사,부산광역시 강서구 녹산산단361로 20 (송정동),"금속 문, 창, 셔터 및 관련제품 제조업 외 5종",043-260-4401
8092,예광공업사,부산광역시 영도구 해양로 108 (청학동),그 외 자동차용 신품 부품 제조업 외 3종,051-416-6011
8093,예도디자인,부산광역시 기장군 정관읍 매곡길 46,전시용 모형 제조업 외 1종,070-7779-5135
8094,예림목공 2공장,부산광역시 기장군 정관읍 예림리 504-1번지,기타 목재가구 제조업,미등록
8095,예성철강(주),부산광역시 강서구 화전산단5로 28(화전동),절삭가공 및 유사처리업,051-973-2270
8096,예성테크,부산광역시 강서구 제도로1092번다길 38 (강동동),주형 및 금형 제조업,070-7570-6001
8097,예술공사,부산광역시 기장군 정관읍 산단3로 42-31,구조용 금속 판제품 및 공작물 제조업 외 2종,051-611-4640
8098,예스패키지,부산광역시 사하구 장림번영로104번길 110 (장림동),오프셋 인쇄업,미등록
8099,예스퍼니처,부산광역시 강서구 맥도길545번길 51-1 (대저2동),기타 목재가구 제조업,051-941-3962
8100,예스퍼니처,부산광역시 강서구 공항로339번길 137-26 (대저2동),기타 목재가구 제조업,051-941-3962
8101,예인금속,"부산광역시 사상구 낙동대로988번길 4 (감전동, 대우금속)",도금업,051-325-0150
8102,예인산업,부산광역시 강서구 녹산산단261로13번길 46 (송정동),운송장비 조립용 플라스틱제품 제조업,051-2031-1341
8103,예지정밀,"부산광역시 사상구 낙동대로1292번길 9 (삼락동, 예지정밀)",구름베어링 제조업 외 66종,051-304-0248
8104,예진산업,부산광역시 강서구 미음국제5로다길 12(미음동),금속탱크 및 저장용기 제조업,051-972-6806
8105,예진산업기계,부산광역시 강서구 과학산단2로43번길 12 (지사동),선박 구성 부분품 제조업,051-831-0152
8106,예진에프앤지(주),부산광역시 사하구 하신번영로 111(신평동),모직물 직조업,051-201-5450
8107,예진에프앤지(주),부산광역시 사하구 다산로53번길 26 (다대동),모직물 직조업,02-3487-0521
8108,예진에프앤지(주) 신평공장,부산광역시 사하구 신산로 33 (신평동),"직물, 편조원단 및 의복류 염색 가공업",051-201-5450
8109,오곡대장제면소,"부산광역시 부산진구 백양산로54번길 13, 2층(부암동, 한솔빌딩)","면류, 마카로니 및 유사식품 제조업",051-512-5333
8110,오공산업,부산광역시 기장군 정관면 산단5로 100-126 (오공산업),비금속류 해체 및 선별업 외 1종,051-728-6088
8111,오대토이즈,부산광역시 연제구 거제대로 215 (거제동),인형 및 장난감 제조업,051-852-2233
8112,오렌슈츠 주식회사,"부산광역시 북구 금곡대로 460, 3층(금곡동, OS타워)",그 외 기타 달리 분류되지 않은 제품 제조업 외 3종,051-582-2043
8113,오륙도,부산광역시 강서구 맥도강변길171번길 63 (대저2동),"치약, 비누 및 기타 세제 제조업",051-971-0575
8114,오륙도스쿨베이직(F/S아일랜드),"부산광역시 남구 전포대로122번길 18 (문현동, 지오칼라)",셔츠 및 블라우스 제조업 외 1종,051-314-7174
8115,오륜산업(주),부산광역시 강서구 녹산산단290로 19 (송정동),그 외 기타 분류 안된 화학제품 제조업 외 2종,051-831-1751
8116,오르텍(주),부산광역시 사상구 덕상로 68 (덕포동),치과기공물 제조업 외 11종,051-305-0895
8117,오리온산업(주),부산광역시 강서구 녹산산업중로167번길 26 (송정동) (총 2 필지),"콘크리트 타일, 기와, 벽돌 및 블록 제조업 외 4종",051-831-2211
8118,오리온시스템즈(주),"부산광역시 사상구 모라로 22, 12층 1207호 (모라동, 부산벤처타워)",배전반 및 전기 자동제어반 제조업 외 1종,031-381-4155
8119,오림기획,부산광역시 강서구 평강로434번가길 16 (대저1동),간판 및 광고물 제조업,051-313-3580
8120,오복F&C,부산광역시 사하구 을숙도대로 867 (감천동),장류 제조업,051-205-8911
8121,오복F&G,부산광역시 사하구 을숙도대로 867 (감천동),그 외 기타 플라스틱 제품 제조업 외 1종,051-205-8911
8122,오비스텍,"부산광역시 기장군 정관읍 정관상곡1길 26, 1동",유기질 비료 및 상토 제조업,미등록
8123,오산정공,부산광역시 강서구 식만로 275-1 (식만동),절삭가공 및 유사처리업,051-973-1574
8124,오성계기,"부산광역시 금정구 부곡로 127 (부곡동, 부곡엘지아파트)","전자기 측정, 시험 및 분석기구 제조업",051-583-7411
8125,오성기계,부산광역시 강서구 공항앞길85번길 101 (대저2동),절삭가공 및 유사처리업,051-941-7377
8126,오성단조부산사무소,부산광역시 강서구 신호산단3로88번길 35 (신호동),절삭가공 및 유사처리업,051-972-9041
8127,오성산업,부산광역시 강서구 녹산산단262로 11 (송정동),플라스틱 합성피혁 제조업,051-831-0786
8128,오성스텐,부산광역시 강서구 공항앞길33번길 86-1 (대저2동),"기타 비철금속 압연, 압출 및 연신 제품 제조업",051-973-8676
8129,오성어구사,"부산광역시 영도구 해양로 135 (청학동, 오성어구사)",어망 및 기타 끈 가공품 제조업,051-412-7951
8130,오성엔텍,부산광역시 기장군 정관읍 산단4로 2-62 (아쿠아ENG),선박 구성 부분품 제조업,미등록
8131,오성엔텍(주),부산광역시 강서구 낙동남로511번길 43 (녹산동),전시용 모형 제조업 외 6종,051-754-6288
8132,오성염직,부산광역시 사상구 낙동대로902번길 45 (감전동),솜 및 실 염색가공업,051-326-3761
8133,오성유압,부산광역시 강서구 제도로1041번나길 7 (강동동),전자 응용 절삭기계 제조업,미등록
8134,오성정밀,부산광역시 사상구 모덕로27번길 50 (삼락동),절삭가공 및 유사처리업,051-304-9224
8135,오성휠타,"부산광역시 강서구 녹산산단231로 58,  (송정동, 1565-1) (송정동)",기체 여과기 제조업,051-831-0204
8136,오션마린,"부산광역시 사하구 을숙도대로755번길 15-6, 2층 (구평동)",액체 여과기 제조업,051-205-5597
8137,오션마린테크,부산광역시 영도구 해양로65번길 27 (청학동),어망 및 기타 끈 가공품 제조업,051-941-7352
8138,오션메탈,부산광역시 강서구 과학산단1로 145 (지사동),절삭가공 및 유사처리업,미등록
8139,오션엔지니어링,"부산광역시 서구 충무대로34번길 37-7 (암남동, 월드오피스텔)",선박 구성 부분품 제조업,미등록
8140,오션터보텍,부산광역시 영도구 남항서로 4 (남항동3가),선박 구성 부분품 제조업,051-413-5665
8141,오션테크엔지니어링 주식회사,부산광역시 영도구 해양로195번나길 21 (동삼동),선박 구성 부분품 제조업,051-415-5030
8142,오스템임플란트(주),부산광역시 해운대구 반송로513번길 66-16 (석대동),치과용 기기 제조업 외 4종,051-850-2510
8143,오스템임플란트(주),"부산광역시 해운대구 반송로525번길 25, B1층 B101호 (석대동)",치과용 기기 제조업,051-850-2510
8144,오스템임플란트(주),부산광역시 해운대구 반송로513번길 66-48(석대동),치과기공물 제조업 외 3종,051-850-2514
8145,오승,부산광역시 사상구 새벽로167번길 120 (감전동),전기경보 및 신호장치 제조업,051-327-5119
8146,오승산업,부산광역시 사상구 학감대로252번길 83 (주례동),선박 구성 부분품 제조업 외 32종,051-311-4052
8147,오승종이,부산광역시 강서구 금호순서길282번나길 37-7 (대저2동),문구용 종이제품 제조업 외 2종,051-255-7718
8148,오싸이언스,"부산광역시 사하구 신산로 120, 8층 826호 (신평동)",그 외 기타 분류 안된 화학제품 제조업 외 1종,미등록
8149,오앤리오토메이션 주식회사,"부산광역시 사하구 신산로 120,  8층 814호  (신평동)",커피 가공업 외 1종,051-918-9258
8150,오양식품,부산광역시 사상구 장인로 34 (감전동),차류 가공업 외 1종,051-325-3318
8151,오양식품   ,부산광역시 기장군 장안읍 반룡산단1로 20,차류 가공업 외 1종,051-325-3318
8152,오양식품(주),부산광역시 기장군 장안읍 반룡산단1로 20,차류 가공업 외 1종,051-325-3318
8153,오양조선소,부산광역시 기장군 기장읍 기장해안로 680,기타 선박 건조업,051-721-2111
8154,오에이치엠라이팅,"부산광역시 부산진구 신천대로65번길 34,  1층 (범천동)",일반용 전기 조명장치 제조업 외 5종,051-646-8073
8155,오엠티(OMT),부산광역시 사상구 낙동대로916번길 35 (감전동),유압기기 제조업,051-271-8586
8156,오엠피(주),"부산광역시 강서구 과학산단1로60번길 31, POST BI동 2층 208호 (지사동)",도장 및 기타 피막처리업,051-974-9649
8157,오엠피(주),부산광역시 강서구 과학산단로 463(지사동),도장 및 기타 피막처리업,051-974-9649
8158,오토그린텍스,"부산광역시 사하구 신산로 120, 7층 720호  (신평동)",자동차용 신품 의자 제조업,052-939-0505
8159,오토코아,부산광역시 강서구 식만로279번길 197 (식만동),절삭가공 및 유사처리업,055-333-7875
8160,오토테크,부산광역시 사상구 새벽로168번길 46-15 (감전동),"물질 검사, 측정 및 분석기구 제조업 외 3종",051-327-7222
8161,오토텍,부산광역시 강서구 미음국제7로 19(미음동),그 외 기타 일반목적용 기계 제조업,051-271-1475
8162,옥이푸드,"부산광역시 서구 원양로 1, A동 4층 401 (암남동, 수산가공선진화단지)",기타 수산동물 가공 및 저장 처리업,051-255-0086
8163,온누리산업,"부산광역시 강서구 녹산산단382로14번길 55, 310호 (송정동, 부산광역시 신발산업진흥센타)",기타 신발 제조업,051-516-6556
8164,온타임,"부산광역시 부산진구 당감로 102, 2층 (부암동)",빵류 제조업,미등록
8165,올리콘발저스코팅코리아(유),부산광역시 강서구 과학산단1로 66 (지사동),도장 및 기타 피막처리업 외 1종,031-680-9900
8166,옵스,부산광역시 남구 신선로 201 (감만동),빵류 제조업,051-632-1313
8167,와이디일렉트로닉스(주) ,"부산광역시 금정구 개좌로 273-20, 4층 401호  (회동동)",비메모리용 및 기타 전자집적회로 제조업 외 11종,051-910-9983
8168,와이디일렉트로닉스(주) ,부산광역시 금정구 개좌로 273-20 (회동동),기타 무선 통신장비 제조업 외 26종,051-910-9983
8169,와이바이오,부산광역시 강서구 낙동북로138번길 21-2(강동동),플라스틱 창호 제조업,미등록
8170,와이비엔지니어링(주),부산광역시 강서구 미음국제3로 118 (미음동),선박 구성 부분품 제조업 외 6종,070-7816-5016
8171,와이비케이,부산광역시 강서구 녹산산업북로313번길 33 (송정동),볼트 및 너트류 제조업 외 2종,051-971-5209
8172,와이시트레이딩,부산광역시 사하구 신산로29번길 57 (신평동),세폭직물 제조업,051-305-6217
8173,와이시피(주),부산광역시 사하구 다산로 74 (다대동),냉간 압연 및 압출 제품 제조업 외 1종,051-264-9300
8174,와이시피(주) 미음1공장,부산광역시 강서구 미음산단4로 169 (미음동),냉간 압연 및 압출 제품 제조업,051-266-2614
8175,와이시피(주) 신평2공장,부산광역시 사하구 신산로 192 (신평동),냉간 압연 및 압출 제품 제조업,051-264-9300
8176,와이시피특수강(주),부산광역시 강서구 미음산단4로 169(미음동),열간 압연 및 압출 제품 제조업,051-266-2614
8177,와이시피특수강(주),부산광역시 강서구 화전산단5로 23 (화전동),냉간 압연 및 압출 제품 제조업,051-266-2614
8178,와이시피특수강(주) 미음공장,부산광역시 강서구 미음산단3로 45 (미음동),냉간 압연 및 압출 제품 제조업,051-266-2614
8179,와이시피파워(주),부산광역시 강서구 화전산단6로 41 (화전동),냉간 압연 및 압출 제품 제조업,051-264-9300
8180,와이씨테크주식회사,"부산광역시 사하구 낙동대로550번길 37, 창업관(103-3호, 101호) (하단동, 부산동아대학교승학캠퍼스)",선박 구성 부분품 제조업,051-220-7558
8181,와이에스이엔지,부산광역시 사하구 신산로 180(신평동),컨베이어장치 제조업,051-264-4690
8182,와이에스정밀(주),부산광역시 강서구 화전산단2로 69-12(화전동),자동차용 금속 압형제품 제조업,051-832-0501
8183,와이에이치코리아,"부산광역시 사상구 새벽로121번길 21 (감전동, 성일엠텍)",기타 신발 제조업,051-312-3448
8184,와이에이치테크,부산광역시 사하구 구평로 21-5 (구평동),선박 구성 부분품 제조업,051-266-3617
8185,와이엠양산기공(주)    ,부산광역시 기장군 정관읍 산단4로 113 (양산기공(주)) (총 2 필지),동력식 수지공구 제조업,051-728-6282
8186,와이엠코프레이션(주),부산광역시 강서구 설만길 105 (대저2동),배전반 및 전기 자동제어반 제조업,070-7019-2830
8187,와이엠테크,부산광역시 강서구 대저중앙로375번길 24 (대저1동),배전반 및 전기 자동제어반 제조업,051-809-1820
8188,와이엠테크,부산광역시 강서구 녹산산업중로 51-16 (송정동),금속 단조제품 제조업,051-973-9211
8189,와이제이테크,부산광역시 강서구 맥도강변길 251-12 (대저2동),그 외 기타 일반목적용 기계 제조업,미등록
8190,와이케이스틸 주식회사,부산광역시 사하구 을숙도대로 760 (구평동),열간 압연 및 압출 제품 제조업,051-260-2114
8191,와조,부산광역시 사하구 하신중앙로 148 (신평동) (총 2 필지),반려동물용 사료 제조업 외 2종,051-291-1988
8192,왕성유통,"부산광역시 서구 원양로 1, B동 5층 504 (암남동, 수산가공선진화단지)",기타 수산동물 가공 및 저장 처리업,051-241-0310
8193,왕성정밀,"부산광역시 금정구 개좌로 47 (금사동, 금강정밀)",그 외 기타 분류 안된 금속 가공 제품 제조업 외 1종,051-525-6187
8194,용광산기(주),부산광역시 기장군 정관면 산단4로 34 (용광산기(주)),선박 구성 부분품 제조업,051-727-6511
8195,용궁플라스틱,"부산광역시 사상구 사상로447번길 55 (모라동, 용궁플라스틱)",그 외 기타 플라스틱 제품 제조업,051-302-2887
8196,용림터보엔지니어링,부산광역시 영도구 해양로 69 (청학동),선박 구성 부분품 제조업,051-714-7487
8197,용문철강(주),부산광역시 강서구 화전산단5로74번길 24 (화전동),절삭가공 및 유사처리업,051-831-0141
8198,용민종합전기,부산광역시 영도구 남항남로9번길 12-4 (남항동3가),선박 구성 부분품 제조업 외 1종,051-404-6211
8199,용신금속,부산광역시 사상구 학감대로147번길 16 (학장동),그 외 기타 1차 철강 제조업,051-312-1908
8200,용운테크,부산광역시 영도구 남항서로70번길 59-2 (남항동3가),선박 구성 부분품 제조업,051-415-6665
8201,용주산업사,"부산광역시 금정구 개좌로 273-7(회동동, 용주산업사)",그 외 자동차용 신품 부품 제조업,051-528-7693
8202,용진H&C,"부산광역시 금정구 동천로7번길 2 (회동동, 성진산업)",고무패킹류 제조업 외 61종,051-523-2888
8203,용진산전,부산광역시 강서구 미음국제5로가길 14 (미음동),배전반 및 전기 자동제어반 제조업,051-305-2358
8204,용해전기,부산광역시 영도구 해양로182번길 19 (청학동),선박 구성 부분품 제조업,051-416-0467
8205,용화산업,부산광역시 강서구 녹산산단261로60번길 12 (송정동),구조용 금속 판제품 및 공작물 제조업 외 1종,미등록
8206,우경MIT,"부산광역시 사상구 모덕로 72 (덕포동, 우경MIT)",그 외 자동차용 신품 부품 제조업 외 3종,051-304-0450
8207,우경정밀,부산광역시 강서구 낙동북로138번길 32 (강동동),주형 및 금형 제조업,051-311-5234
8208,우광전기,부산광역시 강서구 공항로339번길 228-11 (대저2동),배전반 및 전기 자동제어반 제조업,051-941-5952
8209,우덕수산,부산광역시 강서구 생곡로 41-6 (녹산동),수산식물 가공 및 저장 처리업,051-972-5539
8210,우드스미스,부산광역시 남구 문현로 74 (문현동),주방용 및 음식점용 목재가구 제조업 외 1종,051-636-3484
8211,우드스타(주),부산광역시 강서구 녹산산단261로73번길 37 (송정동),표면 가공 목재 및 특정 목적용 제재목 제조업,051-832-1119
8212,우리금형,부산광역시 강서구 대저중앙로286번길 90-2 (대저1동),주형 및 금형 제조업,051-343-3042
8213,우리레이져,부산광역시 강서구 과학산단1로103번길 52 (지사동),절삭가공 및 유사처리업,051-941-8671
8214,우리정밀,부산광역시 강서구 대저중앙로348번길 31 (대저1동),주형 및 금형 제조업,051-301-3762
8215,우리조선 주식회사,부산광역시 영도구 대평로 56 (대평동2가),강선 건조업 외 1종,051-414-9991
8216,우리테크,부산광역시 강서구 낙동북로31번길 11 (강동동),무기 및 총포탄 제조업 외 49종,070-7538-9002
8217,우리토탈마린 주식회사,부산광역시 영도구 해양로 33-32 (청학동),선박 구성 부분품 제조업,051-711-5200
8218,우리토탈써비스,부산광역시 영도구 남항남로 14 (남항동3가),선박 구성 부분품 제조업 외 2종,051-416-5225
8219,우리화학,부산광역시 강서구 과학산단로333번길 77-55 (지사동),접착제 및 젤라틴 제조업,051-973-3586
8220,우림EMS,"부산광역시 강서구 과학산단1로60번길 30, 지사단지 2B동 108호(지사동)",선박 구성 부분품 제조업 외 4종,070-4647-4720
8221,우림기공,부산광역시 강서구 낙동남로549번길 12 (녹산동),선박 구성 부분품 제조업,051-714-3225
8222,우림산업사,부산광역시 강서구 녹산산단261로74번길 41 (송정동),"전기회로 개폐, 보호장치 제조업 외 1종",051-831-0665
8223,우미유통,부산광역시 강서구 대저중앙로 116 (대저1동),기타 수산동물 가공 및 저장 처리업,미등록
8224,우석포장,부산광역시 강서구 대저로 93-8 (대저1동),,051-971-3144
8225,우성,부산광역시 기장군 정관면 산단3로 50-12,기타 1차 비철금속 제조업,미등록
8226,우성 P&M,부산광역시 기장군 정관면 산단7로 99-36,그 외 자동차용 신품 부품 제조업 외 3종,051-523-6696
8227,우성 에프티시,부산광역시 강서구 금호순서길89번가길 35 (대저2동),"탭, 밸브 및 유사장치 제조업",051-311-7649
8228,우성개발,"부산광역시 강서구 녹산산단262로49번길 19, (송정동,1724-16) (송정동)",일반 제재업 외 2종,051-262-8010
8229,우성개발(주),"부산광역시 사상구 사상로333번길 61 (덕포동, 호성화학)",신발 부분품 제조업,051-831-4515
8230,우성공업사,부산광역시 사하구 하신중앙로3번길 56 (장림동),설치용 및 위생용 플라스틱제품 제조업,051-266-2572
8231,우성공업사,부산광역시 강서구 미음국제7로 25 (미음동) 배국자공장,그 외 기타 일반목적용 기계 제조업,미등록
8232,우성금속,"부산광역시 사상구 대동로239번길 15-20 (학장동, 우성금속)",선철주물 주조업,051-328-6602
8233,우성기계,부산광역시 강서구 녹산산단261로73번길 7 (송정동),그 외 기타 특수목적용 기계 제조업 외 7종,051-315-0833
8234,우성기계,"부산광역시 사상구 학장로 39-20 (학장동, 우성기계)",기타 가공 공작기계 제조업 외 10종,051-315-0833
8235,우성기계,부산광역시 강서구 상덕로97번다길 42-3 (강동동),유압기기 제조업,미등록
8236,우성기계(주),부산광역시 강서구 녹산산업북로313번길 53 (송정동),"증류기, 열교환기 및 가스발생기 제조업",051-831-0630
8237,우성기계공업사,부산광역시 사하구 장림동 572-3번지,핵반응기 및 증기보일러 제조업,051-264-6341
8238,우성기업,부산광역시 강서구 화전산단2로133번길 17 (화전동),기타자동차부품제조업,051-265-7466
8239,우성기업,부산광역시 사하구 다산로208번길 7 (다대동),그 외 자동차용 신품 부품 제조업 외 4종,051-265-7466
8240,우성단열산업,부산광역시 기장군 장안읍 명례산단5로 132,선박 구성 부분품 제조업,051-753-2772
8241,우성단열산업 오리공장 ,부산광역시 기장군 장안읍 오리산단로 108,선박 구성 부분품 제조업,051-752-2772
8242,우성명판사,부산광역시 사상구 학장로 87 (학장동),그 외 기타 분류 안된 금속 가공 제품 제조업 외 1종,051-322-7260
8243,우성밸브(주),부산광역시 강서구 녹산산단335로 46 (송정동),"탭, 밸브 및 유사장치 제조업 외 1종",051-831-1251
8244,우성벤드 주식회사,부산광역시 강서구 화전산단5로 75 (화전동),강관 제조업 외 1종,051-831-6488
8245,우성산업,부산광역시 강서구 가리새1로25번길 6 (미음동),육상 금속 골조 구조재 제조업 외 1종,051-714-2317
8246,우성산업,"부산광역시 사상구 낙동대로 840 (감전동, 우성산업)",열간 압연 및 압출 제품 제조업 외 2종,051-323-9662
8247,우성산업,부산광역시 사상구 사상로417번길 72 (모라동),육상 금속 골조 구조재 제조업 외 2종,051-818-1536
8248,우성산업,"부산광역시 사상구 낙동대로1436번길 19 (삼락동, 우성산업)",낚시 및 수렵용구 제조업,051-302-6604
8249,우성산업,부산광역시 강서구 가리새1로25번길 6 (미음동),육상 금속 골조 구조재 제조업,미등록
8250,우성산업,"부산광역시 사상구 모라로6번길 13-15 (삼락동, 대영테크)",합성수지 및 기타 플라스틱 물질 제조업,051-305-7801
8251,우성산업기계,부산광역시 강서구 식만로 243 (식만동),광물처리 및 취급장비 제조업,051-313-3627
8252,우성산업사,부산광역시 강서구 낙동북로102번길 51-4 (강동동),,051-972-7623
8253,우성선박,부산광역시 영도구 대평로28번길 22 (대평동1가),선박 구성 부분품 제조업,051-414-0887
8254,우성섬유,부산광역시 강서구 녹산산단382로 17 (송정동),"직물, 편조원단 및 의복류 염색 가공업",051-832-1710
8255,우성에프에이,부산광역시 강서구 대저동서로 219-1 (대저2동),배전반 및 전기 자동제어반 제조업 외 5종,051-972-1636
8256,우성에프티씨,부산광역시 강서구 봉죽길482번길 248 (죽동동),그 외 기타 일반목적용 기계 제조업,미등록
8257,우성엔지니어링 ,"부산광역시 금정구 개좌로 273-20, 3층 304 (회동동)",배전반 및 전기 자동제어반 제조업,051-531-4200
8258,우성엔진상사,부산광역시 영도구 대평로 21-1 (대평동1가),선박 구성 부분품 제조업,051-415-0466
8259,우성엠텍,부산광역시 강서구 대저중앙로375번길 13-5 (대저1동),금속탱크 및 저장용기 제조업 외 8종,054-745-8462
8260,우성연마,부산광역시 사하구 다산로 250 (장림동),도금업,051-264-3003
8261,우성전기,부산광역시 강서구 미음산단3로 6 (미음동),배전반 및 전기 자동제어반 제조업,051-261-2443
8262,우성전업사,부산광역시 영도구 남항서로82번길 8 (남항동3가),배전반 및 전기 자동제어반 제조업,051-416-6564
8263,우성전장,부산광역시 강서구 과학산단2로19번길 73 (지사동),광섬유 케이블 제조업 외 48종,051-974-0852
8264,우성전장 주식회사,부산광역시 강서구 과학산단2로19번길 73 (지사동),광섬유 케이블 제조업 외 39종,051-974-0853
8265,우성정밀,부산광역시 기장군 정관읍 산단4로 71,자동차 엔진용 신품 부품 제조업,051-527-9963
8266,우성정밀공업사,"부산광역시 사상구 삼덕로45번길 107 (덕포동, 우성정밀)",그 외 자동차용 신품 부품 제조업 외 3종,051-302-8201
8267,우성제2공장,부산광역시 기장군 정관면 산단3로 50-14,기타 1차 비철금속 제조업,미등록
8268,우성진공기술(주),부산광역시 사상구 가야대로 212 (학장동),산업용 송풍기 및 배기장치 제조업 외 3종,051-311-5529
8269,우성진공기술(주) ,부산광역시 사상구 가야대로 220 (학장동),산업용 송풍기 및 배기장치 제조업 외 3종,051-311-5529
8270,우성터보엔지니어링,부산광역시 영도구 해양로 33-52 (청학동),선박 구성 부분품 제조업 외 5종,051-415-3461
8271,우성테크,부산광역시 강서구 식만로179번가길 39 (식만동),구조용 금속 판제품 및 공작물 제조업 외 1종,051-941-5790
8272,우성플로텍,부산광역시 강서구 녹산산단27로 48 (송정동),"탭, 밸브 및 유사장치 제조업",051-831-1533
8273,우성플로텍(주),부산광역시 강서구 미음산단3로 27 (미음동),"탭, 밸브 및 유사장치 제조업",051-831-1533
8274,우성피앤에프(주),부산광역시 강서구 미음산단4로62번길 20 (미음동),강관 제조업 외 2종,051-941-8480
8275,우성하이텍,"부산광역시 사상구 사상로417번길 28 (모라동, 우성하이텍)",자동차 차체용 신품 부품 제조업 외 1종,051-305-1073
8276,우승문화사,"부산광역시 사상구 낙동대로1420번길 41,  107호 (삼락동)",기타 인쇄업 외 2종,051-304-8489
8277,우신골프,"부산광역시 부산진구 중앙대로941번길 70, 1층,2층 (양정동)",기타 광학기기 및 사진기 제조업,051-867-0409
8278,우신산업개발(주)기장공장,부산광역시 기장군 기장읍 차성로 171 (우신레미콘),레미콘 제조업,051-724-9009
8279,우신산업기계,부산광역시 강서구 미음국제5로라길 23 (미음동),"탭, 밸브 및 유사장치 제조업",미등록
8280,우신산업사,"부산광역시 사상구 학장로323번길 11 (주례동, 우신산업사)",철도차량 부품 및 관련 장치물 제조업,051-322-8134
8281,우신정공,"부산광역시 사상구 학감대로163번길 40 (학장동, 유천정공)",주형 및 금형 제조업,051-322-9220
8282,우신정공(주),"부산광역시 사상구 가야대로 71 (감전동, 우신정공)",주형 및 금형 제조업,051-322-9744
8283,우신정밀,부산광역시 강서구 식만로 277 (식만동),주형 및 금형 제조업 외 1종,051-973-6225
8284,우신토탈엔지니어링,부산광역시 영도구 해양로195번가길 26 (동삼동),선박 구성 부분품 제조업,051-417-8955
8285,우신화학(주),"부산광역시 사상구 백양대로494번길 46 (주례동, 우신화학(주))",플라스틱 필름 제조업 외 3종,051-312-5511
8286,우양냉장(주),부산광역시 서구 충무대로 226 (남부민동),육류 기타 가공 및 저장처리업 (가금류 제외) 외 1종,051-248-7621
8287,우영공업사,"부산광역시 사상구 사상로439번길 42 (모라동, 우영공업사)",그 외 기타 전자부품 제조업 외 1종,051-301-3274
8288,우영냉동,"부산광역시 사하구 두송로 210, 2층(구평동)",기타 일반 기계 및 장비 수리업,051-266-1149
8289,우영산업(주)부산지점,부산광역시 강서구 미음산단3로 149 (미음동),톱 및 호환성 공구 제조업,051-317-8841
8290,우영수산(주),부산광역시 사하구 다산로 271 (장림동),"수산동물 훈제, 조리 및 유사 조제식품 제조업 외 1종",051-265-9181
8291,우영식품,부산광역시 금정구 회천로32번길 25 (회동동),빵류 제조업,051-525-0188
8292,우영종합주방설비,부산광역시 금정구 동대로 20 (회동동),음ㆍ식료품 및 담배 가공기계 제조업 외 11종,051-529-6700
8293,우원정보기술(주),"부산광역시 사상구 사상로 71,  18,19호 (주례동)",방송장비 제조업 외 1종,051-311-2972
8294,우일인더스트리,부산광역시 강서구 녹산산업중로 52-22 (송정동),그 외 기타 일반목적용 기계 제조업 외 1종,070-4113-9582
8295,우일정공,부산광역시 사상구 사상로417번길 68 (모라동),절삭가공 및 유사처리업 외 22종,051-313-1602
8296,우일정밀,부산광역시 강서구 상덕로97번길 9-1 (강동동),그 외 기타 일반목적용 기계 제조업 외 1종,051-301-9367
8297,우일정밀,"부산광역시 금정구 공단서로 6 (금사동, 대원산업사)",자동차 엔진용 신품 부품 제조업 외 2종,051-521-5897
8298,우일판금공업사,부산광역시 사하구 다대로354번안길 62 (장림동),육상 금속 골조 구조재 제조업 외 1종,051-262-5566
8299,우정,"부산광역시 연제구 거제시장로21번길 41 (거제동, 대가하이츠)",셔츠 및 블라우스 제조업 외 1종,051-862-1283
8300,우주머신,부산광역시 사하구 감천항로 155(구평동),선박 구성 부분품 제조업,051-418-0227
8301,우주문화사,"부산광역시 동구 중앙대로 232,  지하1층 일부 (초량동)",,051-464-8500
8302,우주벤딩,"부산광역시 사상구 낙동대로988번길 42 (감전동, 우주벤딩)",선박 구성 부분품 제조업,051-316-1321
8303,우주벤텍(주),"부산광역시 사상구 대동로180번길 9 (학장동, 우주벤텍(주))","증류기, 열교환기 및 가스발생기 제조업",051-317-1321
8304,우주볼트공업사,부산광역시 강서구 녹산산단17로14번길 39 (송정동),금속 위생용품 제조업,051-831-0800
8305,우주산업,부산광역시 강서구 녹산산업중로 215 (송정동),그 외 기타 분류 안된 금속 가공 제품 제조업,051-201-5756
8306,우주산업,"부산광역시 금정구 삼어로 213-1, 2층(금사동, 우주산업)",침구 및 관련제품 제조업 외 22종,051-523-9619
8307,우주산업,부산광역시 강서구 공항로1409번길 51 (대저1동),주형 및 금형 제조업,051-941-1666
8308,우주산업,부산광역시 강서구 공항로1347번길 58(대저1동),배전반 및 전기 자동제어반 제조업 외 1종,미등록
8309,우주엔텍(주),부산광역시 사하구 감천항로 155(구평동),선박 구성 부분품 제조업,051-418-0882
8310,우주엠앤이(주),부산광역시 사하구 다대로300번길 14 (장림동),배전반 및 전기 자동제어반 제조업 외 2종,051-200-9114
8311,우주전자산업사,부산광역시 사하구 장평로299번길 26-5 (신평동),전구 및 램프 제조업,051-204-0153
8312,우주정보통신(주),"부산광역시 사하구 오작로 46, 4-103, 201(괴정동, 신익타운)",유선 통신장비 제조업 외 7종,051-987-5006
8313,우주케이(주),부산광역시 강서구 과학산단로 463 (지사동),전동기 및 발전기 제조업,051-262-4748
8314,우주하이테크 주식회사,부산광역시 강서구 대저로89번가길 47(대저1동),기타 조명장치 제조업,미등록
8315,우주화학공업사,부산광역시 사상구 사상로356번길 25-12 (덕포동),플라스틱 접착처리 제품 제조업 외 1종,051-301-0036
8316,우진E.N.G,부산광역시 강서구 범방2로 32 (미음동),선박 구성 부분품 제조업,051-301-4804
8317,우진ENG,부산광역시 강서구 녹산화전로 23 (송정동),선박 구성 부분품 제조업,051-941-1742
8318,우진공업사,부산광역시 영도구 남항서로 42 (남항동3가),선박 구성 부분품 제조업,051-412-5321
8319,우진금속,부산광역시 사상구 낙동대로1384번길 79 (삼락동),볼트 및 너트류 제조업 외 2종,051-301-9873
8320,우진금속,"부산광역시 강서구 녹산산단382로14번가길 20, 1층 110호 (송정동, 한국청정도금센터)",도금업,051-292-6626
8321,우진금속공업사,부산광역시 사하구 하신중앙로27번길 16-4 (장림동),"동 압연, 압출 및 연신제품 제조업 외 1종",051-263-2858
8322,우진기계,부산광역시 강서구 대저1동 337-54번지,"산업용 섬유 세척, 염색, 정리 및 가공 기계 제조업",051-314-6065
8323,우진기공,부산광역시 사하구 감천항로190번안길 14-1 (구평동),구조용 금속 판제품 및 공작물 제조업,051-264-3681
8324,우진기업,부산광역시 강서구 낙동북로43번길 38-20 (강동동),그 외 자동차용 신품 부품 제조업,051-972-7655
8325,우진기업,부산광역시 사상구 대동로179번길 17 (학장동),그 외 기타 특수목적용 기계 제조업 외 1종,051-325-0925
8326,우진목재(주),부산광역시 강서구 녹산화전로 37 (송정동),일반 제재업 외 4종,051-831-4242
8327,우진방화문,부산광역시 사상구 새벽로17번길 46 (학장동),"금속 문, 창, 셔터 및 관련제품 제조업",051-316-6255
8328,우진선박공업사,"부산광역시 영도구 대평로19번길 20,  (건물일부) (대평동1가)",구름베어링 제조업,051-413-3830
8329,우진수산,부산광역시 사하구 다대로354번안길 52 (장림동),기타 수산동물 가공 및 저장 처리업,051-262-8940
8330,우진스틸,부산광역시 강서구 녹산산업북로313번길 22 (송정동),선박 구성 부분품 제조업,051-714-0110
8331,우진앤에스피,부산광역시 기장군 정관읍 산단5로 100-88 (우정통상),"플라스틱 포대, 봉투 및 유사제품 제조업 외 2종",051-728-2078
8332,우진정공,부산광역시 강서구 신호산단1로 220-13 (신호동),그 외 기타 금속가공업 외 2종,051-312-8736
8333,우진정관,부산광역시 강서구 화전산단5로98번길 25 (화전동),강관 제조업 외 1종,051-941-6323
8334,우진정밀,부산광역시 기장군 정관읍 정관상곡1길 27-98,주형 및 금형 제조업,미등록
8335,우진정밀,부산광역시 강서구 화전산단5로98번길 25 (화전동),절삭가공 및 유사처리업,미등록
8336,우진정밀기기,부산광역시 영도구 남항서로104번길 10 (남항동2가),선박 구성 부분품 제조업,051-414-7589
8337,우진종합건업,"부산광역시 사상구 학장로 231 (학장동, (주)신월기계)",육상 금속 골조 구조재 제조업 외 1종,051-324-4900
8338,우진철강(주),부산광역시 사상구 가야대로 56(학장동),자동차용 금속 압형제품 제조업 외 1종,055-323-0714
8339,우진코어테크,부산광역시 강서구 녹산산업중로 375 (송정동),주형 및 금형 제조업 외 1종,051-261-1238
8340,우진테크,부산광역시 강서구 미음국제5로 97 (미음동),그 외 기타 일반목적용 기계 제조업,051-971-2008
8341,우진테크,부산광역시 강서구 가락대로1397번길 55 (죽림동),주형 및 금형 제조업,051-261-3093
8342,우진테크,부산광역시 강서구 호계로125번길 46 (죽동동),"탭, 밸브 및 유사장치 제조업",051-973-9626
8343,우진테크원(주),부산광역시 강서구 녹산산단261로87번길 10 (송정동),그 외 자동차용 신품 부품 제조업,051-714-7447
8344,우진특수산업사,부산광역시 사하구 장림로 118 (장림동),금속 가구 제조업 외 1종,051-266-1190
8345,우진하드웨어,부산광역시 사하구 감천항로419번길 40 (구평동),기타 구조용 금속제품 제조업,051-310-1600
8346,우짜,"부산광역시 남구 신선로 365, 부산창업지원센터(10공학관) 522호(용당동, 부경대학교용당캠퍼스)","물질 검사, 측정 및 분석기구 제조업 외 2종",미등록
8347,우창금속,부산광역시 사하구 다산로 250 (장림동),도금업,051-265-5260
8348,우창정밀,부산광역시 기장군 정관읍 정관상곡1길 71,그 외 기타 전자부품 제조업 외 1종,051-532-0229
8349,우창티엔이,부산광역시 강서구 식만로 13-23 (죽림동),주형 및 금형 제조업,051-710-8080
8350,우촌식품,부산광역시 강서구 녹산화전로 23 (송정동),기타 수산동물 가공 및 저장 처리업,051-832-0707
8351,우택식품 주식회사,부산광역시 사하구 하신중앙로 140 (신평동),"식초, 발효 및 화학 조미료 제조업",051-202-4140
8352,우현철강(주),부산광역시 사상구 학감대로164번길 17 (학장동),배전반 및 전기 자동제어반 제조업 외 6종,051-323-7707
8353,우호정밀,"부산광역시 사상구 가야대로176번길 13-34 (학장동, 우호정밀)","전기회로 개폐, 보호장치 제조업 외 1종",051-322-5401
8354,욱성화학(주),"부산광역시 금정구 개좌로 174 (회동동, 욱성화학(주))",기초 의약 물질 제조업 외 6종,051-718-5313
8355,욱성화학(주)(제1공장),"부산광역시 금정구 개좌로 174 (회동동, 욱성화학(주))",기타 기초 유기화학 물질 제조업 외 1종,051-523-1515
8356,욱성화학주식회사 제3공장,부산광역시 금정구 개좌로 173 (회동동),기타 기초 유기화학 물질 제조업 외 1종,051-523-1515
8357,욱성화학주식회사 제5공장,부산광역시 금정구 동천로 14-6 (회동동),그 외 기타 분류 안된 화학제품 제조업 외 2종,051-718-5312
8358,욱성화학주식회사제2공장,"부산광역시 금정구 개좌로 186 (회동동, 욱성화학2공장)",기타 기초 유기화학 물질 제조업 외 1종,051-523-1515
8359,욱일산업(주),"부산광역시 금정구 공단서로8번길 80-5 (금사동, 욱일산업(주))",구두류 제조업 외 1종,051-525-6981
8360,운봉산업,부산광역시 사상구 가야대로176번길 13-35 (학장동),운송장비 조립용 플라스틱제품 제조업 외 1종,051-322-5959
8361,운성(주),"부산광역시 사상구 엄궁로 70-16, 306호 (엄궁동, 부산테크노파크)",그 외 기타 일반목적용 기계 제조업 외 1종,051-327-8874
8362,울트라밸브 주식회사,부산광역시 강서구 과학산단로333번길 77-36 (지사동),"탭, 밸브 및 유사장치 제조업",051-715-9622
8363,웅덕기공 주식회사,부산광역시 사상구 모덕로 101 (모라동),금속탱크 및 저장용기 제조업 외 6종,051-305-6003
8364,워터텍,부산광역시 강서구 공항로743번길 23 (대저2동),액체 여과기 제조업,051-941-6703
8365,원-테크,부산광역시 사상구 학감대로192번길 20 (학장동),기타 가공 공작기계 제조업,051-343-9043
8366,원강초경,부산광역시 사하구 보덕포1길 2 (장림동),그 외 자동차용 신품 부품 제조업 외 4종,051-264-0004
8367,원광금속,부산광역시 강서구 녹산산단261로39번길 23 (송정동),도금업,051-831-9263
8368,원광밸브(주),부산광역시 강서구 녹산산업중로 287-13 (송정동),"탭, 밸브 및 유사장치 제조업",051-831-9933
8369,원광밸브(주),부산광역시 강서구 녹산산업북로 285 (송정동),"탭, 밸브 및 유사장치 제조업 외 2종",051-831-9932
8370,원광밸브(주),부산광역시 강서구 미음산단로 395 (미음동),"탭, 밸브 및 유사장치 제조업",051-831-9932
8371,원광소재(주),부산광역시 강서구 녹산산업중로 287-13 (송정동),기타 비철금속 주조업,051-832-5600
8372,원남목재포장,부산광역시 강서구 봉죽길482번길 296 (죽동동),"목재 포장용 상자, 드럼 및 유사용기 제조업",051-973-2354
8373,원더그린 주식회사,부산광역시 강서구 정주산단로 49 (지사동),표면 가공 목재 및 특정 목적용 제재목 제조업 외 10종,051-714-4034
8374,원라인테크(주),부산광역시 강서구 둔치중앙길 9 (봉림동),액체 여과기 제조업,051-317-0611
8375,원밀텍(OneMil-tech),부산광역시 강서구 제도로1041번길 531 (강동동),자동차용 금속 압형제품 제조업 외 1종,051-972-8911
8376,원벤딩,부산광역시 강서구 녹산산단382로60번길 2 (송정동),디지털 적층 성형기계 제조업 외 1종,051-973-2268
8377,원엠앤티,부산광역시 강서구 낙동남로644번길 9-1(녹산동),금속 단조제품 제조업,051-291-9211
8378,원우수산,부산광역시 사하구 감천항로429번길 5 (구평동),반려동물용 사료 제조업 외 2종,051-266-2086
8379,원우텍,부산광역시 사상구 낙동대로1310번길 38 (삼락동),무기 및 총포탄 제조업 외 1종,051-321-1352
8380,원이엔지,부산광역시 사상구 낙동대로1428번길 14 (삼락동),그 외 기타 특수목적용 기계 제조업,051-941-8040
8381,원일공업,부산광역시 강서구 과학산단1로103번길 42 (지사동),육상 금속 골조 구조재 제조업 외 1종,051-832-1417
8382,원일산업,부산광역시 사상구 모덕로95번길 75 (모라동),신발 부분품 제조업,051-304-1843
8383,원일유리,부산광역시 금정구 반송로489번길 60 (금사동),기타 판유리 가공품 제조업,051-555-8228
8384,원일종합상사,"부산광역시 사상구 사상로 51 (주례동, 원일종합상사)",그 외 자동차용 신품 부품 제조업 외 13종,051-802-7880
8385,원일컴,"부산광역시 사상구 학장로248번길 27 (학장동, 원일컴)",기타 인쇄관련 산업 외 2종,051-248-2660
8386,원일화학,"부산광역시 사상구 사상로455번길 36 (모라동, (주)한미유압기계)","플라스틱 포대, 봉투 및 유사제품 제조업",051-301-8973
8387,원정공,부산광역시 강서구 죽동길 24 (죽동동),무기 및 총포탄 제조업 외 14종,051-971-1251
8388,원진금속,"부산광역시 사상구 사상로426번길 14 (모라동, 원진금속)",수동식 식품 가공기기 및 금속 주방용기 제조업,051-896-8398
8389,원진사,부산광역시 강서구 낙동남로1013번길 25 (명지동),건설 및 채광용 기계장비 제조업,미등록
8390,원진산업,부산광역시 사상구 낙동대로 982(감전동),그 외 자동차용 신품 부품 제조업,051-327-5988
8391,원진엘앤디,부산광역시 강서구 미음국제7로 47 (미음동),기타 목재가구 제조업,051-973-1390
8392,원진정공,부산광역시 강서구 녹산산단27로 33 (송정동),절삭가공 및 유사처리업,051-831-1937
8393,원진테크,부산광역시 강서구 대저중앙로347번길 48 (대저1동),주형 및 금형 제조업,051-941-9350
8394,원진하이텍크,부산광역시 강서구 녹산산업중로 227 (송정동),산업용 냉장 및 냉동 장비 제조업,051-941-4983
8395,원창정밀,부산광역시 강서구 낙동북로108번길 56-2 (강동동),절삭가공 및 유사처리업,051-973-5855
8396,원치과기공(주),"부산광역시 연제구 거제대로214번길 33, 3층 (거제동)",체외 진단 시약 제조업 외 1종,051-852-2950
8397,원커뮤니케이션,부산광역시 강서구 제도로 681 (강동동),간판 및 광고물 제조업,051-805-6494
8398,원탑마린,부산광역시 영도구 봉래나루로 64-1 (봉래동1가),선박 구성 부분품 제조업,051-414-0700
8399,원탑하이테크,부산광역시 강서구 녹산산업중로 100 (송정동),선박 구성 부분품 제조업 외 24종,051-831-8757
8400,원테크,부산광역시 강서구 녹산산업중로61번길 11 (송정동),절삭가공 및 유사처리업,051-941-2450
8401,원테크,부산광역시 강서구 미음국제5로라길 40(미음동),컨베이어장치 제조업,미등록
8402,원텍,부산광역시 사상구 사상로394번길 15 (덕포동),그 외 기타 특수목적용 기계 제조업 외 18종,051-303-0335
8403,원파이프레이저,부산광역시 사상구 낙동대로916번길 64 (감전동),그 외 기타 금속가공업,051-327-1374
8404,원하이테크,부산광역시 강서구 공항로811번나길 24 (대저2동),절삭가공 및 유사처리업,051-301-8717
8405,원형정공,부산광역시 강서구 미음국제5로마길 17 (미음동),자동차용 금속 압형제품 제조업 외 1종,051-832-0644
8406,원형정공,부산광역시 강서구 미음산단로295번길 7 (미음동),자동차용 금속 압형제품 제조업 외 1종,051-832-0644
8407,월드,부산광역시 강서구 식만로 51-29 (죽림동),유압기기 제조업,070-8286-0607
8408,월드냉동,"부산광역시 영도구 대평로 16, 22호 (대평동1가, 대동대교맨션아파트)",선박 구성 부분품 제조업,미등록
8409,월드마린오토메이션시스템,"부산광역시 사하구 신산로 120, 8층 828호  (신평동)",배전반 및 전기 자동제어반 제조업,미등록
8410,월드시스템,부산광역시 사상구 낙동대로 992-21 (감전동),전동기 및 발전기 제조업 외 1종,051-324-2080
8411,월드전기,부산광역시 영도구 해양로 33-50 (청학동),선박 구성 부분품 제조업,미등록
8412,월드테크,부산광역시 사하구 하신중앙로3번가길 64 (장림동),볼트 및 너트류 제조업 외 2종,051-265-5300
8413,월드파워,"부산광역시 연제구 고분로 96,  2층 (연산동)",변압기 제조업,051-522-7278
8414,월드히타엔지니어링,부산광역시 강서구 대저로3번길 146(대저1동),"산업용 오븐, 노 및 노용 버너 제조업",051-319-4858
8415,월산철강,부산광역시 사상구 강변대로456번길 34-13 (엄궁동),기타 제철 및 제강업 외 1종,051-323-7767
8416,월성기계공업사,부산광역시 사하구 신산북로 37 (신평동),선박 구성 부분품 제조업,051-292-7924
8417,웨이브트리,"부산광역시 금정구 중앙대로 2095, 4층 (남산동)",그 외 기타 의료용품 및 의약 관련제품 제조업,051-514-1436
8418,웰김푸드,"부산광역시 금정구 회천로32번길 36(회동동, 사해기계)",수산식물 가공 및 저장 처리업,051-527-3872
8419,웰딩커플러(주),부산광역시 사상구 새벽로215번길 7(괘법동),금속 단조제품 제조업,051-791-2801
8420,웰스텍마린 주식회사,부산광역시 영도구 해양로65번길 13 (청학동),선박 구성 부분품 제조업,미등록
8421,웰연구소,"부산광역시 강서구 낙동북로138번길 69, 웰연구소(강동동)",기타 비알코올 음료 제조업,02-1522-7509
8422,웰컴엔지니어링,부산광역시 강서구 낙동남로605번길 46-16 (녹산동),배전반 및 전기 자동제어반 제조업,051-262-0433
8423,웰테크,"부산광역시 강서구 녹산산단382로59번길 53, (송정동 1771-9) (송정동)",그 외 기타 금속가공업,미등록
8424,웰텍시스템,"부산광역시 남구 신선로 365,  부경대 창업보육센터 신관 401호, 407호 (용당동)",산업처리공정 제어장비 제조업 외 2종,051-621-4322
8425,웰텍시스템(주),"부산광역시 해운대구 센텀중앙로 90, 12층 1201 (재송동)",기기용 자동측정 및 제어장치 제조업,051-621-4322
8426,위너스마린(주),부산광역시 서구 보수대로 187 (동대신동2가),"목재 포장용 상자, 드럼 및 유사용기 제조업",051-250-9900
8427,위니코니(주),부산광역시 기장군 정관읍 산단7로 99-48,그 외 기타 의료용 기기 제조업 외 3종,051-727-8226
8428,위더스코팅,"부산광역시 강서구 화전산단5로48번길 32(화전동, 씨아이테크주식회사)",도장 및 기타 피막처리업,070-4647-0964
8429,위러브잇컴퍼니,부산광역시 사하구 감천항로190번길 2 (구평동),위생용 종이제품 제조업,051-642-8883
8430,위즈코퍼레이션,"부산광역시 사상구 대동로 303, 608호(감전동, 부산디지털밸리아파트형공장)",복합비료 및 기타 화학비료 제조업,051-317-2479
8431,위트,부산광역시 강서구 순아3구길 120-8 (명지동),액체 여과기 제조업,051-941-0693
8432,위히터,부산광역시 강서구 체육공원로26번길 8(대저1동),"산업용 오븐, 노 및 노용 버너 제조업",051-977-9730
8433,윈드밀코리아,부산광역시 기장군 장안읍 고무로 271-15,전동기 및 발전기 제조업,미등록
8434,윈윈전자주식회사,부산광역시 사상구 삼락천로 47 (삼락동),메모리용 전자집적회로 제조업 외 7종,051-312-2458
8435,윈윈테크,부산광역시 강서구 과학산단2로19번길 100-64 (지사동),그 외 기타 특수목적용 기계 제조업,051-941-5334
8436,윈테크,부산광역시 기장군 장안읍 기장대로 1487,"금속 문, 창, 셔터 및 관련제품 제조업",070-7576-3004
8437,윈테크,부산광역시 기장군 장안읍 명례산단1로 178,"금속 문, 창, 셔터 및 관련제품 제조업",070-7576-3004
8438,윈텍스(주),부산광역시 강서구 미음국제4로 22 (미음동),전기회로 접속장치 제조업 외 1종,051-266-6074
8439,윈파워텍,"부산광역시 사상구 학감대로267번길 24, 204호 (감전동)",전동기 및 발전기 제조업,051-323-7545
8440,윌로펌프주식회사,"부산광역시 강서구 미음산단1로 46, 윌로펌프(주) (구랑동)",기체 펌프 및 압축기 제조업 외 3종,051-950-8000
8441,윌코솔루션,부산광역시 강서구 미음산단로 399 (미음동),"탭, 밸브 및 유사장치 제조업",051-302-7831
8442,유경정밀,부산광역시 강서구 녹산산단261로88번길 12 (송정동),절삭가공 및 유사처리업,051-831-2580
8443,유공금속,부산광역시 사상구 사상로417번길 55 (모라동),볼트 및 너트류 제조업 외 3종,051-304-3536
8444,유나화장지,부산광역시 기장군 정관면 산단7로 7-53 (유나화장지),위생용 종이제품 제조업,051-304-2300
8445,유나화장지   ,부산광역시 기장군 장안읍 반룡산단3로 92,기타 건축용 나무제품 제조업,051-304-2300
8446,유남마린,부산광역시 영도구 해양로65번길 22 (청학동),선박 구성 부분품 제조업,051-412-9659
8447,유니링크 코리아,"부산광역시 강서구 공항로393번길 37-5, 유니링크 코리아(대저2동)",선박 구성 부분품 제조업,051-516-8666
8448,유니버셜마린테크(주),부산광역시 영도구 해양로 59 (청학동),금속탱크 및 저장용기 제조업 외 4종,051-621-2005
8449,유니버셜마린테크(주),부산광역시 사상구 낙동대로1460번길 45 (삼락동),선박 구성 부분품 제조업 외 11종,051-621-2005
8450,유니스(주),부산광역시 사상구 낙동대로 1394 (삼락동),그 외 기타 분류 안된 화학제품 제조업 외 1종,051-303-5080
8451,유니스(주)제2공장,부산광역시 사상구 낙동대로1396번길 40(삼락동),그 외 기타 분류 안된 화학제품 제조업 외 1종,051-303-5080
8452,유니온화스텍,부산광역시 사상구 낙동대로1412번길 20 (삼락동),금속 단조제품 제조업,051-305-0991
8453,유니콘미싱공업(주),부산광역시 사하구 홍티로 10 (다대동),"기타 섬유, 의복 및 가죽 가공 기계 제조업",051-265-3301
8454,유니크,"부산광역시 사상구 사상로447번길 8(모라동, 유니크)",기타 신발 제조업,051-303-0030
8455,유니텍배관,부산광역시 강서구 공항앞길33번길 94-13(대저2동),금속 단조제품 제조업,미등록
8456,유니트러스트개발(주),부산광역시 기장군 정관읍 용수리 883번지,인형 및 장난감 제조업,051-464-7447
8457,유니하이스,"부산광역시 사하구 낙동대로550번길 37, 창업관 401호(하단동, 동아대학교)","탭, 밸브 및 유사장치 제조업",051-271-7158
8458,유덕공업사,부산광역시 사하구 다대로354번안길 69 (장림동),폴리스티렌 발포 성형제품 제조업 외 1종,051-265-8552
8459,유덕산업,"부산광역시 북구 덕천로381번길 17-26, 유덕산업 (만덕동)",절삭가공 및 유사처리업,051-504-8459
8460,유림기업,부산광역시 사하구 다대로300번길 34 (장림동),"식초, 발효 및 화학 조미료 제조업 외 2종",051-262-4294
8461,유림산업,부산광역시 사하구 하신중앙로3번길 60-7 (장림동),도장 및 기타 피막처리업,051-264-9696
8462,유림전기,부산광역시 강서구 유통단지1로132번길 28 (대저2동),전동기 및 발전기 제조업,051-971-3553
8463,유림철강,부산광역시 강서구 녹산산단261로59번길 42 (송정동),절삭가공 및 유사처리업,051-831-4995
8464,유림툴스(주),부산광역시 사상구 새벽시장로29번길 27(감전동),비동력식 수공구 제조업 외 1종,051-325-0988
8465,유메디칼(주),"부산광역시 사상구 가야대로 368,  재영B/D 701호,8층,9층 (주례동)",그 외 기타 의료용 기기 제조업,051-323-1072
8466,유명목재산업,부산광역시 강서구 신포길83번길 14 (명지동),목재 깔판류 및 기타 적재판 제조업 외 5종,051-271-3232
8467,유민테크,부산광역시 강서구 생곡로 273 (생곡동),"기타 측정, 시험, 항해, 제어 및 정밀기기 제조업",051-941-2272
8468,유성공업,"부산광역시 사상구 대동로193번길 13 (학장동, 유성공업사)",주형 및 금형 제조업,051-313-4639
8469,유성공업주,"부산광역시 사상구 가야대로214번길 12 (학장동, 유성공업(주))",절삭가공 및 유사처리업,051-312-8433
8470,유성금속,부산광역시 사하구 다산로225번길 27 (장림동),도금업,051-261-6453
8471,유성금속,"부산광역시 사상구 가야대로 28 (감전동, 유성금속)",강관 제조업 외 2종,051-317-3661
8472,유성금속(주),부산광역시 사상구 낙동대로 1014(감전동),그 외 기타 금속가공업,051-311-3883
8473,유성기계,부산광역시 강서구 미음국제5로다길 25  (미음동),"탭, 밸브 및 유사장치 제조업",미등록
8474,유성벤드(주),부산광역시 강서구 화전산단6로102번길 14 (화전동),주철관 제조업,051-971-1418
8475,유성산업,부산광역시 강서구 봉죽길482번길 248 (죽동동),그 외 기타 금속가공업,051-941-1544
8476,유성산업,부산광역시 강서구 대저중앙로 374-1 (대저1동),강관 제조업 외 1종,051-973-8807
8477,유성산업    ,부산광역시 기장군 정관읍 산단4로 49 (유성산업),그 외 자동차용 신품 부품 제조업 외 4종,051-728-3915
8478,유성산업(주),부산광역시 연제구 중앙대로1048번길 59 (연산동),어망 및 기타 끈 가공품 제조업 외 1종,051-866-3016
8479,유성산업(주),부산광역시 사상구 학감대로178번길 87 (학장동),선박 구성 부분품 제조업,051-325-8878
8480,유성산업사,"부산광역시 사상구 사상로385번길 68 (덕포동, 유성산업사)",연사 및 가공사 제조업,051-305-8191
8481,유성염색,부산광역시 강서구 녹산산단362로 5 (송정동),솜 및 실 염색가공업,051-831-5841
8482,유성파이프,"부산광역시 사상구 새벽로 13(학장동, 유성파이프)",그 외 기타 금속가공업 외 1종,051-312-2115
8483,유수,부산광역시 강서구 과학산단2로19번길 100-51 (지사동),그 외 기타 금속가공업,미등록
8484,유수테크,부산광역시 강서구 식만로247번길 28(식만동),자동차 엔진용 신품 부품 제조업 외 37종,미등록
8485,유승고무,부산광역시 사상구 사상로349번길 30(덕포동),고무패킹류 제조업,051-832-2369
8486,유승금속,"부산광역시 사상구 낙동대로881번길 55 (감전동, 유승금속)",그 외 기타 금속가공업,051-324-2375
8487,유승산업,부산광역시 사하구 보덕포1길 85-6 (장림동),낚시 및 수렵용구 제조업,051-262-2851
8488,유승산업,부산광역시 강서구 녹산산단382로60번길 22 (송정동),기타 가죽제품 제조업,051-832-7900
8489,유승섬유,"부산광역시 부산진구 성지로72번길 10, 1층, 2층 (초읍동)","근무복, 작업복 및 유사의복 제조업 외 2종",051-819-8082
8490,유승아크릴,부산광역시 사상구 삼락천로 85 (삼락동),운송장비 조립용 플라스틱제품 제조업 외 1종,051-305-2013
8491,유신쇼트산업,부산광역시 강서구 녹산산단27로 56 (송정동),도장 및 기타 피막처리업,051-831-3844
8492,유신아크릴,부산광역시 사상구 강변대로456번길 45 (엄궁동),그 외 기타 플라스틱 제품 제조업,051-316-3419
8493,유신에이치알(주)  ,부산광역시 기장군 장안읍 반룡산단2로 25,선박 구성 부분품 제조업 외 12종,051-414-8700
8494,유신인쇄출판사,"부산광역시 사상구 낙동대로1420번길 41,  207,208,208-1호 (삼락동)",기타 인쇄업 외 1종,051-305-7293
8495,유신피앤에스(주),부산광역시 기장군 장안읍 반룡산단2로 25,선박 구성 부분품 제조업 외 1종,051-414-8700
8496,유신화학,부산광역시 사하구 을숙도대로755번길 94 (구평동),플라스틱 필름 제조업 외 1종,051-893-7319
8497,유에이치피소닉(주),부산광역시 강서구 화전산단6로 109(화전동),반도체 제조용 기계 제조업,051-206-0667
8498,유영정밀,"부산광역시 사상구 새벽로 83-22 (학장동, 유영정밀)",주형 및 금형 제조업,051-311-0575
8499,유원,부산광역시 사하구 감천항로190번안길 14-1 (구평동),낚시 및 수렵용구 제조업,미등록
8500,유원산업(주),부산광역시 사하구 을숙도대로677번길 23 (신평동),내연기관 제조업 외 2종,051-205-8541
8501,유원산업(주),부산광역시 사하구 을숙도대로677번길 26 (신평동),선박 구성 부분품 제조업,051-205-8541
8502,유원이엔씨 주식회사,부산광역시 사하구 승학로 45-1 (당리동),유선 통신장비 제조업 외 5종,051-294-9171
8503,유원푸드,부산광역시 강서구 낙동북로126번길 40-1 (강동동),가금류 가공 및 저장 처리업,051-972-5211
8504,유원하이텍,부산광역시 기장군 정관읍 산단4로 48,자동차 재제조 부품 제조업,051-728-7251
8505,유유철강,부산광역시 사상구 새벽로 14 (학장동),육상 금속 골조 구조재 제조업 외 1종,051-326-2030
8506,유이워크,부산광역시 부산진구 신암로 147 (범천동),그 외 자동차용 신품 부품 제조업 외 2종,051-816-6703
8507,유일S.A,부산광역시 사하구 감천로109번길 24 (감천동),선박 구성 부분품 제조업,051-245-0561
8508,유일고무(주),부산광역시 기장군 장안읍 장안산단로 152 (유일고무(주)장안공장),그 외 자동차용 신품 부품 제조업 외 3종,051-727-6611
8509,유일고무(주) 제2공장,"부산광역시 기장군 정관읍 정관로 801, , 예림리 1077-26",고무패킹류 제조업 외 1종,051-727-6611
8510,유일비닐포장,부산광역시 강서구 대저로3번길 72-3(대저1동),"플라스틱 포대, 봉투 및 유사제품 제조업",미등록
8511,유일사,부산광역시 사상구 학감대로 46-6 (학장동),플라스틱 필름 제조업 외 1종,051-327-2070
8512,유일산업,부산광역시 강서구 공항앞길85번길 61-2 (대저2동),신발 부분품 제조업,051-973-9658
8513,유일산업,부산광역시 강서구 공항앞길85번길 61-1 (대저2동),신발 부분품 제조업,051-973-9658
8514,유일산업(주),부산광역시 강서구 생곡산단1로 19 (생곡동),혼성 및 재생 플라스틱 소재 물질 제조업,055-388-4593
8515,유일테크,부산광역시 강서구 녹산산업북로313번길 33 (송정동),절삭가공 및 유사처리업,051-831-0551
8516,유정목재,부산광역시 강서구 미음동 0번지 부산신항배후 국제산업물류도시(1단계) I36블록 12놋트,선박 구성 부분품 제조업,055-337-9171
8517,유종기업,부산광역시 강서구 미음국제5로라길 43(미음동),그 외 기타 일반목적용 기계 제조업,미등록
8518,유진,"부산광역시 동래구 명안로 52-1, 2층 일부 (명장동)",기타 절연선 및 케이블 제조업 외 43종,051-000-0000
8519,유진SRT,부산광역시 사하구 다대로354번안길 95 (장림동),"플라스틱 선, 봉, 관 및 호스 제조업",051-263-2018
8520,유진금속,"부산광역시 사상구 낙동대로1366번길 16 (삼락동, 유진금속)",육상 금속 골조 구조재 제조업 외 2종,051-305-0611
8521,유진기계공업사,부산광역시 사하구 하신중앙로17번길 26 (장림동),"고무, 화학섬유 및 플라스틱 성형기 제조업 외 1종",051-201-3547
8522,유진기술(주),부산광역시 사하구 을숙도대로569번길 33 (신평동),"탭, 밸브 및 유사장치 제조업",051-972-2701
8523,유진볼트공업사,부산광역시 강서구 맥도길415번길 23 (대저2동),절삭가공 및 유사처리업,051-973-0585
8524,유진봉투,"부산광역시 중구 동광길 38,  3,4층 (중앙동4가)",문구용 종이제품 제조업,051-464-6811
8525,유진선박공업사,부산광역시 영도구 태종로50번길 21 (대교동1가),선박 구성 부분품 제조업,051-416-2227
8526,유진선박의장(주),부산광역시 영도구 해양로 8 (청학동),선박 구성 부분품 제조업,051-414-7021
8527,유진아트,부산광역시 금정구 공단로 68-10 (금사동),안전유리 제조업 외 1종,051-514-9022
8528,유진에스알 주식회사,부산광역시 사하구 다대로354번안길 100 (장림동),고무패킹류 제조업 외 3종,051-2654-4407
8529,유진에스엠알시오토모티브테크노 주식회사,부산광역시 강서구 르노삼성대로 61 (신호동),자동차 차체용 신품 부품 제조업 외 1종,051-974-8114
8530,유진에스엠알시오토모티브테크노(주),부산광역시 강서구 과학산단2로19번길 147 (지사동),그 외 자동차용 신품 부품 제조업 외 3종,051-941-2091
8531,유진이노텍(주),부산광역시 강서구 호계로79번길 56-1 (죽동동),신발 부분품 제조업,미등록
8532,유진켐테크,부산광역시 강서구 녹산산단290로 27-11 (송정동),그 외 기타 분류 안된 화학제품 제조업 외 2종,051-831-1711
8533,유진테크,부산광역시 강서구 공항앞길85번길 107 (대저2동),산업용 송풍기 및 배기장치 제조업,051-635-9880
8534,유진테크,부산광역시 강서구 낙동북로76번길 41 (강동동),주형 및 금형 제조업,미등록
8535,유진테크,"부산광역시 사상구 낙동대로815번길 28-17 (감전동, 유진테크)",절삭가공 및 유사처리업,051-315-4785
8536,유진테크,부산광역시 강서구 녹산산단27로 28 (송정동),도장 및 기타 피막처리업,미등록
8537,유진텍스타일,"부산광역시 사하구 장림로 283, 1층 101호, 102호 (장림동)",기타 직물제품 제조업 외 20종,051-204-6257
8538,유진특수인쇄사,부산광역시 사하구 장평로195번길 6 (장림동),기타 인쇄업 외 2종,051-261-4114
8539,유창금속,"부산광역시 강서구 녹산산단382로14번가길 20, 1층 104호 (송정동, 한국청정도금센터)",도금업,051-831-8301
8540,유창금속,"부산광역시 사상구 사상로367번길 12 (덕포동, 유창금속)",수동식 식품 가공기기 및 금속 주방용기 제조업,051-303-7525
8541,유창벤딩,부산광역시 사상구 장인로 38-11 (감전동),선박 구성 부분품 제조업,051-316-6202
8542,유창산업,부산광역시 사하구 다대로300번길 25 (장림동),"플라스틱 포대, 봉투 및 유사제품 제조업 외 1종",051-831-1264
8543,유창산업,부산광역시 영도구 대평로 59-1 (대평동2가),선박 구성 부분품 제조업,051-413-6880
8544,유창산업기계(주),부산광역시 사상구 가야대로103번길 45-7 (감전동),그 외 기타 특수목적용 기계 제조업 외 1종,051-312-5071
8545,유창스틸,부산광역시 강서구 공항로1347번길 66 (대저1동),그 외 기타 금속가공업,051-832-0648
8546,유창철강,부산광역시 강서구 대저중앙로 360-13 (대저1동),그 외 기타 1차 철강 제조업,051-305-8893
8547,유창테크,부산광역시 강서구 화전산단5로98번길 9 (화전동),절삭가공 및 유사처리업,051-311-0678
8548,유케이마린써비스주식회사,부산광역시 영도구 대평로46번길 11-9 (대평동2가),선박 구성 부분품 제조업,051-415-2811
8549,유한책임회사 호영공업,부산광역시 강서구 신호산단3로87번길 25 (신호동),기어 및 동력전달장치 제조업,051-832-1150
8550,유한테크윈(주),"부산광역시 강서구 녹산산단17로14번길 29,  송정동 1485-5 (송정동)",그 외 기타 특수목적용 기계 제조업 외 1종,051-831-2556
8551,유한회사 광명금속,부산광역시 강서구 대저로221번길 127 (대저1동),강주물 주조업,051-972-1300
8552,유한회사 국제공업사,부산광역시 사하구 다산로225번길 39 (장림동),도금업,051-264-5775
8553,유한회사 삼진정밀,부산광역시 강서구 화전산단1로 85 (화전동),그 외 자동차용 신품 부품 제조업 외 3종,051-831-3800
8554,유한회사 우성오션테크,부산광역시 영도구 해양로 33-52 (청학동),선박 구성 부분품 제조업 외 5종,051-417-6678
8555,유환씨앤씨(CNC),부산광역시 강서구 제도로 1187-4 (강동동),주형 및 금형 제조업,051-941-0727
8556,육일문화사,부산광역시 중구 대청로125번길 6 (동광동4가),경 인쇄업,051-441-5164
8557,육천사,"부산광역시 중구 보수대로44번길 5, 1층 (부평동4가)",간판 및 광고물 제조업,051-246-6000
8558,"윤.앤,하우징",부산광역시 강서구 울만로25번길 103-7 (대저2동),목재문 및 관련제품 제조업 외 2종,051-506-5783
8559,윤명식건설기계,"부산광역시 사상구 낙동대로 1060 (감전동, 윤명식건설기계)",건설 및 채광용 기계장비 제조업 외 6종,051-311-0010
8560,윤진발전기,부산광역시 강서구 공항로393번길 28(대저2동),전동기 및 발전기 제조업,051-809-8180
8561,윤진발전기,부산광역시 강서구 공항로393번길 15-1 (대저2동),전동기 및 발전기 제조업,051-973-6356
8562,윤테크,부산광역시 강서구 대저중앙로 360-19 (대저1동),절삭가공 및 유사처리업,051-971-5869
8563,윤항공,부산광역시 강서구 강동중곡3길 38-3(강동동),항공기용 부품 제조업,051-972-0998
8564,윤항공,부산광역시 강서구 대저중앙로357번길 60-2 (대저1동),항공기용 부품 제조업,미등록
8565,융진코퍼레이션 주식회사,부산광역시 강서구 과학산단로 483 (지사동),유압기기 제조업,051-831-5890
8566,은광산업(주),부산광역시 강서구 녹산산단46로 67 (송정동) (총 4 필지),내연기관 제조업 외 16종,051-831-7890
8567,은광산업사,부산광역시 사하구 하신중앙로3번길 61 (장림동),도장 및 기타 피막처리업,051-266-5075
8568,은광섬유,부산광역시 사하구 하신번영로 73 (신평동),솜 및 실 염색가공업 외 2종,051-203-4832
8569,은산수출포장(주),부산광역시 강서구 녹산산단382로 13-19 (송정동),판지 상자 및 용기 제조업,051-661-3381
8570,은석기계공업사,"부산광역시 사상구 가야대로176번길 24 (학장동, 동호기계)","전기회로 개폐, 보호장치 제조업 외 1종",051-325-8392
8571,은성M&T,부산광역시 사상구 학장로 103 (학장동),도금업,051-323-8434
8572,은성마린,"부산광역시 영도구 해양로15번길 18, B동(청학동, 아자엔지니어링)",선박 구성 부분품 제조업,미등록
8573,은성산업,"부산광역시 사상구 가야대로 183 (주례동, NEOCE)",주형 및 금형 제조업,051-325-8074
8574,은성산업(주)녹산공장,부산광역시 강서구 녹산산단231로 64 (송정동),"산업용 섬유 세척, 염색, 정리 및 가공 기계 제조업",051-831-3007
8575,은성산업기계,"부산광역시 사상구 새벽로91번길 11 (학장동, 은성산업기계)",기타 가공 공작기계 제조업,051-314-2757
8576,은성수산,부산광역시 강서구 동리길 156 (명지동),,051-271-1731
8577,은성스틸,"부산광역시 사상구 새벽로 15(학장동, 창흥철강)",그 외 기타 금속가공업,055-311-9971
8578,은창판금,"부산광역시 사상구 새벽시장로29번길 49-1 (감전동, 은창판금)",구조용 금속 판제품 및 공작물 제조업,051-313-9433
8579,은하정공,부산광역시 강서구 호계로79번길 50 (죽동동),주형 및 금형 제조업,미등록
8580,은후전력전자,"부산광역시 사하구 하신중앙로27번길 17, 3층 310 (장림동, 에이스밀)",기타 전기 변환장치 제조업 외 1종,051-262-7532
8581,이강실업 ,부산광역시 영도구 해양로87번길 26 (청학동),선박 구성 부분품 제조업,051-417-7731
8582,이공스텐금속,부산광역시 강서구 울만로 228-1 (대저2동),간판 및 광고물 제조업,051-941-2028
8583,이글스광고기획,부산광역시 부산진구 동평로 187 (부암동),간판 및 광고물 제조업,051-816-1294
8584,이노샌딩,부산광역시 강서구 녹산산단46로 91 (송정동),그 외 기타 금속가공업,미등록
8585,이노텍,"부산광역시 남구 신선로 428, 산학협력관 330호(용당동, 동명대학교)",배전반 및 전기 자동제어반 제조업,070-2838-1311
8586,이노플레이,"부산광역시 기장군 기장읍 차성로 385,  B2",놀이터용 장비 제조업,051-701-4820
8587,이든산업,부산광역시 강서구 호계로57번길 20 (죽동동),그 외 기타 고무제품 제조업 외 29종,070-4647-0245
8588,이든텍(주),부산광역시 강서구 과학산단로 405 (지사동),그 외 자동차용 신품 부품 제조업 외 3종,051-261-0324
8589,이레레이저,부산광역시 강서구 녹산산단17로 48-10(송정동),"산업용 오븐, 노 및 노용 버너 제조업 외 1종",051-974-0726
8590,이마린아이씨티 주식회사,"부산광역시 금정구 개좌로 273-20, 5층 501호(V1타워) (회동동)","레이더, 항행용 무선기기 및 측량기구 제조업 외 3종",070-7204-9313
8591,이바코리아시스템(주),"부산광역시 사상구 대동로 303, 1101호 (감전동, 부산디지털밸리아파트형공장)",배전반 및 전기 자동제어반 제조업,051-612-3977
8592,이박스,"부산광역시 강서구 과학산단1로60번길 31, 2A동 403호(지사동, 부산테크노파크)",배전반 및 전기 자동제어반 제조업 외 1종,051-791-1380
8593,이브마린 주식회사,부산광역시 영도구 해양로87번길 25 (청학동),선박 구성 부분품 제조업,051-417-9534
8594,이성씨엔아이(주),부산광역시 기장군 장안읍 의과학2로 78,기타 전기 변환장치 제조업 외 3종,051-724-8029
8595,이수통상,부산광역시 해운대구 해운대로143번길 40 (재송동),기타 직물제품 제조업 외 2종,미등록
8596,이스톰,부산광역시 북구 효열로 111 (금곡동) 6층609호,기기용 자동측정 및 제어장치 제조업,051-361-3667
8597,이안인더스트리,부산광역시 기장군 정관면 예림1로 65,그 외 기타 플라스틱 제품 제조업,051-727-1424
8598,이안케미칼,부산광역시 해운대구 선수촌로 152-11(반여동),합성수지 및 기타 플라스틱 물질 제조업,051-526-3580
8599,이에스마린,부산광역시 영도구 남항남로19번길 6 (남항동3가),선박 구성 부분품 제조업 외 1종,051-417-6465
8600,이에스케미칼(주),부산광역시 강서구 녹산산단262로13번길 13 (송정동),일반용 도료 및 관련제품 제조업,051-831-3123
8601,이에스테크,부산광역시 강서구 평강로171번길 30-19 (대저1동),배전반 및 전기 자동제어반 제조업,051-832-5226
8602,이에스티링크,"부산광역시 영도구 태종로 727, 한국해양대학교 산학허브관 622호 (동삼동)",유선 통신장비 제조업 외 2종,미등록
8603,이에스티마린(주),"부산광역시 강서구 녹산산단261로74번길 41, B-2 (송정동)",선박 구성 부분품 제조업,051-831-6640
8604,이엔아이테크주식회사,"부산광역시 중구 충장대로13번길 29-1,  지하1층 (중앙동4가)",그 외 기타 특수목적용 기계 제조업 외 1종,051-465-9072
8605,이엔티코리아,"부산광역시 강서구 유통단지1로132번길 20, 옥상 (대저2동)",태양력 발전업,051-302-1006
8606,이엔티코리아,부산광역시 강서구 공항앞길85번길 90 (대저2동),"산업용 오븐, 노 및 노용 버너 제조업 외 1종",051-316-6323
8607,이엠아이솔루션즈 주식회사,"부산광역시 연제구 시청로 6, 101동 218호(연산동,부산 더샵 시티애비뉴)",그 외 기타 전기장비 제조업 외 3종,051-405-7040
8608,이엠전기,"부산광역시 영도구 해양로 33-34, 1층(청학동, 성우전기공장)",전동기 및 발전기 제조업 외 2종,051-418-9993
8609,이엠주식회사,부산광역시 기장군 정관면 정관로 929-9 (성보전기공업(주)),배전반 및 전기 자동제어반 제조업 외 4종,051-728-3757
8610,이온전력,"부산광역시 금정구 금강로541번길 22, 3층 (구서동)",배전반 및 전기 자동제어반 제조업,051-723-7254
8611,이와이이엔지,부산광역시 강서구 녹산산업중로 32-21 (송정동),금속 절삭기계 제조업,070-8691-0288
8612,이원냉열,부산광역시 사하구 장림번영로104번길 38 (장림동),산업용 냉장 및 냉동 장비 제조업 외 1종,051-262-9575
8613,이원종합정밀,부산광역시 영도구 남항서로70번길 5 (남항동3가),선박 구성 부분품 제조업,051-416-2717
8614,이은개발,"부산광역시 부산진구 동평로291번길 30-17, 상가동 401호(연지동, 연지2차청구아파트)",전자감지장치 제조업 외 1종,051-980-5875
8615,이음,"부산광역시 서구 충무대로 56, 201호(암남동, 송도탑스빌)",전시용 모형 제조업 외 2종,051-255-0601
8616,이제테크,부산광역시 강서구 공항로767번다길 2 (대저2동),기타 건축용 나무제품 제조업 외 1종,051-891-5155
8617,이조공예,부산광역시 기장군 일광면 원당1길 1-8,기타 목재가구 제조업,미등록
8618,이즈텍,부산광역시 사하구 장림로 78-8 (장림동),그 외 기타 일반목적용 기계 제조업,051-263-5302
8619,이지에스쇼파,"부산광역시 동래구 명안로 43, 1층 (안락동)",소파 및 기타 내장가구 제조업,051-5323-310
8620,이지원랩스 주식회사,"부산광역시 강서구 과학산단1로60번길 31, 2A동 4층 401호 (지사동, 부산테크노파크)",구조용 금속 판제품 및 공작물 제조업 외 9종,051-991-0321
8621,이지쿡(주),부산광역시 기장군 장안읍 오리산단2로 51,가금류 가공 및 저장 처리업,051-995-9012
8622,이지텍,부산광역시 강서구 경전철로 215 (대저2동),무기 및 총포탄 제조업 외 31종,미등록
8623,이지티엠아이,"부산광역시 해운대구 센텀중앙로 97, B동 4층 401, 412호(재송동, 센텀스카이비즈)","전자기 측정, 시험 및 분석기구 제조업 외 1종",051-819-4203
8624,이진이노텍,부산광역시 사상구 모덕로 62 (덕포동),그 외 자동차용 신품 부품 제조업 외 4종,051-304-0450
8625,이진테크,부산광역시 강서구 상덕로97번길 173 (강동동),선박 구성 부분품 제조업,미등록
8626,이진화학(주),부산광역시 강서구 녹산산단262로 15 (송정동),접착제 및 젤라틴 제조업,055-329-3353
8627,이채널싸인,부산광역시 강서구 공항로1347번길 88-15 (대저1동),간판 및 광고물 제조업 외 1종,미등록
8628,이채라이팅,"부산광역시 연제구 토곡로 35, 6층 (연산동)",전기회로 접속장치 제조업 외 4종,051-751-5520
8629,이천유압,부산광역시 사상구 낙동대로 1464 (삼락동),유압기기 제조업,051-315-3571
8630,이천프랜지,부산광역시 강서구 신호산단3로87번길 15(신호동),절삭가공 및 유사처리업,051-301-1877
8631,이투기업,부산광역시 강서구 미음산단3로 110 (미음동),기타 가정용 전기기기 제조업,070-4205-1582
8632,이투아이,"부산광역시 사하구 다대로1066번길 56, 4층 (장림동)","전자기 측정, 시험 및 분석기구 제조업",051-165-6757
8633,이피니금속공업사,부산광역시 사하구 다산로 254 (장림동),도금업,055-324-8789
8634,이한금속,부산광역시 강서구 녹산산업북로 388 (송정동),도장 및 기타 피막처리업,미등록
8635,이한기술단 주식회사,부산광역시 연제구 과정로132번길 28 (연산동),방송장비 제조업 외 1종,051-752-7771
8636,이호켐앤텍(주),부산광역시 강서구 대저2동 1243번지 외 1필지,표면 가공 목재 및 특정 목적용 제재목 제조업,051-973-2820
8637,이화공업사,부산광역시 영도구 남항서로82번길 30 (남항동3가),선박 구성 부분품 제조업,051-416-1126
8638,이화유지공업(주),부산광역시 사하구 하신중앙로 133 (신평동),식용 정제유 및 가공유 제조업 외 4종,051-291-4208
8639,이화전기,"부산광역시 사상구 사상로402번길 14 (덕포동, 이화전기)",그 외 기타 전자부품 제조업 외 5종,051-304-6182
8640,이환산업,부산광역시 강서구 녹산산단361로 20 (송정동),"탭, 밸브 및 유사장치 제조업 외 4종",051-832-0661
8641,이효엔지니어링,부산광역시 강서구 녹산산단165로 36-19 (송정동),그 외 기타 특수목적용 기계 제조업 외 1종,051-831-5150
8642,인광금속,부산광역시 사상구 낙동대로1338번길 68(삼락동),도금업,051-324-5051
8643,인더라스(주),"부산광역시 사하구 낙동대로550번길 37, 동아대학교 산학관 414호",기타 전기 변환장치 제조업,051-758-6614
8644,인더스트리얼테크놀로지앤서비스코리아(주),부산광역시 기장군 장안읍 장안산단9로 87,"탭, 밸브 및 유사장치 제조업 외 3종",051-726-5092
8645,인바이트,"부산광역시 중구 흑교로71번길 3-2, 2층 (보수동2가)","근무복, 작업복 및 유사의복 제조업",미등록
8646,인성기업사,부산광역시 사하구 을숙도대로569번길 34 (신평동),선박 구성 부분품 제조업,051-293-7550
8647,인성전기(주),부산광역시 강서구 녹산산업북로 449 (신호동),일반용 전기 조명장치 제조업 외 4종,051-262-7870
8648,인성전기(주),부산광역시 강서구 가달2로16번길 12 (생곡동),일반용 전기 조명장치 제조업,051-262-7870
8649,인성중전기,부산광역시 사상구 낙동대로 1364 (삼락동),"산업용 오븐, 노 및 노용 버너 제조업 외 7종",051-301-8150
8650,인성하이텍,부산광역시 사하구 다산로 124 (다대동),절삭가공 및 유사처리업,051-201-2960
8651,인시츄엔지니어링,부산광역시 영도구 대평남로 46-1 (대평동2가),"기타 측정, 시험, 항해, 제어 및 정밀기기 제조업",051-806-2203
8652,인영,부산광역시 사상구 학감대로 216-20 (감전동),신발 부분품 제조업 외 1종,051-313-7976
8653,인영산업,부산광역시 강서구 생곡산단1로 55 (생곡동),끈 및 로프 제조업,051-271-2106
8654,인영정밀,부산광역시 강서구 낙동북로126번길 37-16 (강동동),금속 절삭기계 제조업,051-305-1613
8655,인우시스템창호,부산광역시 사상구 모라로 11 (삼락동),플라스틱 창호 제조업,051-312-2151
8656,인우테크,"부산광역시 사상구 새벽시장로45번길 53-8 (감전동, 인우테크)",연마재 제조업 외 2종,051-316-7213
8657,인제(주),부산광역시 사상구 가야대로 148 (학장동),그 외 기타 1차 철강 제조업,051-313-9176
8658,인제레이저,"부산광역시 사상구 새벽로 72 (학장동, 인제레이저)",그 외 기타 1차 철강 제조업,051-313-9176
8659,인제레이저,"부산광역시 사상구 대동로 228 (학장동, 성경금속)",그 외 기타 1차 철강 제조업,051-313-9176
8660,인제컴퍼니,"부산광역시 강서구 과학산단1로60번길 30, 2B동 110호 (지사동)",금속 가구 제조업 외 8종,051-714-3482
8661,인제컴퍼니,"부산광역시 강서구 과학산단1로60번길 30, 5동 303호(지사동)",구조용 금속 판제품 및 공작물 제조업 외 6종,051-714-3482
8662,인창공조,부산광역시 강서구 대저중앙로348번길 19 (대저1동),구조용 금속 판제품 및 공작물 제조업,미등록
8663,인터루체,"부산광역시 부산진구 자유평화로3번길 14-21, 402호 (범천동, 소망빌딩) (범천동, 신부산빌딩)",귀금속 및 관련제품 제조업,070-7799-2488
8664,인터쿡,부산광역시 사상구 학장로135번길 62 (학장동),수동식 식품 가공기기 및 금속 주방용기 제조업,051-322-7411
8665,인텍(주),부산광역시 강서구 낙동남로533번길 41 (녹산동),배전반 및 전기 자동제어반 제조업,02-567-5201
8666,인트라정공(주),부산광역시 강서구 화전산단6로32번길 17 (화전동),내연기관 제조업,051-466-4635
8667,인화전기,"부산광역시 부산진구 전포대로 220, 지하1층, 지상1층 (전포동)",방송장비 제조업 외 14종,051-809-0802
8668,일경기계,부산광역시 사상구 사상로385번길 27 (덕포동),유압기기 제조업,051-301-5238
8669,일경기계,"부산광역시 사상구 사상로375번길 24 (덕포동, 일경기계)",액체 펌프 제조업,051-301-5238
8670,일경스텐레스,부산광역시 강서구 대저중앙로357번길 89 (대저1동),그 외 기타 금속가공업,051-305-2288
8671,일광PNT,부산광역시 사상구 낙동대로 838 (감전동),"목재 보존, 방부처리, 도장 및 유사 처리업",051-314-7477
8672,일광개발(주),부산광역시 기장군 장안읍 반룡산단3로 3,그 외 자동차용 신품 부품 제조업,051-930-0054
8673,일광개발(주)  ,부산광역시 기장군 장안읍 반룡산단3로 36,그 외 자동차용 신품 부품 제조업 외 5종,051-930-0023
8674,일광개발(주)   ,부산광역시 기장군 장안읍 장안산단9로 87,그 외 자동차용 신품 부품 제조업 외 5종,051-930-0105
8675,일광개발(주)   ,부산광역시 기장군 장안읍 반룡산단3로 34,그 외 자동차용 신품 부품 제조업 외 5종,051-930-0023
8676,일광공업사,"부산광역시 사상구 장인로37번길 13-9 (감전동, 태광전기)",볼트 및 너트류 제조업 외 2종,051-323-8866
8677,일광금속,부산광역시 강서구 가락대로1397번길 311 (봉림동),"금속 문, 창, 셔터 및 관련제품 제조업 외 2종",미등록
8678,일광기계공업사,부산광역시 강서구 공항로743번길 48-37 (대저2동),"탭, 밸브 및 유사장치 제조업",미등록
8679,일광기획,부산광역시 사하구 다대로 260 (장림동),스크린 인쇄업 외 2종,051-266-8793
8680,일광산업기술,부산광역시 강서구 대저중앙로347번길 32 (대저1동),배전반 및 전기 자동제어반 제조업,051-808-7068
8681,일광실업,"부산광역시 동구 성남로 62, 2층 (좌천동)",남자용 겉옷 제조업 외 3종,미등록
8682,일광엔지니어링,부산광역시 영도구 남항서로 4 (남항동3가),선박 구성 부분품 제조업,미등록
8683,일광인쇄사,부산광역시 서구 아미동2가 20번지,기타 인쇄관련 산업,051-256-1621
8684,일광전기,"부산광역시 서구 구덕로280번길 5 (동대신동1가, 두손 빌라)",운송장비용 조명장치 제조업 외 1종,051-248-9912
8685,일광정밀(주),부산광역시 강서구 과학산단2로19번길 19 (지사동),그 외 자동차용 신품 부품 제조업 외 5종,051-974-0055
8686,일광제과,부산광역시 강서구 녹산산업북로 388 (송정동),과자류 및 코코아 제품 제조업,051-205-0993
8687,일광테크,부산광역시 강서구 과학산단2로43번길 22 (지사동),주형 및 금형 제조업,051-974-0059
8688,일구전열,부산광역시 사상구 새벽시장로63번길 61 (감전동),산업용 난방보일러 및 방열기 제조업 외 1종,051-816-7726
8689,일도온 주식회사,"부산광역시 영도구 해양로 33-52, 일도온 주식회사(청학동, (주)우성오션테크)",전기용 탄소제품 및 절연제품 제조업,051-417-6678
8690,일동금속벨트(주),부산광역시 강서구 녹산산단289로 82 (송정동),금속선 가공제품 제조업,051-831-0366
8691,일동기업,"부산광역시 영도구 남항남로 8-1 (남항동3가, 천일금속)",선박 구성 부분품 제조업,051-208-2893
8692,일룡전기,"부산광역시 영도구 남항서로 6-16 (남항동3가, 일룡전기공장)",선박 구성 부분품 제조업,051-416-4581
8693,일산에너지,부산광역시 기장군 일광면 일광로 705 ((주)은환산업),전동기 및 발전기 제조업,051-722-2852
8694,일산정밀,"부산광역시 사상구 장인로37번길 47-10 (감전동, 삼흥정공)",선박 구성 부분품 제조업,051-324-0234
8695,일삼기공,부산광역시 사하구 하신번영로127번길 24 (신평동),"탭, 밸브 및 유사장치 제조업 외 1종",051-206-8996
8696,일선목재(주),부산광역시 강서구 녹산산단381로12번길 83 (송정동),일반 제재업,051-831-8103
8697,일성기계개발,부산광역시 강서구 녹산산업중로 52-17 (송정동),"산업용 섬유 세척, 염색, 정리 및 가공 기계 제조업",051-831-2237
8698,일성기업,"부산광역시 사상구 낙동대로 855 (감전동, 일성기업)",도금업,051-315-6556
8699,일성기업사,부산광역시 영도구 태종로89번길 42 (봉래동2가),선박 구성 부분품 제조업,051-418-0208
8700,일성기업사,부산광역시 강서구 화전산단6로 85 (화전동),"탭, 밸브 및 유사장치 제조업",051-304-0752
8701,일성산업,"부산광역시 사상구 가야대로11번길 65 (감전동, 일성산업)",육상 금속 골조 구조재 제조업 외 2종,070-7011-5758
8702,일성산업,"부산광역시 금정구 공단동로41번길 10, 보림팩토피아동 1층 101,102호 (금사동)",운송장비 조립용 플라스틱제품 제조업 외 1종,051-527-7636
8703,일성산업,"부산광역시 사상구 낙동대로881번길 27-5 (감전동, 일성산업)",그 외 자동차용 신품 부품 제조업 외 4종,051-312-4420
8704,일성스텐,부산광역시 사하구 하신중앙로 106 (신평동),절삭가공 및 유사처리업 외 1종,051-204-7008
8705,일성스틸,부산광역시 강서구 녹산산단27로 153 (송정동),절삭가공 및 유사처리업,051-973-5858
8706,일성유압,부산광역시 사하구 장림로 78-10 (장림동),유압기기 제조업 외 1종,051-261-4499
8707,일성정공,부산광역시 사상구 대동로 230 (학장동),금속탱크 및 저장용기 제조업 외 3종,051-312-6321
8708,일성정밀,부산광역시 사하구 을숙도대로755번길 65 (구평동),주형 및 금형 제조업,051-201-4843
8709,일성지기,부산광역시 사하구 장평로 122-2 (장림동),판지 상자 및 용기 제조업,051-264-8040
8710,일성테크,부산광역시 강서구 평강로345번길 53(대저1동),포장용 플라스틱 성형용기 제조업,미등록
8711,일성테크원주식회사,"부산광역시 연제구 거제천로255번가길 39, 1층 (거제동)",배전반 및 전기 자동제어반 제조업 외 1종,02-925-1514
8712,일성테크원주식회사,부산광역시 연제구 거제천로255번가길 37 (거제동),전기회로 접속장치 제조업 외 1종,051-925-1514
8713,일성포러스,부산광역시 강서구 대저로89번가길 107(대저1동),자동차용 신품 조향장치 및 현가 장치 제조업,051-501-4662
8714,일성화학,부산광역시 사하구 신산북로 29 (신평동),그 외 기타 플라스틱 제품 제조업,051-293-6988
8715,일신공업사,부산광역시 사상구 사상로 77 (감전동),그 외 자동차용 신품 부품 제조업 외 3종,051-316-0732
8716,일신공업사,"부산광역시 사상구 사상로393번길 55 (덕포동, 일신볼트공업사)",볼트 및 너트류 제조업 외 2종,051-301-1564
8717,일신교구산업,부산광역시 강서구 대저동서로229번길 12-1 (대저2동),기타 목재가구 제조업 외 1종,051-973-6683
8718,일신금속열처리,부산광역시 사상구 사상로477번길 51 (모라동),금속 열처리업,051-303-4563
8719,일신기연(주),부산광역시 기장군 정관면 용수공단1길 33 (일신기연(주)),그 외 자동차용 신품 부품 제조업 외 3종,051-728-4032
8720,일신마린엔지니어링(주),"부산광역시 영도구 산업로 23(청학동, 일신빌딩)",선박 구성 부분품 제조업,051-418-8306
8721,일신물산(주),"부산광역시 사상구 장인로 38-10 (감전동, TK한국탄켄)",접착제 및 젤라틴 제조업,051-322-0211
8722,일신산업,부산광역시 사하구 을숙도대로 584 (장림동),육상 금속 골조 구조재 제조업 외 1종,051-263-4211
8723,일신정밀금형,부산광역시 강서구 낙동북로138번길 86-20 (강동동),주형 및 금형 제조업,051-303-5877
8724,일신테크,부산광역시 사하구 감천항로 493 (구평동),선박 구성 부분품 제조업,051-207-6996
8725,일신테크,부산광역시 사하구 다산로175번길 35 (다대동),선박 구성 부분품 제조업,미등록
8726,일신테크(주),부산광역시 강서구 과학산단2로3번길 42 (지사동),그 외 기타 일반목적용 기계 제조업 외 1종,051-831-7432
8727,일신텍 주식회사,"부산광역시 금정구 개좌로272번길 21, 2층 201호 (회동동)",교통 신호장치 제조업 외 13종,051-755-6100
8728,일신프라스틱,부산광역시 강서구 금호순서길 82 (대저2동),운송장비 조립용 플라스틱제품 제조업 외 1종,051-973-7562
8729,일양산업기계,부산광역시 강서구 식만로 51-30 (죽림동),그 외 기타 일반목적용 기계 제조업 외 1종,051-327-5330
8730,일우산업,"부산광역시 동래구 쇠미로17번길 20, 성산빌딩 3층(사직동, 성산빌딩)","근무복, 작업복 및 유사의복 제조업 외 1종",051-505-8525
8731,일우피팅,"부산광역시 영도구 남항남로19번길 20 (남항동3가, (주)태림오릭스)",선박 구성 부분품 제조업,051-412-2600
8732,일윤전장,부산광역시 사하구 감천항로419번길 51 (구평동),배전반 및 전기 자동제어반 제조업,051-863-2528
8733,일정테크,부산광역시 사상구 새벽로137번길 52 (감전동),유압기기 제조업,051-328-7798
8734,일조화학,"부산광역시 사상구 사상로386번길 38-17 (덕포동, 일진델타)",그 외 기타 플라스틱 제품 제조업,051-303-5501
8735,일진,부산광역시 강서구 낙동북로126번길 23 (강동동),그 외 기타 금속가공업,051-972-0447
8736,일진금속,부산광역시 사상구 학감대로123번길 40 (학장동),철도차량 부품 및 관련 장치물 제조업,051-327-3763
8737,일진금속,부산광역시 강서구 녹산산단381로 74 (송정동),강관 제조업 외 1종,051-973-0388
8738,일진기계공업사,부산광역시 강서구 녹산산업중로 52-9 (송정동),철도차량 부품 및 관련 장치물 제조업 외 6종,051-263-9328
8739,일진델타,부산광역시 강서구 화전산단5로84번길 25 (화전동),주형 및 금형 제조업 외 1종,051-302-4451
8740,일진산업(주),부산광역시 사하구 하신중앙로 111 (신평동),날붙이 제조업,051-266-1084
8741,일진엔티에스(주),부산광역시 기장군 장안읍 명례산단6로 162,톱 및 호환성 공구 제조업 외 2종,051-831-1700
8742,일진자동화기계,부산광역시 사하구 신산북로 36 (신평동),그 외 자동차용 신품 부품 제조업,051-206-0041
8743,일진전기공업사,부산광역시 영도구 대평로53번길 1 (대평동2가),선박 구성 부분품 제조업,051-413-9340
8744,일진정밀,부산광역시 사하구 을숙도대로724번길 10 (구평동),주형 및 금형 제조업,051-266-6936
8745,일진파워텍,부산광역시 강서구 금호순서길282번나길 37-7 (대저2동),배전반 및 전기 자동제어반 제조업,051-321-0081
8746,일창공업사,부산광역시 강서구 낙동남로533번길 22(녹산동),육상 금속 골조 구조재 제조업 외 1종,051-941-7914
8747,일호금속,부산광역시 사하구 다산로225번길 31 (장림동),도금업,051-265-8427
8748,일화공업(주),부산광역시 강서구 미음산단3로 172 (미음동),금속탱크 및 저장용기 제조업 외 1종,051-831-4261
8749,일화공업(주),부산광역시 강서구 녹산산단77로 47 (송정동),금속탱크 및 저장용기 제조업 외 1종,051-831-4261
8750,일화중부대행점,부산광역시 강서구 수봉4길 28 (강동동),그 외 자동차용 신품 부품 제조업 외 3종,051-971-0296
8751,일흥기공,부산광역시 사하구 다산로 169 (다대동),선박 구성 부분품 제조업,051-265-8205
8752,일흥산업,부산광역시 사하구 신산로29번길 38 (신평동),"직물, 편조원단 및 의복류 염색 가공업",051-293-8181
8753,일흥테크,부산광역시 금정구 동천로 33 (회동동),주형 및 금형 제조업,051-508-3960
8754,임나물산(주),부산광역시 사하구 하신중앙로17번길 11 (장림동),"라이터, 연소물 및 흡연용품 제조업",051-261-4905
8755,임소정밀공업사,부산광역시 강서구 신호산단3로 92 (신호동),주형 및 금형 제조업,051-832-0317
8756,임소정밀공업사,부산광역시 강서구 화전산단6로 105 (화전동),주형 및 금형 제조업,051-832-0315
8757,임자 컴퍼니,"부산광역시 서구 구덕로226번길 3, 202호 (부민동1가)",기타 직물제품 제조업,051-711-0300
8758,자스민,부산광역시 강서구 대저동서로249번길 49 (대저2동),주형 및 금형 제조업,051-241-2556
8759,자연맵핑코스메틱,"부산광역시 사상구 모라로192번길 9, 201호 (모라동, 모라아파트형공장)",화장품 제조업 외 1종,051-892-0463
8760,장미고무공업사(주),부산광역시 강서구 평강로 227-17 (대저1동),자수제품 및 자수용재료 제조업 외 1종,051-302-5376
8761,장미고무공업사(주),"부산광역시 사상구 낙동대로1292번길 29 (삼락동, 장미고무공업사)",그 외 기타 고무제품 제조업 외 2종,051-302-5376
8762,장미고무공업사(주),부산광역시 사상구 낙동대로1292번길 31 (삼락동),그 외 기타 고무제품 제조업 외 1종,051-302-5376
8763,장산금속,부산광역시 강서구 과학산단1로103번길 20 (지사동),강관 제조업 외 1종,051-831-0758
8764,장성목형,부산광역시 강서구 맥도강변길 238 (대저2동),주형 및 금형 제조업,051-941-9870
8765,장안지게차정비,부산광역시 기장군 장안읍 개천1길 4,건설 및 채광용 기계장비 제조업,미등록
8766,장엔지니어링,부산광역시 강서구 미음국제5로가길 13(미음동),기어 및 동력전달장치 제조업,미등록
8767,장우기계(주),부산광역시 기장군 정관읍 예림2길 36 (장우기계주식회사),그 외 기타 특수목적용 기계 제조업 외 2종,051-727-7171
8768,장우산업사,부산광역시 사하구 신산북로 56 (신평동),플라스틱 필름 제조업 외 1종,051-201-3777
8769,장우정밀,부산광역시 강서구 미음국제7로 83 (미음동),기타 가공 공작기계 제조업,051-973-5319
8770,장일메디칼,"부산광역시 금정구 개좌로 87, 지층(금사동)",그 외 기타 의료용 기기 제조업 외 1종,051-531-2551
8771,장장아스콘산업(주),부산광역시 사상구 낙동대로 671 (엄궁동),기타 석유정제물 재처리업 외 2종,051-317-3751
8772,장진유압,"부산광역시 사상구 낙동대로1338번길 31 (삼락동, 장진유압)",그 외 기타 특수목적용 기계 제조업 외 2종,051-301-3282
8773,장한케미칼,부산광역시 해운대구 우동 1102-38 번지,합성고무 제조업,051-746-0495
8774,장호정밀,부산광역시 사하구 하신중앙로53번길 8 (신평동),자동차 엔진용 신품 부품 제조업 외 2종,051-202-8157
8775,재경A&T,"부산광역시 강서구 녹산산단382로14번가길 20, 1층 110호 (송정동, 한국청정도금센터)",도금업,051-941-7115
8776,재경산업,부산광역시 기장군 정관읍 용수공단2길 82-2,기타 기계.장비 조립용 플라스틱 제품 제조업,051-728-4177
8777,재경실업,"부산광역시 금정구 금사로107번길 24, 2층 (금사동)",남자용 겉옷 제조업 외 8종,042-282-5486
8778,재경전자,"부산광역시 영도구 남항남로 23-2 (남항동3가, 재경전자)",그 외 기타 전자부품 제조업 외 1종,051-417-1461
8779,재림염색,부산광역시 강서구 녹산산단382로14번가길 1 (송정동),솜 및 실 염색가공업,051-831-9205
8780,재성정밀,"부산광역시 사상구 사상로417번길 15 (모라동, 재성정밀)",자동차 차체용 신품 부품 제조업 외 1종,051-304-6220
8781,재신용접,부산광역시 영도구 태종로50번길 43 (대교동1가),선박 구성 부분품 제조업,051-413-8555
8782,재아테크,부산광역시 기장군 정관면 산단3로 27,일반철물 제조업,051-728-0940
8783,재영기계,부산광역시 사상구 장인로17번길 77 (감전동),절삭가공 및 유사처리업 외 2종,051-311-9043
8784,재영산업,부산광역시 사하구 을숙도대로 591 (신평동),도장 및 기타 피막처리업,051-203-2806
8785,재영산업,부산광역시 사하구 다산로105번길 72 (다대동),도장 및 기타 피막처리업,051-203-2807
8786,재우특수산업,부산광역시 사상구 학장로169번길 17 (학장동),"탭, 밸브 및 유사장치 제조업",미등록
8787,재원,"부산광역시 강서구 화전산단6로 71, 1층 104호 (화전동)",선박 구성 부분품 제조업,051-972-0958
8788,재원금속,부산광역시 강서구 녹산산업북로 277 (송정동),금속선 가공제품 제조업,055-323-4537
8789,재하철강,"부산광역시 사상구 낙동대로916번길 35 (감전동, 재하철강)",기타 제철 및 제강업 외 1종,051-314-7711
8790,재환,부산광역시 기장군 장안읍 반룡로 281,기타 1차 비철금속 제조업,미등록
8791,잼커피로스터리움,부산광역시 기장군 장안읍 오리산단로 186,커피 가공업 외 1종,ARS-1899-0820
8792,전도산업기계,부산광역시 기장군 정관면 산단1로 66-89 (영진산업),유압기기 제조업,051-728-6975
8793,전도산업기계,부산광역시 기장군 정관면 산단1로 66-89 (영진산업),일반철물 제조업,051-728-6875
8794,전명정공,부산광역시 강서구 녹산산업북로313번길 62 (송정동),그 외 기타 1차 철강 제조업,051-831-0057
8795,전우사,"부산광역시 금정구 삼어로 223 (금사동, 진보금속공업(주))",스크린 인쇄업,051-526-0822
8796,전진L&T,부산광역시 사상구 학감대로192번길 69 (학장동),그 외 기타 분류 안된 금속 가공 제품 제조업 외 1종,051-921-8455
8797,전진공업사,부산광역시 사하구 다산로105번길 61 (다대동),자동차용 금속 압형제품 제조업 외 1종,051-262-0112
8798,전창공업,부산광역시 강서구 범방2로 48 (범방동),"탭, 밸브 및 유사장치 제조업",054-956-8476
8799,정공사,부산광역시 사하구 보덕포1길 108(장림동),알루미늄주물 주조업,051-291-7970
8800,정공사,부산광역시 사상구 학감대로192번길 79 (학장동),배전반 및 전기 자동제어반 제조업 외 1종,051-631-2567
8801,정관산업,부산광역시 기장군 정관면 산단3로 55,운송장비 조립용 플라스틱제품 제조업 외 1종,051-728-4361
8802,정광섬유공업사,"부산광역시 사상구 학감대로252번길 62 (주례동, 태영정밀)",화학섬유직물 직조업 외 3종,051-322-1253
8803,정광인쇄사,부산광역시 중구 복병산길6번길 15-1 (대청동1가),기타 인쇄업 외 1종,051-442-4421
8804,정광인스텍,부산광역시 해운대구 센텀중앙로 97 (재송동) 센텀스카이비즈,그 외 기타 전자부품 제조업 외 7종,051-808-2279
8805,정금기계,부산광역시 강서구 녹산산단261로87번길 19 (송정동),"산업용 섬유 세척, 염색, 정리 및 가공 기계 제조업",051-831-6767
8806,정담기술(주),"부산광역시 기장군 기장읍 차성로436번길 8,  대영상가 B 201",방송장비 제조업 외 1종,051-723-0115
8807,정도금형,부산광역시 강서구 녹산산단261로 78 (송정동),주형 및 금형 제조업,051-831-2615
8808,정도웰텍 주식회사,부산광역시 강서구 대저중앙로348번길 15-2 (대저1동),배전반 및 전기 자동제어반 제조업 외 2종,051-303-8798
8809,정도전기,부산광역시 사하구 구평로 19-1 (구평동),배전반 및 전기 자동제어반 제조업 외 1종,051-415-2137
8810,정동기계사,부산광역시 영도구 해양로176번길 14 (청학동),선박 구성 부분품 제조업 외 4종,051-417-4545
8811,정동섬유,부산광역시 기장군 정관읍 산단4로 8-27 (우창화학(주)),모 방적업,051-728-7199
8812,정동정밀,부산광역시 강서구 녹산산단261로59번길 20 (송정동),그 외 기타 고무제품 제조업 외 3종,051-337-8839
8813,정만금속,부산광역시 강서구 대저중앙로 360-1 (대저1동),기타 1차 비철금속 제조업,미등록
8814,정민금속,부산광역시 사상구 학장로135번길 85 (학장동),선철주물 주조업,051-313-3341
8815,정보광고공사,부산광역시 사상구 사상로478번길 22 (모라동),간판 및 광고물 제조업 외 1종,051-302-3103
8816,정석금속,부산광역시 사상구 낙동대로1348번길 55 (삼락동),볼트 및 너트류 제조업 외 2종,051-305-3360
8817,정선,부산광역시 강서구 녹산산단27로 42 (송정동),비주거용 건물 임대업,051-831-2023
8818,정선산업엔지니어링,"부산광역시 사상구 가야대로 7 (감전동, 정선엔지니어링)",금속탱크 및 저장용기 제조업 외 1종,051-328-7313
8819,정성원,부산광역시 강서구 녹산산업중로 36 (송정동),선박 구성 부분품 제조업,051-831-2140
8820,정성의료린넨,"부산광역시 부산진구 성지로137번길 92, 지하1층 (초읍동)",그 외 기타 봉제의복 제조업,051-816-2377
8821,정수테크,부산광역시 강서구 녹산산단381로86번길 29 (송정동),그 외 기타 분류 안된 금속 가공 제품 제조업,051-832-0413
8822,정아사,부산광역시 사하구 장림번영로103번길 25 (장림동),선박 구성 부분품 제조업,051-263-2280
8823,정안기업,부산광역시 사하구 감천항로405번길 22-1 (구평동),절삭가공 및 유사처리업,051-265-7854
8824,정안테크,부산광역시 강서구 대저중앙로348번길 24-8 (대저1동),주형 및 금형 제조업,051-303-8176
8825,정양엔지니어링 주식회사,"부산광역시 영도구 해양로 209, 건물 중앙  (동삼동)",선박 구성 부분품 제조업,051-466-2651
8826,정엔지니어링,부산광역시 사상구 가야대로11번길 7-7 (감전동),기타 구조용 금속제품 제조업,051-326-2227
8827,정열공업사,부산광역시 강서구 미음국제5로다길 40 (미음동),주형 및 금형 제조업,051-322-1038
8828,정영기계,부산광역시 사상구 학감대로222번길 34 (감전동),그 외 기타 일반목적용 기계 제조업 외 4종,051-327-4977
8829,정우ENG,부산광역시 강서구 대저중앙로 314-4 (대저1동),주형 및 금형 제조업,051-305-5140
8830,정우ETS,부산광역시 사하구 다산로53번길 31 (다대동),철도차량 부품 및 관련 장치물 제조업,051-894-9974
8831,정우금속,부산광역시 강서구 낙동북로125번길 92-1 (강동동),금속 단조제품 제조업,051-328-5335
8832,정우기업,부산광역시 사상구 낙동대로1412번길 80 (삼락동),그 외 기타 고무제품 제조업,051-301-7712
8833,정우레스폴,"부산광역시 사상구 모덕로 48, 2층 (삼락동)",기타 직물제품 제조업,051-303-0001
8834,정우실업,부산광역시 사하구 장림번영로84번길 34 (장림동),어망 및 기타 끈 가공품 제조업 외 1종,051-261-7181
8835,정우이앤이(주),부산광역시 강서구 녹산산단261로74번길 20 (송정동),그 외 기타 분류 안된 금속 가공 제품 제조업 외 8종,051-639-0700
8836,정우이앤이(주),부산광역시 강서구 가리새1로25번길 24 (생곡동),강관 제조업 외 3종,051-639-0700
8837,정우이앤지주식회사,"부산광역시 사하구 하신중앙로27번길 17, 에이스밀 3층 301 (장림동)",배전반 및 전기 자동제어반 제조업,051-264-2091
8838,정우정밀,부산광역시 사하구 장평로83번길 28 (장림동),그 외 기타 금속가공업,051-262-3606
8839,정우테크,부산광역시 강서구 생곡산단2로11번길 38 (생곡동),절삭가공 및 유사처리업 외 17종,051-324-1288
8840,정우테크,부산광역시 강서구 신호산단3로88번길 54 (신호동),농업 및 임업용 기계 제조업,051-941-5341
8841,정원식품,부산광역시 강서구 체육공원로26번길 72 (대저1동),"면류, 마카로니 및 유사식품 제조업",051-262-3430
8842,정원테크,부산광역시 사상구 삼덕로5번길 34 (삼락동),그 외 기타 금속가공업,051-315-3155
8843,정원테크,부산광역시 강서구 평강로171번길 30-21 (대저1동),항공기용 부품 제조업,미등록
8844,정인수산,부산광역시 사하구 다대로1066번길 38 (장림동),기타 수산동물 가공 및 저장 처리업,051-264-8898
8845,정일공작소,"부산광역시 사상구 낙동대로1318번길 32 (삼락동, 부전유리)","기타 섬유, 의복 및 가죽 가공 기계 제조업",051-304-2665
8846,정일산업기계(주),부산광역시 강서구 미음국제5로나길 32 (미음동),그 외 기타 특수목적용 기계 제조업,미등록
8847,정일엔지니어링,부산광역시 강서구 금호순서길89번가길 30 (대저2동),그 외 기타 일반목적용 기계 제조업 외 2종,051-301-0368
8848,정일중공업,부산광역시 영도구 대평로 47 (대평동2가),선박 구성 부분품 제조업,051-415-1771
8849,정일철강,"부산광역시 사상구 새벽로 77 (학장동, 정일철강)",그 외 기타 1차 철강 제조업,051-325-3169
8850,정진기업,"부산광역시 영도구 태종로 537-5 (동삼동, (주)정도기업)",선박 구성 부분품 제조업,051-403-5100
8851,정진툴테크,부산광역시 강서구 대저중앙로 350 (대저1동),비동력식 수공구 제조업,051-321-1409
8852,정현아이스텍(주),부산광역시 사하구 감천항로 250 (구평동),수산동물 냉동품 제조업,051-265-6631
8853,정현테크,부산광역시 강서구 공항앞길33번길 95 (대저2동),배전반 및 전기 자동제어반 제조업 외 4종,미등록
8854,정훈공업사,부산광역시 강서구 강동중곡3길 54 (강동동),선박 구성 부분품 제조업,051-266-6765
8855,제기씨월드(ENG),부산광역시 사하구 을숙도대로755번길 98 (구평동),선박 구성 부분품 제조업,051-266-6308
8856,제노,"부산광역시 해운대구 센텀중앙로 90, 17층 1709호 (재송동)",기타 가정용 전기기기 제조업 외 2종,051-913-9693
8857,제동정밀,부산광역시 사하구 장림로161번길 16 (장림동),그 외 기타 분류 안된 금속 가공 제품 제조업 외 1종,051-262-7933
8858,제모스(주),부산광역시 영도구 해양로182번길 26 (청학동),선박 구성 부분품 제조업,055-731-1281
8859,제산정공사,부산광역시 강서구 신호산단3로88번길 41 (신호동),주형 및 금형 제조업,051-831-5421
8860,제세산업 주식회사,"부산광역시 사상구 삼락천로 202, 3층(모라동)",구두류 제조업 외 2종,051-302-7768
8861,제스트,"부산광역시 사하구 장림번영로104번길 28, 2층 (장림동)","근무복, 작업복 및 유사의복 제조업 외 4종",051-202-2886
8862,제아건드릴,부산광역시 강서구 낙동북로60번길 4-4 (강동동),주형 및 금형 제조업,051-972-1248
8863,제엠제코(주),"부산광역시 기장군 장안읍 의과학5로 29, (동남권방사선의·과학일반산업단지 내 산업9-6)",기타 반도체소자 제조업,070-4165-0160
8864,제우(주),부산광역시 강서구 맥도강변길 598-14 (대저2동),"증류기, 열교환기 및 가스발생기 제조업",051-971-5940
8865,제우스 전자,"부산광역시 사상구 모라로 22, 13층 1311호, 1312호(부산벤처타워) (모라동)",기타 가정용 전기기기 제조업,070-4225-0308
8866,제우스유화공업(주),부산광역시 사상구 낙동대로943번길 105 (감전동),윤활유 및 그리스 제조업,051-315-8182
8867,제욱오토사,"부산광역시 사상구 학장로 309 (주례동, 제욱오토사)",그 외 자동차용 신품 부품 제조업 외 4종,051-327-2410
8868,제이 프라택,부산광역시 강서구 녹산산단262로13번길 47 (송정동),합성수지 및 기타 플라스틱 물질 제조업,051-831-4425
8869,제이(J)메탈,부산광역시 사상구 낙동대로1318번길 46(삼락동),강주물 주조업,051-323-8973
8870,제이더블유메탈(JW메탈),부산광역시 강서구 설만신평길 22 (대저2동),육상 금속 골조 구조재 제조업 외 1종,051-895-0136
8871,제이디아이,"부산광역시 사상구 학감대로252번길 68(주례동, 광신기계상사)",포장용 플라스틱 성형용기 제조업 외 30종,미등록
8872,제이레포츠,부산광역시 사하구 다산로 26 (다대동),가방 및 기타 보호용 케이스 제조업,051-266-7301
8873,제이비시스템(주),부산광역시 강서구 과학산단2로19번길 150(지사동),액체 여과기 제조업,051-971-4330
8874,제이비이엔티,부산광역시 사상구 낙동대로1412번길 67 (삼락동),그 외 기타 분류 안된 금속 가공 제품 제조업,051-808-3233
8875,제이씨 코리아,"부산광역시 사상구 학감대로178번길 17, 2층 (학장동)",신발 부분품 제조업 외 2종,051-311-5044
8876,제이아이산업(주),부산광역시 사하구 다대로320번길 20 (장림동),그 외 기타 일반목적용 기계 제조업 외 1종,051-263-2740
8877,제이앤엘인터내셔널주식회사,"부산광역시 부산진구 중앙대로644번길 68, 3층 (범천동)",여자용 겉옷 제조업 외 2종,070-7537-3700
8878,제이어스 주식회사,부산광역시 사상구 모라로6번길 13-15(삼락동),그 외 기타 의료용 기기 제조업 외 1종,051-995-9095
8879,제이에스,부산광역시 영도구 남항서로 65-1(남항동3가),선박 구성 부분품 제조업,051-415-0066
8880,제이에스,부산광역시 사상구 사상로447번길 22 (모라동),신발 부분품 제조업,051-303-4964
8881,제이에스 컴퍼지트,"부산광역시 강서구 과학산단1로60번길 31, 시험생산동 1층 102,103 (지사동)",그 외 기타 분류 안된 비금속 광물제품 제조업 외 3종,070-4820-2394
8882,제이에스(J.S),부산광역시 부산진구 동평로39번길 64 (당감동),목재문 및 관련제품 제조업 외 17종,051-808-0622
8883,제이에스디앤디,부산광역시 강서구 대저동서로61번길 15-1 (대저1동),일반용 전기 조명장치 제조업 외 1종,070-4647-2281
8884,제이에스산업,부산광역시 기장군 정관읍 양수길 45,기타 건축용 플라스틱 조립제품 제조업,051-728-7564
8885,제이에스인터내셔날(주),"부산광역시 영도구 해양로57번길 33, 302호(소봉빌딩) (청학동)",합성수지선 건조업,051-462-4000
8886,제이에스커머스,"부산광역시 해운대구 반송로513번길 66-47, 4층 401호(석대동, 테크노타워)",기타 조명장치 제조업,미등록
8887,제이에스테크,부산광역시 사하구 다산로225번길 25 (장림동),도금업,051-262-8307
8888,제이에스테크,부산광역시 강서구 가달2로16번길 4 (생곡동),선박 구성 부분품 제조업,051-973-5852
8889,제이에스테크윈(주),부산광역시 사하구 다산로53번길 56(다대동),주형 및 금형 제조업,051-711-8565
8890,제이에스티(JST),"부산광역시 사상구 대동로 303, 8층 814호(감전동, 부산디지털밸리아파트형공장)",속도계 및 적산계기 제조업 외 4종,051-323-8151
8891,제이에이치 테크놀러지,"부산광역시 사하구 하신번영로 78, 1층(신평동)",제판 및 조판업 외 3종,미등록
8892,제이에이치비(주),부산광역시 영도구 태종로 178-1(봉래동4가),일반용 전기 조명장치 제조업,051-412-3734
8893,제이에이치에스(JHS)기계공업,부산광역시 강서구 낙동남로549번길 24 (녹산동),선박 구성 부분품 제조업,051-973-1014
8894,제이에이치테크,부산광역시 사상구 낙동대로815번길 50-26(감전동),볼트 및 너트류 제조업 외 3종,051-316-8062
8895,제이에이치테크,부산광역시 강서구 녹산산단27로 107 (송정동),도장 및 기타 피막처리업 외 1종,미등록
8896,제이에이치텍,부산광역시 사상구 가야대로196번길 63 (학장동),무기 및 총포탄 제조업 외 22종,051-323-8011
8897,제이에이티(JAT),부산광역시 강서구 신호산단3로88번길 59(신호동),절삭가공 및 유사처리업,0502-800-1472
8898,제이에프씨(주),부산광역시 금정구 동천로7번길 62-22 (회동동),"도금, 착색 및 기타 표면처리강재 제조업 외 1종",051-314-0941
8899,제이엔디,부산광역시 기장군 정관면 산단3로 47,곡물 제분업,051-896-1034
8900,제이엔비테크,부산광역시 강서구 낙동북로126번길 49 (강동동),구조용 금속 판제품 및 공작물 제조업,051-972-7322
8901,제이엔씰테크,부산광역시 사상구 모덕로27번길 34 (삼락동),고무패킹류 제조업 외 19종,051-323-4696
8902,제이엔텍,부산광역시 사하구 다산로53번길 44(다대동),유압기기 제조업 외 7종,미등록
8903,제이엘시그니처푸드,부산광역시 사상구 사상로539번길 11 (모라동),육류 포장육 및 냉동육 가공업 (가금류 제외),051-301-2545
8904,제이엘시그니처푸드,부산광역시 강서구 대저중앙로394번길 26(대저1동),육류 포장육 및 냉동육 가공업 (가금류 제외),051-941-2545
8905,제이엠,부산광역시 강서구 과학산단1로103번길 48 (지사동),"탭, 밸브 및 유사장치 제조업",미등록
8906,제이엠씨,부산광역시 강서구 녹산산업북로 479 (송정동),유압기기 제조업,051-204-4046
8907,제이엠지(JMG),"부산광역시 강서구 유통단지1로132번길 28, 10호동 (대저2동)",그 외 기타 금속가공업,051-715-7932
8908,제이엠케이,부산광역시 사상구 감전동 501-28,기어 및 동력전달장치 제조업 외 1종,051-314-8090
8909,제이엠테크,부산광역시 영도구 남항남로9번길 13 (남항동3가),선박 구성 부분품 제조업,미등록
8910,제이엠티,"부산광역시 사상구 모라로 22, 10층 1004호(부산벤처타워) (모라동)",자동차용 신품 조향장치 및 현가 장치 제조업,051-609-9466
8911,제이엠팩토리,부산광역시 기장군 기장읍 동암해안길 22,커피 가공업,051-722-5498
8912,제이와이테크,부산광역시 사상구 가야대로176번길 73 (학장동),"기타 섬유, 의복 및 가죽 가공 기계 제조업",051-313-5554
8913,제이원,부산광역시 영도구 해양로195번나길35(동삼동201-89),기타 인쇄업,미등록
8914,제이유메디칼,부산광역시 강서구 공항앞길33번길 94-7(대저2동),그 외 기타 의료용 기기 제조업,미등록
8915,제이유메디칼,부산광역시 강서구 공항앞길33번길 94-7(대저2동),그 외 기타 의료용 기기 제조업,미등록
8916,제이이에스테크,"부산광역시 사하구 감천항로 221-8, 길끝 공장 (구평동)",그 외 기타 분류 안된 금속 가공 제품 제조업,051-261-0927
8917,제이케이에이치(J.K.H),부산광역시 사상구 대동로209번길 31 (학장동),무기 및 총포탄 제조업 외 24종,051-314-2981
8918,제이테크,부산광역시 강서구 식만로179번가길 56 (식만동),그 외 기타 일반목적용 기계 제조업 외 1종,051-972-1514
8919,제이투정보통신,"부산광역시 북구 백양대로 1025, 상가동 지하1층 47호(구포동, 협진태양아파트)",방송장비 제조업 외 1종,051-907-1800
8920,제이투정보통신,"부산광역시 부산진구 백양순환로28번길 21, 3층 (당감동)",방송장비 제조업 외 1종,051-907-1800
8921,제이피코리아,부산광역시 강서구 녹산산업중로 120 (송정동),플라스틱 필름 제조업 외 1종,051-831-9940
8922,제이피테크,"부산광역시 부산진구 엄광로 176, 303호, 동의대학교 산학협력관 (가야동)",기기용 자동측정 및 제어장치 제조업,070-7638-4572
8923,제일F.G,부산광역시 사상구 대동로239번길 54 (학장동),"탭, 밸브 및 유사장치 제조업 외 2종",051-316-8486
8924,제일공업사,부산광역시 사상구 학감대로164번길 16 (학장동),그 외 자동차용 신품 부품 제조업 외 3종,051-326-7954
8925,제일금속,"부산광역시 사상구 가야대로 5 (감전동, 제일금속)",냉간 압연 및 압출 제품 제조업,051-323-4451
8926,제일금속,부산광역시 사하구 다산로225번길 30 (장림동),도금업,051-264-2503
8927,제일기계,"부산광역시 사상구 가야대로230번길 14 (학장동, 진일기공)",금속 절삭기계 제조업,051-315-9240
8928,제일기업,"부산광역시 사상구 가야대로 230 (주례동, 금호타이어)",기타 구조용 금속제품 제조업,051-312-8331
8929,제일기전,부산광역시 사상구 학감대로178번길 48 (학장동),배전반 및 전기 자동제어반 제조업,051-328-7075
8930,제일농산,부산광역시 강서구 새진목길11번길 25 (명지동),기타 과실ㆍ채소 가공 및 저장 처리업,미등록
8931,제일마린,부산광역시 영도구 대평로34번길 13 (대평동2가),선박 구성 부분품 제조업,051-417-2126
8932,제일산업,부산광역시 강서구 녹산산업북로221번길 6 (송정동),비주거용 건물 임대업 외 1종,051-416-1290
8933,제일산업,부산광역시 강서구 녹산산단77로 29 (송정동),도장 및 기타 피막처리업,051-941-4527
8934,제일산업,부산광역시 강서구 화전산단5로 15 (화전동),구조용 금속 판제품 및 공작물 제조업 외 10종,051-312-2732
8935,제일산업,부산광역시 강서구 신호산단3로87번길 24 (신호동),그 외 기타 금속가공업 외 9종,051-312-2732
8936,제일산업,부산광역시 금정구 공단로49번길 12 (금사동),접착제 및 젤라틴 제조업,051-524-4222
8937,제일선박공업사,"부산광역시 영도구 남항서로70번길 55, 1층 (남항동3가)",선박 구성 부분품 제조업,051-413-6291
8938,제일스타팩,부산광역시 강서구 봉죽길482번길 250 (죽동동),그 외 기타 일반목적용 기계 제조업 외 1종,051-263-1582
8939,제일식품,부산광역시 사하구 다산로 262 (장림동),기타 수산동물 가공 및 저장 처리업,051-265-0127
8940,제일식품,"부산광역시 사상구 낙동대로1348번길 54 (삼락동, 제일식품)",장류 제조업,051-301-3269
8941,제일씨엠(주),부산광역시 영도구 해양로123번길 23(청학동),기타 일반 기계 및 장비 수리업,051-415-0073
8942,제일에스와이씨 주식회사,부산광역시 영도구 해양로 121 (청학동),선박 구성 부분품 제조업,051-415-0073
8943,제일엠앤에스,부산광역시 기장군 정관면 정관상곡1길 79 (제일ENG),절삭가공 및 유사처리업,051-728-6224
8944,제일엠앤에스,부산광역시 기장군 정관읍 산단3로 47,절삭가공 및 유사처리업,051-728-6224
8945,제일엠텍(주),부산광역시 영도구 해양로123번길 23(청학동),금속탱크 및 저장용기 제조업 외 4종,051-415-0073
8946,제일용접봉,부산광역시 사하구 다산로 140 (다대동) (총 3 필지),그 외 기타 분류 안된 금속 가공 제품 제조업 외 1종,051-264-5612
8947,제일인슈,부산광역시 기장군 정관읍 매학리 475-11번지,선박 구성 부분품 제조업,051-714-2125
8948,제일일렉트릭 주식회사,부산광역시 사하구 을숙도대로 555 (신평동),전자부품 실장기판 제조업 외 4종,051-209-9111
8949,제일일렉트릭(주),부산광역시 사하구 다대로170번길 55 (신평동),"전기회로 개폐, 보호장치 제조업",051-209-9111
8950,제일전공,부산광역시 사하구 을숙도대로569번길 15 (신평동),"전기회로 개폐, 보호장치 제조업 외 3종",051-205-7277
8951,제일정밀,부산광역시 강서구 평성길 5-8 (명지동),"탭, 밸브 및 유사장치 제조업",미등록
8952,제일정보통신(주),"부산광역시 수영구 광서로10번길 21,  제일정보빌딩 (광안동)",전시 및 광고용 조명장치 제조업 외 13종,051-751-8700
8953,제일종합씰,부산광역시 사상구 모덕로95번길 40-5 (모라동),고무패킹류 제조업 외 21종,051-319-2215
8954,제일지기,"부산광역시 강서구 녹산산단261로74번길 5, (송정동,1581-10) (송정동)",기타 종이 상자 및 용기 제조업 외 1종,051-205-4150
8955,제일철강선재(주),부산광역시 사하구 다산로 140 (다대동) (총 3 필지),철강선 제조업,051-264-5516
8956,제일콘트롤,부산광역시 영도구 남항서로70번길 49 (남항동3가),선박 구성 부분품 제조업,051-412-9277
8957,제일테크,부산광역시 강서구 공항로767번다길 30-1 (대저2동),절삭가공 및 유사처리업,051-317-4363
8958,제일톱.칼상사,부산광역시 강서구 대저중앙로348번길 20 (대저1동),톱 및 호환성 공구 제조업,051-314-1377
8959,제일특수용접공업사,부산광역시 강서구 가락대로1397번길 313 (봉림동),기타 구조용 금속제품 제조업,미등록
8960,제일프레임,부산광역시 기장군 기장읍 대청로 54 (제일프레임제작전문),육상 금속 골조 구조재 제조업 외 1종,051-721-9907
8961,제일화학(주),부산광역시 사하구 장평로146번길 9 (장림동),그 외 기타 플라스틱 제품 제조업,051-263-7111
8962,제제,"부산광역시 금정구 금강로 571-7, 1층 (구서동)",간판 및 광고물 제조업,미등록
8963,제천산업,부산광역시 사하구 사하로 74-1 (감천동),그 외 자동차용 신품 부품 제조업 외 3종,051-264-1023
8964,제현산업,부산광역시 강서구 식만로179번가길 52 (식만동),그 외 기타 일반목적용 기계 제조업 외 1종,미등록
8965,제현정밀,부산광역시 사하구 장평로 62 (장림동),유압기기 제조업,051-201-4627
8966,제흥산업사,"부산광역시 사상구 사상로439번길 47 (모라동, 제흥산업사)",강주물 주조업,051-302-8642
8967,젠시큐비클,부산광역시 사상구 낙동대로 799-4 (엄궁동),기타 건축용 나무제품 제조업,051-325-1136
8968,조강테크,부산광역시 사상구 가야대로196번길 63 (학장동),무기 및 총포탄 제조업 외 18종,051-783-3768
8969,조광섬유,"부산광역시 동구 망양로 675-2, B1,1,3,4층 (수정동)",면직물 직조업 외 4종,051-644-6938
8970,조광요턴주식회사,부산광역시 강서구 과학산단1로 96 (지사동),일반용 도료 및 관련제품 제조업,051-797-6000
8971,조광전기통신공업사,부산광역시 영도구 남항서로82번길 31 (남항동2가),기타 무선 통신장비 제조업,051-413-1688
8972,조광페인트(주),부산광역시 사상구 삼덕로5번길 148 (삼락동) 조광페인트(주),일반용 도료 및 관련제품 제조업,051-304-7701
8973,조광페인트(주),부산광역시 강서구 가리새2로 34 (범방동),일반용 도료 및 관련제품 제조업,051-366-9270
8974,조내기고구마(주),부산광역시 영도구 웃서발로 78 (동삼동),전분제품 및 당류 제조업,051-403-9996
8975,조선기업,부산광역시 사상구 사상로402번길 22 (덕포동),분사기 및 소화기 제조업,051-301-0381
8976,조성씨앤피,부산광역시 사하구 하신중앙로3번길 100 (장림동),날염 가공업,051-266-2807
8977,조성자동화,부산광역시 강서구 식만로93번길 27 (죽림동),그 외 기타 전기장비 제조업,051-941-0934
8978,조아해양산업(주),부산광역시 수영구 수미로63번길 6 (망미동) 조아해양산업주식회사,선박 구성 부분품 제조업,051-754-1448
8979,조양테크,부산광역시 강서구 생곡로 242 (생곡동),금속 스프링 제조업,055-338-0030
8980,조양플라스틱,부산광역시 강서구 공항로1347번길 88-8 (대저1동),그 외 기타 플라스틱 제품 제조업,미등록
8981,조영밸브기계공업,부산광역시 강서구 평강로229번가길 15 (대저1동),"탭, 밸브 및 유사장치 제조업",051-305-1832
8982,조영정공,부산광역시 강서구 화전산단5로98번길 14 (화전동),절삭가공 및 유사처리업,051-304-3829
8983,조은공업(주),부산광역시 강서구 화전산단5로38번길 32 (화전동),볼트 및 너트류 제조업 외 6종,051-264-3401
8984,조은금속,부산광역시 금정구 회천로19번길 10 (회동동),구조용 금속 판제품 및 공작물 제조업,미등록
8985,조은김치,"부산광역시 부산진구 전포대로176번길 26, 지하1층,지상1층 (전포동)",김치류 제조업 외 1종,051-807-9890
8986,조은산업,부산광역시 강서구 녹산산단262로49번길 46 (송정동),플라스틱 합성피혁 제조업,051-302-8586
8987,조은식품,부산광역시 사하구 장평로71번길 36-4 (장림동) (총 2 필지),과자류 및 코코아 제품 제조업,051-263-9388
8988,조은장갑,"부산광역시 금정구 회천로19번길 9, 지층 (회동동)",기타 편조의복 액세서리 제조업,미등록
8989,조은지게차종합정비(주),부산광역시 강서구 과학산단2로43번길 50 (지사동),건설 및 채광용 기계장비 제조업 외 1종,051-271-1004
8990,조은초경,부산광역시 강서구 죽동길 109 (죽동동),톱 및 호환성 공구 제조업,051-972-3490
8991,조은테크,부산광역시 강서구 평강로171번길 259(대저1동),무기 및 총포탄 제조업 외 38종,051-971-3266
8992,조은텍스,부산광역시 강서구 체육공원로26번길 20 (대저1동),고무 의류 및 기타 위생용 비경화 고무제품 제조업,051-972-8833
8993,조이엔지니어링,부산광역시 강서구 대저중앙로357번길 44-1 (대저1동),액체 펌프 제조업 외 3종,051-343-0611
8994,조일산업(주),부산광역시 강서구 녹산산단290로 20 (송정동),표면처리 및 적층 직물 제조업 외 6종,051-831-6030
8995,조타코마린,부산광역시 영도구 해양로182번길 16 (청학동),선박 구성 부분품 제조업,070-8813-7987
8996,조훈테크,부산광역시 강서구 미음국제4로 47 (미음동),절삭가공 및 유사처리업 외 9종,미등록
8997,조훈테크,부산광역시 강서구 녹산산업중로168번길 36 (송정동),전자 응용 절삭기계 제조업,051-941-1995
8998,조흥포금공업사,부산광역시 영도구 남항서로70번길 6 (남항동3가),"기타 비철금속 제련, 정련 및 합금 제조업",051-416-0809
8999,존슨콘트롤즈인터내셔널코리아(주) 조선마린지점,부산광역시 강서구 녹산산단165로14번길 32 (송정동),선박 구성 부분품 제조업 외 5종,051-831-0119
9000,존슨콘트롤즈인터내셔널코리아(주) 해양마린지점,부산광역시 강서구 녹산산단261로13번길 21 (송정동),금속탱크 및 저장용기 제조업 외 4종,051-831-0119
9001,존크레인코리아(주),부산광역시 기장군 정관읍 산단7로 99-16,그 외 자동차용 신품 부품 제조업,051-727-7878
9002,종합광고태양,부산광역시 기장군 정관읍 달산4길 38,간판 및 광고물 제조업 외 3종,051-727-7285
9003,종합광고태양,부산광역시 동래구 쇠미로214번길 12 (온천동),간판 및 광고물 제조업,051-506-0446
9004,종합상사통일,부산광역시 강서구 유통단지1로132번길 28 (대저2동),절삭가공 및 유사처리업,051-317-1178
9005,종합지게차정비(주),부산광역시 강서구 녹산산업북로313번길 66 (송정동),건설 및 채광용 기계장비 제조업 외 1종,051-831-2800
9006,좋은환경,부산광역시 강서구 낙동남로511번길 67 (녹산동),액체 여과기 제조업,051-292-2087
9007,주)광해제약,부산광역시 동구 중앙대로231번길 49 (초량동),한의약품 제조업,051-467-8888
9008,주)위성안테나전자,부산광역시 동구 수정공원상로20번가길 5 (수정동),기타 무선 통신장비 제조업 외 2종,051-464-0707
9009,주)자은,"부산광역시 동구 초량중로 39,  남도빌딩 103호 (초량동)",기타 무선 통신장비 제조업 외 1종,051-465-8999
9010,"주)케이엘인더스트리(K.L INDUSTRY Co.,Ltd)","부산광역시 강서구 평강로 11, 에이동 (강동동)",일반용 전기 조명장치 제조업,051-832-7701
9011,주)해신해양,"부산광역시 강서구 대저중앙로357번길 49, 1동 (대저1동)",기타 플라스틱 발포 성형제품 제조업,051-974-1006
9012,주부금속,"부산광역시 중구 동영로73번길 10,  2층 (영주동)",그 외 자동차용 신품 부품 제조업 외 3종,미등록
9013,주성산업,"부산광역시 사상구 낙동대로1356번길 58 (삼락동, 주성산업)",그 외 자동차용 신품 부품 제조업,051-304-0164
9014,주성이엔지,부산광역시 영도구 태종로73번길 35-5 (봉래동1가),선박 구성 부분품 제조업,051-415-6799
9015,주식회사  배태랑기술,부산광역시 영도구 대평로19번길 20 (대평동1가),선박 구성 부분품 제조업,051-415-1583
9016,주식회사  씨앤에스원,"부산광역시 기장군 정관읍 정관로 266, (모전리 27-2)",기타 목재가구 제조업 외 2종,051-727-8597
9017,주식회사 21세기하이테크,"부산광역시 사상구 사상로440번길 8, 2층 (모라동)","물질 검사, 측정 및 분석기구 제조업 외 13종",051-612-8384
9018,주식회사 BHE,부산광역시 사하구 하신번영로169번길 65 (신평동),전시 및 광고용 조명장치 제조업 외 6종,051-941-3273
9019,주식회사 D. P. M,"부산광역시 강서구 미음국제5로라길 38, B동(미음동)",선박 구성 부분품 제조업 외 27종,051-301-0031
9020,주식회사 KS정보통신,"부산광역시 해운대구 좌동순환로433번길 38-35, 지하1층 (중동)",전시 및 광고용 조명장치 제조업,051-255-7023
9021,주식회사 가나테크,부산광역시 강서구 상덕로97번길 36-14 (강동동),기타 건축용 플라스틱 조립제품 제조업,055-337-5270
9022,주식회사 가블러코리아,"부산광역시 강서구 미음산단5로41번길 71, 610호(미음동, 부산글로벌테크비즈센터)",유압기기 제조업,051-973-2024
9023,주식회사 가양,"부산광역시 수영구 수영로476번길 29, 지하 1층(남천동)",간판 및 광고물 제조업 외 1종,051-752-7830
9024,주식회사 가온테크놀러지,부산광역시 강서구 녹산산단262로60번길 22 (송정동),그 외 기타 분류 안된 화학제품 제조업 외 3종,051-715-6989
9025,주식회사 가위바위보,부산광역시 부산진구 백양대로320번길 18 (개금동),그 외 기타 의복액세서리 제조업 외 7종,051-911-2050
9026,주식회사 가주정보기술,부산광역시 북구 효열로 111,컴퓨터 제조업,051-746-4056
9027,주식회사 가주정보기술,"부산광역시 강서구 과학산단1로60번길 32, 12동 409호, 410호(지사동)",컴퓨터 제조업,051-746-4056
9028,주식회사 감동스토리,"부산광역시 금정구 개좌로 15, 3층 (서동)",그 외 기타 분류 안된 금속 가공 제품 제조업 외 1종,미등록
9029,주식회사 갓테크,"부산광역시 강서구 과학산단1로60번길 31, 2B동 106호 (지사동, 부산테크노파크)",그 외 기타 분류 안된 금속 가공 제품 제조업,051-415-0425
9030,주식회사 거성이엔지,부산광역시 사상구 새벽로17번길 15 (학장동),그 외 자동차용 신품 부품 제조업,051-302-8377
9031,주식회사 건우이엔지,부산광역시 강서구 녹산산단77로 57 (송정동),선박 구성 부분품 제조업,051-831-3611
9032,주식회사 건우이엔지,부산광역시 강서구 녹산산단27로 124 (송정동),선박 구성 부분품 제조업,051-831-3611
9033,주식회사 건창엔지니어링,부산광역시 영도구 해양로87번길 17 (청학동),선박 구성 부분품 제조업,051-412-4231
9034,주식회사 게이트웨이즈,부산광역시 해운대구 센텀중앙로 60 (우동) 퍼스트인센텀,컴퓨터 제조업 외 2종,미등록
9035,주식회사 경복금속,부산광역시 강서구 미음국제5로 73(미음동),그 외 자동차용 신품 부품 제조업 외 1종,051-974-0171
9036,주식회사 고성산업,부산광역시 강서구 대저중앙로233번길 46-13(대저1동),곡물 혼합분말 및 반죽 제조업,051-867-0063
9037,주식회사 광명코팅,부산광역시 서구 암남동 660-1번지 외 1필지,그 외 기타 의복액세서리 제조업,051-253-9266
9038,주식회사 광신하이텍,부산광역시 강서구 대저중앙로 316 (대저1동),구조용 금속 판제품 및 공작물 제조업,051-832-6646
9039,주식회사 그라소지그,"부산광역시 영도구 해양로135번길 16 (청학동, 그라소지그뱅크)",선박 구성 부분품 제조업,051-415-6767
9040,주식회사 그람,부산광역시 강서구 맥도길377번길 158-15 (대저2동),전동기 및 발전기 제조업 외 1종,051-629-7353
9041,주식회사 그랜드썬기술단,부산광역시 강서구 체육공원로6번길 109 (대저1동),육상 금속 골조 구조재 제조업 외 3종,051-714-3382
9042,주식회사 그린포트,부산광역시 강서구 가락대로 320 (송정동),육상 금속 골조 구조재 제조업 외 1종,051-832-0865
9043,주식회사 극동,"부산광역시 기장군 정관읍 용수공단2길 35, 제에이동",기타 1차 비철금속 제조업,051-1588-2608
9044,주식회사 글로렉스,"부산광역시 금정구 중앙대로 1946, 1층 (남산동)",구조용 금속 판제품 및 공작물 제조업 외 2종,051-622-7080
9045,주식회사 글로벌에너지솔루션,부산광역시 강서구 미음국제5로마길 6 (미음동),배전반 및 전기 자동제어반 제조업 외 1종,070-8721-1036
9046,주식회사 글로텍,부산광역시 강서구 미음국제2로 117 (미음동),농업 및 임업용 기계 제조업,051-464-4943
9047,주식회사 금강시스템스,부산광역시 해운대구 센텀중앙로 90 (재송동) 큐비이센텀,속도계 및 적산계기 제조업 외 5종,051-988-0060
9048,주식회사 금영메탈,부산광역시 강서구 녹산산업중로 116 (송정동),기어 및 동력전달장치 제조업,051-832-5271
9049,주식회사 금용산업,부산광역시 사상구 장인로 89 (학장동),그 외 기타 일반목적용 기계 제조업 외 1종,051-315-7677
9050,주식회사 금우테크,부산광역시 강서구 둔치본리길 38-5 (봉림동),그 외 기타 분류 안된 금속 가공 제품 제조업 외 43종,051-972-8580
9051,주식회사 금정하이텍,"부산광역시 금정구 공단동로41번길 10, 605호(금사동, 보림팩토피아)",부직포 및 펠트 제조업,051-727-3126
9052,주식회사 금학,부산광역시 사상구 학감대로178번길 40(학장동),합성수지 및 기타 플라스틱 물질 제조업,051-939-0055
9053,주식회사 기대테크,"부산광역시 강서구 과학산단1로60번길 31, 2B동 201호(지사동, 부산테크노파크)",기타 전기 변환장치 제조업,미등록
9054,주식회사 기성산업,부산광역시 강서구 녹산산단261로73번길 10(송정동),세폭직물 제조업 외 1종,051-755-4340
9055,주식회사 기억씨앤피,"부산광역시 해운대구 달맞이길117번가길 120-25, 201호 (중동, 미르 빌)",가정용 및 장식용 도자기 제조업 외 1종,051-744-3350
9056,주식회사 기웅,"부산광역시 동구 중앙대로 288, 성지빌딩 B1층 (초량동)",치과기공물 제조업 외 2종,051-468-2978
9057,주식회사 나누리식품,부산광역시 부산진구 부전로 144-3 (부전동),김치류 제조업 외 1종,051-803-5775
9058,주식회사 나래금속,부산광역시 사하구 다산로225번길 31 (장림동),도금업,051-264-3692
9059,주식회사 나래푸드원,부산광역시 기장군 기장읍 차성로365번길 32,육류 기타 가공 및 저장처리업 (가금류 제외) 외 2종,051-722-9567
9060,주식회사 나루,부산광역시 강서구 녹산산단77로 58 (송정동),합성수지선 건조업 외 1종,051-972-0614
9061,주식회사 나루하이텍,부산광역시 영도구 해양로195번가길 22 (동삼동),선박 구성 부분품 제조업,051-714-5599
9062,주식회사 나맛엠텍,"부산광역시 영도구 해양로195번나길 30, 나맛엠텍 (동삼동)",선박 구성 부분품 제조업,051-413-1022
9063,주식회사 나인티에스,부산광역시 강서구 녹산산단407로 35 (송정동),유압기기 제조업 외 1종,051-715-8103
9064,주식회사 나인티에스,부산광역시 강서구 공항앞길85번길 120-1(대저2동),액체 펌프 제조업 외 1종,051-715-8103
9065,주식회사 남광기업,"부산광역시 강서구 미음국제5로라길 8(미음동, (주)남광기업)",배전반 및 전기 자동제어반 제조업,051-972-3126
9066,주식회사 남영수지,부산광역시 기장군 정관읍 정관상곡1길 27-100,합성수지 및 기타 플라스틱 물질 제조업,미등록
9067,주식회사 네오벡,부산광역시 강서구 공항로339번길 112 (대저2동),그 외 기타 특수목적용 기계 제조업 외 1종,051-323-2474
9068,주식회사 네온텍,"부산광역시 부산진구 연수로11번길 15, 2층 (양정동)",방송장비 제조업 외 5종,051-861-8204
9069,주식회사 넥젠,"부산광역시 사하구 하신중앙로27번길 17, 1층 101호 (장림동, 에이스밀)",그 외 기타 특수목적용 기계 제조업,051-266-1294
9070,주식회사 누리아이코리아,부산광역시 동구 중앙대로251번길 11 (초량동),기타 음향기기 제조업 외 10종,051-466-6666
9071,주식회사 뉴라이즌,부산광역시 강서구 대저중앙로357번길 23 (대저1동),기체 여과기 제조업,051-754-2721
9072,주식회사 뉴월드마린,부산광역시 영도구 대평로6번길 7 (대평동1가),선박 구성 부분품 제조업,051-414-1000
9073,주식회사 뉴택산전,부산광역시 사하구 하신중앙로3번길 60-7(장림동),승강기 제조업,051-261-1628
9074,주식회사 뉴펠,부산광역시 강서구 녹산산단165로 36-19 (송정동),플라스틱 필름 제조업,051-714-6825
9075,주식회사 다감,"부산광역시 강서구 낙동북로31번길 33-1, 외 1필지(33-2) (강동동)",전분제품 및 당류 제조업 외 2종,미등록
9076,주식회사 다나,부산광역시 사상구 농산물시장로26번길 25 (엄궁동),내연기관 제조업 외 7종,051-316-0389
9077,주식회사 다름,"부산광역시 해운대구 반송로513번길 66-47, 3층 301호(석대동, 테크노타워)",전시 및 광고용 조명장치 제조업,미등록
9078,주식회사 다오케미칼,부산광역시 사하구 하신중앙로 109 (신평동),그 외 기타 분류 안된 화학제품 제조업 외 1종,051-202-5777
9079,주식회사 다완테크,부산광역시 강서구 금호순서길89번가길 70 (대저2동),"금속 문, 창, 셔터 및 관련제품 제조업",051-831-5015
9080,주식회사 다원티엔티,부산광역시 강서구 가리새2로13번길 10 (생곡동),절삭가공 및 유사처리업,070-5223-4396
9081,주식회사 다원티엔티,부산광역시 강서구 생곡로 258 (생곡동),절삭가공 및 유사처리업,070-5223-4396
9082,주식회사 다윈,부산광역시 강서구 녹산산단46로 99 (송정동),기타 구조용 금속제품 제조업 외 3종,미등록
9083,주식회사 다이나믹코리아,"부산광역시 금정구 개좌로 263, A301호 (회동동)",전구 및 램프 제조업 외 3종,미등록
9084,주식회사 다이아,"부산광역시 해운대구 센텀동로 35, 8층 807호(우동, 센텀에스에이치밸리)",기타 인쇄업 외 1종,051-808-5152
9085,주식회사 다인,"부산광역시 수영구 장대골로 75-13, 1층(광안동)",전시 및 광고용 조명장치 제조업 외 12종,051-758-0044
9086,주식회사 다인지엘테크,부산광역시 북구 용당로20번길 18 (화명동),"기타 측정, 시험, 항해, 제어 및 정밀기기 제조업 외 1종",051-362-6890
9087,주식회사 다정플러스,"부산광역시 사하구 하신번영로 294, 202호 (하단동, 티파니빌라트)",경 인쇄업,070-5208-8880
9088,주식회사 달해기업,부산광역시 강서구 평강로229번길 112-24 (대저1동),구조용 금속 판제품 및 공작물 제조업,051-831-3909
9089,주식회사 대경텍,부산광역시 강서구 녹산산업중로 114 (송정동),육상 금속 골조 구조재 제조업 외 1종,051-832-5960
9090,주식회사 대광정밀,부산광역시 강서구 공항로393번길 37-2 (대저2동),주형 및 금형 제조업,051-322-0685
9091,주식회사 대림유리,부산광역시 강서구 대저중앙로375번길 35 (대저1동),안전유리 제조업 외 1종,051-973-6707
9092,주식회사 대명우드,부산광역시 강서구 신포길 225 (명지동),구조용 금속 판제품 및 공작물 제조업 외 1종,051-271-3203
9093,주식회사 대명우드,부산광역시 강서구 신포길83번길 16 (명지동),목재 깔판류 및 기타 적재판 제조업 외 7종,051-271-3203
9094,주식회사 대상스틸,부산광역시 사상구 장인로20번길 27 (감전동),"금속 문, 창, 셔터 및 관련제품 제조업",051-714-2782
9095,주식회사 대성산업기계,부산광역시 강서구 미음국제5로가길 29(미음동),그 외 기타 일반목적용 기계 제조업,051-971-8248
9096,주식회사 대성이앤티,부산광역시 강서구 공항로1409번길 43-10 (대저1동),유압기기 제조업,051-971-2113
9097,주식회사 대성콤푸렛샤,"부산광역시 영도구 남항남로 38 (남항동3가, 대성선박)",기체 펌프 및 압축기 제조업 외 1종,051-412-7044
9098,주식회사 대성토이즈,부산광역시 사하구 다산로 203 (다대동),인형 및 장난감 제조업,051-292-1006
9099,주식회사 대성화공기계,부산광역시 강서구 맥도길585번길 17 (대저2동),금속탱크 및 저장용기 제조업 외 2종,051-941-1227
9100,주식회사 대신금속,부산광역시 사상구 감전천로 137 (감전동),기타 비철금속 주조업 외 6종,051-323-9992
9101,주식회사 대영에스티엠,부산광역시 강서구 낙동북로43번길 38-19 (강동동),그 외 기타 특수목적용 기계 제조업 외 4종,051-831-7573
9102,주식회사 대영전기정보산업,"부산광역시 강서구 체육공원로6번길 46, 3층 (대저1동)",방송장비 제조업 외 5종,051-914-0022
9103,주식회사 대우산업,부산광역시 사상구 장인로 13 (감전동),플라스틱 필름 제조업 외 1종,051-327-4204
9104,주식회사 대욱이엔씨,부산광역시 강서구 낙동북로153번길 125 (강동동),배전반 및 전기 자동제어반 제조업,051-831-9736
9105,주식회사 대웅개발,부산광역시 강서구 미음산단3로 130(미음동),선박 구성 부분품 제조업 외 1종,051-831-2353
9106,주식회사 대유테크,부산광역시 기장군 장안읍 장안산단7로 92,그 외 자동차용 신품 부품 제조업,070-4044-4028
9107,주식회사 대종테크산업,부산광역시 강서구 공항앞길 116 (대저2동),방송장비 제조업 외 2종,미등록
9108,주식회사 대하알엠,부산광역시 사상구 새벽시장로46번길 24 (감전동),산업용 냉장 및 냉동 장비 제조업,051-324-0209
9109,주식회사 대하필터,"부산광역시 금정구 금사로 106 (금사동, 금정갈비)",그 외 기타 분류 안된 섬유제품 제조업,051-522-9022
9110,주식회사 대한정밀공업사,부산광역시 영도구 대평로20번길 9 (대평동1가),선박 구성 부분품 제조업,051-413-1820
9111,주식회사 대한항공,부산광역시 강서구 대저2동 103-1,항공기용 부품 제조업 외 2종,051-970-5102
9112,주식회사 대현상회,부산광역시 수영구 과정로55번길 15 (망미동),식물성 유지 제조업,051-755-0107
9113,주식회사 대호기술,부산광역시 강서구 대저중앙로237번길 15-43 (대저1동),신발 부분품 제조업,055-314-6056
9114,주식회사 대호엘엔티,부산광역시 사상구 삼덕로5번길 50 (삼락동),그 외 기타 일반목적용 기계 제조업 외 7종,051-304-0093
9115,주식회사 더동화,부산광역시 강서구 녹산산단382로49번길 12 (송정동),가정용 및 산업용 공기 조화장치 제조업 외 1종,051-264-8183
9116,주식회사 더동화,부산광역시 사하구 하신중앙로17번길 37 (장림동),가정용 및 산업용 공기 조화장치 제조업 외 1종,051-264-8183
9117,주식회사 더맥스,부산광역시 강서구 체육공원로6번길 181-16 (대저1동),기타 신발 제조업,051-322-0140
9118,주식회사 더베럴컴퍼니,"부산광역시 사하구 신산로 120,  6층 615호 (신평동)",인형 및 장난감 제조업,051-609-9116
9119,주식회사 더붐컴퍼니,"부산광역시 서구 천마로187번길 19, 1층 (남부민동)",컴퓨터 모니터 제조업 외 6종,051-246-0320
9120,주식회사 더블스윗,부산광역시 남구 용호로159번길 94 (용호동),과자류 및 코코아 제품 제조업 외 1종,051-624-9432
9121,주식회사 더우리,"광주광역시 북구 첨단과기로208번길 43-22 (오룡동, 와이어스파크(지식산업센터))",빵류 제조업,051-972-5788
9122,주식회사 더이룸,"부산광역시 서구 원양로 1, B동 603, 604호(암남동, 수산가공선진화단지)",수산동물 냉동품 제조업 외 1종,051-231-3996
9123,주식회사 더지엘,부산광역시 강서구 낙동북로125번길 92 (강동동),그 외 기타 콘크리트 제품 및 유사제품 제조업 외 3종,051-971-7561
9124,주식회사 덕성해양개발,부산광역시 영도구 해양로 21 (청학동),교통 신호장치 제조업,051-414-8655
9125,주식회사 데일리,"부산광역시 사하구 신산로 120, A동 11층 A1101호  (신평동)",기타 일반 기계 및 장비 수리업,051-791-1238
9126,주식회사 도원건설창호,부산광역시 강서구 대저중앙로357번길 26-15 (대저1동),플라스틱 창호 제조업,051-317-5525
9127,주식회사 도은에스앤지,부산광역시 기장군 정관읍 곰내길 654-170,플라스틱 창호 제조업 외 1종,051-868-8656
9128,주식회사 동강,"부산광역시 사상구 낙동대로 1552 (삼락동, (주)동강)",농업 및 임업용 기계 제조업,051-317-0883
9129,주식회사 동남계전,"부산광역시 금정구 동천로 6(회동동, 동남계전)",배전반 및 전기 자동제어반 제조업 외 2종,051-525-5255
9130,주식회사 동보테크,부산광역시 강서구 상덕로 103-1 (강동동),수동식 식품 가공기기 및 금속 주방용기 제조업,051-941-5514
9131,주식회사 동산시스템,부산광역시 강서구 녹산산단262로50번길 6 (송정동),자동차 차체용 신품 부품 제조업 외 1종,051-322-5726
9132,주식회사 동성아이티이,부산광역시 강서구 공항앞길85번길 107-2 (대저2동),배전반 및 전기 자동제어반 제조업 외 3종,051-325-4247
9133,주식회사 동신에프에이,부산광역시 강서구 강동중곡2길 9 (강동동),기타 물품 취급장비 제조업,051-303-8703
9134,주식회사 동신테크,부산광역시 사하구 다산로176번길 56 (장림동),수동식 식품 가공기기 및 금속 주방용기 제조업,051-266-5052
9135,주식회사 동아텍스,부산광역시 강서구 녹산산단261로 15 (송정동),합성섬유 제조업 외 1종,미등록
9136,주식회사 동아티지,"부산광역시 해운대구 센텀북대로 60, 16층 1603, 1604호(재송동, 센텀아이에스타워)",경 인쇄업,051-468-7277
9137,주식회사 동양식품,부산광역시 강서구 녹산산단362로 19 (송정동),두부 및 유사식품 제조업,051-265-6305
9138,주식회사 동양에이지,부산광역시 강서구 낙동북로138번길 23 (강동동),그 외 기타 분류 안된 섬유제품 제조업,051-262-4662
9139,주식회사 동영물산,부산광역시 강서구 녹산산단381로12번길 86 (송정동),그 외 기타 나무제품 제조업,051-832-2393
9140,주식회사 동영엔지니어링,"부산광역시 강서구 체육공원로26번길 130, (주) 동영엔지니어링(대저1동)",그 외 기타 일반목적용 기계 제조업 외 2종,055-321-5041
9141,주식회사 동우비지니스솔루션,부산광역시 연제구 온천천남로 128 (연산동),기타 일반 기계 및 장비 수리업,051-504-8422
9142,주식회사 동우텍,부산광역시 사하구 다산로 181 (다대동),기타 기관 및 터빈 제조업,051-290-4115
9143,주식회사 동원사,부산광역시 강서구 과학산단로333번길 77-59 (지사동),그 외 기타 분류 안된 화학제품 제조업 외 1종,051-972-1519
9144,주식회사 동유마린,부산광역시 영도구 해양로195번가길 20 (동삼동),선박 구성 부분품 제조업,051-462-8892
9145,주식회사 동은테크 ,부산광역시 강서구 녹산산업중로 129 (송정동),그 외 자동차용 신품 부품 제조업 외 3종,051-832-8700
9146,주식회사 동천씨푸드,부산광역시 사하구 장평로71번길 47 (장림동),기타 수산동물 가공 및 저장 처리업,051-263-8552
9147,주식회사 동하,부산광역시 사하구 감천항로 151 (구평동),강선 건조업,051-256-1774
9148,주식회사 동하이엔지,부산광역시 사하구 감천항로 151(구평동),강선 건조업 외 1종,051-907-2665
9149,주식회사 동호나노에스디,부산광역시 강서구 평강로229번가길 6 (대저1동),화학 살균.살충제 및 농업용 약제 제조업 외 1종,051-973-5091
9150,주식회사 동호에스디,부산광역시 강서구 낙동북로125번길 98-1 (강동동),표면광택제 및 실내가향제 제조업,051-555-5091
9151,주식회사 동화마린,부산광역시 영도구 남항서로70번길 7 (남항동3가),선박 구성 부분품 제조업,051-418-9100
9152,주식회사 동흥,부산광역시 강서구 화전동 585-10번지,기타 구조용 금속제품 제조업,051-972-9034
9153,주식회사 두산타일몰드,부산광역시 강서구 체육공원로52번길 92 (대저1동),주형 및 금형 제조업,051-304-2010
9154,주식회사 두성기술,부산광역시 사상구 낙동대로1446번길 12 (삼락동),무기 및 총포탄 제조업 외 18종,051-972-9287
9155,주식회사 두영빌리프,부산광역시 강서구 금호순서길 145-19 (대저2동),수동식 식품 가공기기 및 금속 주방용기 제조업,051-941-5611
9156,주식회사 두일하우,"부산광역시 북구 효열로 111, 부산지식산업센터 604호 (금곡동)",생물 살균.살충제 및 식물보호제 제조업,051-363-7656
9157,주식회사 드림에스앤케이,부산광역시 강서구 녹산산단231로 58 (송정동),금속 가구 제조업,055-262-1988
9158,주식회사 등광기업,부산광역시 기장군 정관읍 정관로 949 (등광기업),철도차량 부품 및 관련 장치물 제조업 외 1종,051-728-4408
9159,주식회사 등푸른식품,"부산광역시 서구 원양로 1, A동 402호(암남동, 수산가공선진화단지)",기타 수산동물 가공 및 저장 처리업,051-263-6363
9160,주식회사 디메디코리아,"부산광역시 북구 만덕3로16번길 1, 301호(만덕동, 부산이노비즈센터)",그 외 기타 의료용 기기 제조업,미등록
9161,주식회사 디아인,"부산광역시 금정구 개좌로 273-20, 2층 208호(회동동, 브이원타워)",금속 절삭기계 제조업,미등록
9162,주식회사 디알비동일,부산광역시 강서구 화전산단3로 114 (화전동),절삭가공 및 유사처리업 외 1종,051-520-9000
9163,주식회사 디알엠,부산광역시 강서구 경전철로188번길 101 (대저1동),경 인쇄업 외 2종,051-791-2508
9164,주식회사 디알케머,부산광역시 강서구 녹산산단261로 77 (송정동),금속탱크 및 저장용기 제조업,051-971-2409
9165,주식회사 디에스마린서비스,부산광역시 영도구 남항남로9번길 56 (남항동2가),선박 구성 부분품 제조업,051-418-7670
9166,주식회사 디에스티,부산광역시 사상구 가야대로176번길 100 (학장동),"기타 섬유, 의복 및 가죽 가공 기계 제조업",051-711-1890
9167,주식회사 디에이치엘에스,"부산광역시 강서구 미음산단로377번길 8, 에이동, 비동(미음동, 주식회사 디에이치엘에스)",유압기기 제조업,051-710-1870
9168,주식회사 디에이치콘트롤스,부산광역시 강서구 미음국제4로 69 (미음동),선박 구성 부분품 제조업,051-831-2654
9169,주식회사 디엔테크윈,"부산광역시 금정구 금사로 227, 1층 일부 (회동동)",일반용 전기 조명장치 제조업 외 1종,051-527-3543
9170,주식회사 디엠티,부산광역시 강서구 공항로339번길 137-6 (대저2동),기타 음향기기 제조업 외 4종,051-832-8872
9171,주식회사 디오메탈,부산광역시 강서구 화전산단2로134번길 9 (화전동),절삭가공 및 유사처리업,051-931-8048
9172,주식회사 디오인터내셔널,부산광역시 강서구 낙동북로 490 (대저1동),그 외 기타 달리 분류되지 않은 제품 제조업 외 1종,051-941-3201
9173,주식회사 디자인빅,부산광역시 강서구 낙동남로644번길 40 (녹산동),간판 및 광고물 제조업,051-271-1044
9174,주식회사 디지오디오,"부산광역시 중구 중구로 71, 카톨릭센터 6층 (대청동4가)",기타 음향기기 제조업 외 10종,051-506-1538
9175,주식회사 디케이산업,부산광역시 금정구 서금로 37-13 (서동),"금속 문, 창, 셔터 및 관련제품 제조업",051-521-4901
9176,주식회사 디테크,부산광역시 영도구 해양로 22(청학동),전동기 및 발전기 제조업 외 2종,051-413-8247
9177,주식회사 디피메탈,부산광역시 강서구 화전산단2로 119 (화전동),유압기기 제조업,051-271-5227
9178,주식회사 라스텍,부산광역시 강서구 공항로743번길 5-36 (대저2동),일반용 전기 조명장치 제조업 외 1종,ARS-1833-8580
9179,주식회사 라온케이디,"부산광역시 남구 전포대로77번길 12, 2동 2층 (문현동, 하이테크솔루션)","근무복, 작업복 및 유사의복 제조업 외 12종",미등록
9180,주식회사 라이즈테크디아이디(RISETECHDID),"부산광역시 금정구 반송로 489, 1층 (금사동)",전시 및 광고용 조명장치 제조업,ARS-1566-5866
9181,주식회사 라이팅폴,부산광역시 강서구 호계로103번길 19 (죽동동),육상 금속 골조 구조재 제조업 외 8종,051-264-9400
9182,주식회사 랩904,"부산광역시 금정구 반송로 492, 1층 (금사동)",플라스터 혼합제품 제조업,051-508-2904
9183,주식회사 러브오피스,"부산광역시 남구 신선로 189, 3층(감만동, 동광에스아이(주))",금속 절삭기계 제조업,070-7718-2264
9184,주식회사 럭스코,부산광역시 강서구 미음산단3로 122 (미음동),그 외 기타 전기장비 제조업,052-280-0800
9185,주식회사 레드맥스,부산광역시 강서구 제도로 987 (강동동),자동차 구조 및 장치 변경업 ,051-972-7869
9186,주식회사 레오파드 제2공장,부산광역시 사상구 학감대로178번길 17 (학장동),신발 부분품 제조업 외 2종,051-362-1213
9187,주식회사 레프코리아,부산광역시 강서구 녹산산단231로 27 (송정동),산업용 냉장 및 냉동 장비 제조업 외 4종,051-972-9597
9188,주식회사 로열푸드코리아,부산광역시 영도구 청학동 217-70번지,김치류 제조업 외 1종,051-256-9858
9189,주식회사 로커스,"부산광역시 강서구 녹산산단261로74번길 41, 비동 1호(송정동)","탭, 밸브 및 유사장치 제조업",051-832-2042
9190,주식회사 로토테크,부산광역시 기장군 장안읍 의과학6로 12-7,전동기 및 발전기 제조업,051-744-7784
9191,주식회사 론픽,부산광역시 사하구 다대로320번길 15 (장림동),"체조, 육상 및 체력단련용 장비 제조업",051-637-6285
9192,주식회사 루고랩스,부산광역시 금정구 동천로7번길 48-19 (회동동),디지털 적층 성형기계 제조업,070-4837-6374
9193,주식회사 루트54,부산광역시 사하구 신산로13번길 54 (신평동),"금속 문, 창, 셔터 및 관련제품 제조업",051-315-0779
9194,주식회사 룬디자인,"부산광역시 해운대구 센텀북대로 60, 19층 1905 (재송동, 센텀 아이에스타워)",일반용 전기 조명장치 제조업 외 2종,051-710-6488
9195,주식회사 리뉴앤뉴,부산광역시 강서구 과학산단1로60번길 31 (지사동) 부산테크노파크,"기타 섬유, 의복 및 가죽 가공 기계 제조업",070-4102-8357
9196,주식회사 리더캠,부산광역시 강서구 평강로385번길 32(대저1동),기타 무선 통신장비 제조업 외 1종,051-941-6502
9197,주식회사 리벌스팩토리,"부산광역시 금정구 부산대학로63번길 2, 삼성산학협동관 610호(장전동, 부산대학교)",내연기관 화물자동차 및 특수목적용 자동차 제조업 외 3종,051-313-2022
9198,주식회사 리안,"부산광역시 해운대구 센텀북대로 60, 13층 1302호(재송동, 센텀아이에스타워)",산업용 로봇 제조업 외 1종,051-628-6506
9199,주식회사 리얼허브,"부산광역시 해운대구 센텀중앙로 60, 8층 802, 803호(우동, 퍼스트인센텀)",방송장비 제조업 외 2종,051-715-2592
9200,주식회사 리엘,부산광역시 강서구 평강로345번길 128-23(대저1동),구조용 금속 판제품 및 공작물 제조업,051-717-0239
9201,주식회사 리치라운드,"부산광역시 해운대구 반송로513번길 66-32, B,C동(석대동)",가정용 전기 난방기기 제조업,070-7585-7050
9202,주식회사 리컴퍼니 부산지사,부산광역시 강서구 대저중앙로 194 (대저1동),강관 제조업 외 12종,055-237-9401
9203,주식회사 리프패럿,부산광역시 금정구 공단동로29번길 47(금사동),반려동물용 사료 제조업 외 1종,미등록
9204,주식회사 링크인더스트리,"부산광역시 강서구 미음산단5로41번길 71, 302호(미음동, 부산글로벌테크비즈센터)",주형 및 금형 제조업,051-254-0555
9205,주식회사 링크플릭스,부산광역시 남구 신선로 365 (용당동) 부경대학교용당캠퍼스,접착제 및 젤라틴 제조업,051-710-6251
9206,주식회사 마라나노텍코리아,"부산광역시 남구 신선로 365, 한미르관 408호(용당동)",전기식 진단 및 요법 기기 제조업 외 3종,051-242-0126
9207,주식회사 마린에프앤비,"부산광역시 서구 원양로 1, B동 307호(암남동, 수산가공선진화단지)",수산동물 냉동품 제조업 외 1종,051-266-7039
9208,주식회사 마스터볼트코리아,"부산광역시 강서구 녹산산단382로14번길 32, C동 404호, 406호 (송정동)",선박 구성 부분품 제조업 외 2종,061-462-8917
9209,주식회사 마원,"부산광역시 남구 신선로 365, 창업보육센터 기자재관리소111호  (용당동, 부경대학교)","탭, 밸브 및 유사장치 제조업",051-623-6669
9210,주식회사 만도산업,"부산광역시 사상구 낙동대로1404번길 47, 1층(삼락동, 한국파워테크놀리지)",고무패킹류 제조업 외 3종,051-325-0584
9211,주식회사 맑은나라,부산광역시 사하구 하신중앙로 88 (신평동),"치약, 비누 및 기타 세제 제조업",051-207-0180
9212,주식회사 메가티엔피,부산광역시 강서구 평강로 324 (대저1동),"라디오, 녹음 및 재생 기기 제조업",051-971-3360
9213,주식회사 메이크순,"부산광역시 강서구 대저중앙로393번길 11, 1호동 (대저1동)",구조용 금속 판제품 및 공작물 제조업 외 1종,051-816-5007
9214,주식회사 메타다올,"부산광역시 사상구 낙동대로 1344, 2, 3층(삼락동)",구두류 제조업 외 1종,051-303-7331
9215,주식회사 메타랩코리아,"부산광역시 해운대구 센텀북대로 60, 6층 601호(재송동, 센텀아이에스타워)",기타 인쇄업,ARS-1533-2455
9216,주식회사 명도기전,"부산광역시 금정구 중앙대로1873번길 17-6, 5층 (구서동)",배전반 및 전기 자동제어반 제조업,051-755-5162
9217,주식회사 명리,부산광역시 강서구 미음국제5로나길 10 (미음동),그 외 기타 금속가공업,051-961-0904
9218,주식회사 명성건드릴,부산광역시 사상구 가야대로134번길 19 (학장동),유압기기 제조업,051-311-8616
9219,주식회사 명성리프레쉬,부산광역시 사하구 장림번영로104번길 112 (장림동),수산동물 건조 및 염장품 제조업,051-261-5784
9220,주식회사 명성종합상사,부산광역시 영도구 해양로195번나길 32 (동삼동),선박 구성 부분품 제조업,051-714-1546
9221,주식회사 명성종합상사,부산광역시 영도구 해양로195번나길 34 (동삼동),선박 구성 부분품 제조업,051-714-1546
9222,주식회사 명인벤딩,부산광역시 강서구 녹산산단77로 48 (송정동),자동차용 금속 압형제품 제조업 외 1종,051-832-7004
9223,주식회사 명진이엔씨,"부산광역시 연제구 해맞이로 59, 2층(거제동)",배전반 및 전기 자동제어반 제조업,051-852-5833
9224,주식회사 명현산업,부산광역시 강서구 미음국제5로라길 16 (미음동),그 외 기타 일반목적용 기계 제조업,051-316-7773
9225,주식회사 모두팜,"부산광역시 강서구 녹산산단382로14번길 55, 협업화사업장 215호 (송정동, 부산광역시 신발산업진흥센타)",천연 및 혼합조제 조미료 제조업,미등록
9226,주식회사 모인비스,부산광역시 강서구 녹산산단262로60번길 8 (송정동),도장 및 기타 피막처리업,051-265-8088
9227,주식회사 모전기공,부산광역시 강서구 과학산단2로43번길 38 (지사동),절삭가공 및 유사처리업,051-971-1551
9228,주식회사 무스마,"부산광역시 수영구 망미번영로52번길 3, 1층 (수영동)",기타 무선 통신장비 제조업,070-8670-0812
9229,주식회사 미광물산,부산광역시 사상구 모덕로67번길 56 (모라동),절삭가공 및 유사처리업,051-505-7811
9230,주식회사 미래다이스,"부산광역시 금정구 개좌로 165 (회동동, 기수정밀)",주형 및 금형 제조업,051-527-3714
9231,주식회사 미륭,"부산광역시 남구 신선대산복로 30 (용당동, (주)미릉레미콘) (총 2 필지)",레미콘 제조업,051-621-5551
9232,주식회사 미쁨생활건강,부산광역시 강서구 평강로229번길 97 (대저1동),건강보조용 액화식품 제조업,02-1877-9560
9233,주식회사 미영씨앤씨,부산광역시 강서구 낙동북로126번길 8 (강동동),화장품 제조업,051-911-8880
9234,주식회사 바로에프에스,부산광역시 강서구 녹산산단381로40번길 24 (송정동),천연 및 혼합조제 조미료 제조업,051-305-8445
9235,주식회사 바로콤,"부산광역시 북구 구남언덕로 5, 2층(구포동, 청운빌딩)",포장용 플라스틱 성형용기 제조업 외 5종,051-331-7722
9236,주식회사 바른솔루션,부산광역시 영도구 해양로65번길 16 (청학동),선박 구성 부분품 제조업,051-412-3366
9237,주식회사 바아프엔지니어링,부산광역시 강서구 봉죽길386번길 25-1 (죽동동),가정용 및 산업용 공기 조화장치 제조업 외 2종,051-832-1005
9238,주식회사 바이오메틱스,"부산광역시 강서구 낙동북로102번가길 40(강동동, G카페이스)",화장품 제조업,미등록
9239,주식회사 바이오템,부산광역시 사상구 사상로 422 (모라동),치과기공물 제조업 외 2종,070-8220-4937
9240,주식회사 백화,"부산광역시 서구 원양로 1, B동 2층 201호(암남동, 수산가공선진화단지)",기타 수산동물 가공 및 저장 처리업 외 1종,051-243-8833
9241,주식회사 범양특수강 제2공장,부산광역시 강서구 신노전로 398-23 (대저2동),그 외 기타 1차 철강 제조업 외 1종,051-328-6610
9242,주식회사 베가통신,부산광역시 강서구 대저중앙로71번가길 21 (대저1동),"레이더, 항행용 무선기기 및 측량기구 제조업 외 11종",051-248-7516
9243,주식회사 베스트원전력 강동동공장,부산광역시 강서구 제도로1041번길 551 (강동동),일반철물 제조업 외 1종,051-866-7233
9244,주식회사 벤티웰,부산광역시 강서구 범방3로 23 (범방동),가정용 및 산업용 공기 조화장치 제조업 외 2종,070-4762-9829
9245,주식회사 보성시스템,부산광역시 강서구 대저중앙로357번길 60-3(대저1동),그 외 기타 달리 분류되지 않은 제품 제조업 외 1종,051-907-3611
9246,주식회사 보성에이티,"부산광역시 강서구 미음산단5로41번길 21, 307호(미음동, 첨단융복합소재센터)","유인 항공기, 항공우주선 및 보조장치 제조업",055-312-1174
9247,주식회사 보양하이텍,부산광역시 강서구 식만로 51-24 (죽림동),선박 구성 부분품 제조업,051-715-1950
9248,주식회사 부경라이팅,"부산광역시 강서구 과학산단1로60번길 31, 2B동 103호(지사동, 부산테크노파크)",배전반 및 전기 자동제어반 제조업 외 1종,051-941-6220
9249,주식회사 부산냉장,부산광역시 사하구 원양로 328 (감천동),수산동물 냉동품 제조업,051-208-6242
9250,주식회사 부산알루미늄,"부산광역시 사상구 학장로95번길 47, 주식회사 부산알루미늄(학장동)",구조용 금속 판제품 및 공작물 제조업,051-327-5052
9251,주식회사 부산어묵 고래사,"부산광역시 부산진구 중앙대로769번길 17, 1층 (부전동)",두부 및 유사식품 제조업,051-802-5778
9252,주식회사 부산정식품,"부산광역시 서구 원양로 1, B동 3층 304 (암남동)",기타 수산동물 가공 및 저장 처리업 외 1종,미등록
9253,주식회사 부산참식품,부산광역시 사하구 감천항로429번길 21 (구평동),"수산동물 훈제, 조리 및 유사 조제식품 제조업",051-266-6468
9254,주식회사 부산케이블앤엔지니어링,부산광역시 강서구 과학산단로 516 (지사동),기타 절연선 및 케이블 제조업,051-717-3908
9255,주식회사 부성엘티,"부산광역시 해운대구 센텀북대로 60, 15층 1503호(재송동)",기타 조명장치 제조업 외 1종,051-944-4500
9256,주식회사 부성피팅,부산광역시 강서구 공항앞길13번길 52-1 (대저2동),강관 제조업,051-941-5557
9257,주식회사 부영마린,부산광역시 영도구 해양로79번길 30 (청학동),선박 구성 부분품 제조업,051-418-8983
9258,주식회사 부원기업,부산광역시 강서구 대저중앙로357번길 60-5 (대저1동),플라스틱 창호 제조업,051-303-1165
9259,주식회사 부원산업,부산광역시 사상구 새벽로 83-21(학장동),"산업용 오븐, 노 및 노용 버너 제조업 외 2종",051-831-8525
9260,주식회사 부일기획,"부산광역시 해운대구 센텀7로 6, 201, 202, 203호(우동, 부산영상후반작업시설)",경 인쇄업 외 5종,051-746-9185
9261,주식회사 부일엘엔에프,부산광역시 강서구 제도로 1132 (강동동),그 외 기타 1차 철강 제조업 외 1종,051-972-2199
9262,주식회사 부일필터,부산광역시 금정구 개좌로 204(회동동),액체 여과기 제조업 외 4종,051-851-3025
9263,주식회사 부평,부산광역시 연제구 월드컵대로111번길 34 (연산동),"탭, 밸브 및 유사장치 제조업",051-804-5900
9264,주식회사 부흥,부산광역시 강서구 미음국제3로 88 (미음동),금속탱크 및 저장용기 제조업,051-831-7121
9265,주식회사 북두칠성 부산공장,부산광역시 사하구 감천항로429번길 31 (구평동),선박 구성 부분품 제조업 외 4종,051-256-6511
9266,주식회사 분도이엔지,부산광역시 사하구 하신중앙로3번길 75(장림동),기타 목재가구 제조업 외 1종,051-262-1959
9267,주식회사 브레스마스크,부산광역시 기장군 정관읍 매학리 143-19,기타 직물제품 제조업,070-4420-0515
9268,주식회사 브리앙씨엠,부산광역시 강서구 공항로743번길 48-41 (대저2동),"콘크리트 타일, 기와, 벽돌 및 블록 제조업 외 1종",051-973-3488
9269,주식회사 블라인드커튼백화점,부산광역시 북구 금곡대로636번길 7 (금곡동),커튼 및 유사제품 제조업 외 1종,051-365-7471
9270,주식회사 블루스틸,부산광역시 강서구 녹산산단261로73번길 17 (송정동),그 외 기타 금속가공업 외 1종,미등록
9271,주식회사 비블랙,"부산광역시 기장군 장안읍 반룡산단3로 96, 제2동",전구 및 램프 제조업,051-728-4938
9272,주식회사 비비마린 서비스,부산광역시 영도구 해양로 22 (청학동),선박 구성 부분품 제조업,051-412-1388
9273,주식회사 비비얀,부산광역시 강서구 녹산산단382로 17 (송정동),연사 및 가공사 제조업,070-4414-9821
9274,주식회사 비손,"부산광역시 연제구 거제대로 219, 2층(거제동)",경 인쇄업 외 6종,051-715-4880
9275,주식회사 비아이자이로,"부산광역시 영도구 남항서로 98, 3층 (남항동2가)",선박 구성 부분품 제조업 외 1종,051-715-1819
9276,주식회사 비에스씨푸드지점,"부산광역시 사하구 구평로 23, 3층 (구평동)",수산동물 냉동품 제조업,051-244-4800
9277,주식회사 비에스이앤티,부산광역시 강서구 녹산산업중로 31-11 (송정동),자동차용 금속 압형제품 제조업 외 1종,051-941-4022
9278,주식회사 비에이이테크,"부산광역시 사하구 신산로 120,  9층 927호 (신평동)",광섬유 케이블 제조업 외 4종,051-759-9357
9279,주식회사 비에프,부산광역시 강서구 맥도길377번길 158-16 (대저2동),자전거 및 환자용 차량 제조업,051-953-1331
9280,주식회사 비엔엔,부산광역시 강서구 가리새2로13번길 7 (생곡동),볼트 및 너트류 제조업,051-294-9701
9281,주식회사 비엠인터내셔널,부산광역시 강서구 녹산산단381로12번길 54 (송정동),어망 및 기타 끈 가공품 제조업,051-264-3533
9282,주식회사 비즈닉스,"부산광역시 금정구 부산대학로63번길 2, 6공학관 6107-3호(장전동)",그 외 기타 일반목적용 기계 제조업,070-8846-0022
9283,"주식회사 비지푸드(BG food Co. ,Ltd.)",부산광역시 강서구 낙동북로126번길 68-20 (강동동),천연 및 혼합조제 조미료 제조업 외 4종,미등록
9284,주식회사 비케이이노베이션,부산광역시 강서구 미음국제5로가길 26(미음동),육상 금속 골조 구조재 제조업,051-265-5111
9285,주식회사 빈스티앤에프,"부산광역시 강서구 식만로247번길 36(식만동, (주)아트건설)",그 외 기타 나무제품 제조업,051-265-9939
9286,주식회사 빛가람시스템,"부산광역시 해운대구 센텀중앙로 97, A동 A-B402호(재송동, 센텀스카이비즈)",전시 및 광고용 조명장치 제조업 외 7종,051-556-1645
9287,주식회사 사등산업,부산광역시 강서구 미음국제5로가길 17(미음동),그 외 기타 금속가공업,070-4188-2571
9288,주식회사 사인몰,부산광역시 기장군 장안읍 길천길 95,간판 및 광고물 제조업 외 2종,051-727-4074
9289,주식회사 사인이지,"부산광역시 연제구 반송로 112, 연안빌딩 3층 (연산동)",간판 및 광고물 제조업 외 6종,051-852-4880
9290,주식회사 삼경상사,부산광역시 강서구 평강로385번길 79-1(대저1동),수산식물 가공 및 저장 처리업,051-972-6690
9291,주식회사 삼미산업,"부산광역시 강서구 녹산산업북로 348, A-1 (송정동)",목재문 및 관련제품 제조업 외 4종,051-831-5981
9292,주식회사 삼보정밀,부산광역시 강서구 대저중앙로 360-8 (대저1동),그 외 기타 분류 안된 금속 가공 제품 제조업 외 1종,051-304-6490
9293,주식회사 삼영,부산광역시 사상구 낙동대로1420번길 51 (삼락동),볼트 및 너트류 제조업 외 3종,051-302-3636
9294,주식회사 삼영기계,부산광역시 영도구 대평남로51번길 8-3 (대평동2가),선박 구성 부분품 제조업,051-412-3165
9295,주식회사 삼우비앤비,부산광역시 강서구 공항로743번길 65 (대저2동),어망 및 기타 끈 가공품 제조업,051-317-7278
9296,주식회사 삼원테크,부산광역시 강서구 범방2로9번길 11 (범방동),기체 여과기 제조업 외 1종,051-831-6630
9297,주식회사 삼일파워,부산광역시 강서구 대저중앙로375번길 13-5 (대저1동),금속탱크 및 저장용기 제조업 외 27종,051-973-1434
9298,주식회사 삼진네트,부산광역시 사하구 장평로 48 (장림동),어망 및 기타 끈 가공품 제조업,051-263-7931
9299,주식회사 삼화발전기,부산광역시 강서구 미음국제5로마길 29 (미음동),내연기관 제조업 외 1종,051-941-2207
9300,주식회사 상명피에스,부산광역시 사하구 감천항로419번길 51 (구평동),전동기 및 발전기 제조업 외 4종,051-266-7914
9301,주식회사 상화전력,부산광역시 강서구 평강로229번길 32 (대저1동),배전반 및 전기 자동제어반 제조업,051-941-1910
9302,주식회사 샤픈고트,부산광역시 강서구 미음국제5로나길 7(미음동),전자감지장치 제조업 외 10종,미등록
9303,주식회사 서경금속,부산광역시 강서구 화전산단2로 91 (화전동),자동차 엔진용 신품 부품 제조업 외 1종,051-312-0006
9304,주식회사 서문,부산광역시 사하구 다대로1066번길 49(장림동),기타 수산동물 가공 및 저장 처리업,051-266-2950
9305,주식회사 서번,부산광역시 강서구 화전산단5로 27 (화전동),가정용 및 산업용 공기 조화장치 제조업 외 7종,051-831-7676
9306,주식회사 서브원,부산광역시 사하구 장평로15번길 3-1(장림동),고무 의류 및 기타 위생용 비경화 고무제품 제조업 외 1종,051-711-8226
9307,주식회사 선두이엔지,부산광역시 강서구 공항앞길85번길 78 (대저2동),산업용 송풍기 및 배기장치 제조업,051-326-4703
9308,주식회사 선영디자인,"부산광역시 동래구 충렬대로459번길 85, 1층(안락동)",경 인쇄업,미등록
9309,주식회사 선익정밀,부산광역시 강서구 미음국제5로다길 8 (미음동),기어 및 동력전달장치 제조업,051-973-8937
9310,주식회사 선진오에스엘,부산광역시 사상구 사상로425번길 61 (모라동),스크린 인쇄업 외 4종,051-302-6055
9311,주식회사 선테크,부산광역시 강서구 공항로1347번길 96 (대저1동),주형 및 금형 제조업,051-301-7878
9312,주식회사 성광기전,부산광역시 강서구 낙동북로126번길 13 (강동동),배전반 및 전기 자동제어반 제조업,051-714-3680
9313,주식회사 성력,부산광역시 강서구 미음산단로 414 (미음동),기타 구조용 금속제품 제조업,051-941-2658
9314,주식회사 성신메카텍,부산광역시 강서구 가달1로 33(생곡동),산업용 로봇 제조업,051-325-2900
9315,주식회사 성심위드신시어,부산광역시 강서구 둔치중앙길 7 (봉림동),배전반 및 전기 자동제어반 제조업,051-972-2004
9316,주식회사 성우솔루텍,"부산광역시 강서구 과학산단1로60번길 31, 1동 101호 (지사동, 부산테크노파크)",그 외 기타 달리 분류되지 않은 제품 제조업,미등록
9317,주식회사 성원에스티,부산광역시 강서구 녹산산단262로59번길 7(송정동),그 외 기타 금속가공업,051-941-2704
9318,주식회사 성은기계,부산광역시 강서구 제도로1041번길 527-1 (강동동),구조용 금속 판제품 및 공작물 제조업 외 26종,미등록
9319,주식회사 성일하우징 제2공장,부산광역시 영도구 해양로135번길 10 (청학동),기타 석제품 제조업,051-417-7626
9320,주식회사 성중,부산광역시 강서구 대저중앙로 370-2 (대저1동),기타 건축용 플라스틱 조립제품 제조업 외 9종,051-331-7088
9321,주식회사 성진S.T,"부산광역시 사상구 강변대로532번길 35, 철강판매단지상가 5 33 (엄궁동)",절삭가공 및 유사처리업,051-322-7400
9322,주식회사 성진시스템,"부산광역시 수영구 연수로275번길 21, 2층 (망미동)",방송장비 제조업,051-926-1900
9323,주식회사 성진티지,부산광역시 강서구 대저중앙로347번길 64 (대저1동),운송장비 조립용 플라스틱제품 제조업 외 1종,미등록
9324,주식회사 성하테크,부산광역시 강서구 녹산산단261로31번길 6 (송정동),도금업,051-941-3583
9325,주식회사 세경엔지니어링,부산광역시 기장군 기장읍 청강로91번길 31,전기회로 접속장치 제조업,051-723-6987
9326,주식회사 세라미트,"부산광역시 기장군 장안읍 길천길 73, 1층 103호(진주오피스텔)",육류 포장육 및 냉동육 가공업 (가금류 제외),미등록
9327,주식회사 세린,"부산광역시 서구 암남공원로 238, 모지포그라운드 5층 (암남동)",커피 가공업,051-710-4503
9328,주식회사 세명,"부산광역시 사하구 신산로 120, 8층 815호 (신평동)",산업처리공정 제어장비 제조업,미등록
9329,주식회사 세보글로벌,부산광역시 강서구 화전산단5로74번길 34 (화전동),자동차용 금속 압형제품 제조업 외 1종,051-972-9236
9330,주식회사 세안뉴텍,부산광역시 사상구 학감대로163번길 46(학장동),합성수지 및 기타 플라스틱 물질 제조업,051-315-0518
9331,주식회사 세움,부산광역시 강서구 대저중앙로347번길 46-1 (대저1동),그 외 기타 플라스틱 제품 제조업 외 3종,미등록
9332,주식회사 세움,부산광역시 강서구 대저중앙로233번길 20-9(대저1동),그 외 기타 플라스틱 제품 제조업 외 5종,070-7716-3556
9333,주식회사 세웅테크,"부산광역시 동래구 명안로72번길 22-2, 1층 (명장동)",기타 전기 변환장치 제조업 외 2종,051-532-9306
9334,주식회사 세이,"부산광역시 강서구 미음산단5로41번길 71, 607호(미음동)",그 외 기타 분류 안된 금속 가공 제품 제조업 외 1종,051-941-6607
9335,주식회사 세인,"부산광역시 사하구 하신번영로167번길 66, 1층 (신평동)",전시 및 광고용 조명장치 제조업 외 4종,051-941-3273
9336,주식회사 세인,"부산광역시 사하구 하신번영로167번길 49, 2층 (신평동)",전시 및 광고용 조명장치 제조업 외 4종,051-941-3273
9337,주식회사 세일,부산광역시 동래구 연안로74번길 3 (안락동),그 외 기타 봉제의복 제조업 외 4종,051-527-0015
9338,"주식회사 세일(SEIL,CO. , LTD.)",부산광역시 강서구 신포길83번길 15-1 (명지동),목재문 및 관련제품 제조업,051-973-0591
9339,주식회사 세정엔지니어링,부산광역시 사상구 광장로56번길 48-9 (괘법동),액체 여과기 제조업,051-328-6771
9340,주식회사 세창테크,부산광역시 기장군 정관읍 용수공단1길 30 ,그 외 기타 금속가공업,미등록
9341,주식회사 센스닉,"부산광역시 남구 신선로 365, 용당5관 206호(용당동, 부경대학교용당캠퍼스)",전자감지장치 제조업 외 1종,051-717-3515
9342,주식회사 센트프로,"부산광역시 동구 중앙대로296번길 3-3, 301호 (초량동)",표면광택제 및 실내가향제 제조업,미등록
9343,주식회사 솔라유니캐트,"부산광역시 남구 신선로 365, 창업보육센터 404호 (용당동, 부경대학교)",배전반 및 전기 자동제어반 제조업,051-629-7855
9344,주식회사 송원피팅,부산광역시 강서구 녹산산단382로 53 (송정동),강관 가공품 및 관 연결구류 제조업,051-989-0051
9345,주식회사 수,"부산광역시 강서구 녹산산단261로74번길 41, B동 4호 (송정동)",일반용 도료 및 관련제품 제조업 외 2종,051-972-0305
9346,주식회사 수내츄럴라이트,"부산광역시 부산진구 동성로118번가길 14-1, 1층 (전포동)",일반용 전기 조명장치 제조업,051-315-0510
9347,주식회사 수도그룹,"부산광역시 영도구 태종로 160, 7층 (봉래동4가, 수도빌딩)",그 외 기타 의료용 기기 제조업,051-416-1560
9348,주식회사 수인,"부산광역시 사하구 신산로 120, B1층 FB118호  (신평동)",비내화 모르타르 제조업,055-742-0416
9349,주식회사 수일렉트릭,"부산광역시 강서구 녹산산단382로14번길 32, C동 201호, 202호 (송정동)",전기회로 접속장치 제조업,051-973-2300
9350,주식회사 수피오,부산광역시 사상구 사상로401번길 57 (덕포동),화장품 제조업,070-8672-0414
9351,주식회사 스마트에프앤디,"부산광역시 해운대구 신반송로 196, 201-203호(반송동, 삼정그린코아)",셔츠 및 블라우스 제조업 외 7종,070-7492-0081
9352,주식회사 스마트에프앤디,"부산광역시 금정구 개좌로 9, 2층(서동)",셔츠 및 블라우스 제조업 외 11종,070-7492-0099
9353,주식회사 스마트캅스,"부산광역시 연제구 거제천로 112, 4층(연산동, 스타빌딩)",기타 무선 통신장비 제조업 외 3종,070-7116-5111
9354,주식회사 스타라이트,부산광역시 강서구 영강길 98 (명지동),배전반 및 전기 자동제어반 제조업,051-293-1472
9355,주식회사 스타로보웰즈,부산광역시 강서구 미음산단4로 32(미음동),금속 열처리업 외 9종,미등록
9356,주식회사 스타인더스트리,부산광역시 사상구 사상로470번길 24 (모라동),유압기기 제조업,051-609-9977
9357,주식회사 스타칸,부산광역시 해운대구 센텀중앙로 66 (우동) 센텀 T 타워,"레이더, 항행용 무선기기 및 측량기구 제조업 외 1종",051-1111-1111
9358,주식회사 스타코프,부산광역시 사하구 을숙도대로 555 (신평동),속도계 및 적산계기 제조업 외 2종,02-1833-4903
9359,주식회사 스파이더케이,부산광역시 사상구 사상로426번길 32 (모라동),그 외 기타 플라스틱 제품 제조업,051-305-5316
9360,주식회사 승인식품,부산광역시 강서구 낙동남로1013번길 58 (명지동),식물성 유지 제조업,051-832-8879
9361,주식회사 승진,부산광역시 강서구 미음산단4로 21 (미음동),육상 금속 골조 구조재 제조업 외 6종,051-831-9050
9362,주식회사 시에스텍,부산광역시 강서구 녹산산단261로87번길 7 (송정동),그 외 기타 1차 철강 제조업 외 2종,051-832-5051
9363,주식회사 시울프마린,부산광역시 사상구 사상로319번길 64 (덕포동),그 외 기타 봉제의복 제조업 외 14종,051-503-2581
9364,주식회사 신명엔텍,"부산광역시 강서구 녹산화전로 23, B동 7호 (송정동)",액체 여과기 제조업 외 16종,055-385-2483
9365,주식회사 신미정공,"부산광역시 강서구 범방3로30번길 42(범방동, (주)신미정공)",그 외 자동차용 신품 부품 제조업,051-831-0543
9366,주식회사 신안,부산광역시 강서구 가리새1로 10 (생곡동),그 외 기타 1차 철강 제조업,051-792-1402
9367,주식회사 신안,부산광역시 강서구 울만로25번길 80-1 (대저2동),강관 제조업 외 1종,051-831-8212
9368,주식회사 신영티엔지,부산광역시 강서구 체육공원로6번길 43 (대저1동),그 외 기타 분류 안된 비금속 광물제품 제조업 외 3종,051-728-6818
9369,주식회사 신우정보기술,부산광역시 수영구 망미번영로85번길 25 (망미동),유선 통신장비 제조업 외 6종,051-851-0459
9370,주식회사 신일축산,"부산광역시 금정구 공단서로8번길 26, 2층(금사동)",육류 포장육 및 냉동육 가공업 (가금류 제외),070-7537-1907
9371,주식회사 신진산업,부산광역시 강서구 미음국제5로마길 12(미음동),컨베이어장치 제조업,051-831-9981
9372,주식회사 신진유압기계,부산광역시 강서구 경전철로39번길 12 (대저2동),절삭가공 및 유사처리업 외 39종,051-315-0945
9373,주식회사 신흥산업,부산광역시 강서구 공항로1409번길 43-16 (대저1동),구조용 금속 판제품 및 공작물 제조업 외 5종,051-805-6211
9374,주식회사 신흥섬유,부산광역시 사하구 신산로 32 (신평동),섬유제품 기타 정리 및 마무리 가공업,미등록
9375,주식회사 싱싱로드,"부산광역시 금정구 공단동로41번길 35, 4층 (금사동)",합성수지 및 기타 플라스틱 물질 제조업 외 4종,051-817-6700
9376,주식회사 썬코리아,부산광역시 강서구 대저중앙로286번길 101 (대저1동),"탭, 밸브 및 유사장치 제조업",051-205-1345
9377,주식회사 쓰리알티,부산광역시 강서구 녹산산단262로50번길 29 (송정동),위생용 및 산업용 도자기 제조업,미등록
9378,주식회사 쓰리에스,부산광역시 강서구 대저중앙로347번길 46-2 (대저1동),기타 1차 비철금속 제조업 외 4종,미등록
9379,주식회사 쓰리에스,부산광역시 강서구 대저중앙로237번길 15-13(대저1동),그 외 기타 플라스틱 제품 제조업 외 2종,미등록
9380,주식회사 쓰리에스테크,"부산광역시 해운대구 센텀중앙로 97, A동 2405호 (재송동, 센텀스카이비즈)","레이더, 항행용 무선기기 및 측량기구 제조업 외 1종",051-717-0130
9381,주식회사 씨앤엠,부산광역시 강서구 미음산단4로62번길 12(미음동),액체 펌프 제조업,055-330-5020
9382,주식회사 씨에스정보기술,"부산광역시 기장군 기장읍 동부산관광9로 22, 헬로프라자 3층 301호",유선 통신장비 제조업 외 1종,051-633-3200
9383,주식회사 씨이엔,부산광역시 강서구 과학산단2로43번길 38 (지사동),체외 진단 시약 제조업 외 1종,051-941-2701
9384,주식회사 씨지씨,부산광역시 금정구 산성로 424-1(금성동),커피 가공업,051-715-1233
9385,주식회사 씨코,부산광역시 기장군 장안읍 명례산단4로 65-18,그 외 기타 1차 철강 제조업 외 1종,051-518-8073
9386,주식회사 씨큐테크,"부산광역시 금정구 중앙대로 2013, 2층(남산동, 동수빌딩)",방송장비 제조업 외 2종,051-518-6670
9387,주식회사 씨티엔에스,"부산광역시 북구 효열로 111, 1동 지상1층 107호 (금곡동, 부산지식산업센터)",운송장비용 이차전지 제조업 외 2종,055-294-9555
9388,주식회사 씽크,부산광역시 강서구 녹산산단77로 53 (송정동),인형 및 장난감 제조업,미등록
9389,주식회사 아라이피에스,부산광역시 강서구 대저로171번길 181 (대저1동),폴리스티렌 발포 성형제품 제조업 외 1종,051-506-3434
9390,주식회사 아르피나디엔씨,부산광역시 강서구 제도로1041번길 511 (강동동),플라스틱 창호 제조업,051-552-1616
9391,주식회사 아르피나디엔씨,부산광역시 강서구 제도로1041번길 513 (강동동),플라스틱 창호 제조업,051-552-1615
9392,주식회사 아미글로벌,부산광역시 사하구 장림번영로104번길 22 (장림동),치과기공물 제조업 외 3종,070-4816-3302
9393,주식회사 아벡스테크닉,"부산광역시 금정구 공단동로41번길 10, 2층 206호(금사동, 보림팩토피아)",기타 무선 통신장비 제조업 외 2종,051-925-0361
9394,주식회사 아산에스앤테크,부산광역시 강서구 가리새1로17번길 20 (생곡동),분사기 및 소화기 제조업,051-305-9853
9395,주식회사 아이디어클론,부산광역시 사상구 사상로440번길 19 (모라동),그 외 기타 의료용 기기 제조업 외 1종,051-303-0656
9396,주식회사 아이비인터내셔날,"부산광역시 금정구 공단동로29번길 46, 1층 (금사동)",기타 신발 제조업 외 4종,051-900-1701
9397,주식회사 아이스,"부산광역시 남구 신선로 365, 용당1관 201, 202호(용당동, 부경대학교용당캠퍼스)",에너지 저장장치 제조업,070-4201-2115
9398,주식회사 아이언맨,부산광역시 강서구 범방2로 36 (미음동),그 외 기타 금속가공업,051-941-8535
9399,주식회사 아이에스케이산전,부산광역시 강서구 신포길83번길 7 (명지동),배전반 및 전기 자동제어반 제조업,051-316-8559
9400,주식회사 아이엠피쉬,부산광역시 기장군 일광면 화전2길 86-103,기타 수산동물 가공 및 저장 처리업,051-721-0045
9401,주식회사 아이티에스코리아,"부산광역시 사하구 감천항로 155, W동 (구평동)",강선 건조업,051-992-4015
9402,주식회사 아이티에프씨,"부산광역시 남구 신선로 365, 용당 12관 231호(용당동, 부경대학교용당캠퍼스)",유선 통신장비 제조업 외 2종,051-245-5371
9403,주식회사 아진일렉트론,부산광역시 강서구 녹산산단261로 45 (송정동),도금업 외 4종,051-831-4367
9404,주식회사 아진일렉트론,부산광역시 강서구 녹산산단261로23번길 8 (송정동),도금업,051-831-3280
9405,주식회사 아크인터내셔널,"부산광역시 북구 만덕3로16번길 1, 405호(만덕동, 부산이노비즈센터)",운송장비용 이차전지 제조업 외 4종,051-714-3195
9406,주식회사 아투에프앤디시스템,부산광역시 강서구 대저로3번길 72-1 (대저1동),빵류 제조업 외 1종,051-818-0962
9407,주식회사 아트로드,부산광역시 강서구 녹산산업중로168번길 11 (송정동) (총 2 필지),합성수지 및 기타 플라스틱 물질 제조업,미등록
9408,주식회사 알천푸드,부산광역시 강서구 낙동북로60번길 4-3 (강동동),기타 수산동물 가공 및 저장 처리업,051-809-8221
9409,주식회사 알코에스씨,부산광역시 금정구 개좌로 260 (회동동),그 외 자동차용 신품 부품 제조업 외 3종,051-987-7000
9410,주식회사 알티솔루션,"부산광역시 기장군 장안읍 의과학6로 12-3, (동남권방사선의과학일반산업단지 내 산업12-6)","전자기 측정, 시험 및 분석기구 제조업 외 1종",051-980-8976
9411,주식회사 알파드라이브,"부산광역시 강서구 과학산단1로60번길 32, 12동 405호(지사동)",산업용 로봇 제조업 외 2종,051-941-2783
9412,주식회사 알피오,부산광역시 강서구 범방3로 13(범방동),그 외 기타 전기장비 제조업,02-6713-3868
9413,주식회사 앤즈글로벌,"부산광역시 북구 만덕3로16번길 1, 104(만덕동, 부산이노비즈센터)",반려동물용 사료 제조업 외 1종,051-331-2523
9414,주식회사 앤츠,"부산광역시 해운대구 해운대로 1164-21, 3층 (송정동)",방송장비 제조업 외 5종,051-742-1324
9415,주식회사 앱소,부산광역시 금정구 개좌로 273-20 (회동동) 브이원타워,산업처리공정 제어장비 제조업,051-914-1910
9416,주식회사 어메이징팩토리,부산광역시 서구 원양로 1 (암남동) 수산가공선진화단지,기타 수산동물 가공 및 저장 처리업,051-256-5467
9417,주식회사 어반디자인,"부산광역시 연제구 쌍미천로 35-4, 1층 (연산동)",간판 및 광고물 제조업,051-924-0074
9418,주식회사 언더워터솔루션,"부산광역시 강서구 녹산산단382로14번길 32, 녹산리팩토리 C동 310호 (송정동)",그 외 기타 특수목적용 기계 제조업,070-8983-7850
9419,주식회사 에너디,부산광역시 사하구 비봉로21번길 21 (신평동),산업용 냉장 및 냉동 장비 제조업,051-203-4981
9420,주식회사 에디스,부산광역시 강서구 대저중앙로348번길 30 (대저1동),주방용 및 음식점용 목재가구 제조업 외 1종,051-971-0023
9421,주식회사 에버스틸 ,부산광역시 사상구 낙동대로970번길 25 (감전동),그 외 기타 금속가공업,051-328-4900
9422,주식회사 에버엔지니어링,부산광역시 강서구 식만로 209 (식만동),산업용 냉장 및 냉동 장비 제조업,051-972-1454
9423,주식회사 에스 앤 더블류,부산광역시 사하구 을숙도대로 749 (구평동),내연기관 제조업,051-205-7411
9424,주식회사 에스 앤 더블류,부산광역시 강서구 녹산산업중로 207 (송정동),그 외 기타 분류 안된 금속 가공 제품 제조업,051-205-7411
9425,주식회사 에스디케이,부산광역시 강서구 녹산산단77로 46 (송정동),선박 구성 부분품 제조업,051-832-1882
9426,주식회사 에스디케이,부산광역시 강서구 녹산산단27로 24 (송정동),그 외 기타 분류 안된 금속 가공 제품 제조업,051-832-1882
9427,주식회사 에스디텍,"부산광역시 부산진구 신천대로 193-1, 1층 (당감동)",메모리용 전자집적회로 제조업 외 41종,051-326-1861
9428,주식회사 에스비씨,"부산광역시 사상구 모덕로96번길 7, 3동(덕포동)",금속탱크 및 저장용기 제조업 외 7종,미등록
9429,주식회사 에스비안전,"부산광역시 강서구 녹산산단382로14번길 55, 108호, 110호(송정동, 부산광역시 신발산업진흥센타)",일반용 전기 조명장치 제조업 외 3종,051-207-0306
9430,주식회사 에스씨티,"부산광역시 해운대구 센텀북대로 60, 18층 1809호 (재송동, 센텀 아이에스타워)","레이더, 항행용 무선기기 및 측량기구 제조업 외 4종",051-710-7994
9431,주식회사 에스아이웨어,"부산광역시 해운대구 센텀북대로 60, 4층 413호(재송동, 센텀아이에스타워)",메모리용 전자집적회로 제조업,070-4241-6285
9432,주식회사 에스아이피,부산광역시 강서구 식만로 207-29 (식만동),육상 금속 골조 구조재 제조업 외 5종,051-941-1031
9433,주식회사 에스알비,"부산광역시 강서구 과학산단1로60번길 31, 13동 608호(지사동, 부산테크노파크)",기기용 자동측정 및 제어장치 제조업 외 2종,미등록
9434,주식회사 에스앤피,부산광역시 사하구 하신중앙로3번길 24 (장림동),"탭, 밸브 및 유사장치 제조업",051-941-3303
9435,주식회사 에스에이치정밀,부산광역시 강서구 평강로 219-1 (대저1동),무기 및 총포탄 제조업 외 17종,051-971-7226
9436,주식회사 에스에프엑스케이,부산광역시 사상구 낙동대로943번길 131(감전동),선박 구성 부분품 제조업 외 11종,미등록
9437,주식회사 에스엔씨메이드,"부산광역시 서구 원양로 1, B동 5층 505호,506호 (암남동)",수산동물 냉동품 제조업,051-266-6076
9438,주식회사 에스엘엠 부산지점,"부산광역시 강서구 과학산단1로60번길 31, 1동 1호(지사동, 부산테크노파크)",산업용 로봇 제조업,042-933-4670
9439,주식회사 에스엘큐비클,부산광역시 동래구 온천천로337번길 12 (낙민동),기타 건축용 나무제품 제조업 외 1종,051-555-5201
9440,주식회사 에스엘티,부산광역시 강서구 녹산산단165로14번길 11-10 (송정동),계면활성제 제조업,051-973-0234
9441,주식회사 에스엠디에이,부산광역시 연제구 월드컵대로187번길 34-2 (거제동),냉간 압연 및 압출 제품 제조업,051-863-2878
9442,주식회사 에스엠디지털락커,"부산광역시 사상구 대동로 303, 지하 B103호 (감전동, 부산디지털밸리아파트형공장)",그 외 기타 분류 안된 금속 가공 제품 제조업,051-333-1383
9443,주식회사 에스엠어패럴,"부산광역시 금정구 개좌로 9, 3층(서동)","근무복, 작업복 및 유사의복 제조업 외 9종",051-532-7895
9444,주식회사 에스엠지코리아,부산광역시 강서구 평강로 263 (대저1동),"물질 검사, 측정 및 분석기구 제조업",미등록
9445,주식회사 에스엠티랩,부산광역시 강서구 녹산산단262로60번길 22 (송정동),혼성 및 재생 플라스틱 소재 물질 제조업 외 1종,051-907-9605
9446,주식회사 에스와이이노테크,"부산광역시 북구 만덕3로16번길 1, 302호(만덕동, 부산이노비즈센터)",기타 주변기기 제조업,051-747-7610
9447,주식회사 에스위너스,"부산광역시 해운대구 센텀중앙로 97, A동 6층 609, 610호(재송동, 센텀스카이비즈)","레이더, 항행용 무선기기 및 측량기구 제조업 외 1종",051-7478-933
9448,주식회사 에스탑,부산광역시 수영구 구락로 107 (망미동),어망 및 기타 끈 가공품 제조업 외 1종,051-754-5353
9449,주식회사 에스토탈,부산광역시 사상구 학장로 133 (학장동),선박 구성 부분품 제조업,051-418-7171
9450,주식회사 에스티씨코리아,부산광역시 강서구 공항앞길85번길 137-3 (대저2동),배전반 및 전기 자동제어반 제조업 외 1종,051-941-9925
9451,주식회사 에스피아이앤티,부산광역시 강서구 가달2로16번길 26 (생곡동),그 외 자동차용 신품 부품 제조업,051-831-0941
9452,주식회사 에어앤라이프,부산광역시 강서구 녹산산업북로 188 (송정동),가정용 및 산업용 공기 조화장치 제조업 외 6종,070-4888-5386
9453,주식회사 에이닉스,"부산광역시 사상구 대동로 303, 411호(감전동, 부산디지털밸리아파트형공장)",컴퓨터 제조업 외 1종,053-561-7899
9454,주식회사 에이비스포츠,"부산광역시 금정구 공단로50번길 1, A동 2층, 3층 (금사동)","근무복, 작업복 및 유사의복 제조업 외 3종",ARS-1600-2132
9455,주식회사 에이스금속,부산광역시 사상구 학장로 145 (학장동),그 외 금속 압형제품 제조업,051-312-0331
9456,주식회사 에이엠티,"부산광역시 사하구 신산로 120, 3층 319호  (신평동)",기타 일반 기계 및 장비 수리업 외 1종,미등록
9457,주식회사 에이제이에프에프,부산광역시 강서구 녹산산단290로 27-10 (송정동),절삭가공 및 유사처리업 외 1종,051-832-9706
9458,주식회사 에이젠코어,부산광역시 기장군 장안읍 의과학2로 82,방사선 장치 제조업,070-4112-7475
9459,주식회사 에이치앤씨,부산광역시 강서구 가달2로55번길 38(생곡동),선박 구성 부분품 제조업,051-973-6457
9460,주식회사 에이치엠아이,부산광역시 강서구 녹산산단382로49번길 54 (송정동),구조용 금속 판제품 및 공작물 제조업,051-831-4530
9461,주식회사 에이치제이나인,부산광역시 강서구 공항로767번다길 30-4 (대저2동),농업 및 임업용 기계 제조업,ARS-1899-4515
9462,주식회사 에이치지테크,"부산광역시 사하구 다대로354번길 36-1, 3동(장림동)",선박 구성 부분품 제조업 외 1종,051-205-3105
9463,주식회사 에이치티비,부산광역시 강서구 미음국제5로라길 38 (미음동),내연기관 제조업 외 25종,051-714-0674
9464,주식회사 에코본,부산광역시 강서구 식만로63번길 36 (죽림동),산업용 난방보일러 및 방열기 제조업 외 1종,051-831-0303
9465,주식회사 에코소일,부산광역시 강서구 제도로1092번다길 28-12 (강동동),그 외 기타 분류 안된 비금속 광물제품 제조업 외 3종,051-337-3589
9466,주식회사 에코시즌,"부산광역시 금정구 동천로 4, 1층 (회동동)",그 외 기타 달리 분류되지 않은 제품 제조업,051-892-4628
9467,주식회사 에코에어시스템,부산광역시 강서구 도도본리길 63 (대저2동),가정용 및 산업용 공기 조화장치 제조업 외 2종,051-941-3800
9468,주식회사 에코이,"부산광역시 금정구 반송로490번길 23, (건물전체 중 공장동 1층 일부 제외) (금사동)",기체 여과기 제조업,051-802-6261
9469,주식회사 에프디수산,"부산광역시 부산진구 중앙대로 587, 지층 (범천동)",기타 수산동물 가공 및 저장 처리업,051-636-8775
9470,주식회사 에프피,"부산광역시 남구 신선로 365, 용당 11관 201, 202, 208, 209, 210호(용당동, 부경대학교용당캠퍼스)",그 외 기타 분류 안된 화학제품 제조업 외 1종,051-624-0912
9471,주식회사 에프피씨,"부산광역시 해운대구 센텀서로 30, 16층 1602호(우동, 케이엔엔타워)",유압기기 제조업,051-515-0917
9472,주식회사 엔글로벌,"부산광역시 강서구 과학산단1로60번길 31, 2B동 106층",표면광택제 및 실내가향제 제조업 외 2종,070-7006-7979
9473,주식회사 엔바이오,부산광역시 강서구 공항앞길33번길 9 (대저2동),그 외 기타 달리 분류되지 않은 제품 제조업 외 4종,051-900-5881
9474,주식회사 엔비즈,"부산광역시 남구 신선로 365, 10공학관 403호(용당동, 부경대학교용당캠퍼스)",배전반 및 전기 자동제어반 제조업,070-8065-4536
9475,주식회사 엔에스,부산광역시 강서구 미음산단로37번길 9 (구랑동),기타 선박 건조업 외 1종,070-4048-0555
9476,주식회사 엔에스티이,부산광역시 강서구 제도로1041번길 523-1 (강동동),"탭, 밸브 및 유사장치 제조업",051-941-3131
9477,주식회사 엔에스포레,"부산광역시 기장군 정관읍 산단5로 100-88, B동 1층",그 외 기타 나무제품 제조업 외 1종,051-752-7858
9478,주식회사 엔제이에프앤비,"부산광역시 기장군 일광면 횡계길 7, 해양생물산업육성센터 생산 설비동",기타 식품 첨가물 제조업,051-722-7707
9479,주식회사 엔콘글로벌,부산광역시 사하구 장림로196번길 11 (장림동),그 외 기타 특수목적용 기계 제조업 외 1종,051-205-5644
9480,주식회사 엔트라코리아,부산광역시 기장군 장안읍 명례산단7로 12,절연 코드세트 및 기타 도체 제조업,051-610-1073
9481,주식회사 엘루다코리아,"부산광역시 부산진구 진남로356번길 17, 2층 주식회사 엘루다코리아(전포동, 더케이타워)",전시 및 광고용 조명장치 제조업 외 3종,031-337-5570
9482,주식회사 엘아이비에너지,부산광역시 사하구 장평로 69 (장림동),산업처리공정 제어장비 제조업 외 8종,미등록
9483,주식회사 엘앤비건축사사무소,부산광역시 강서구 대저중앙로 194 (대저1동),간판 및 광고물 제조업 외 1종,055-716-0731
9484,주식회사 엘케이아이엔씨,부산광역시 강서구 녹산산업중로 32-13 (송정동),강관 가공품 및 관 연결구류 제조업,051-831-7951
9485,주식회사 엠디에프앤씨,"부산광역시 금정구 금사로 75, 2층 (금사동)",남자용 겉옷 제조업 외 9종,051-525-8390
9486,주식회사 엠아이비테크,부산광역시 강서구 미음국제7로 87(미음동),절삭가공 및 유사처리업 외 1종,051-972-1910
9487,주식회사 엠알씨,부산광역시 강서구 녹산산단289로 28 (송정동),유선 통신장비 제조업 외 2종,051-414-7891
9488,주식회사 엠알씨,부산광역시 영도구 남항서로 6-19(남항동3가),유선 통신장비 제조업 외 4종,051-414-7891
9489,주식회사 엠앤이,"부산광역시 강서구 녹산산단382로14번길 55, 306호, 307호(송정동, 부산광역시 신발산업진흥센타)",기타 직물제품 제조업,051-710-0781
9490,주식회사 엠에스,"부산광역시 서구 원양로 1, B동 3층 302 (암남동, 수산가공선진화단지)",기타 수산동물 가공 및 저장 처리업,051-255-1811
9491,주식회사 엠에스전기조명,부산광역시 기장군 기장읍 대청로36번길 37-3,일반용 전기 조명장치 제조업 외 5종,051-328-9920
9492,주식회사 엠에프바이오파마,"부산광역시 금정구 공단동로41번길 10, 806호 (금사동, 보림팩토피아)",전기식 진단 및 요법 기기 제조업,ARS-1588-7088
9493,주식회사 엠제이하이메탈,부산광역시 강서구 호계로145번길 20-10 (죽동동),강관 제조업 외 1종,051-714-3238
9494,주식회사 엠케이,"부산광역시 남구 용호로159번길 94, 4층 401 (용호동, .)",그 외 기타 전기장비 제조업 외 5종,051-610-7000
9495,주식회사 여는(부산지점),"부산광역시 사하구 장평로195번길 6, 1층(장림동)",그 외 기타 금속가공업,051-208-5674
9496,주식회사 연합철강,부산광역시 강서구 미음국제7로 92(미음동),자동차 차체용 신품 부품 제조업,051-971-4228
9497,주식회사 영미테크,부산광역시 강서구 식만로259번길 84 (식만동),그 외 기타 플라스틱 제품 제조업,051-971-6016
9498,주식회사 영민전력,부산광역시 강서구 대저중앙로357번길 26-9 (대저1동),"전기회로 개폐, 보호장치 제조업 외 2종",051-852-7373
9499,주식회사 영창기계,부산광역시 강서구 평강로345번길 59 (대저1동),음ㆍ식료품 및 담배 가공기계 제조업 외 4종,미등록
9500,주식회사 영창시스템,부산광역시 동래구 온천천로441번길 10-1(안락동),방송장비 제조업 외 3종,051-553-5600
9501,주식회사 예감 부산공장,"부산광역시 사하구 을숙도대로 651, 2층 (신평동)",남자용 겉옷 제조업 외 29종,070-8290-1580
9502,주식회사 예감 부산지점,"부산광역시 사하구 다대로354번안길 20, 1층 (장림동)",그 외 기타 봉제의복 제조업,031-796-0869
9503,주식회사 예다전통식품,부산광역시 강서구 낙동북로102번길 71 (강동동),떡류 제조업,070-4202-6105
9504,주식회사 예홀,"부산광역시 사상구 낙동대로1420번길 41,  209호 (삼락동)",경 인쇄업 외 4종,051-513-7774
9505,주식회사 예홀,"부산광역시 사상구 모라로 22, 6층 610호(부산벤처타워) (모라동)",그 외 기타 분류 안된 금속 가공 제품 제조업 외 8종,051-513-7774
9506,주식회사 오런,부산광역시 사상구 가야대로 22(감전동),기타 편조의복 액세서리 제조업,051-818-0586
9507,주식회사 오리엔트조선소,부산광역시 사하구 감천항로 151 (구평동),기타 일반 기계 및 장비 수리업 외 1종,051-256-1772
9508,주식회사 오상엠엔이티 ,부산광역시 사상구 대동로223번길 51 (학장동),전시 및 광고용 조명장치 제조업 외 11종,051-623-0268
9509,주식회사 오토라트,"부산광역시 사상구 엄궁로 70-16, 211-1호, 212호 (엄궁동, 부산테크노파크)",산업용 로봇 제조업,070-7858-4321
9510,주식회사 오토이노텍,부산광역시 강서구 공항로1409번길 61-5 (대저1동),기타 조명장치 제조업,미등록
9511,주식회사 오픈패스로보틱스,"부산광역시 금정구 부산대학로63번길 2, 효원산학협동관 204호(장전동, 부산대학교)",산업용 로봇 제조업,051-512-0984
9512,주식회사 옥현스틸,부산광역시 사상구 학장로95번길 29 (학장동),그 외 기타 분류 안된 금속 가공 제품 제조업,051-914-1524
9513,주식회사 온비치,"부산광역시 해운대구 센텀중앙로 90, 12층 1204호(재송동, 큐비이센텀)",교통 신호장치 제조업 외 7종,070-4288-1337
9514,주식회사 와이엔테크,부산광역시 강서구 미음국제7로가길 10 (미음동),그 외 기타 분류 안된 금속 가공 제품 제조업,미등록
9515,주식회사 와이오엠,부산광역시 강서구 호계로145번길 36 (죽동동),합성수지 및 기타 플라스틱 물질 제조업,051-972-7175
9516,주식회사 와이지에스,부산광역시 강서구 녹산산업중로 406 (송정동),그 외 기타 1차 철강 제조업,051-832-1901
9517,주식회사 와이지에스,부산광역시 강서구 녹산산단262로 16 (송정동),그 외 기타 1차 철강 제조업,051-832-1901
9518,주식회사 와이지에스 ,부산광역시 사상구 낙동대로 846(감전동),그 외 기타 금속가공업,051-832-1901
9519,주식회사 와이케이코퍼레이션,부산광역시 강서구 녹산산단361로 20 (송정동),"탭, 밸브 및 유사장치 제조업 외 1종",051-941-0799
9520,주식회사 와일드캣,"부산광역시 사상구 낙동대로943번길 235, 3층 301, 305호 (감전동)",기타 신발 제조업,02-565-8910
9521,주식회사 우리엠텍,부산광역시 영도구 남항남로 14(남항동3가),선박 구성 부분품 제조업 외 2종,051-416-5225
9522,주식회사 우리전기,"부산광역시 강서구 체육공원로6번길 46, 3층 (대저1동)",방송장비 제조업,051-805-2474
9523,주식회사 우리테크,부산광역시 강서구 미음국제5로나길 3(미음동),가정용 전기 난방기기 제조업,051-971-0560
9524,주식회사 우미산업,부산광역시 강서구 울만로 23 (대저2동),목재문 및 관련제품 제조업 외 2종,051-714-5312
9525,주식회사 우석,부산광역시 강서구 녹산산업북로 348 (송정동),목재문 및 관련제품 제조업 외 4종,미등록
9526,주식회사 우성전자,부산광역시 기장군 기장읍 청강로 58,전자부품 실장기판 제조업 외 2종,051-900-6900
9527,주식회사 우양이앤씨,"부산광역시 사상구 사상로355번길 42 (덕포동, 우성 엠.이.씨(주))",그 외 기타 일반목적용 기계 제조업 외 1종,051-809-3208
9528,주식회사 우양이엔피,부산광역시 강서구 경전철로 225-1 (대저2동),그 외 기타 1차 철강 제조업 외 2종,051-319-0451
9529,주식회사 우원 기장점,부산광역시 기장군 장안읍 오리산단로 160,기타 식사용 가공처리 조리식품 제조업 외 1종,ARS-1551-9986
9530,주식회사 우정컴퍼니,"부산광역시 금정구 금사로 101, 금사동 56-21번지 외 1필지 지하 (금사동)","근무복, 작업복 및 유사의복 제조업 외 12종",051-527-8278
9531,주식회사 우정컴퍼니,"부산광역시 금정구 공단동로41번길 37, 2층(금사동, 은하정밀)",남자용 겉옷 제조업 외 12종,051-527-8278
9532,주식회사 우정컴퍼니,"부산광역시 동래구 충렬사로 39, 상가동 211, 212, 222, 223, 227, 228호(안락동, 동래화목타운)","근무복, 작업복 및 유사의복 제조업 외 12종",051-527-8278
9533,주식회사 우주전기,부산광역시 강서구 공항로1347번길 58(대저1동),교통 신호장치 제조업,051-851-8713
9534,주식회사 우진,부산광역시 강서구 녹산산단165로14번길 7 (송정동),그 외 자동차용 신품 부품 제조업 외 4종,051-832-0022
9535,주식회사 우진앤에스피,부산광역시 기장군 정관읍 예림길 3,구조용 금속 판제품 및 공작물 제조업 외 1종,051-728-0482
9536,주식회사 우진에스티에스,부산광역시 강서구 경전철로 159 (대저2동),그 외 기타 분류 안된 금속 가공 제품 제조업 외 1종,051-325-1181
9537,주식회사 운정,부산광역시 강서구 녹산산업북로 52 (송정동),건설 및 채광용 기계장비 제조업,051-819-2669
9538,주식회사 워터닉스,부산광역시 강서구 공항로1409번길 61-16 (대저1동),액체 여과기 제조업,051-202-3054
9539,주식회사 원규,부산광역시 강서구 미음국제5로 103 (미음동) 세영공업,그 외 기타 특수목적용 기계 제조업,051-711-0032
9540,주식회사 원방,부산광역시 사상구 새벽로31번길 16,플라스틱 창호 제조업,051-323-8990
9541,주식회사 원진엠앤티,부산광역시 강서구 가달1로 47 (생곡동),금속 절삭기계 제조업,051-315-4755
9542,주식회사 원프렌지,부산광역시 강서구 녹산산업북로 53 (송정동),절삭가공 및 유사처리업,051-322-0415
9543,주식회사 위너기술,부산광역시 해운대구 삼어로133번길 41 (반여동),배전반 및 전기 자동제어반 제조업 외 6종,051-816-0910
9544,주식회사 위드건설산업 ,부산광역시 사상구 새벽로 68-1(학장동),그 외 기타 분류 안된 금속 가공 제품 제조업,051-961-2323
9545,주식회사 위드차차차,부산광역시 사상구 대동로 227 (학장동),자동차 차체용 신품 부품 제조업,051-915-3340
9546,주식회사 위드특장,부산광역시 강서구 공항로533번길 354-6 (대저2동),내연기관 화물자동차 및 특수목적용 자동차 제조업 외 5종,051-314-8201
9547,주식회사 위로우,"부산광역시 강서구 과학산단1로60번길 30, 7동 603호(지사동)",비디오 및 기타 영상기기 제조업 외 1종,미등록
9548,주식회사 윈하이벤드,부산광역시 강서구 녹산산단261로 6 (송정동),강관 제조업 외 1종,051-831-5131
9549,주식회사 유강티에스,부산광역시 사하구 원양로398번길 7 (감천동),그 외 기타 고무제품 제조업,051-208-3639
9550,주식회사 유광계측,부산광역시 강서구 금호순서길89번가길 46-1(대저2동),절삭가공 및 유사처리업,051-852-9844
9551,주식회사 유니엘,부산광역시 기장군 장안읍 반룡로 155,"근무복, 작업복 및 유사의복 제조업 외 5종",070-4125-0119
9552,주식회사 유니키,부산광역시 금정구 금샘로 540 (남산동) 지하1층,유선 통신장비 제조업 외 1종,070-7603-1155
9553,주식회사 유닉코리아,"부산광역시 남구 동명로118번길 38-9, 2층, 3층 (용호동)",일반용 전기 조명장치 제조업 외 4종,051-463-2196
9554,주식회사 유성에이텍,부산광역시 사상구 대동로 204 (학장동),주형 및 금형 제조업,051-313-0231
9555,주식회사 유성정밀엔지니어링,부산광역시 강서구 미음국제7로 51(미음동),액체 펌프 제조업 외 6종,055-327-7557
9556,주식회사 유왕,부산광역시 사하구 을숙도대로677번길 10 (신평동),기타 수산동물 가공 및 저장 처리업,051-202-6622
9557,주식회사 유원,부산광역시 기장군 정관읍 산단2로 16-16 (유원산업),그 외 자동차용 신품 부품 제조업 외 3종,051-728-7251
9558,주식회사 유일,"부산광역시 강서구 생곡산단1로 17(생곡동, (주)유일)",혼성 및 재생 플라스틱 소재 물질 제조업,051-711-4594
9559,주식회사 유정엔지니어링,부산광역시 강서구 녹산산업중로 398 (송정동),강관 제조업 외 1종,051-831-9284
9560,주식회사 유지에스,부산광역시 강서구 공항로 1105-4 (대저1동),기타 무선 통신장비 제조업,051-714-6224
9561,주식회사 유진탑,부산광역시 강서구 미음국제5로나길 25(미음동),그 외 기타 특수목적용 기계 제조업,051-941-9774
9562,주식회사 유케이엠에스,부산광역시 영도구 남항남로19번길 10 (남항동3가),기타 일반 기계 및 장비 수리업,051-418-9700
9563,주식회사 유티알,"부산광역시 강서구 공항로283번길 2-5, 에이동 (대저2동)",기타 구조용 금속제품 제조업 외 4종,051-205-1111
9564,주식회사 육장성특수강,부산광역시 강서구 미음국제3로 69 (미음동),그 외 기타 1차 철강 제조업 외 1종,053-584-6610
9565,주식회사 윤미트 삼락지점,"부산광역시 사상구 낙동대로1518번길 16, 2층, 주식회사 윤미트 삼락지점 (삼락동)",육류 기타 가공 및 저장처리업 (가금류 제외),051-312-9992
9566,주식회사 은남그린데크,"부산광역시 사하구 사하로 52, 1층 (구평동)",일반 제재업 외 6종,미등록
9567,주식회사 은성사,부산광역시 사하구 다산로 118 (다대동),무기 및 총포탄 제조업,051-601-9121
9568,주식회사 은성사,부산광역시 사하구 다산로175번길 20 (다대동),낚시 및 수렵용구 제조업,051-601-9000
9569,주식회사 이노티스,부산광역시 강서구 공항로1207번길 36 (대저1동),그 외 기타 특수목적용 기계 제조업 외 1종,051-972-8789
9570,주식회사 이노팍스,"부산광역시 기장군 장안읍 오리산단5로 66, (당초 A9-10)",일반철물 제조업,미등록
9571,주식회사 이녹스틸코리아,부산광역시 강서구 녹산산단77로22번길 17 (송정동),그 외 기타 금속가공업,051-941-8941
9572,주식회사 이든,부산광역시 사하구 장평로 224 (신평동),셔츠 및 블라우스 제조업 외 12종,051-263-6111
9573,주식회사 이레신소재,부산광역시 강서구 화전산단5로37번길 21(화전동),도장 및 기타 피막처리업 외 2종,051-973-2531
9574,주식회사 이레전기공작소,부산광역시 강서구 대저중앙로357번길 44-2 (대저1동),배전반 및 전기 자동제어반 제조업,051-331-2488
9575,주식회사 이레정보통신기술,"부산광역시 영도구 해양로57번길 25, 202호(청학동)",방송장비 제조업 외 2종,미등록
9576,주식회사 이룸에프앤씨,"부산광역시 금정구 공단서로8번길 26, 2층(금사동)",천연 및 혼합조제 조미료 제조업,070-7537-1907
9577,주식회사 이씨푸드,"부산광역시 사하구 장평로76번길 22, 2층(장림동)",기타 수산동물 가공 및 저장 처리업,051-754-0355
9578,주식회사 이알디(ERD),"부산광역시 남구 신선로 219, 3층 (감만동, 중외종합건설)",메모리용 전자집적회로 제조업 외 7종,051-521-1173
9579,주식회사 이엔케이,부산광역시 강서구 과학산단로 502 (지사동),금속탱크 및 저장용기 제조업 외 1종,051-974-7711
9580,주식회사 이엠씨테크,부산광역시 강서구 입소정관길 169(대저2동),절연 코드세트 및 기타 도체 제조업,미등록
9581,"주식회사 이즈모(ISMO Co., Ltd)","부산광역시 수영구 구락로117번길 14, 2층(망미동, 동영산업(주))","전자기 측정, 시험 및 분석기구 제조업 외 6종",미등록
9582,주식회사 이지에버텍,부산광역시 기장군 기장읍 배산로8번길 38,배전반 및 전기 자동제어반 제조업 외 15종,051-727-7568
9583,주식회사 이터샘이엔지,부산광역시 강서구 체육공원로26번길 132 (대저1동),전기회로 접속장치 제조업,02-521-9516
9584,주식회사 이푸스포츠,부산광역시 기장군 기장읍 청강로74번길 36 (서조무역(주)) (총 2 필지),기타 신발 제조업,051-747-8844
9585,주식회사 이피엔씨하이테크,부산광역시 강서구 공항로339번길 84 (대저2동),그 외 기타 달리 분류되지 않은 제품 제조업 외 1종,051-556-4998
9586,주식회사 인다하이텍,부산광역시 강서구 낙동북로108번길 61 (강동동),그 외 자동차용 신품 부품 제조업 외 3종,미등록
9587,주식회사 인더스틸,부산광역시 강서구 미음국제4로 60(미음동),그 외 기타 1차 철강 제조업 외 1종,051-973-1942
9588,주식회사 인피니트,부산광역시 강서구 미음국제5로가길 7 (미음동),그 외 자동차용 신품 부품 제조업 외 1종,051-973-5280
9589,주식회사 일광스틸 ,부산광역시 사상구 학장로63번길 47 (학장동),그 외 기타 분류 안된 금속 가공 제품 제조업,051-362-2438
9590,주식회사 일진정밀,부산광역시 강서구 녹산산업북로313번길 36 (송정동),절삭가공 및 유사처리업,051-302-2460
9591,주식회사 자성산업,부산광역시 사상구 낙동대로988번길 27 (감전동),액체 여과기 제조업 외 3종,051-208-0046
9592,주식회사 자이로블,부산광역시 남구 동명로170번길 88 (용호동) 해건빌,그 외 기타 봉제의복 제조업 외 1종,ARS-1588-4169
9593,주식회사 장원금속,부산광역시 사하구 두송로 215 (구평동),선철주물 주조업,051-313-8402
9594,주식회사 장원피앤에이치,부산광역시 사하구 다대로354번길 36 (장림동),육상 금속 골조 구조재 제조업,051-263-3118
9595,주식회사 장인종합상사,부산광역시 강서구 공항로767번나길 36 (대저2동),그 외 기타 분류 안된 섬유제품 제조업,051-319-1172
9596,주식회사 재강,"부산광역시 부산진구 진남로 477, 상가동 지하1층(전포동, 양정메트로하이츠)","콘크리트 타일, 기와, 벽돌 및 블록 제조업 외 1종",051-752-7402
9597,주식회사 재경정밀,부산광역시 강서구 대저로221번가길 25(대저1동),그 외 자동차용 신품 부품 제조업 외 1종,051-305-1406
9598,주식회사 재성엔지니어링,부산광역시 사하구 감천항로 367 (구평동),선박 구성 부분품 제조업,051-413-7356
9599,주식회사 재진로드,부산광역시 강서구 평강로345번길 58-9 (대저1동),일반용 전기 조명장치 제조업 외 2종,055-551-0270
9600,주식회사 재진산업,부산광역시 강서구 미음국제5로다길 23(미음동),기타 물품 취급장비 제조업,051-832-0667
9601,주식회사 적토마,"부산광역시 사하구 다대로605번길 9, 2층 (다대동)",수산동물 건조 및 염장품 제조업,051-248-2487
9602,주식회사 적토마,부산광역시 사하구 다대로605번길 9 (다대동),기타 수산동물 가공 및 저장 처리업,051-266-3367
9603,주식회사 정록,부산광역시 해운대구 센텀중앙로 97 (재송동) 센텀스카이비즈 A동 34층 3406호,가정용 및 산업용 공기 조화장치 제조업 외 2종,052-225-7478
9604,주식회사 정우,부산광역시 강서구 낙동남로549번길 29 (녹산동),신발 부분품 제조업,051-715-3221
9605,주식회사 정우푸드,부산광역시 사하구 장평로132번길 16-2 (장림동),떡류 제조업,051-711-9437
9606,주식회사 정윤컴퍼니 ,부산광역시 사상구 학장로135번길 70(학장동),그 외 기타 분류 안된 금속 가공 제품 제조업 외 1종,미등록
9607,주식회사 정호시스템,부산광역시 강서구 평강로211번길 34-12 (대저1동),유선 통신장비 제조업,051-864-3836
9608,주식회사 제니웰,부산광역시 사상구 학감대로178번길 17 (학장동),신발 부분품 제조업,051-302-1250
9609,주식회사 제운,부산광역시 강서구 식만로259번길 70 (식만동),"탭, 밸브 및 유사장치 제조업",051-973-2512
9610,주식회사 제원엔지니어링,부산광역시 사하구 감천항로 439 (구평동),기타 기관 및 터빈 제조업,051-264-1377
9611,주식회사 제이드엠,부산광역시 사상구 사상로 415 (모라동),기타 신발 제조업,051-301-0631
9612,주식회사 제이디스,"부산광역시 해운대구 센텀중앙로 48, 7층 708호(우동, 에이스하이테크21)",간판 및 광고물 제조업 외 1종,051-866-2300
9613,주식회사 제이모션텍,부산광역시 강서구 녹산산단382로 40 (송정동),유압기기 제조업,051-972-1003
9614,주식회사 제이비아이,부산광역시 강서구 녹산산업북로 15 (송정동),그 외 기타 1차 철강 제조업,051-832-6603
9615,주식회사 제이비유공압,"부산광역시 사하구 신산로 120,  4층 428호  (신평동)",유압기기 제조업,미등록
9616,주식회사 제이솔루션,"부산광역시 동구 초량중로 14, 102호 (초량동, 애뜰안)",육상 금속 골조 구조재 제조업 외 6종,051-466-1980
9617,주식회사 제이솔루션,"부산광역시 동구 초량중로 18, 1층 (초량동)",전시 및 광고용 조명장치 제조업 외 9종,051-466-1980
9618,주식회사 제이아이인더스트리,부산광역시 강서구 미음산단4로 26 (미음동),금속탱크 및 저장용기 제조업,051-995-8850
9619,주식회사 제이앤,부산광역시 금정구 공단로 68-4(금사동),기타 음향기기 제조업 외 4종,051-522-3922
9620,주식회사 제이앤비,"부산광역시 강서구 과학산단1로60번길 30, 7동 402호 (지사동)","탭, 밸브 및 유사장치 제조업",미등록
9621,주식회사 제이앤피산업,부산광역시 강서구 호계로 40 (죽림동),기타 건축용 플라스틱 조립제품 제조업,051-941-6787
9622,주식회사 제이에스피산업,"부산광역시 강서구 미음산단5로41번길 71, 301호(미음동, 부산글로벌테크비즈센터)",그 외 기타 전자부품 제조업 외 1종,051-728-4995
9623,주식회사 제이에이치엘엠티,부산광역시 강서구 범방2로 62 (범방동),그 외 기타 1차 철강 제조업,051-972-1355
9624,주식회사 제이오엔이,부산광역시 강서구 녹산산단335로 28 (송정동),기타 일반 기계 및 장비 수리업 외 1종,051-911-4934
9625,주식회사 제이와이메디팜,"부산광역시 금정구 부산대학로63번길 2, 삼성산학협동관 601-C호(장전동, 부산대학교)",그 외 기타 일반목적용 기계 제조업,미등록
9626,주식회사 제이와이케이,부산광역시 강서구 가달2로 39 (생곡동),금속 캔 및 기타 포장용기 제조업,미등록
9627,주식회사 제이이에스테크,"부산광역시 사하구 감천항로 221-8, 길끝 공장 (구평동)",그 외 기타 분류 안된 금속 가공 제품 제조업,051-261-0927
9628,주식회사 제이제이앤컴퍼니스,"부산광역시 해운대구 해운대로 1170-1, 1층 (송정동)",기기용 자동측정 및 제어장치 제조업 외 1종,0507-1326-0457
9629,주식회사 제이제이앤컴퍼니스,"부산광역시 해운대구 센텀중앙로 78, 17층 1705, 1706호(우동, 센텀그린타워)",기기용 자동측정 및 제어장치 제조업 외 3종,0507-1326-0457
9630,주식회사 제이케이아이앤씨,"부산광역시 남구 신선로 365, 산학협력관 513호(용당동)",그 외 기타 일반목적용 기계 제조업,051-581-7000
9631,주식회사 제일레이저,부산광역시 강서구 식만로259번길 2-20 (식만동),절삭가공 및 유사처리업,051-973-1915
9632,주식회사 제일산업,부산광역시 강서구 대저중앙로237번길 15-41 (대저1동),그 외 자동차용 신품 부품 제조업 외 3종,055-314-6056
9633,주식회사 젠,부산광역시 강서구 가달2로 66 (생곡동),"레이더, 항행용 무선기기 및 측량기구 제조업 외 7종",051-442-1235
9634,주식회사 젠라이프,부산광역시 북구 효열로 111,그 외 기타 의료용 기기 제조업 외 2종,051-515-7775
9635,주식회사 조방,부산광역시 동구 자성로108번길 7 (범일동),"근무복, 작업복 및 유사의복 제조업",미등록
9636,주식회사 조은이엔지,부산광역시 강서구 평강로171번길 259 (대저1동),무기 및 총포탄 제조업 외 38종,051-971-3266
9637,주식회사 조은필텍,부산광역시 강서구 녹산산단361로 42(송정동),기체 여과기 제조업 외 4종,051-972-5222
9638,주식회사 조이테크,부산광역시 강서구 대저중앙로357번길 16 (대저1동),배전반 및 전기 자동제어반 제조업 외 1종,051-941-4247
9639,주식회사 종한,부산광역시 강서구 낙동북로102번길 45 (강동동),절삭가공 및 유사처리업,051-312-1034
9640,주식회사 종합해사,부산광역시 영도구 남항남로 22 (남항동3가),선박 구성 부분품 제조업 외 12종,051-413-7707
9641,주식회사 주성기업,부산광역시 강서구 녹산산단262로49번길 46 (송정동),도장 및 기타 피막처리업,미등록
9642,주식회사 주영테크,"부산광역시 수영구 구락로117번길 14, 2층(망미동, 동영산업(주))","전자기 측정, 시험 및 분석기구 제조업 외 21종",미등록
9643,주식회사 주원정보통신,"부산광역시 연제구 고분로112번길 6, 지하 (연산동)",방송장비 제조업 외 6종,051-865-2228
9644,주식회사 주은씨푸드,부산광역시 사하구 구평로 17(구평동),기타 수산동물 가공 및 저장 처리업,051-241-7893
9645,주식회사 중앙해사,부산광역시 강서구 대저중앙로357번길 99 (대저1동),일반철물 제조업,051-971-0777
9646,주식회사 지강푸드,부산광역시 부산진구 성지로 134-1(초읍동),육류 포장육 및 냉동육 가공업 (가금류 제외),051-817-5100
9647,주식회사 지구,"부산광역시 사하구 다대로 148, 2층 (신평동)","근무복, 작업복 및 유사의복 제조업 외 9종",미등록
9648,주식회사 지아이티,부산광역시 강서구 미음국제4로 8(미음동),절삭가공 및 유사처리업,051-973-9174
9649,주식회사 지안스틸,"부산광역시 강서구 가달1로 74(생곡동, 광선중공업)",그 외 기타 분류 안된 금속 가공 제품 제조업,051-973-9960
9650,주식회사 지앤비에프에스,부산광역시 기장군 정관읍 산단1로 66-26,육류 포장육 및 냉동육 가공업 (가금류 제외),051-524-0102
9651,주식회사 지에스테크,부산광역시 강서구 가달2로55번길 6 (생곡동),그 외 기타 금속가공업 외 2종,061-393-2887
9652,주식회사 지에스테크원,부산광역시 강서구 맥도강변길 134-7 (대저2동),그 외 기타 특수목적용 기계 제조업 외 1종,051-302-6916
9653,주식회사 지엔에스모션,부산광역시 강서구 대저중앙로286번길 104 (대저1동),그 외 기타 특수목적용 기계 제조업 외 1종,051-301-8995
9654,주식회사 지엘이테크,부산광역시 사상구 새벽로167번길 72 (감전동),그 외 기타 특수목적용 기계 제조업 외 1종,051-327-1005
9655,주식회사 지엠테크,부산광역시 강서구 공항로1207번길 22 (대저1동),기타 가공 공작기계 제조업,070-4406-1323
9656,주식회사 지온,부산광역시 강서구 제도로1092번다길 6 (강동동),치과용 기기 제조업,미등록
9657,주식회사 지온,부산광역시 강서구 낙동북로126번길 16-32 (강동동),치과용 기기 제조업,050-2007-2875
9658,주식회사 지우하이테크,부산광역시 강서구 미음산단로 98 (구랑동),기타 구조용 금속제품 제조업,051-971-8650
9659,주식회사 지은씨푸드,"부산광역시 서구 원양로 1, B동 4층 407 (암남동, 수산가공선진화단지)",수산동물 건조 및 염장품 제조업,051-265-0779
9660,"주식회사 지음코리아(ZIUM KOREA Co., Ltd)",부산광역시 강서구 신포길83번길 19-1 (명지동),그 외 기타 분류 안된 섬유제품 제조업,미등록
9661,주식회사 지지코리아,부산광역시 사상구 장인로20번길 47-13 (감전동),구두류 제조업,051-303-0755
9662,주식회사 진성유압,부산광역시 강서구 제도로 30-23 (명지동),유압기기 제조업 외 1종,051-271-3775
9663,주식회사 진성이앤지,"부산광역시 강서구 녹산산단382로14번가길 20, 114호 (송정동, 한국청정도금센터)",도금업,055-586-0088
9664,주식회사 진성정밀,부산광역시 사상구 대동로179번길 49 (학장동),그 외 기타 분류 안된 금속 가공 제품 제조업,미등록
9665,주식회사 진성정보통신,"부산광역시 연제구 거제대로 128-9, 301호(거제동)",방송장비 제조업 외 1종,051-911-9703
9666,주식회사 진성하이텍,부산광역시 강서구 미음국제5로마길 5(미음동),배전반 및 전기 자동제어반 제조업,051-973-9683
9667,주식회사 진엔지니어링,부산광역시 강서구 미음국제5로나길 11 (미음동),산업용 냉장 및 냉동 장비 제조업,미등록
9668,주식회사 진원하이드로릭,부산광역시 강서구 대저중앙로 316-1 (대저1동),유압기기 제조업 외 2종,051-324-2179
9669,주식회사 진일산업,부산광역시 강서구 대저중앙로348번길 24-23 (대저1동),선박 구성 부분품 제조업 외 4종,051-264-1357
9670,주식회사 집현전,부산광역시 강서구 낙동북로102번길 63-1(강동동),기타 목재가구 제조업,051-636-7700
9671,주식회사 창광엔지니어링,"부산광역시 영도구 해양로15번길 18, B동  (청학동, 아자엔지니어링)",선박 구성 부분품 제조업,051-416-3404
9672,주식회사 창연,부산광역시 강서구 평강로 227-18 (대저1동),육상 금속 골조 구조재 제조업 외 10종,051-941-0291
9673,주식회사 청호이엔씨,부산광역시 기장군 장안읍 반룡산단1로 58,선박 구성 부분품 제조업,051-727-0884
9674,주식회사 초록들,부산광역시 기장군 정관읍 산단5로 76-68,가금류 가공 및 저장 처리업,051-727-0237
9675,주식회사 칠산클린업,부산광역시 강서구 대저로109번길 37(대저1동),그 외 기타 플라스틱 제품 제조업,051-971-0085
9676,주식회사 칸토탈마린,부산광역시 영도구 해양로176번길 5(청학동),선박 구성 부분품 제조업,051-417-0815
9677,주식회사 커뮤니스,부산광역시 강서구 공항앞길85번길 81-2 (대저2동),기타 무선 통신장비 제조업 외 1종,051-714-5830
9678,주식회사 케비스텐더드앤디,부산광역시 남구 신선로 365 (용당동) 부경대학교용당캠퍼스,합성수지 및 기타 플라스틱 물질 제조업,051-621-0880
9679,주식회사 케이시스,부산광역시 남구 문현로 13-1 (문현동),전시 및 광고용 조명장치 제조업 외 3종,051-642-7800
9680,주식회사 케이시스,"부산광역시 부산진구 진남로356번길 17(전포동, 더케이타워)",전시 및 광고용 조명장치 제조업 외 3종,051-642-7800
9681,주식회사 케이시피,부산광역시 기장군 정관읍 산단7로 8-20,구조용 금속 판제품 및 공작물 제조업,031-361-7950
9682,주식회사 케이씨산업,부산광역시 사상구 낙동대로988번길 48(감전동),합성수지 및 기타 플라스틱 물질 제조업 외 9종,055-794-2058
9683,주식회사 케이에스엘,"부산광역시 해운대구 반송로 859,  B동4층 (반송동)",침구 및 관련제품 제조업 외 1종,051-722-1379
9684,주식회사 케이엔에프코리아,부산광역시 강서구 대저로3번길 106 (대저1동),기타 과실ㆍ채소 가공 및 저장 처리업,051-866-2471
9685,주식회사 케이엘리베이터,부산광역시 기장군 정관읍 정관상곡2길 33-40,승강기 제조업,미등록
9686,주식회사 케이엠유에이브이,부산광역시 사하구 다대로170번길 19 (신평동),무인 항공기 및 무인 비행장치 제조업,070-4667-7366
9687,주식회사 케이엠이,부산광역시 사상구 낙동대로1302번길 29 (삼락동),운송장비용 조명장치 제조업 외 1종,051-327-2670
9688,주식회사 케이엠코팅스,"부산광역시 강서구 녹산산단382로14번가길 20, 1층 108호 (송정동, 한국청정도금센터)",도금업,051-302-9585
9689,주식회사 케이오씨엔지니어링,부산광역시 북구 와석장터로 62 (화명동),그 외 기타 특수목적용 기계 제조업,051-975-3004
9690,주식회사 케이제이지아이티,"부산광역시 해운대구 센텀중앙로 97, A동 20층 2004호(재송동, 센텀스카이비즈)",분사기 및 소화기 제조업 외 1종,051-923-2351
9691,주식회사 케이제이텍,부산광역시 강서구 미음산단1로15번길 41 (구랑동),주형 및 금형 제조업,051-831-1028
9692,주식회사 케일럼,부산광역시 강서구 범방2로 6 (범방동),금속탱크 및 저장용기 제조업 외 3종,051-941-3511
9693,주식회사 켐써치,부산광역시 강서구 대저중앙로357번길 9 (대저1동),그 외 기타 특수목적용 기계 제조업,031-984-2198
9694,주식회사 코렌스이엠,부산광역시 강서구 미음국제8로 121(생곡동),자동차용 신품 동력전달장치 제조업,051-811-4321
9695,주식회사 코리아웰드,"부산광역시 사상구 모라로 22, 14층 1416호(부산벤처타워) (모라동)",그 외 기타 전기장비 제조업,051-609-9088
9696,주식회사 코비스,"부산광역시 해운대구 센텀중앙로 97, A동 1601호, B401호 (재송동, 센텀스카이비즈)",그 외 기타 전자부품 제조업,070-8656-9010
9697,주식회사 코스텍조선해양,부산광역시 강서구 가리새1로25번길 14 (생곡동),선박 구성 부분품 제조업 외 1종,051-913-8666
9698,주식회사 코아트,"부산광역시 수영구 망미번영로52번길 94, 1층(수영동)",기타 종이 상자 및 용기 제조업,070-4922-1230
9699,주식회사 코어무브먼트,"부산광역시 남구 신선로 2, 1동 5층 509호 (우암동)","체조, 육상 및 체력단련용 장비 제조업",미등록
9700,주식회사 코펙,부산광역시 사상구 괘감로 134 (감전동),수동식 식품 가공기기 및 금속 주방용기 제조업,051-316-0316
9701,주식회사 큐록,부산광역시 강서구 낙동남로483번길 32 (녹산동),"탭, 밸브 및 유사장치 제조업",051-971-9115
9702,주식회사 큐브스,"부산광역시 동구 중앙대로 526, 4층 (범일동)",기타 가정용 전기기기 제조업,미등록
9703,주식회사 큐아,부산광역시 기장군 정관읍 정관상곡2길 59-37,체외 진단 시약 제조업 외 1종,미등록
9704,주식회사 큐오티,"부산광역시 해운대구 센텀중앙로 97, A동 27층 2704호(재송동, 센텀스카이비즈)",그 외 기타 전자부품 제조업 외 1종,051-711-9377
9705,주식회사 크랜,부산광역시 강서구 낙동남로682번길 93 (녹산동),배전반 및 전기 자동제어반 제조업 외 1종,051-971-6137
9706,주식회사 크레이지앤트,"부산광역시 남구 신선로 365, 용당6관 210호(용당동, 부경대학교용당캠퍼스)",화장품 제조업,051-665-8204
9707,주식회사 크리오스,부산광역시 강서구 화전산단1로 155 (화전동),금속탱크 및 저장용기 제조업 외 4종,051-831-1190
9708,주식회사 크린텍,부산광역시 강서구 녹산산업중로 52-9 (송정동),금속 절삭기계 제조업 외 4종,051-831-6151
9709,주식회사 클라우드스토리,부산광역시 연제구 반송로 22 (연산동),분사기 및 소화기 제조업 외 1종,070-8682-5557
9710,주식회사 키다리아저씨,부산광역시 강서구 평강로211번길 34-19 (대저1동),배전반 및 전기 자동제어반 제조업,070-4216-1230
9711,주식회사 키스톤에너지,부산광역시 강서구 평강로 265 (대저1동),배전반 및 전기 자동제어반 제조업 외 8종,051-796-1345
9712,주식회사 키치너스,"부산광역시 사하구 다대로354번안길 18, 2층 (장림동)",금속 위생용품 제조업,051-892-9995
9713,주식회사 타임리스,"부산광역시 해운대구 반송순환로 142, M동 91009호실(반송동, 영산대학교 해운대캠퍼스)",전시용 모형 제조업 외 2종,051-747-4690
9714,주식회사 태건종합,부산광역시 영도구 해양로182번길 18 (청학동),선박 구성 부분품 제조업,051-418-1239
9715,주식회사 태광플랜텍,부산광역시 강서구 녹산산업중로 162 (송정동),"도금, 착색 및 기타 표면처리강재 제조업",051-941-9896
9716,주식회사 태담,부산광역시 기장군 정관읍 산단4로 8-43 (정관읍),기타 비철금속 주조업,051-728-3438
9717,주식회사 태라금속,부산광역시 강서구 제도로 979-21 (강동동),구조용 금속 판제품 및 공작물 제조업,051-971-1178
9718,주식회사 태산다움,부산광역시 강서구 강동중곡2길 251 (강동동),가금류 가공 및 저장 처리업,051-973-7677
9719,주식회사 태성가스기술,부산광역시 강서구 과학산단1로 54 (지사동),그 외 자동차용 신품 부품 제조업 외 4종,051-831-2770
9720,주식회사 태성씨앤아이,부산광역시 강서구 신포길 285 (명지동),구조용 금속 판제품 및 공작물 제조업,051-971-2226
9721,주식회사 태승기계산업,부산광역시 강서구 미음국제5로다길 33(미음동),산업용 송풍기 및 배기장치 제조업,051-973-6181
9722,주식회사 태연기술,부산광역시 강서구 제도로 767-16 (강동동),유압기기 제조업,미등록
9723,주식회사 태연기술,부산광역시 강서구 낙동북로138번길 120-8(강동동),유압기기 제조업,미등록
9724,주식회사 태영WM,부산광역시 해운대구 반송로513번길 66-34 (석대동),주형 및 금형 제조업 외 1종,051-524-3046
9725,주식회사 태영몰드,부산광역시 강서구 낙동북로138번길 33 (강동동),주형 및 금형 제조업,055-324-2130
9726,주식회사 태영팬가드,"부산광역시 강서구 녹산산단232로 38-6, 204호 (송정동)",기어 및 동력전달장치 제조업 외 5종,051-710-3330
9727,주식회사 태원정공,부산광역시 강서구 호계로79번길 78 (죽동동),기타 가공 공작기계 제조업 외 1종,051-972-6646
9728,주식회사 태인테크,"부산광역시 부산진구 백양대로357번길 109, 2층 (개금동)",방송장비 제조업 외 3종,051-892-2001
9729,주식회사 태일,부산광역시 강서구 녹산산단261로73번길 51(송정동),유압기기 제조업,055-333-4166
9730,주식회사 태일이엔지,부산광역시 강서구 호계로125번길 50 (죽동동),가정용 및 산업용 공기 조화장치 제조업 외 5종,미등록
9731,주식회사 태진공조,부산광역시 강서구 미음국제5로마길 1(미음동),가정용 및 산업용 공기 조화장치 제조업 외 1종,051-941-0090
9732,주식회사 태창테크,부산광역시 강서구 경전철로 208-1 (대저1동),선박 구성 부분품 제조업 외 2종,051-809-3538
9733,주식회사 테란,부산광역시 강서구 녹산산단261로14번길 45-19 (송정동),그 외 기타 특수목적용 기계 제조업,051-941-5701
9734,주식회사 테크엠,부산광역시 강서구 대저중앙로357번길 26-17 (대저1동),그 외 기타 금속가공업,070-7797-0734
9735,주식회사 템코,"부산광역시 강서구 미음산단3로 135(미음동, (주)와우메탈)","증류기, 열교환기 및 가스발생기 제조업",051-971-8511
9736,주식회사 토아스,부산광역시 동래구 충렬대로100번길 40 (온천동),화장품 제조업,051-516-8198
9737,주식회사 투핸즈인터랙티브,"부산광역시 해운대구 수영강변대로 140, 203호(우동, 부산문화콘텐츠컴플렉스)",기타 음향기기 제조업,051-784-1266
9738,주식회사 트리스톤,"부산광역시 부산진구 양지로 34, 1층 (양정동)",기타 전기 변환장치 제조업,070-4320-7835
9739,주식회사 트리엔 (지점),부산광역시 강서구 제도로1092번길 275 (강동동),기타 가공 공작기계 제조업,051-717-0480
9740,주식회사 티그리스,"부산광역시 사하구 을숙도대로 651, 2층(신평동)",남자용 겉옷 제조업 외 32종,051-204-8051
9741,주식회사 티에스엠,부산광역시 강서구 녹산산업북로 246 (송정동),도장 및 기타 피막처리업,051-831-6022
9742,주식회사 티에스파워,부산광역시 강서구 대저중앙로 376-1 (대저1동),배전반 및 전기 자동제어반 제조업 외 1종,051-206-8333
9743,주식회사 티엑스알로보틱스 부산,부산광역시 강서구 미음국제8로 19 (생곡동),산업용 로봇 제조업,051-911-2800
9744,주식회사 티허브,"부산광역시 동래구 아시아드대로 지하232, BSI-Zone 18호(온천동, 도시철도 미남역)",그 외 기타 전자부품 제조업 외 5종,051-513-4568
9745,주식회사 파나시아,부산광역시 강서구 미음산단로 350 (미음동),선박 구성 부분품 제조업 외 2종,051-831-1010
9746,주식회사 파노스,"부산광역시 강서구 낙동북로138번길 8, 1층 (강동동)",기타 음향기기 제조업 외 5종,미등록
9747,주식회사 파머스푸드랩,부산광역시 기장군 기장읍 청강로74번길 50,육류 포장육 및 냉동육 가공업 (가금류 제외),051-714-2828
9748,주식회사 파인콤,부산광역시 강서구 미음국제7로 47(미음동),그 외 기타 금속가공업 외 1종,051-717-0525
9749,주식회사 파파벨라,"부산광역시 연제구 배산로 29, 지하1층 (연산동)",남자용 겉옷 제조업 외 3종,02-578-1726
9750,주식회사 팔공로드,부산광역시 강서구 대저중앙로347번가길 90(대저1동),그 외 기타 플라스틱 제품 제조업 외 3종,053-791-1577
9751,주식회사 퍼시픽유니온엔지니어링,부산광역시 영도구 해양로195번가길 24 (동삼동),선박 구성 부분품 제조업,미등록
9752,주식회사 퍼씨엠,부산광역시 북구 효열로 111,산업처리공정 제어장비 제조업 외 8종,070-7543-1442
9753,주식회사 평산윈텍,부산광역시 강서구 과학산단로305번길 8 (지사동),기타 공학 연구개발업 외 2종,051-970-0000
9754,주식회사 포광기업,부산광역시 영도구 해양로 24-18 (청학동),선박 구성 부분품 제조업,051-988-7172
9755,주식회사 포나인 ,부산광역시 사상구 감전천로 32 (학장동),기타 1차 비철금속 제조업,070-5168-1325
9756,주식회사 포앤텍,"부산광역시 금정구 개좌로 15, B동 (서동)",간판 및 광고물 제조업 외 18종,051-528-5511
9757,주식회사 포앤텍,부산광역시 금정구 개좌로 13 (서동),간판 및 광고물 제조업 외 22종,051-528-5511
9758,주식회사 포텐츠,"부산광역시 강서구 과학산단1로60번길 31, 2B동 2층 209호(지사동, 부산테크노파크)",기타 오락용품 제조업 외 1종,051-322-8119
9759,주식회사 폴리그린,부산광역시 강서구 대저중앙로348번길 24-21 (대저1동),그 외 기타 특수목적용 기계 제조업 외 1종,미등록
9760,주식회사 퓨어라이프,부산광역시 강서구 낙동북로76번길 45 (강동동),"치약, 비누 및 기타 세제 제조업",051-501-6693
9761,주식회사 프라임텍,"부산광역시 부산진구 동평로 341, 3층 (양정동)",컴퓨터 제조업 외 10종,051-717-2878
9762,주식회사 프로스트,부산광역시 강서구 미음산단4로 32(미음동),"증류기, 열교환기 및 가스발생기 제조업",055-321-1495
9763,주식회사 플루마,부산광역시 강서구 낙동남로533번길 83 (녹산동),유압기기 제조업,055-909-8129
9764,주식회사 피알지테크,"부산광역시 북구 만덕2로17번길 1, 지하101호(만덕동, 다산타워)",가정용 및 산업용 공기 조화장치 제조업 외 2종,070-7554-7967
9765,주식회사 피앤유드론,"부산광역시 강서구 과학산단1로60번길 31, 지사단지 1동 2층 204호(지사동, 부산테크노파크)",무인 항공기 및 무인 비행장치 제조업,051-510-3696
9766,주식회사 피에스씨코리아,부산광역시 강서구 생곡산단1로 51 (생곡동),"목재 포장용 상자, 드럼 및 유사용기 제조업 외 1종",070-4169-9117
9767,주식회사 피원테크,부산광역시 강서구 호계로125번길 56 (죽동동),컨베이어장치 제조업 외 61종,051-831-3511
9768,주식회사 피코,부산광역시 영도구 해양로182번길 15 (청학동),기타 선박 건조업 외 1종,051-405-0706
9769,주식회사 필터솔루션,부산광역시 강서구 과학산단2로19번길 73 (지사동),기체 여과기 제조업,070-4282-9966
9770,주식회사 하나에스이,"부산광역시 사상구 낙동대로1366번길 69, 주식회사 하나에스이 (삼락동)",그 외 기타 분류 안된 금속 가공 제품 제조업,02-3296-3942
9771,주식회사 하림아이티,부산광역시 연제구 과정로276번길 14 (연산동),유선 통신장비 제조업 외 14종,051-817-6699
9772,주식회사 하모니헬스케어,부산광역시 사하구 장평로 13 (장림동),기타 직물제품 제조업 외 1종,070-4647-4003
9773,주식회사 하이산업,부산광역시 강서구 대저동서로229번길 13 (대저2동),"금속 문, 창, 셔터 및 관련제품 제조업",051-971-1290
9774,주식회사 한국가스젠,부산광역시 강서구 녹산산업중로61번길 22 (송정동),그 외 기타 일반목적용 기계 제조업,070-4169-1200
9775,주식회사 한국몰드,부산광역시 금정구 동천로7번길 14 (회동동),그 외 기타 플라스틱 제품 제조업,051-527-4466
9776,주식회사 한국산업코어,부산광역시 강서구 공항로339번길 156 (대저2동),"탭, 밸브 및 유사장치 제조업 외 3종",051-971-5665
9777,주식회사 한국파워테크,부산광역시 사상구 낙동대로1404번길 47 (삼락동),자동차용 신품 전기장치 제조업,051-305-1569
9778,주식회사 한국피씨에스,부산광역시 강서구 녹산산단261로88번길 8 (송정동),석유화학계 기초 화학물질 제조업,051-831-5312
9779,주식회사 한국피에치이,부산광역시 강서구 녹산산업중로 113 (송정동),핵반응기 및 증기보일러 제조업 외 1종,051-261-2664
9780,주식회사 한국필텍,부산광역시 강서구 생곡로 248 (생곡동),기체 여과기 제조업,051-710-6304
9781,주식회사 한국필텍,"부산광역시 강서구 범방3로 23, A동 (범방동)",기체 여과기 제조업,051-710-6304
9782,주식회사 한글로벌,부산광역시 강서구 녹산동 1335-9,"전자코일, 변성기 및 기타 전자 유도자 제조업",051-9219-590
9783,주식회사 한남글로벌,부산광역시 연제구 고분로112번길 5 (연산동) (총 2 필지),"근무복, 작업복 및 유사의복 제조업 외 5종",051-851-6671
9784,주식회사 한도아이엔에스티,부산광역시 강서구 공항로767번길 32 (대저2동),액체 여과기 제조업,051-315-8454
9785,주식회사 한디자인그룹,부산광역시 사하구 다산로 12-4 (다대동),기타 목재가구 제조업 외 4종,051-262-4177
9786,주식회사 한빛,부산광역시 강서구 제도로 979-7(강동동),그 외 기타 플라스틱 제품 제조업 외 3종,미등록
9787,주식회사 한수유니텍,부산광역시 강서구 공항로283번길 2-3 (대저2동),육상 금속 골조 구조재 제조업 외 3종,051-205-1115
9788,주식회사 한신도장,"부산광역시 사상구 가야대로 194 (학장동, 한신도장)",도장 및 기타 피막처리업,051-311-8596
9789,주식회사 한신제화,부산광역시 사상구 학감대로222번길 15 (감전동),구두류 제조업 외 1종,031-472-0482
9790,주식회사 한우와갈돈,부산광역시 강서구 상덕로119번길 64 (강동동),육류 기타 가공 및 저장처리업 (가금류 제외) 외 1종,051-944-1792
9791,"주식회사 한일(Hanil Co.,Ltd.)",부산광역시 사하구 원양로 319 (감천동),기타 수산동물 가공 및 저장 처리업 외 1종,051-293-7500
9792,주식회사 한일윈,부산광역시 강서구 녹산산단261로23번길 5 (송정동),"전기회로 개폐, 보호장치 제조업",051-628-6684
9793,주식회사 합강,"부산광역시 부산진구 가야대로548번가길 2, 신성빌딩 4층 (가야동)",컴퓨터 제조업,051-714-3573
9794,주식회사 합리적인푸드,"부산광역시 서구 원양로 1, A동 403호, 504호(암남동, 수산가공선진화단지)",기타 수산동물 가공 및 저장 처리업 외 1종,051-256-3811
9795,주식회사 해남황톳길,"부산광역시 사하구 신산로 120, B1층 FB118호  (신평동)",비내화 모르타르 제조업,미등록
9796,주식회사 해명피에스,부산광역시 강서구 녹산산단262로49번길 19 (송정동),기타 일반 기계 및 장비 수리업,055-638-5513
9797,주식회사 해모수,부산광역시 기장군 정관읍 산단1로 66-60,전구 및 램프 제조업 외 6종,051-508-0097
9798,주식회사 해복,부산광역시 사하구 다대로320번길 18 (장림동),"수산동물 훈제, 조리 및 유사 조제식품 제조업",051-265-8999
9799,주식회사 해성케미아,부산광역시 사하구 보덕포1길 115 (장림동),그 외 기타 분류 안된 화학제품 제조업,051-261-5436
9800,주식회사 해신솔루션,"부산광역시 영도구 꿈나무길 251, 1층 (신선동3가)",컴퓨터 제조업,051-244-8940
9801,주식회사 해양드론기술,"부산광역시 남구 신선로 2, 1동 5층 502호  (우암동)",무인 항공기 및 무인 비행장치 제조업,051-717-3954
9802,주식회사 해양드론기술,"부산광역시 영도구 태종로 727, 산학허브관 613호(동삼동)",무인 항공기 및 무인 비행장치 제조업,051-404-5372
9803,주식회사 해양협전사,부산광역시 연제구 월드컵대로164번길 13 (연산동),전동기 및 발전기 제조업,055-365-1258
9804,주식회사 행운식품,부산광역시 강서구 대저중앙로 81(대저1동),육류 포장육 및 냉동육 가공업 (가금류 제외),051-941-1555
9805,주식회사 허브동산,부산광역시 기장군 정관읍 예림길 58,복합비료 및 기타 화학비료 제조업 외 1종,미등록
9806,주식회사 허브동산,"부산광역시 금정구 중앙대로 1946 (남산동, 동신약국)",기타 구조용 금속제품 제조업 외 1종,051-902-1755
9807,주식회사 헤이푸드서비스,"부산광역시 해운대구 송정2로13번길 40(송정동, 송정동창고시설)",도시락류 제조업,051-715-4600
9808,주식회사 현기이엔지,부산광역시 강서구 미음산단로 317 (미음동),육상 금속 골조 구조재 제조업 외 1종,051-831-8081
9809,주식회사 현대기업,부산광역시 강서구 녹산산단381로12번길 69 (송정동),"목재 포장용 상자, 드럼 및 유사용기 제조업",051-412-4074
9810,주식회사 현대마린테크,"부산광역시 사하구 감천항로 6(감천동, 무찬빌딩)",내연기관 제조업,051-417-6706
9811,주식회사 현대씨엠,"부산광역시 사상구 백양대로 752, 지하1층 (덕포동)",방송장비 제조업 외 3종,051-338-7274
9812,주식회사 현성티에스,부산광역시 강서구 녹산산단261로13번길 42(송정동),그 외 기타 분류 안된 금속 가공 제품 제조업,051-832-7470
9813,주식회사 현승,부산광역시 강서구 식만로259번길 20-2 (식만동),육상 금속 골조 구조재 제조업 외 1종,051-255-0730
9814,주식회사 형제,부산광역시 영도구 남항서로70번길 24 (남항동3가),선박 구성 부분품 제조업,051-416-1782
9815,주식회사 호암이엘,"부산광역시 금정구 공단동로29번길 42, 2층 (금사동)",배전반 및 전기 자동제어반 제조업 외 4종,051-717-3322
9816,주식회사 화인스틸,부산광역시 강서구 가달1로 47 (생곡동),금속 캔 및 기타 포장용기 제조업,051-941-1237
9817,주식회사 화일통상,부산광역시 영도구 남항남로9번길 62 (남항동2가),선박 구성 부분품 제조업,051-412-6385
9818,주식회사 환경과디자인,부산광역시 사상구 학감대로163번길 20 (학장동),일반 제재업 외 1종,051-782-2782
9819,주식회사 효동전기,부산광역시 사하구 구평로 7 (구평동),선박 구성 부분품 제조업,051-416-6159
9820,주식회사 휴메인텍 부산지점,"부산광역시 해운대구 반송로513번길 66-47, 4층 404호  (석대동)",유선 통신장비 제조업 외 6종,070-4827-0533
9821,주식회사 휴메인텍 부산지점(공장),"부산광역시 금정구 개좌로 273-20, 1층 103호(회동동, 브이원타워)",유선 통신장비 제조업 외 9종,070-4827-0533
9822,주식회사 흥일폴리켐,부산광역시 강서구 녹산산단290로 8 (송정동),합성수지 및 기타 플라스틱 물질 제조업,051-831-8871
9823,주식회사달콤나라앨리스 대저지점,"부산광역시 강서구 대저로89번다길 100, 1층 (대저1동)",기타 과실ㆍ채소 가공 및 저장 처리업,미등록
9824,주식회사대진이엔피,부산광역시 사상구 장인로77번길 100(학장동),배전반 및 전기 자동제어반 제조업,051-3172-395
9825,주식회사동부애드컴,부산광역시 금정구 공단로50번길 1 (금사동),간판 및 광고물 제조업 외 5종,051-831-1650
9826,주식회사디아이산업,부산광역시 강서구 신덕길18번길 15-26(대저1동),합성수지 및 기타 플라스틱 물질 제조업 외 1종,051-710-1080
9827,주식회사브로넷,"부산광역시 금정구 남산로 41, 지하1층(남산동, EditionB)",비디오 및 기타 영상기기 제조업 외 2종,051-553-3810
9828,주식회사비엔지코리아,부산광역시 강서구 식만로189번길 37 (식만동),그 외 기타 의복액세서리 제조업,051-971-1600
9829,주식회사샘,"부산광역시 동구 망양로 792, 1층(수정동)",전시용 모형 제조업 외 1종,051-715-7390
9830,주식회사서경금속,부산광역시 강서구 범방2로9번길 8 (범방동),자동차 엔진용 신품 부품 제조업 외 1종,051-312-0006
9831,주식회사성신밸브,부산광역시 강서구 호계로79번길 68-1(죽동동),"탭, 밸브 및 유사장치 제조업",051-972-4209
9832,주식회사심다,"부산광역시 사상구 학감대로 233, 6, 7, 8층 (감전동)",치과기공물 제조업 외 2종,070-4256-2855
9833,주식회사어드벤텍,"부산광역시 금정구 공단동로41번길 10,  보림팩토피아 609호 (금사동)",기타 전기 변환장치 제조업 외 1종,051-522-3907
9834,주식회사에스에이치메탈,부산광역시 강서구 녹산산단261로73번길 21 (송정동),절삭가공 및 유사처리업,051-977-2800
9835,주식회사엘삼성정밀,부산광역시 금정구 반송로490번길 38-12 (금사동),그 외 기타 특수목적용 기계 제조업 외 1종,051-782-6400
9836,주식회사예스시스템,부산광역시 강서구 공항앞길85번길 67(대저2동),"금속 문, 창, 셔터 및 관련제품 제조업",051-973-7781
9837,주식회사오성정밀금속,부산광역시 강서구 녹산산단261로59번길 24 (송정동),액체 펌프 제조업 외 1종,051-831-3366
9838,주식회사우성솔루텍,부산광역시 강서구 미음국제5로마길 6(미음동),"플라스틱 선, 봉, 관 및 호스 제조업 외 2종",미등록
9839,주식회사원진금속,부산광역시 강서구 미음국제5로나길 32 (미음동),절삭가공 및 유사처리업,051-831-7894
9840,주식회사윌코,"부산광역시 강서구 미음산단로 399, c동 (미음동)","탭, 밸브 및 유사장치 제조업",051-302-7831
9841,주식회사큐테크,부산광역시 영도구 절영로 503-3 (동삼동),기타 주변기기 제조업,051-418-8677
9842,주식회사포스텍,"부산광역시 해운대구 센텀동로 71, 5층 506호(우동, 벽산이센텀클래스원2차)",컴퓨터 모니터 제조업 외 2종,051-522-8108
9843,주식회사하이코리아,부산광역시 강서구 공항앞길13번길 20(대저2동),기타 인쇄업,051-804-8815
9844,주안볼트,부산광역시 사상구 사상로341번길 12 (덕포동),볼트 및 너트류 제조업,051-301-5226
9845,주안산업,부산광역시 강서구 과학산단로333번길 77-63 (지사동),변압기 제조업,070-4006-3219
9846,주안테크,부산광역시 강서구 녹산산업북로 46 (송정동),배전반 및 전기 자동제어반 제조업,051-973-9073
9847,주암테크,"부산광역시 사상구 낙동대로1310번길 29 (삼락동, 동명ENG)",절삭가공 및 유사처리업,051-314-1278
9848,주앤솝,부산광역시 금정구 구서중앙로15번길 1 (구서동),계면활성제 제조업 외 3종,051-515-9391
9849,주영상사,"부산광역시 영도구 봉래길 113, 지하1층 (봉래동5가, 봉산상가)","근무복, 작업복 및 유사의복 제조업 외 2종",051-412-9896
9850,주영정밀,부산광역시 기장군 정관읍 정관상곡1길 84,자동차용 신품 조향장치 및 현가 장치 제조업,051-727-7196
9851,주원테크(주),부산광역시 강서구 녹산산단382로14번가길 14 (송정동),신발 부분품 제조업 외 3종,051-832-0881
9852,주윤테크,부산광역시 사하구 하신중앙로3번나길 16-6 (장림동),전투용 차량 제조업 외 16종,051-911-7055
9853,주은공조,부산광역시 강서구 공항로533번가길 17 (대저2동),기체 여과기 제조업 외 5종,051-327-6189
9854,주은정공,부산광역시 강서구 평강로229번길 7 (대저1동),주형 및 금형 제조업,051-305-5561
9855,주찬실업(주),부산광역시 강서구 화전산단5로74번길 34 (화전동),절삭가공 및 유사처리업,055-314-7970
9856,준리더텍,부산광역시 강서구 식만로 29 (죽림동),산업용 냉장 및 냉동 장비 제조업 외 5종,051-831-8455
9857,준성화학,부산광역시 강서구 녹산산단442로 52 (송정동),비금속류 해체 및 선별업 외 2종,051-831-5820
9858,준세산업,부산광역시 강서구 녹산산단290로 27-21 (송정동),합성수지 및 기타 플라스틱 물질 제조업 외 1종,051-831-2445
9859,준영웰텍(주),부산광역시 강서구 낙동남로511번길 55 (녹산동),배전반 및 전기 자동제어반 제조업,051-831-1377
9860,중모토이플러스,부산광역시 강서구 녹산산단77로22번길 5 (송정동),인형 및 장난감 제조업 외 2종,051-203-0932
9861,중부기업,부산광역시 강서구 녹산산단231로 21 (송정동),화학섬유직물 직조업,미등록
9862,중부산보육사,부산광역시 부산진구 동평로39번길 64 (당감동),연사 및 가공사 제조업 외 60종,051-808-0622
9863,중앙광고기업,부산광역시 중구 대청로135번길 15-1 (중앙동4가),간판 및 광고물 제조업 외 7종,051-469-7720
9864,중앙기계공업(주),부산광역시 사하구 다산로78번길 16 (다대동),비주거용 건물 임대업,051-264-4025
9865,중앙기전,부산광역시 강서구 대저동서로229번가길 72 (대저2동),배전반 및 전기 자동제어반 제조업,051-941-9422
9866,중앙냉열,부산광역시 영도구 해양로195번가길 30(동삼동),선박 구성 부분품 제조업,051-416-5944
9867,중앙분체,부산광역시 사하구 다산로175번길 39 (다대동),그 외 자동차용 신품 부품 제조업 외 3종,051-261-3590
9868,중앙산업 ,부산광역시 금정구 개좌로 262 (회동동),기타 무선 통신장비 제조업 외 2종,051-532-3500
9869,중앙섬유(주),부산광역시 사하구 다대로320번길 15 (장림동),편조원단 제조업 외 1종,051-985-6440
9870,중앙섬유(주) 사하지점,부산광역시 사하구 하신번영로127번길 17 (신평동),"직물, 편조원단 및 의복류 염색 가공업",051-985-6449
9871,중앙섬유(주) 사하지점,부산광역시 사하구 하신번영로127번길 21,"직물, 편조원단 및 의복류 염색 가공업",051-985-6449
9872,중앙수중개발,"부산광역시 영도구 해양로 33-21 (청학동, 중앙수중개발)",선박 구성 부분품 제조업,051-442-4461
9873,중앙씨앤에스 주식회사,부산광역시 강서구 제도로1041번가길 328 (강동동),기타 신발 제조업,055-237-5394
9874,중앙아크릴수지공업사,부산광역시 사상구 낙동대로 1074 (감전동),그 외 기타 플라스틱 제품 제조업 외 3종,051-322-1841
9875,중앙애드,"부산광역시 해운대구 송정2로13번길 48, 중앙애드 (송정동)",간판 및 광고물 제조업,051-928-0002
9876,중앙정판인쇄사,"부산광역시 사상구 낙동대로1420번길 41, 202-1호 (삼락동)",기타 인쇄업 외 2종,051-305-1305
9877,중앙후렌지공업(주),부산광역시 강서구 녹산산단361로 26 (송정동),강관 제조업 외 1종,051-832-2146
9878,중원산업,"부산광역시 해운대구 반송로 859, 2층 (반송동)","천막, 텐트 및 유사 제품 제조업",051-544-1727
9879,중원엔지니어링(주) 부산공장,부산광역시 사하구 다산로 110 (다대동),육상 금속 골조 구조재 제조업 외 1종,043-883-9700
9880,중원정공,"부산광역시 사상구 사상로385번길 54 (덕포동, 일신금형)",선박 구성 부분품 제조업,051-301-8269
9881,쥬얼진용,"부산광역시 남구 신선로 365,  부경대학교 창업보육센터 512 (용당동)",귀금속 및 관련제품 제조업,051-621-6011
9882,지.에스하이테커(주),"부산광역시 사상구 대동로 303, 616호 (감전동, 부산디지털밸리아파트형공장)",선박 구성 부분품 제조업 외 4종,051-832-0456
9883,지광기업,부산광역시 사상구 모덕로108번길 13 (덕포동),그 외 기타 플라스틱 제품 제조업,051-303-8949
9884,지나푸드 주시회사,"부산광역시 서구 원양로 1, B동 3층 305 (암남동, 수산가공선진화단지)",수산동물 냉동품 제조업,070-7717-3213
9885,지누애드,"부산광역시 연제구 반송로 68, D동 206호 (연산동)",경 인쇄업 외 2종,051-852-1694
9886,지니에듀테크(주),부산광역시 북구 만덕3로 34-1 (만덕동),디지털 적층 성형기계 제조업,051-331-0110
9887,지니텍,부산광역시 금정구 공단동로 51(금사동),그 외 기타 전자부품 제조업 외 3종,070-4640-2525
9888,지르코쟌 치과기공소,"부산광역시 연제구 반송로 11,  4층 (연산동)",치과기공물 제조업 외 2종,051-864-4993
9889,지명우드텍,부산광역시 기장군 정관읍 병산로 93,일반 제재업,051-728-3667
9890,지바마린코리아(주),부산광역시 사하구 구평로 21-1 (구평동),선박 구성 부분품 제조업,051-418-8998
9891,지비아이코리아(GBI KOREA),부산광역시 사상구 낙동대로943번길 131(감전동),선박 구성 부분품 제조업 외 42종,051-784-5996
9892,지산정공,부산광역시 사하구 다산로105번길 21 (다대동),선박 구성 부분품 제조업,051-263-0972
9893,지성문화산업사,부산광역시 사상구 모덕로 25 (삼락동),기타 인쇄업 외 1종,051-305-1058
9894,지성정밀,부산광역시 사상구 모덕로67번길 147-14 (모라동),자동차 재제조 부품 제조업,051-303-1730
9895,지성정밀,"부산광역시 사상구 낙동대로1446번길 25 (삼락동, 지성정밀)",주형 및 금형 제조업,051-302-3309
9896,지성정밀,"부산광역시 사상구 모덕로67번길 147-16 (모라동, 삼랑직물)",볼트 및 너트류 제조업 외 5종,051-303-1730
9897,지성할피,"부산광역시 사하구 다산로208번길 32,  장림월드리치 101호 (장림동)",모피 및 가죽 제조업,051-266-3831
9898,지수정밀,"부산광역시 사상구 학감대로 238-32 (감전동, 지수정밀)",주형 및 금형 제조업,051-313-4878
9899,지스틸,부산광역시 강서구 녹산산업북로313번길 81 (송정동),그 외 기타 금속가공업,051-972-3031
9900,지승기업,부산광역시 강서구 경전철로 215 (대저2동),그 외 자동차용 신품 부품 제조업 외 31종,051-972-3164
9901,지아고케미칼(주),부산광역시 기장군 기장읍 기장대로413번길 10 (지아코케미칼(주)),그 외 기타 고무제품 제조업,051-721-0101
9902,지앤디(GND),"부산광역시 동래구 충렬대로107번길 102, 지하 1층  (온천동, E&B빌딩)",커튼 및 유사제품 제조업 외 1종,051-553-1656
9903,지앤티네트웍스 주식회사,"부산광역시 동래구 아시아드대로171번길 19,  (3층, 지하1층) (사직동)",방송장비 제조업 외 5종,051-556-6271
9904,지앤티소결(주),부산광역시 기장군 기장읍 차성로404번길 36 (영남소결금속),기타 구조용 금속제품 제조업,051-722-8331
9905,지에스 공구,"부산광역시 사상구 사상로469번다길 15 (모라동, 지에스공구)",톱 및 호환성 공구 제조업,051-327-3802
9906,지에스볼트(주),부산광역시 강서구 화전산업대로 159 (화전동),볼트 및 너트류 제조업 외 2종,051-831-6896
9907,지에스비(GSB)솔루션 주식회사,부산광역시 강서구 화전산단2로134번길 17 (화전동),볼트 및 너트류 제조업 외 4종,051-936-3333
9908,지에스비(GSB)솔루션 주식회사,부산광역시 강서구 화전산단2로134번길 16 (화전동),볼트 및 너트류 제조업 외 2종,051-936-3333
9909,지에스비(GSB)솔루션 주식회사,부산광역시 강서구 화전산단2로134번길 20 (화전동),볼트 및 너트류 제조업 외 2종,051-936-3333
9910,지에스엠(주),부산광역시 강서구 녹산산단261로 77 (송정동),기타 물품 취급장비 제조업,051-831-6301
9911,지에스정밀,부산광역시 영도구 태종로50번길 19 (대교동1가),선박 구성 부분품 제조업,051-412-5714
9912,지에스중공업(주),부산광역시 강서구 신호산단3로 93 (신호동),기타 물품 취급장비 제조업 외 19종,051-971-5755
9913,지에스하이드로코리아(주),부산광역시 강서구 미음산단1로 51(구랑동),유압기기 제조업,051-290-2010
9914,지에이치피 시스템(주),부산광역시 강서구 유통단지1로132번길 28 (대저2동),유압기기 제조업,051-941-3575
9915,지에이치피시스템(주),부산광역시 강서구 미음산단로199번길 41 (미음동),"탭, 밸브 및 유사장치 제조업 외 1종",051-941-3575
9916,지엔에스,"부산광역시 강서구 녹산산단261로59번길 20, (송정동, 1563-10) (송정동)",금속 절삭기계 제조업 외 1종,미등록
9917,지엔텍(주),부산광역시 강서구 미음산단2로 30 (구랑동),육상 금속 골조 구조재 제조업,051-971-4171
9918,지엔피테크,부산광역시 강서구 과학산단1로 20 (지사동),운송장비 조립용 플라스틱제품 제조업 외 1종,051-897-4336
9919,지엘티에스,부산광역시 강서구 미음국제5로가길 19(미음동),기타 조명장치 제조업 외 2종,070-7576-4884
9920,지엠금속(주),부산광역시 사상구 감전천로 73 (감전동),도금업,051-312-5600
9921,지엠아이(GMI),부산광역시 기장군 정관읍 산단4로 55,그 외 자동차용 신품 부품 제조업 외 1종,051-728-1474
9922,지엠정공,부산광역시 강서구 낙동북로102번길 69 (강동동),유압기기 제조업,051-831-3345
9923,지엠지랩 주식회사,"부산광역시 사하구 낙동대로550번길 37, 창업보육센터, 3층 302호 (하단동, 부산동아대학교승학캠퍼스)",농업 및 임업용 기계 제조업,070-3411-7899
9924,지엠티인더스트리,부산광역시 강서구 낙동남로605번길 46-21(녹산동),"탭, 밸브 및 유사장치 제조업",미등록
9925,지엠퍼니처,부산광역시 강서구 제도로1041번길 285 (강동동),기타 목재가구 제조업,051-972-9966
9926,지오덴트,부산광역시 사하구 하신번영로 173 (신평동),치과용 기기 제조업,051-207-2804
9927,지오세라믹,"부산광역시 사상구 모라로110번길 73, 401-B호실(모라동, 중소기업협업화공단)",그 외 기타 분류 안된 섬유제품 제조업 외 3종,미등록
9928,지오센스멀티테크,부산광역시 금정구 동천로7번길 48-8 (회동동),그 외 기타 전자부품 제조업 외 1종,051-532-7177
9929,지오소나(주),"부산광역시 강서구 화전산단6로 71, 109호(화전동)",기타 선박 건조업 외 2종,051-203-1388
9930,지오에스티 주식회사,부산광역시 강서구 미음국제5로라길 18(미음동),그 외 기타 일반목적용 기계 제조업,미등록
9931,지오엠텍,부산광역시 영도구 대평남로 29 (대평동1가),선박 구성 부분품 제조업,051-413-4363
9932,지오텍,부산광역시 강서구 낙동북로126번길 37-17 (강동동),구조용 금속 판제품 및 공작물 제조업 외 64종,미등록
9933,지우정밀,부산광역시 강서구 제도로1002번길 24-2 (강동동),그 외 기타 일반목적용 기계 제조업 외 1종,051-301-7891
9934,지원냉열시스템,부산광역시 사하구 장림번영로104번길 38 (장림동),"용기 세척, 포장 및 충전기 제조업 외 1종",051-262-6708
9935,지원스틸,부산광역시 강서구 화전산단2로 82 (화전동),그 외 기타 1차 철강 제조업,051-972-4708
9936,지원스틸(주),부산광역시 강서구 녹산산업중로 31-10 (송정동),그 외 기타 1차 철강 제조업,미등록
9937,지원에스로봇,부산광역시 강서구 공항로1207번길 29 (대저1동),산업용 로봇 제조업 외 1종,070-8287-3956
9938,지원테크,"부산광역시 사상구 사상로417번길 27 (모라동, 동신테크)",육상 금속 골조 구조재 제조업 외 13종,051-303-3828
9939,지이텍 주식회사,부산광역시 강서구 녹산산단262로 3 (송정동),구조용 금속 판제품 및 공작물 제조업,051-832-5246
9940,지이텍(주),부산광역시 강서구 가달2로16번길 4 (생곡동),선박 구성 부분품 제조업 외 1종,051-832-5246
9941,지인디자인,"부산광역시 부산진구 가야대로 625,  2층 (가야동) (총 2 필지)",간판 및 광고물 제조업,051-803-3322
9942,지인스톤(주),부산광역시 강서구 금호순서길89번가길 80 (대저2동),건설용 석제품 제조업 외 9종,051-972-3822
9943,지일렉콤,"부산광역시 해운대구 재송2로 22, 지하1층 (재송동)",그 외 기타 전기장비 제조업,051-525-8535
9944,지케이이엔지,"부산광역시 사상구 모라로110번길 73, 201호(모라동, 중소기업협업화공단)",기타 직물제품 제조업,미등록
9945,지티에프코리아(유),부산광역시 강서구 녹산산업중로 171 (송정동),선박 구성 부분품 제조업,051-441-1292
9946,지티엠(주),부산광역시 강서구 경전철로 204 (대저1동),그 외 기타 특수목적용 기계 제조업,051-717-3178
9947,지피 인터내셔날,부산광역시 강서구 새진목길11번길 30 (명지동),"탭, 밸브 및 유사장치 제조업",051-294-2330
9948,직희산업,"부산광역시 사상구 새벽로63번길 59 (학장동, 직희산업)",주형 및 금형 제조업,051-311-4892
9949,진 엔지니어링,"부산광역시 영도구 남항서로 59(남항동3가, (주)범우엔지니어링)",선박 구성 부분품 제조업,051-414-5309
9950,진광금형,부산광역시 사하구 감천항로182번길 43 (구평동),그 외 기타 플라스틱 제품 제조업 외 1종,051-264-4492
9951,진광기계,부산광역시 강서구 죽동길196번길 186-20 (죽동동),금속 절삭기계 제조업,051-972-6090
9952,진광기공(주),부산광역시 강서구 녹산산업중로 336 (송정동),유압기기 제조업 외 9종,051-294-8623
9953,진광정밀,부산광역시 강서구 대저중앙로286번길 106-36 (대저1동),금속 절삭기계 제조업,051-529-7704
9954,진명기업,부산광역시 기장군 일광면 일광로 702,"물질 검사, 측정 및 분석기구 제조업",051-723-3383
9955,진명사,부산광역시 사하구 장림번영로84번길 15 (장림동),기타자동차부품제조업,051-261-4983
9956,진보정밀,부산광역시 강서구 낙동북로138번길 86-19 (강동동),그 외 기타 분류 안된 금속 가공 제품 제조업 외 19종,051-971-1451
9957,진보정밀,부산광역시 강서구 낙동북로138번길 86-31 (강동동),그 외 기타 분류 안된 금속 가공 제품 제조업 외 12종,051-971-1451
9958,진보정밀,"부산광역시 강서구 녹산화전로 23, B동 4호 (송정동)",절삭가공 및 유사처리업,미등록
9959,진보퍼니처,부산광역시 기장군 정관읍 산단1로 64,기타 목재가구 제조업,051-635-9638
9960,진성,"부산광역시 사하구 사리로 84, 창업보육센터 501호 (괴정동)",메모리용 전자집적회로 제조업 외 16종,051-714-3590
9961,진성NTC,"부산광역시 금정구 개좌로 73, 2층 (금사동)",접착제 및 젤라틴 제조업,미등록
9962,진성금속,부산광역시 강서구 강동중곡3길 12 (강동동),볼트 및 너트류 제조업 외 2종,051-302-7113
9963,진성금형,부산광역시 사상구 사상로356번길 41-15 (덕포동),주형 및 금형 제조업,051-304-7863
9964,진성금형2공장,부산광역시 사상구 사상로385번길 20(덕포동),기타 비철금속 주조업,051-304-7863
9965,진성기업,부산광역시 강서구 신호산단3로88번길 59 (신호동),금속탱크 및 저장용기 제조업 외 7종,051-831-5658
9966,진성산업(주),부산광역시 강서구 녹산산단261로39번길 6(송정동),도금업,미등록
9967,진성산전,부산광역시 강서구 미음산단로199번길 41 (미음동),배전반 및 전기 자동제어반 제조업 외 1종,051-714-6445
9968,진성섬유,부산광역시 강서구 녹산산단382로14번길 28 (송정동),화학섬유직물 직조업,051-831-0341
9969,진성엔지니어링,"부산광역시 강서구 제도로1175번길 56-32, 56-34 (강동동)",선박 구성 부분품 제조업,051-301-5093
9970,진성엔지니어링,"부산광역시 영도구 해양로 33-26 (청학동, 진성엔지니어링 공장)",선박 구성 부분품 제조업,051-415-0129
9971,진성엔텍,부산광역시 영도구 대평로28번길 12(대평동1가),선박 구성 부분품 제조업,051-413-4020
9972,진성정밀,부산광역시 사상구 낙동대로970번길 10,자동차 엔진용 신품 부품 제조업 외 2종,051-316-9336
9973,진성정밀,부산광역시 강서구 신호산단1로 220-9 (신호동),절삭가공 및 유사처리업,미등록
9974,진성정밀,부산광역시 사상구 새벽로18번길 15 (학장동),그 외 기타 분류 안된 금속 가공 제품 제조업,051-324-1947
9975,진성정밀,"부산광역시 사하구 보덕포1길 83, 1층 (장림동)",자동차 차체용 신품 부품 제조업,미등록
9976,진성정밀,부산광역시 사상구 사상로455번길 26 (모라동),주형 및 금형 제조업,051-303-5546
9977,진성정밀,부산광역시 강서구 유통단지1로132번길 20 (대저2동),선박 구성 부분품 제조업,051-312-4738
9978,진성정밀공업사,부산광역시 사하구 을숙도대로748번길 14 (구평동) (총 2 필지),"탭, 밸브 및 유사장치 제조업",051-264-4738
9979,진성정밀금속(주),부산광역시 강서구 과학산단1로103번길 20 (지사동),강주물 주조업,051-831-7333
9980,진성정밀금속(주),부산광역시 강서구 과학산단1로103번길 8 (지사동),강주물 주조업 외 1종,미등록
9981,진성축산,부산광역시 강서구 공항로1309번길 204(대저1동),육류 포장육 및 냉동육 가공업 (가금류 제외),051-305-1628
9982,진성케어,"부산광역시 남구 양지골로 134, 상가동 지하 101호-103호 (감만동, 유창그린2차아파트)",체외 진단 시약 제조업 외 2종,051-631-9320
9983,진성테크,부산광역시 사상구 학감대로222번길 32 (감전동),기어 및 동력전달장치 제조업,051-314-6312
9984,진성푸드,"부산광역시 부산진구 개금본동로 35,  지하1층,지상1층 (개금동)",그 외 기타 식료품 제조업,051-521-3879
9985,진성피팅,부산광역시 강서구 녹산산단381로 60-16 (송정동),강관 제조업 외 1종,051-831-5181
9986,진솔식품,"부산광역시 해운대구 수영강변대로 626,  반여농산물도매시장 관련상품동 (반여동)","수산동물 훈제, 조리 및 유사 조제식품 제조업 외 2종",미등록
9987,진수산업(주),부산광역시 사하구 다산로 75 (다대동),끈 및 로프 제조업,051-264-9950
9988,진승수산(주),부산광역시 사하구 을숙도대로873번길 25(감천동),수산동물 냉동품 제조업,051-202-3441
9989,진승정기,부산광역시 사상구 사상로349번길 19 (덕포동),"탭, 밸브 및 유사장치 제조업",051-301-2871
9990,진아전기,부산광역시 영도구 태종로73번길 43 (봉래동1가),선박 구성 부분품 제조업,051-413-1246
9991,진양산업(주),부산광역시 강서구 화전산단5로38번길 12 (화전동),볼트 및 너트류 제조업 외 2종,051-831-1170
9992,진양산업(주),부산광역시 강서구 미음국제5로나길 40 (미음동),볼트 및 너트류 제조업,051-831-1170
9993,진양스틸주식회사,부산광역시 사상구 새벽로 39 (학장동),그 외 기타 1차 철강 제조업 외 1종,051-323-1144
9994,진양식품 주식회사,부산광역시 기장군 정관읍 산단5로 100-81,수산식물 가공 및 저장 처리업,051-522-0033
9995,진양어망(주),부산광역시 사하구 장평로146번길 18 (장림동),어망 및 기타 끈 가공품 제조업,051-266-4554
9996,진양어망(주),부산광역시 사하구 장림번영로84번길 45 (장림동),어망 및 기타 끈 가공품 제조업,051-266-4554
9997,진양오토모티브(주) 부산공장,부산광역시 강서구 과학산단1로 80 (지사동),그 외 자동차용 신품 부품 제조업 외 3종,051-972-2650
9998,진양조선공업(주),"부산광역시 영도구 남항서로 59 (남항동3가, (주)범우엔지니어링)",강선 건조업 외 1종,051-414-7771
9999,진양철강공업(주),부산광역시 사상구 대동로209번길 31 (학장동),철강선 제조업,051-322-0380
10000,진양코아,부산광역시 강서구 신호산단3로88번길 40 (신호동),구조용 금속 판제품 및 공작물 제조업,051-831-7690
10001,진양코아,부산광역시 강서구 녹산산업북로 50 (송정동),절삭가공 및 유사처리업,051-831-7694
10002,진양화스너,부산광역시 강서구 화전산단5로38번길 12(화전동),볼트 및 너트류 제조업,051-831-1173
10003,진영엔지니어링,부산광역시 사하구 하신중앙로3번길 67-3 (장림동),배전반 및 전기 자동제어반 제조업,051-941-0435
10004,진영이노텍,부산광역시 강서구 녹산산업북로313번길 17 (송정동),주형 및 금형 제조업,051-832-0433
10005,진영캐스팅,부산광역시 사상구 대동로209번길 42 (학장동),선철주물 주조업,051-313-4316
10006,진영테크놀,부산광역시 강서구 녹산산업대로 117-13 (송정동),운송장비 조립용 플라스틱제품 제조업 외 1종,051-973-2020
10007,진영화학,부산광역시 사상구 낙동대로1436번길 55 (삼락동),기타 신발 제조업,051-301-2113
10008,진우공업(주),부산광역시 강서구 미음산단로403번길 11 (미음동),볼트 및 너트류 제조업 외 2종,051-717-2666
10009,진우공업(주)강서지점,부산광역시 강서구 미음산단로76번길 21(구랑동),그 외 금속파스너 및 나사제품 제조업,051-717-2666
10010,진우레탄,부산광역시 강서구 경전철로 158-9 (대저2동),그 외 기타 달리 분류되지 않은 제품 제조업 외 1종,051-892-6378
10011,진우에이티에스(주)  ,"부산광역시 금정구 개좌로 273-20, 2층 205호 (회동동, 브이원타워)",전자감지장치 제조업 외 3종,미등록
10012,진우엔지니어링(주),부산광역시 강서구 화전산단5로74번길 25 (화전동),육상 금속 골조 구조재 제조업 외 2종,051-322-1012
10013,진우정밀,부산광역시 사하구 을숙도대로 588 (장림동),자동차 엔진용 신품 부품 제조업 외 1종,051-266-3731
10014,진우정밀,부산광역시 강서구 맥도길243번길 150-2 (대저2동),운송장비 조립용 플라스틱제품 제조업 외 1종,051-972-5061
10015,진원이엔지,부산광역시 영도구 해양로 90 (청학동),선박 구성 부분품 제조업,미등록
10016,진원하이드로릭,"부산광역시 사상구 새벽로91번길 9 (학장동, 진원하이드로릭)",기타 가공 공작기계 제조업,051-324-2179
10017,진유리,부산광역시 기장군 기장읍 청강로 43 (진유리),안전유리 제조업 외 1종,051-724-6266
10018,진일사,부산광역시 사상구 사상로 51 (주례동),그 외 자동차용 신품 부품 제조업 외 20종,051-806-4813
10019,진일산업,부산광역시 강서구 대저중앙로286번길 133-3 (대저1동),그 외 기타 플라스틱 제품 제조업,051-264-1357
10020,진일식품,"부산광역시 사상구 모라로6번길 13-12 (삼락동, 신일식품)",김치류 제조업 외 1종,051-304-2985
10021,진일전기공업사,부산광역시 영도구 대평동1가 126번지,선박 구성 부분품 제조업,051-412-9393
10022,진주 인더스트리,부산광역시 기장군 장안읍 명례산단6로 14,절삭가공 및 유사처리업,미등록
10023,진주식품,부산광역시 강서구 녹산산단362로 37 (송정동),기타 수산동물 가공 및 저장 처리업,051-831-9138
10024,진주화학,부산광역시 강서구 제도로 779-2 (강동동),운송장비 조립용 플라스틱제품 제조업,051-972-2734
10025,진진체인,부산광역시 강서구 낙동남로605번길 32 (녹산동),일반철물 제조업,051-262-8271
10026,진초경산업,부산광역시 강서구 식만로 191 (식만동),톱 및 호환성 공구 제조업,051-528-2364
10027,진테크,부산광역시 강서구 신덕길2번길 86 (대저1동),그 외 기타 특수목적용 기계 제조업 외 1종,051-311-2845
10028,진평산업(주),부산광역시 사하구 다산로78번길 16 (다대동),금속 절삭기계 제조업,051-302-6561
10029,진해물산(주),부산광역시 강서구 낙동남로682번길 94 (녹산동),수산식물 가공 및 저장 처리업 외 1종,051-941-2400
10030,진향당,부산광역시 기장군 장안읍 장안로 298,차류 가공업,미등록
10031,진현테크,부산광역시 강서구 대저중앙로 224 (대저1동),기어 및 동력전달장치 제조업,051-304-1906
10032,진화기공,부산광역시 강서구 과학산단1로103번길 24 (지사동),절삭가공 및 유사처리업,미등록
10033,진흥공업(주),부산광역시 사하구 을숙도대로677번길 16 (신평동),끈 및 로프 제조업,051-293-1528
10034,진흥금속,"부산광역시 사상구 낙동대로815번길 50-18 (감전동, 진흥금속)",볼트 및 너트류 제조업 외 2종,051-316-8062
10035,진흥기계,부산광역시 강서구 호계로103번길 41 (죽동동),절삭가공 및 유사처리업,051-971-4378
10036,진흥산업,부산광역시 강서구 가락대로1397번길 277  (봉림동),기타 직물제품 제조업,051-326-9097
10037,진흥산업,부산광역시 강서구 과학산단로333번길 77-65 (지사동),금속탱크 및 저장용기 제조업,051-972-4693
10038,진흥산업,부산광역시 사하구 을숙도대로677번길 9 (신평동),플라스틱 필름 제조업 외 2종,051-203-3542
10039,진흥양산,부산광역시 중구 중구로 80-35 (대청동4가),그 외 기타 달리 분류되지 않은 제품 제조업,051-462-7568
10040,진흥염업사,부산광역시 강서구 맥도강변길 177 (대저2동),가공 및 정제염 제조업,051-314-3140
10041,진흥정공,부산광역시 강서구 미음산단2로16번길 25 (구랑동),절삭가공 및 유사처리업 외 2종,051-831-5911
10042,진흥정밀,"부산광역시 사상구 사상로402번길 32 (덕포동, 진흥정밀)",그 외 기타 분류 안된 금속 가공 제품 제조업 외 1종,051-304-8178
10043,진흥테크,부산광역시 강서구 녹산산업중로 421 (송정동),육상 금속 골조 구조재 제조업 외 1종,051-831-4388
10044,진흥테크(주),부산광역시 사하구 다산로225번길 34 (장림동),도장 및 기타 피막처리업,051-262-8812
10045,진흥후렉시블,부산광역시 강서구 대저들길 422 (대저1동),강관 가공품 및 관 연결구류 제조업 외 1종,051-807-7733
10046,집현전종합교구,부산광역시 강서구 낙동북로102번가길 31 (강동동),기타 목재가구 제조업,051-636-7700
10047,차이(주),"부산광역시 남구 신선로 365, 산학협력관 506호 (용당동, 부경대학교)",전시 및 광고용 조명장치 제조업,미등록
10048,차칸합판,부산광역시 강서구 대저중앙로357번길 46-4 (대저1동),주방용 및 음식점용 목재가구 제조업 외 2종,미등록
10049,찬경기업,부산광역시 강서구 맥도강변길 598-14 (대저2동),액체 펌프 제조업,051-323-1110
10050,찰스인코리아,"부산광역시 금정구 서부로 62, 1층(서동)","천막, 텐트 및 유사 제품 제조업 외 11종",055-545-3365
10051,참손푸드(주),부산광역시 서구 원양로 171 (암남동),"수산동물 훈제, 조리 및 유사 조제식품 제조업 외 4종",051-250-7028
10052,참앤찬푸드,부산광역시 강서구 평강로171번길 247 (대저1동),가금류 가공 및 저장 처리업 외 2종,051-973-3603
10053,참좋은우리주식회사,"부산광역시 남구 신선로 428,  동명대학교 산학협력관 창업보호센터 404호 (용당동)",그 외 기타 전기장비 제조업,051-902-5263
10054,참코B&C,부산광역시 사하구 신산북로 38 (신평동),곡물 혼합분말 및 반죽 제조업 외 1종,070-7006-5588
10055,창녕정밀,부산광역시 사상구 새벽로 53-13 (학장동),디지털 적층 성형기계 제조업 외 1종,051-326-9067
10056,창녕정밀공업사,부산광역시 강서구 녹산산단77로 47 (송정동),절삭가공 및 유사처리업,051-302-6139
10057,창녕정밀공업사,부산광역시 사상구 낙동대로1404번길 77 (삼락동),그 외 자동차용 신품 부품 제조업 외 3종,051-302-6139
10058,창산기업,부산광역시 사상구 광장로20번길 58-16 (괘법동),유압기기 제조업,051-319-1251
10059,창선랙기어,부산광역시 사상구 학감대로252번길 73 (주례동),기어 및 동력전달장치 제조업,051-322-6496
10060,창성기계공업사,부산광역시 사상구 사상로439번길 56 (모라동),금속 절삭기계 제조업,051-327-4067
10061,창성다이스,부산광역시 사상구 모라로192번길 9 (모라동) 신모라공단,기타 가공 공작기계 제조업,051-305-0246
10062,창성직물,부산광역시 강서구 녹산산단231로 43 (송정동),화학섬유직물 직조업 외 1종,051-832-1598
10063,창성테크,부산광역시 강서구 대저중앙로347번길 58 (대저1동),육상 금속 골조 구조재 제조업 외 1종,051-328-6033
10064,창성테크,부산광역시 사상구 장인로 14(감전동),기타 가공 공작기계 제조업,051-311-3739
10065,창성테크,부산광역시 강서구 대저중앙로357번길 42 (대저1동),금속 주조 및 기타 야금용 기계 제조업 외 4종,051-301-2004
10066,창승테크,부산광역시 사하구 장평로76번길 17 (장림동),볼트 및 너트류 제조업 외 3종,051-311-0237
10067,창신가스(주),부산광역시 사상구 새벽로 25 (학장동),수소 제조업 외 1종,051-311-5937
10068,창신금속,부산광역시 강서구 새진목길11번길 29 (명지동),볼트 및 너트류 제조업 외 2종,051-314-9203
10069,창신기계공업(주),부산광역시 강서구 가락대로 704 (생곡동),산업용 송풍기 및 배기장치 제조업 외 12종,051-322-2206
10070,창신기업사,"부산광역시 사상구 사상로425번길 28 (모라동, 동우체인공업사)",자동차 차체용 신품 부품 제조업 외 1종,051-301-4811
10071,창신섬유,부산광역시 사하구 신산로 41 (신평동),솜 및 실 염색가공업 외 2종,051-208-3973
10072,창신에스티에스 주식회사,부산광역시 강서구 미음국제5로가길 20(미음동),강관 제조업,051-711-6133
10073,창신정밀,"부산광역시 사상구 낙동대로1468번길 38 (삼락동, 창신정밀)",그 외 기타 일반목적용 기계 제조업 외 3종,051-304-4009
10074,창신정밀기계,부산광역시 강서구 녹산산단17로 48-20 (송정동),절삭가공 및 유사처리업,051-971-1735
10075,창신풍력(주),부산광역시 강서구 가락대로 704 (생곡동),산업용 송풍기 및 배기장치 제조업,051-322-2206
10076,창신프라스틱,부산광역시 강서구 녹산산단262로13번길 51 (송정동),그 외 기타 플라스틱 제품 제조업 외 2종,051-831-7912
10077,창영테크,부산광역시 강서구 평강로171번길 40 (대저1동),강관 제조업 외 1종,미등록
10078,창우산업,부산광역시 강서구 식만로259번길 81 (식만동),유압기기 제조업,051-832-5021
10079,창우해양주식회사,부산광역시 사하구 감천항로405번길 25 (구평동),수상 금속 골조 구조재 제조업 외 5종,051-416-1464
10080,창운금속(주),부산광역시 강서구 화전산단5로14번길 37 (화전동),자동차용 금속 압형제품 제조업 외 1종,051-711-2322
10081,창의기업사,부산광역시 강서구 화전산단5로74번길 36 (화전동),금속 캔 및 기타 포장용기 제조업,051-831-3342
10082,창일,부산광역시 강서구 생곡산단2로11번길 14 (생곡동),주형 및 금형 제조업,051-325-4322
10083,창일기계,부산광역시 강서구 공항로339번길 228-13 (대저2동),선박 구성 부분품 제조업,051-941-7228
10084,창조기업,"부산광역시 사상구 장인로77번길 103-21 (학장동, 창조기업)","탭, 밸브 및 유사장치 제조업",051-311-3972
10085,창조산업,부산광역시 강서구 대저중앙로 374-2 (대저1동),금속 절삭기계 제조업,051-332-1515
10086,창해산업(주),"부산광역시 사상구 괘감로 20,  B (감전동)",유압기기 제조업,051-311-3571
10087,창해산업(주) 녹산공장,부산광역시 강서구 녹산산업중로 421 (송정동),금속탱크 및 저장용기 제조업 외 1종,051-311-3571
10088,창해안전설비사,"부산광역시 영도구 해양로65번길 26-20(청학동, 청학동 해신물산)",선박 구성 부분품 제조업,051-413-2312
10089,창현테크,"부산광역시 강서구 평강로171번길 40, 창현테크 (대저1동)",기체 여과기 제조업 외 1종,051-0941-0972
10090,창협기전,부산광역시 강서구 과학산단2로3번길 50 (지사동),배전반 및 전기 자동제어반 제조업,051-831-3607
10091,창호나라,부산광역시 강서구 화전산단6로114번길 20 (화전동),육상 금속 골조 구조재 제조업,051-323-0980
10092,책임FA,부산광역시 강서구 대저중앙로348번길 8-3 (대저1동),산업처리공정 제어장비 제조업,051-305-9694
10093,천광금속공업,부산광역시 사상구 낙동대로1348번길 23 (삼락동),주형 및 금형 제조업,051-302-3775
10094,천광사,부산광역시 강서구 대저중앙로393번길 11 (대저1동),기체 여과기 제조업,051-972-0244
10095,천광산업,부산광역시 기장군 정관읍 산단4로 19,"연 및 아연 제련, 정련 및 합금 제조업",051-727-9983
10096,천광애드,부산광역시 부산진구 부전로 21-5 (부전동),간판 및 광고물 제조업 외 2종,051-806-9606
10097,천광전업 주식회사,부산광역시 기장군 장안읍 좌천5길 13,배전반 및 전기 자동제어반 제조업 외 4종,051-727-9055
10098,천세철강(주),부산광역시 강서구 녹산산단381로12번길 77-25 (송정동),분말 야금제품 제조업,051-832-2352
10099,천수선박,부산광역시 영도구 남항서로70번길 59-4 (남항동3가),선박 구성 부분품 제조업,051-414-7080
10100,천수정밀공업(주),부산광역시 강서구 미음국제5로나길 15 (미음동),절삭가공 및 유사처리업,051-317-1535
10101,천우STS,부산광역시 사하구 다대로300번길 33 (장림동),"기타 비철금속 압연, 압출 및 연신 제품 제조업",051-266-6802
10102,천우연사,부산광역시 강서구 녹산산단408로 6 (송정동),연사 및 가공사 제조업,051-832-0142
10103,천우정밀,부산광역시 사상구 모덕로67번길 159 (모라동),그 외 자동차용 신품 부품 제조업 외 3종,051-305-9131
10104,천우조구,부산광역시 수영구 구락로 26-6 (수영동),낚시 및 수렵용구 제조업,051-757-0126
10105,천운비앤티,부산광역시 강서구 평강로345번길 29(대저1동),기타 절연선 및 케이블 제조업,051-972-4426
10106,천일TS,부산광역시 강서구 공항로1347번길 66-1 (대저1동),금속 절삭기계 제조업,051-832-0793
10107,천일공조,"부산광역시 사상구 낙동대로988번길 52 (감전동, 천일공조)",가정용 및 산업용 공기 조화장치 제조업 외 1종,051-322-7100
10108,천일금속공업사,"부산광역시 영도구 남항남로 8 (남항동3가, 도원공업사)",선박 구성 부분품 제조업 외 1종,051-415-1632
10109,천일금속공업사,부산광역시 강서구 화전동 585-10번지,선박 구성 부분품 제조업,051-415-1632
10110,천일기계,"부산광역시 사상구 사상로447번길 28 (모라동, 천일기계)",기타 가공 공작기계 제조업,051-302-2026
10111,천일종합상사,부산광역시 사하구 사하로68번길 3(구평동),"천막, 텐트 및 유사 제품 제조업",051-291-8470
10112,천지산업,부산광역시 강서구 공항로339번길 213 (대저2동),그 외 기타 분류 안된 화학제품 제조업 외 2종,051-972-6866
10113,천지정밀산업,"부산광역시 금정구 반송로489번길 6 (금사동, 천지정밀산업)",고무패킹류 제조업 외 31종,051-521-2487
10114,천호전력(주),부산광역시 강서구 죽동길 9 (죽동동),배전반 및 전기 자동제어반 제조업 외 1종,051-808-1005
10115,천호하이테크 주식회사,부산광역시 강서구 녹산산업중로 330(송정동),그 외 기타 금속가공업,051-941-0092
10116,철근산업기계,부산광역시 강서구 녹산산단262로49번길 56 (송정동),그 외 기타 특수목적용 기계 제조업 외 1종,051-831-6257
10117,철옥정밀,부산광역시 강서구 대저중앙로348번길 13 (대저1동),절삭가공 및 유사처리업,051-303-2291
10118,철원공업사,"부산광역시 영도구 봉래나루로166번길 3,  (건축물일부) (봉래동2가)",선박 구성 부분품 제조업,051-413-0545
10119,철진산업,부산광역시 강서구 낙동남로666번길 17-1 (녹산동),컨베이어장치 제조업 외 1종,051-831-2229
10120,첨단엔지니어링,부산광역시 영도구 남항남로19번길 47 (남항동2가),산업용 냉장 및 냉동 장비 제조업 외 2종,051-418-6981
10121,청광산업,부산광역시 기장군 일광면 청광리 222-3번지,수산식물 가공 및 저장 처리업,미등록
10122,청구공조,부산광역시 기장군 정관읍 양수길 53,기체 여과기 제조업,051-757-1442
10123,청구수산,부산광역시 사하구 다산로225번길 63 (장림동),기타 수산동물 가공 및 저장 처리업,051-262-3410
10124,청도목재포장,부산광역시 강서구 대저동서로 243 (대저2동),"목재 포장용 상자, 드럼 및 유사용기 제조업",051-941-2030
10125,청림산업2공장,부산광역시 강서구 식만로 191 (식만동),금속 가구 제조업,미등록
10126,청림철강,부산광역시 강서구 제도로1041번길 503 (강동동),강관 제조업 외 1종,051-941-3347
10127,청마,부산광역시 사하구 다산로 182 (다대동),주형 및 금형 제조업,051-265-4722
10128,청명산업,부산광역시 사하구 감천로73번길 7 (감천동),셔츠 및 블라우스 제조업 외 1종,051-293-2770
10129,청산에B&F,부산광역시 기장군 일광면 화용길 96,과자류 및 코코아 제품 제조업,070-4122-4257
10130,청송공업사,부산광역시 영도구 해양로111번길 32 (청학동),선박 구성 부분품 제조업,051-413-4814
10131,청송기계공업사,부산광역시 사하구 다산로53번길 41 (다대동),기타 가공 공작기계 제조업,051-262-8130
10132,청송산업,부산광역시 사상구 학장로63번길 37 (학장동),선박 구성 부분품 제조업,051-304-5289
10133,청송산업,부산광역시 강서구 미음산단3로 110 (미음동),선박 구성 부분품 제조업,051-304-5289
10134,청수정밀,부산광역시 사상구 낙동대로1390번길 23 (삼락동),그 외 자동차용 신품 부품 제조업 외 6종,051-302-7216
10135,청아그린워터,부산광역시 사하구 장평로132번길 8(장림동),선박 구성 부분품 제조업,051-927-8528
10136,청안지텍,부산광역시 강서구 생곡산단2로11번길 14 (생곡동),주형 및 금형 제조업,051-325-4322
10137,청암산업,부산광역시 사상구 새벽로17번길 26 (학장동),볼트 및 너트류 제조업 외 2종,051-317-9914
10138,청양수산,부산광역시 사하구 장평로83번길 15 (장림동),수산동물 냉동품 제조업,051-264-4867
10139,청우A&C,"부산광역시 강서구 녹산산단382로14번가길 20, 1층 102호 (송정동, 한국청정도금센터)",도금업,051-831-7277
10140,청우산업,부산광역시 강서구 녹산산단382로50번길 21 (송정동),합성수지 및 기타 플라스틱 물질 제조업 외 1종,051-265-0382
10141,청우산업,부산광역시 사하구 하신중앙로3번길 116 (장림동),기타 인쇄업 외 2종,051-265-0382
10142,청우에이엔씨,부산광역시 강서구 녹산산단261로39번길 6 (송정동),도장 및 기타 피막처리업,051-831-7277
10143,청우테크,부산광역시 강서구 녹산산단382로59번길 37 (송정동),그 외 기타 플라스틱 제품 제조업 외 2종,051-831-0530
10144,청우하이넥스,부산광역시 기장군 정관읍 매곡길 51,기타 목재가구 제조업,051-516-4687
10145,청우화학,"부산광역시 사상구 낙동대로1436번길 46 (삼락동, 청우화학)",혼성 및 재생 플라스틱 소재 물질 제조업,051-304-2751
10146,청운산업,부산광역시 사하구 장림동 589번지,일반철물 제조업,051-266-5301
10147,청운산업사,부산광역시 강서구 신포길 111 (명지동),신발 부분품 제조업,051-315-7711
10148,청운커팅주식회사,부산광역시 강서구 미음국제5로라길 32  (미음동),절삭가공 및 유사처리업,051-809-8247
10149,청운테크,부산광역시 사상구 낙동대로943번길 23 (감전동),신발 부분품 제조업,051-315-7713
10150,청운테크    ,부산광역시 기장군 정관읍 농공길 51,자동차 차체용 신품 부품 제조업,미등록
10151,청원기계(주),부산광역시 강서구 미음국제5로나길 28 (미음동),일반용 전기 조명장치 제조업,미등록
10152,청원전기(주),부산광역시 사하구 하신번영로 411-1 (하단동),배전반 및 전기 자동제어반 제조업 외 5종,051-207-1188
10153,청유금속,부산광역시 강서구 녹산산업중로 391(송정동),그 외 기타 금속가공업,미등록
10154,청인D&M,부산광역시 강서구 맥도길355번길 82 (대저2동),그 외 기타 특수목적용 기계 제조업 외 1종,051-992-1700
10155,청재메탈베아링,부산광역시 영도구 해양로 33-14 (청학동),선박 구성 부분품 제조업,051-412-7882
10156,청정하이텍,부산광역시 강서구 과학산단2로43번길 38(지사동),절삭가공 및 유사처리업,051-337-7128
10157,청하기계,부산광역시 사하구 신산북로 38 (신평동),음ㆍ식료품 및 담배 가공기계 제조업 외 1종,051-256-8400
10158,청하테크,부산광역시 기장군 정관읍 산단3로 59,자동차용 신품 전기장치 제조업 외 1종,051-727-8782
10159,청호금형,부산광역시 강서구 대저동서로249번길 46 (대저2동),주형 및 금형 제조업,미등록
10160,청호냉동(주),부산광역시 사하구 신산로 190 (신평동),수산동물 냉동품 제조업,051-202-6151
10161,청호전기(주),부산광역시 강서구 미음산단6로 33 (미음동),배전반 및 전기 자동제어반 제조업 외 1종,051-913-0010
10162,청호테크,부산광역시 강서구 강동중곡2길 255 (강동동),산업용 송풍기 및 배기장치 제조업,미등록
10163,청호테크,부산광역시 강서구 세산길 302-1 (미음동),컨베이어장치 제조업 외 3종,051-972-4286
10164,청호화학공업사,부산광역시 강서구 녹산산단290로 10 (송정동),계면활성제 제조업,051-832-1557
10165,청화식품,부산광역시 강서구 낙동북로63번길 65 (강동동),떡류 제조업,051-312-5878
10166,체니(CHENNY),부산광역시 사상구 광장로20번길 20 (괘법동),"치약, 비누 및 기타 세제 제조업",051-311-3723
10167,체원펌프,부산광역시 강서구 대저중앙로357번길 60-1 (대저1동),액체 펌프 제조업,051-302-2813
10168,체이스침대,부산광역시 강서구 대저동서로61번길 21 (대저1동),매트리스 및 침대 제조업,051-971-9440
10169,초량식품,부산광역시 동구 초량로13번길 35 (초량동),기타 수산동물 가공 및 저장 처리업,051-467-6002
10170,초원식품,부산광역시 기장군 정관읍 달산리 429번지,기타 과실ㆍ채소 가공 및 저장 처리업,미등록
10171,초이스이엔지(주),부산광역시 강서구 미음산단2로16번길 37 (구랑동),그 외 기타 특수목적용 기계 제조업,051-831-3436
10172,충무전기공업사,부산광역시 영도구 대교동1가 62번지,선박 구성 부분품 제조업 외 2종,051-416-7009
10173,충무포금기계,부산광역시 강서구 미음국제5로라길 37 (미음동),금속 주조 및 기타 야금용 기계 제조업,051-255-1760
10174,충북지기,부산광역시 강서구 영강길17번길 89-3 (명지동),골판지 상자 및 가공제품 제조업,미등록
10175,칠성사,"부산광역시 남구 문현로 25, 지하1층 (문현동, 천하평정)","근무복, 작업복 및 유사의복 제조업",051-642-6216
10176,칠우철강,부산광역시 사상구 새벽로 83-9 (학장동),그 외 기타 1차 철강 제조업,051-315-4913
10177,카리테크,부산광역시 사상구 삼덕로45번길 152 (덕포동),자동차용 금속 압형제품 제조업 외 1종,051-305-1164
10178,카본테크,부산광역시 강서구 녹산산단382로50번길 24 (송정동),합성수지선 건조업,051-702-3942
10179,카이엠 주식회사,부산광역시 기장군 장안읍 장안산단7로 82,그 외 자동차용 신품 부품 제조업 외 3종,055-367-7111
10180,카이엠 주식회사,부산광역시 기장군 장안읍 장안산단7로 92,그 외 자동차용 신품 부품 제조업 외 3종,051-723-7111
10181,카이치코리아(주),부산광역시 강서구 녹산산업북로313번길 16 (송정동),내연기관 제조업,051-302-3498
10182,칸토탈마린,부산광역시 영도구 해양로176번길 5(청학동),선박 구성 부분품 제조업,051-417-0815
10183,칼라통상,부산광역시 기장군 기장읍 차성로365번길 3-5 (한화홈샤시),그 외 기타 플라스틱 제품 제조업,051-722-7406
10184,캐스트테크(주),"부산광역시 해운대구 센텀북대로 60, 6층 609 (재송동, 센텀 아이에스타워)","기타 측정, 시험, 항해, 제어 및 정밀기기 제조업",미등록
10185,캠리,부산광역시 강서구 녹산산단262로50번길 29 (송정동),위생용 및 산업용 도자기 제조업,051-328-0677
10186,캠리,부산광역시 사상구 새벽로77번길 26 (학장동),무기안료용 금속 산화물 및 관련 제품 제조업,051-328-0677
10187,커스텀팩트,부산광역시 기장군 정관읍 정관상곡1길 54,도장 및 기타 피막처리업,미등록
10188,커피디스커버리,부산광역시 영도구 하나길 807 (청학동),커피 가공업,051-851-7082
10189,컨맥스 주식회사,부산광역시 강서구 대저동서로249번길 16 (대저2동),기타 기초 유기화학 물질 제조업,ARS-1800-7022
10190,컴앤프린터,"부산광역시 사하구 신산로 120, 7층 726호 (신평동)",감광재료 및 관련 화학제품 제조업,051-897-1901
10191,케미텍이엔지,부산광역시 강서구 낙동북로60번길 6-13 (강동동),금속선 가공제품 제조업,051-941-2914
10192,케이 테크,부산광역시 강서구 공항로743번길 23(대저2동),구조용 금속 판제품 및 공작물 제조업,미등록
10193,케이.엠.티,"부산광역시 사상구 사상로319번길 58 (덕포동, 케이.엠.티)",자동차 엔진용 신품 부품 제조업 외 8종,051-301-6784
10194,케이금속,부산광역시 사상구 학감대로163번길 51 (학장동),도금업,미등록
10195,케이기어,부산광역시 영도구 남항남로 22 (남항동3가),선박 구성 부분품 제조업 외 4종,051-714-2261
10196,케이닥,부산광역시 사상구 낙동대로1460번길 32 (삼락동),가금류 가공 및 저장 처리업,051-852-9298
10197,케이더블유 주식회사,"부산광역시 부산진구 새싹로 189, 상가107동 지하층 25호(연지동, 세동한신아파트)",전기회로 접속장치 제조업 외 1종,051-808-0681
10198,케이더블유티(KWT),부산광역시 강서구 신호산단4로 85 (신호동),그 외 기타 금속가공업,051-261-0565
10199,케이디기술,"부산광역시 기장군 장안읍 월내해안2길 41, 2층 (가마솥복국해물탕)","물질 검사, 측정 및 분석기구 제조업",070-4179-5550
10200,케이디이노베이션(주),부산광역시 사하구 다대로300번길 22 (장림동),열간 압연 및 압출 제품 제조업 외 4종,051-265-4771
10201,케이디티,부산광역시 기장군 정관면 농공길 13-90 ((주)경동테크),자동차 차체용 신품 부품 제조업 외 1종,051-728-5170
10202,케이디티,부산광역시 기장군 정관읍 농공길 13-104,자동차 차체용 신품 부품 제조업 외 1종,051-728-5170
10203,"케이라이텍주식회사(K LITEC CO., LTD.)",부산광역시 사하구 구평로 5 (구평동),전구 및 램프 제조업 외 1종,051-415-5599
10204,케이맥스 글로벌,부산광역시 사상구 사상로425번길 66 (모라동),기타 신발 제조업,051-988-1772
10205,케이맥스산업(주),부산광역시 사상구 사상로425번길 52 (모라동),기타 신발 제조업 외 2종,051-312-1772
10206,케이미디어,부산광역시 연제구 거제대로96번길 38 (거제동),유선 통신장비 제조업 외 9종,미등록
10207,케이비아이유상테크 주식회사,부산광역시 기장군 장안읍 반룡산단2로 49,그 외 기타 특수목적용 기계 제조업,051-721-5281
10208,케이비아이유상테크(주),부산광역시 기장군 장안읍 반룡산단2로 41,그 외 기타 특수목적용 기계 제조업,051-721-5281
10209,케이비이엔지,부산광역시 강서구 봉림길 146 (봉림동),"기타 비철금속 제련, 정련 및 합금 제조업",051-971-1828
10210,케이비이엔지,"부산광역시 사상구 학장로135번길 24-28 (학장동, 케이비이엔지)",무기안료용 금속 산화물 및 관련 제품 제조업,051-316-1828
10211,케이씨씨(KCC) 유압 ,"부산광역시 해운대구 반송로525번길 33, 1층 공장일부 (석대동)",유압기기 제조업 외 13종,051-939-0088
10212,케이씨씨전자(주),"부산광역시 사상구 모라로 42 (모라동, 성원빌딩)","레이더, 항행용 무선기기 및 측량기구 제조업 외 3종",051-301-2111
10213,케이씨전기,부산광역시 영도구 해양로79번길 24(청학동),선박 구성 부분품 제조업,051-415-1208
10214,케이아그로,부산광역시 강서구 낙동북로138번길 33 (강동동),복합비료 및 기타 화학비료 제조업,051-971-9255
10215,케이아이일렉트릭(주)  ,부산광역시 기장군 정관읍 산단2로 6-5 (주)대성기어,그 외 자동차용 신품 부품 제조업,051-728-6760
10216,케이알텍주식회사,부산광역시 사상구 대동로 127 (학장동),가정용 및 산업용 공기 조화장치 제조업 외 2종,051-891-8928
10217,케이알텍주식회사,부산광역시 사하구 다산로106번길 42 (다대동),가정용 및 산업용 공기 조화장치 제조업 외 4종,051-891-8928
10218,케이앤시메탈,부산광역시 강서구 낙동남로644번길 55-2 (녹산동),"탭, 밸브 및 유사장치 제조업",051-941-5201
10219,케이에스더블유,부산광역시 강서구 화전산단6로90번길 16 (화전동),그 외 기타 분류 안된 금속 가공 제품 제조업,051-972-4673
10220,케이에스목재,부산광역시 강서구 녹산산단381로12번길 76 (송정동),목재 깔판류 및 기타 적재판 제조업,051-832-1862
10221,케이에스비세일(주),부산광역시 강서구 녹산산업북로313번길 76 (송정동) (총 3 필지),그 외 기타 특수목적용 기계 제조업 외 1종,051-831-1857
10222,케이에스비세일(주),부산광역시 강서구 녹산산업북로313번길 76 (송정동),그 외 기타 특수목적용 기계 제조업 외 1종,051-899-8210
10223,케이에스비세일(주),부산광역시 강서구 녹산산업북로313번길 69 (송정동),그 외 기타 특수목적용 기계 제조업 외 1종,051-899-8109
10224,케이에스비한국(주),부산광역시 강서구 녹산산업북로313번길 76 (송정동),기타 일반 기계 및 장비 수리업,02-790-4351
10225,케이에스산업,부산광역시 사상구 사상로394번길 12 (덕포동),철도차량 부품 및 관련 장치물 제조업 외 25종,051-803-8662
10226,케이에스엠(주),부산광역시 사상구 낙동대로1016번길 38(감전동),절삭가공 및 유사처리업,051-315-3711
10227,케이에스엠(주),부산광역시 사상구 낙동대로1016번길 42(감전동),절삭가공 및 유사처리업,051-315-3711
10228,케이에스엠(주),부산광역시 사상구 대동로180번길 18 (학장동),절삭가공 및 유사처리업,051-315-3711
10229,케이에스엠(주),부산광역시 사상구 대동로 172 (학장동),절삭가공 및 유사처리업,051-315-3711
10230,케이에스테크,부산광역시 사상구 가야대로133번길 41 (감전동),신발 부분품 제조업,051-325-5551
10231,케이엔디(KND),부산광역시 사상구 새벽로 68-1 (학장동),간판 및 광고물 제조업 외 2종,051-961-2323
10232,케이엔디이주식회사,부산광역시 강서구 녹산산단261로14번길 45-23 (송정동),산업처리공정 제어장비 제조업 외 1종,051-271-4340
10233,케이엔엠,부산광역시 강서구 대저로171번길 179 (대저1동),그 외 기타 분류 안된 금속 가공 제품 제조업 외 1종,051-315-3317
10234,케이엔케이테크,부산광역시 강서구 녹산산단262로50번길 28 (송정동),절삭가공 및 유사처리업,미등록
10235,케이엔테크,부산광역시 강서구 낙동남로533번길 75 (녹산동),선박 구성 부분품 제조업 외 2종,051-831-1197
10236,케이엘씨에스엠 주식회사,부산광역시 강서구 녹산산단46로 13 (송정동),선박 구성 부분품 제조업 외 1종,051-661-6100
10237,케이엘인더스트리,부산광역시 강서구 미음산단3로 152 (미음동),선박 구성 부분품 제조업,051-714-0955
10238,케이엘테크,부산광역시 강서구 대저중앙로286번길 106-36 (대저1동),일반철물 제조업,051-973-8200
10239,케이엠씨(주),부산광역시 사하구 다산로 12-10 (다대동),산업용 냉장 및 냉동 장비 제조업,051-327-0089
10240,케이엠씨피(주),부산광역시 기장군 장안읍 명례산단4로 65-9,합성수지선 건조업 외 2종,051-704-4778
10241,케이엠씨피(주)KMCP,"부산광역시 기장군 장안읍 명례산단7로 106, 한국티엠아이",합성수지선 건조업,051-704-4778
10242,케이엠이(KME),"부산광역시 영도구 해양로123번길 7 (청학동, 코리아마린엔지니어링)","레이더, 항행용 무선기기 및 측량기구 제조업",051-413-6599
10243,케이엠제이(주),"부산광역시 금정구 공단동로41번길 10, 7층 701 (금사동)",생물 의약품 제조업 외 1종,051-757-9889
10244,케이엠지테크 주식회사,부산광역시 강서구 미음국제5로라길 21(미음동),가정용 및 산업용 공기 조화장치 제조업 외 70종,051-831-8088
10245,케이엠티써브마린 주식회사,부산광역시 영도구 해양로135번길 10 (청학동),선박 구성 부분품 제조업,051-418-7666
10246,케이엠패키지,부산광역시 강서구 대저중앙로357번길 18 (대저1동),골판지 상자 및 가공제품 제조업 외 2종,051-265-6244
10247,케이워크웨어,부산광역시 사하구 서포로 7 (구평동),"근무복, 작업복 및 유사의복 제조업 외 5종",051-262-0061
10248,케이원메탈(주),부산광역시 사하구 다산로 244 (장림동),도금업,051-261-8100
10249,케이원산업(주),부산광역시 강서구 생곡산단2로 46 (생곡동),육상 금속 골조 구조재 제조업 외 1종,055-716-2258
10250,케이전열,"부산광역시 강서구 유통단지1로132번길 20, 6호동 (대저2동)","증류기, 열교환기 및 가스발생기 제조업",미등록
10251,케이제이,부산광역시 영도구 대평로28번길 12 (대평동1가),선박 구성 부분품 제조업 외 24종,051-415-6769
10252,케이제이씨 주식회사,부산광역시 강서구 화전산단6로66번길 13 (화전동),"탭, 밸브 및 유사장치 제조업",051-832-9303
10253,케이제이에프(주),부산광역시 강서구 화전산단5로74번길 20(화전동),강관 제조업 외 1종,051-600-9350
10254,케이제이에프(주),부산광역시 강서구 화전산단6로 94 (화전동),강관 제조업 외 1종,051-302-1196
10255,케이제이테크,부산광역시 강서구 대저동서로 102 (대저1동),고무패킹류 제조업,051-972-9823
10256,케이코텍(주),부산광역시 기장군 정관읍 산단7로 8-20,구조용 금속 판제품 및 공작물 제조업 외 13종,051-728-6090
10257,케이타공 주식회사,부산광역시 강서구 미음국제7로 63 (미음동),기타 가공 공작기계 제조업 외 2종,051-294-9985
10258,케이탑밸브(주),부산광역시 강서구 녹산산단261로87번길 22 (송정동),"탭, 밸브 및 유사장치 제조업",051-313-1882
10259,케이테크,부산광역시 강서구 가락대로 700 (생곡동),그 외 기타 일반목적용 기계 제조업,051-831-8541
10260,케이티에스시스템(주),부산광역시 기장군 정관읍 정관로 232-60,배전반 및 전기 자동제어반 제조업 외 1종,051-632-5693
10261,케이티엘(주),부산광역시 기장군 장안읍 명례산단1로 166,육상 금속 골조 구조재 제조업 외 1종,051-532-0470
10262,케이티엠 프로덕트(주),부산광역시 강서구 낙동남로1013번길 42 (명지동),컨베이어장치 제조업 외 1종,051-900-6250
10263,케이피산업,부산광역시 강서구 녹산산업북로313번길 7 (송정동),선박 구성 부분품 제조업,051-941-9756
10264,케이피지코퍼레이션,"부산광역시 사하구 신산로 120, B1층 103호 (신평동)",유압기기 제조업,미등록
10265,켐스코(주),부산광역시 강서구 대저동서로249번길 48 (대저2동),혼성 및 재생 플라스틱 소재 물질 제조업,미등록
10266,코넥스파워(주),"부산광역시 기장군 장안읍 길천길 73, 201-3호(진주오피스텔)","전자기 측정, 시험 및 분석기구 제조업 외 8종",051-724-6886
10267,코드텍   ,부산광역시 기장군 장안읍 반룡산단3로 76,유선 통신장비 제조업 외 6종,051-710-1010
10268,코렉스,부산광역시 강서구 녹산산단77로 58 (송정동),"1차 유리제품, 유리섬유 및 광학용 유리 제조업",051-305-5757
10269,코리아 SHOT,부산광역시 사하구 장평로 49 (장림동),도장 및 기타 피막처리업,051-264-9940
10270,코리아 모빌리티 주식회사,부산광역시 강서구 경전철로188번길 125-7(대저1동),자동차 구조 및 장치 변경업  외 4종,02-1522-4526
10271,코리아 이피테크,부산광역시 사하구 을숙도대로724번길 10 (구평동),그 외 기타 전기장비 제조업,미등록
10272,코리아디자인큐비클(KDC),부산광역시 강서구 평강로211번길 34-17 (대저1동),기타 목재가구 제조업,미등록
10273,코리아마린,부산광역시 강서구 낙동남로533번길 99 (녹산동),기타 선박 건조업 외 3종,070-8631-0111
10274,코리아마린솔루션,"부산광역시 금정구 금샘로 556-1, (3층) (남산동)",그 외 기타 전기장비 제조업 외 1종,051-583-8864
10275,코리아마린테크(주),부산광역시 강서구 미음산단로 361 (미음동),선박 구성 부분품 제조업,051-714-4987
10276,코리아메탈,부산광역시 강서구 화전산단6로90번길 22 (화전동),강관 제조업 외 1종,051-831-7354
10277,코리아이엔티(주),부산광역시 기장군 장안읍 명례산단7로 106,기타 물품 취급장비 제조업 외 6종,051-336-6177
10278,코리아탑금속 주식회사,부산광역시 강서구 대저중앙로357번길 55 (대저1동),구조용 금속 판제품 및 공작물 제조업 외 2종,051-941-2931
10279,코리아토탈엔지니어링(주),부산광역시 강서구 범방3로 20 (범방동),전동기 및 발전기 제조업,051-974-1388
10280,코리아푸드,"부산광역시 수영구 무학로 44, 1층 (광안동)",가금류 가공 및 저장 처리업 외 2종,051-759-0199
10281,코리아플르이드밸브,부산광역시 사상구 새벽시장로 13 (감전동),"탭, 밸브 및 유사장치 제조업 외 21종",051-317-2522
10282,코리얀,부산광역시 강서구 녹산산단382로 17 (송정동),솜 및 실 염색가공업,070-4416-9821
10283,코린주식회사,부산광역시 사상구 사상로341번길 55(덕포동),그 외 기타 전자부품 제조업 외 5종,055-715-8820
10284,코마린,부산광역시 강서구 화전산단5로74번길 26 (화전동),선박 구성 부분품 제조업,051-312-4585
10285,코마텍 유한회사,부산광역시 강서구 울만로 430-20 (대저2동),선박 구성 부분품 제조업 외 1종,051-923-4735
10286,코메스(주),부산광역시 강서구 과학산단로333번길 77-67 (지사동),디지털 적층 성형기계 제조업 외 1종,051-831-1526
10287,코메텍,부산광역시 강서구 호계로79번길 3 (죽동동),그 외 자동차용 신품 부품 제조업 외 3종,051-302-2561
10288,코박스주식회사,부산광역시 동래구 우장춘로 122 (온천동),기타 종이 상자 및 용기 제조업 외 3종,051-557-5051
10289,코베스트(COBEST),부산광역시 강서구 낙동북로31번길 9 (강동동),산업용 로봇 제조업,051-915-7896
10290,코벨코머시너리코리아 주식회사,부산광역시 강서구 녹산산단289로 46(송정동),선박 구성 부분품 제조업,051-205-0794
10291,코벨코어드밴스드루브 시스템 아시아(주),부산광역시 강서구 화전산단6로90번길 13 (화전동),기체 펌프 및 압축기 제조업,051-205-0794
10292,코사라인,부산광역시 연제구 연수로213번길 20 (연산동),셔츠 및 블라우스 제조업 외 1종,051-867-6345
10293,코스맥(주),부산광역시 사상구 사상로439번길 34 (모라동),그 외 기타 일반목적용 기계 제조업 외 3종,051-303-7459
10294,코스타,부산광역시 영도구 해양로 69 (청학동),기타 일반 기계 및 장비 수리업,051-414-5551
10295,코스텍,부산광역시 강서구 가리새1로17번길 15(생곡동),기어 및 동력전달장치 제조업 외 30종,051-324-0090
10296,코스텍,부산광역시 사상구 모덕로27번길 20 (삼락동),유압기기 제조업 외 8종,051-316-1668
10297,코알라컴퍼짓,부산광역시 기장군 장안읍 해맞이로 473-57,탄소섬유 제조업,미등록
10298,코엔펌,"부산광역시 사하구 하신중앙로27번길 17, 509호(장림동, 에이스밀)",그 외 기타 전기장비 제조업,070-4350-5466
10299,코웰정밀(주),부산광역시 강서구 화전산단5로 22 (화전동),유압기기 제조업,051-603-0315
10300,코웰정밀(주),부산광역시 강서구 녹산산단261로 64 (송정동),기체 펌프 및 압축기 제조업,051-603-0321
10301,코트론산업,"부산광역시 남구 신선로 365,  부경대 창업보육센터 신관 105,106,107호 (용당동)",일반용 도료 및 관련제품 제조업,051-333-9027
10302,콘텍,"부산광역시 강서구 과학산단1로60번길 31,  (재)부산테크노파크 시험생산동 102호 (지사동)",배전반 및 전기 자동제어반 제조업,051-974-9682
10303,콜마운틴,부산광역시 강서구 가락대로1182번길 146 (봉림동),기타 신발 제조업,051-818-0780
10304,콤프닥터,부산광역시 강서구 공항로1347번길 88-4 (대저1동),기체 펌프 및 압축기 제조업,051-313-8080
10305,쿡탑-K,부산광역시 사상구 대동로 121-14 (학장동),수동식 식품 가공기기 및 금속 주방용기 제조업 외 1종,051-305-0082
10306,큐디자인,부산광역시 기장군 정관읍 달음산길 17,기타 구조용 금속제품 제조업,051-717-3607
10307,큐라이트,부산광역시 기장군 기장읍 동서길 84-2,전시 및 광고용 조명장치 제조업,미등록
10308,큐리어스(주)    ,부산광역시 기장군 장안읍 장안산단9로 74 ((주)한양공업),기어 및 동력전달장치 제조업 외 1종,051-321-0005
10309,큐벤시스,부산광역시 사하구 장평로71번길 33 (장림동),기타 가정용 전기기기 제조업,미등록
10310,큐알피테크,부산광역시 강서구 미음산단1로15번길 53 (구랑동),선박 구성 부분품 제조업 외 1종,051-301-1155
10311,큐알피테크2공장,부산광역시 강서구 미음산단3로 55 (미음동),선박 구성 부분품 제조업,070-4875-7004
10312,크레더블,"부산광역시 부산진구 연수로 49-1, 2층(양정동)",남자용 겉옷 제조업 외 6종,051-852-5502
10313,크린테크(주),부산광역시 해운대구 반송로525번길 25 (석대동),가정용 및 산업용 공기 조화장치 제조업 외 1종,051-203-0781
10314,크린테크(주),부산광역시 강서구 과학산단로333번길 32 (지사동),"증류기, 열교환기 및 가스발생기 제조업 외 1종",051-203-0781
10315,큰바위얼굴F&B,부산광역시 사하구 다대로354번길 51 (장림동),과자류 및 코코아 제품 제조업,051-262-3266
10316,큰바위얼굴F&B,부산광역시 사하구 다대로354번길 54 (장림동),주형 및 금형 제조업,051-266-8698
10317,클라크지게차부산(주),부산광역시 강서구 미음산단로295번길 15 (미음동),건설.광업용 기계 및 장비 수리업 외 1종,051-313-2316
10318,클레어드보떼,"부산광역시 남구 신선로 365, 창업보육센터 507호(용당동, 부경대학교용당캠퍼스)",화장품 제조업,070-4090-2451
10319,클루텍,부산광역시 강서구 대부길 285 (강동동),금속탱크 및 저장용기 제조업 외 7종,051-973-1434
10320,클린하이크,부산광역시 사하구 다대로354번안길 60(장림동),그 외 기타 플라스틱 제품 제조업,미등록
10321,키디폴,부산광역시 부산진구 신암로83번길 30 (범천동),셔츠 및 블라우스 제조업 외 4종,051-635-4085
10322,키친블랑,부산광역시 기장군 정관읍 산단3로 47,주방용 및 음식점용 목재가구 제조업,미등록
10323,킴스미 Kim's Mi,"부산광역시 동구 중앙대로296번길 3-3, 5층 505호(초량동)",모조 귀금속 및 모조 장신용품 제조업,ARS-1877-2038
10324,킴스아웃도어,"부산광역시 해운대구 해운대로61번길 72, 1층, 지하1층 (반여동)","천막, 텐트 및 유사 제품 제조업 외 1종",051-781-0817
10325,킴스웰딩 ,부산광역시 기장군 장안읍 장안산단1로 12-15,그 외 기타 전기장비 제조업,051-728-7186
10326,킴테크,부산광역시 영도구 해양로188번길 16 (청학동),선박 구성 부분품 제조업 외 3종,051-417-9316
10327,타브 주식회사,"부산광역시 남구 신선로 365, 산학협력관 412호(용당동, 부경대학교용당캠퍼스)",전동기 및 발전기 제조업,070-8841-9477
10328,타스글로벌,부산광역시 사상구 감전천로 137 (감전동),기타 구조용 금속제품 제조업,051-715-6508
10329,타워포장산업,"부산광역시 사상구 낙동대로841번길 9 (감전동, 타워포장산업)","용기 세척, 포장 및 충전기 제조업",051-326-0402
10330,타코스,"부산광역시 해운대구 센텀중앙로 78, 904, 906, 907, 908, B108호(우동, 센텀그린타워)",비주거용 건물 임대업,051-208-8357
10331,타펨코리아,"부산광역시 연제구 중앙대로1038번길 54 (연산동, 효성아파트)","근무복, 작업복 및 유사의복 제조업 외 1종",051-553-6446
10332,탈렌트엘엔지(주),부산광역시 강서구 미음산단로 388 (미음동),선박 구성 부분품 제조업 외 4종,051-715-1290
10333,탑 TOP LEE EUN JUNG,"부산광역시 동구 자성공원로 7, 우제빌딩 4층(범일동)","근무복, 작업복 및 유사의복 제조업 외 4종",미등록
10334,탑마린엔지니어링앤드서비스(주),부산광역시 영도구 해양로65번길 12 (청학동),선박 구성 부분품 제조업,051-415-0877
10335,탑메드,부산광역시 강서구 대저동서로 73 (대저1동),전기식 진단 및 요법 기기 제조업,051-302-7710
10336,탑스틸,부산광역시 강서구 녹산산단381로40번길 53 (송정동),절삭가공 및 유사처리업,051-831-1901
10337,탑앤케이코리아 주식회사,부산광역시 강서구 공항로1409번길 61-5(대저1동),유압기기 제조업 외 46종,051-328-1155
10338,탑클래스안경체인,부산광역시 기장군 장안읍 오리산단8로 7,동력식 수지공구 제조업 외 1종,051-802-1011
10339,탑트레이드,부산광역시 강서구 평강로171번길 34(대저1동),그 외 기타 분류 안된 섬유제품 제조업,051-802-8260
10340,태강기업,"부산광역시 사상구 새벽로194번길 19, 1층(괘법동, 부일컴퓨터세탁)",기체 펌프 및 압축기 제조업,051-313-9053
10341,태건기업사,"부산광역시 영도구 남항남로9번길 15,  (일부) (남항동3가)",선박 구성 부분품 제조업,051-413-0246
10342,태경 인더스트리,부산광역시 사하구 신산로 180 (신평동),주형 및 금형 제조업,미등록
10343,태경비철금속,부산광역시 금정구 개좌로 213 (회동동),기타 1차 비철금속 제조업,051-531-7763
10344,태경산업,부산광역시 사하구 하신중앙로3번길 60-7 (장림동),그 외 기타 플라스틱 제품 제조업,051-947-7483
10345,태경섬유,부산광역시 해운대구 삼어로 173 (반여동),화학섬유직물 직조업 외 1종,051-545-7344
10346,태경전기,부산광역시 강서구 상덕로119번길 61 (강동동),전동기 및 발전기 제조업 외 25종,051-925-9270
10347,태경전기,"부산광역시 사상구 모라로192번길 9, 303호 (모라동, 모라아파트형공장)",액체 펌프 제조업 외 22종,051-303-2621
10348,태광,"부산광역시 사하구 하신중앙로 109, 2층(신평동)",일반철물 제조업,051-293-4072
10349,태광공업사,부산광역시 강서구 미음산단로 156 (구랑동),주형 및 금형 제조업,051-326-8849
10350,태광금속,부산광역시 강서구 낙동북로126번길 9 (강동동),그 외 자동차용 신품 부품 제조업 외 18종,051-941-4712
10351,태광금속(주),부산광역시 강서구 녹산산업중로 409 (송정동),그 외 기타 1차 철강 제조업 외 1종,051-831-5177
10352,태광금속(주),부산광역시 강서구 녹산산업중로 415 (송정동),그 외 기타 1차 철강 제조업,051-205-5177
10353,태광기계,부산광역시 사상구 새벽로215번길 135 (괘법동),기어 및 동력전달장치 제조업,051-328-4880
10354,태광기업,부산광역시 강서구 평강로193번길 21-22 (대저1동),그 외 기타 전자부품 제조업 외 1종,미등록
10355,태광명판사,"부산광역시 사상구 새벽시장로 100, 1층  (감전동)",스크린 인쇄업,051-324-0661
10356,태광물산(주),부산광역시 연제구 월드컵대로164번길 17 (연산동),"전기회로 개폐, 보호장치 제조업 외 1종",051-866-8111
10357,태광산업(주),부산광역시 금정구 구서동 90번지,화학섬유 방적업 외 2종,051-582-3871
10358,태광산업(주)반여공장,부산광역시 해운대구 선수촌로 202-13 (반여동),화학섬유 방적업,051-522-4031
10359,태광산업사,부산광역시 강서구 녹산산단289로 32 (송정동),유압기기 제조업 외 41종,051-831-1801
10360,태광섬유,부산광역시 강서구 녹산산단362로 9 (송정동),솜 및 실 염색가공업,051-831-6191
10361,태광이엔지,부산광역시 기장군 장안읍 기룡길 7,구조용 금속 판제품 및 공작물 제조업,051-728-4016
10362,태광이엔지,부산광역시 강서구 녹산산업중로61번길 22 (송정동),그 외 기타 금속가공업,051-972-0233
10363,태광전기공업사,부산광역시 영도구 남항서로82번길 54-1 (남항동3가),배전반 및 전기 자동제어반 제조업,051-415-0229
10364,태광정밀,부산광역시 기장군 정관면 산단4로 2-24,볼트 및 너트류 제조업 외 2종,051-523-0680
10365,태광정밀,부산광역시 사상구 모라로6번길 35 (삼락동),절삭가공 및 유사처리업,051-312-1086
10366,태광정밀,부산광역시 사상구 학장로135번길 85 (학장동),"탭, 밸브 및 유사장치 제조업 외 1종",051-816-0066
10367,태광제재소,"부산광역시 금정구 반송로 407 (금사동, 하이마트)",일반 제재업,051-523-1042
10368,태광창호 주식회사,부산광역시 강서구 평강로211번길 11 (대저1동),플라스틱 창호 제조업,051-301-7801
10369,태광화학,부산광역시 강서구 낙동북로138번길 86-25 (강동동),자동차용 신품 의자 제조업 외 2종,051-303-2344
10370,태광후지킨 주식회사,부산광역시 강서구 화전산단3로 32 (화전동),"탭, 밸브 및 유사장치 제조업",051-608-6535
10371,태광후지킨(주),부산광역시 강서구 녹산산단261로87번길 13 (송정동),"탭, 밸브 및 유사장치 제조업",051-608-6535
10372,태동ENG,부산광역시 강서구 대저동서로229번길 42 (대저2동),주형 및 금형 제조업,051-971-8097
10373,태동금속,부산광역시 사상구 가야대로214번길 20 (학장동),도금업,051-315-3977
10374,태륭정밀(주),부산광역시 사하구 다산로175번길 55 (다대동),금속탱크 및 저장용기 제조업 외 4종,051-265-8511
10375,태리제화,"부산광역시 사상구 낙동대로943번길 235, 104호 (감전동)",구두류 제조업 외 1종,051-808-9242
10376,태림유공압,부산광역시 사상구 사상로440번길 15 (모라동),유압기기 제조업 외 1종,051-301-8055
10377,태림이엔지,부산광역시 영도구 해양로 24-11 (청학동),선박 구성 부분품 제조업,051-415-0305
10378,태림하이테크,부산광역시 강서구 녹산산단261로23번길 19 (송정동),절삭가공 및 유사처리업,051-303-0850
10379,태림화학,부산광역시 사하구 신산북로 30 (신평동),플라스틱 필름 제조업 외 1종,051-206-2307
10380,태명,부산광역시 강서구 평강로385번길 61 (대저1동),기타 직물제품 제조업,미등록
10381,태명수산,부산광역시 사하구 장평로146번길 8 (장림동),기타 수산동물 가공 및 저장 처리업,051-266-3334
10382,태보정밀,부산광역시 강서구 제도로 975-15 (강동동),절삭가공 및 유사처리업,미등록
10383,태산금속,부산광역시 사상구 새벽로91번길 17 (학장동),선철주물 주조업,051-311-9623
10384,태산기계,부산광역시 사상구 모덕로95번길 40-13 (모라동),산업처리공정 제어장비 제조업,051-632-5577
10385,태산산업,부산광역시 강서구 공항로361번가길 67 (대저2동),"탭, 밸브 및 유사장치 제조업",051-972-1433
10386,태산어패럴,"부산광역시 북구 만덕2로29번길 19, 1층 (만덕동)",남자용 겉옷 제조업 외 6종,미등록
10387,태산정밀,부산광역시 강서구 공항로811번나길 22 (대저2동),절삭가공 및 유사처리업,051-323-9608
10388,태상산업(주),부산광역시 기장군 정관읍 용수공단1길 33,강관 제조업 외 3종,051-727-4530
10389,태선냉열공업사,"부산광역시 사하구 사하로156번길 9-1, 1층 (괴정동)",선박 구성 부분품 제조업,051-243-4287
10390,태성,"부산광역시 금정구 개좌로 101, 지하1층, 1층일부 (금사동)",기타 직물제품 제조업 외 19종,미등록
10391,태성금속 주식회사,부산광역시 사상구 대동로209번길 45 (학장동),그 외 기타 금속가공업,051-313-1001
10392,태성금속열처리,부산광역시 사상구 대동로179번길 46 (학장동),금속 열처리업,051-324-2455
10393,태성물산(주),부산광역시 사하구 다대로 169 (신평동),"라이터, 연소물 및 흡연용품 제조업 외 1종",051-201-3155
10394,태성산업,부산광역시 사상구 새벽로17번길 20 (학장동),"고무, 화학섬유 및 플라스틱 성형기 제조업",051-317-0822
10395,태성산업,부산광역시 강서구 대저중앙로237번길 15-7 (대저1동),주형 및 금형 제조업,051-303-2787
10396,태성산업,부산광역시 사하구 다산로225번길 30 (장림동),도금업,051-263-9977
10397,태성산업,부산광역시 강서구 공항로339번길 168-16 (대저2동),철도차량 부품 및 관련 장치물 제조업 외 8종,051-341-2224
10398,태성산업,부산광역시 사하구 다대로1066번길 64-12 (장림동),그 외 자동차용 신품 부품 제조업 외 3종,051-262-7095
10399,태성산업기계,부산광역시 사상구 강변대로456번길 33-20 (엄궁동),그 외 기타 일반목적용 기계 제조업 외 1종,051-316-0703
10400,태성상사,부산광역시 사하구 장평로71번길 9 (장림동),반려동물용 사료 제조업 외 2종,051-265-0249
10401,태성선박,부산광역시 영도구 남항서로82번길 23 (남항동2가),선박 구성 부분품 제조업,051-417-8028
10402,태성스틸,부산광역시 강서구 공항앞길85번길 134-1 (대저2동),"알루미늄 압연, 압출 및 연신제품 제조업",051-941-2178
10403,태성스틸,부산광역시 강서구 과학산단로333번길 77-8 (지사동),선박 구성 부분품 제조업,051-972-0089
10404,태성스틸,부산광역시 강서구 미음산단3로 130 (미음동),선박 구성 부분품 제조업,051-972-0089
10405,태성엔텍(주),부산광역시 강서구 낙동남로533번길 89 (녹산동),액체 펌프 제조업 외 18종,051-714-7132
10406,태성정공,"부산광역시 사상구 새벽로17번길 49-13(학장동, 태성정공)",금속 단조제품 제조업,051-868-7157
10407,태성정밀,부산광역시 강서구 제도로 30-16 (명지동),볼트 및 너트류 제조업 외 2종,051-322-5350
10408,태성정밀,부산광역시 강서구 대저중앙로286번길 90-6 (대저1동),"기타 섬유, 의복 및 가죽 가공 기계 제조업",051-301-5591
10409,태승엔지니어링,부산광역시 영도구 남항서로 12-10 (남항동3가),선박 구성 부분품 제조업,051-412-0493
10410,태승정밀,부산광역시 강서구 대저중앙로286번길 104-1 (대저1동),주형 및 금형 제조업 외 4종,051-301-4846
10411,태신기계공업사,부산광역시 강서구 녹산산단261로88번길 8 (송정동),그 외 기타 일반목적용 기계 제조업 외 1종,051-831-5312
10412,태신전기,부산광역시 사상구 낙동대로916번길 58 (감전동),그 외 기타 전기장비 제조업 외 2종,051-317-4326
10413,태아염색,부산광역시 사하구 하신번영로107번길 6 (신평동),솜 및 실 염색가공업,미등록
10414,태아정밀,부산광역시 사상구 낙동대로1436번길 47 (삼락동),금속 절삭기계 제조업,051-305-6005
10415,태양,부산광역시 강서구 대저중앙로357번길 23 (대저1동),전기용 탄소제품 및 절연제품 제조업,051-831-3664
10416,태양MK,부산광역시 금정구 반송로 381 (서동),금속 위생용품 제조업 외 7종,051-532-0084
10417,태양금속,부산광역시 강서구 녹산산업중로 387 (송정동),그 외 기타 1차 철강 제조업 외 1종,051-831-6400
10418,태양금속,부산광역시 사상구 감전천로 166 (학장동),"도금, 착색 및 기타 표면처리강재 제조업",051-315-2013
10419,태양기계,부산광역시 강서구 해포3길 30 (봉림동),금속 절삭기계 제조업,051-971-1889
10420,태양디지털솔루션,"부산광역시 부산진구 양지로8번길 13, 1층 (양정동)",경 인쇄업 외 2종,051-867-1017
10421,태양산업,부산광역시 기장군 정관읍 산단4로 2-76,플라스틱 접착처리 제품 제조업,051-522-8599
10422,태양산업,부산광역시 강서구 녹산산업중로167번길 36 (송정동),"1차 유리제품, 유리섬유 및 광학용 유리 제조업 외 1종",051-831-3661
10423,태양산업,부산광역시 강서구 제도로1092번다길 111-8 (강동동),기타 신발 제조업,051-714-7031
10424,태양상사,부산광역시 강서구 공항로1347번길 102-1 (대저1동),모피 및 가죽 제조업,051-973-9794
10425,태양스프링,부산광역시 강서구 대저중앙로 314-1 (대저1동),금속 스프링 제조업,051-972-2087
10426,태양엔지니어링,부산광역시 사상구 사상로386번길 6 (덕포동),기타 전기 변환장치 제조업 외 1종,051-305-1527
10427,태양열기,부산광역시 기장군 정관면 산단4로 72,금속탱크 및 저장용기 제조업 외 1종,051-525-3234
10428,태양이엔지,부산광역시 강서구 신포길83번길 28 (명지동),기체 여과기 제조업 외 4종,051-941-2804
10429,태양전공,부산광역시 영도구 대평북로 49 (대평동2가),배전반 및 전기 자동제어반 제조업 외 4종,051-416-9956
10430,태양전자,부산광역시 강서구 평강로171번길 257-3 (대저1동),기타 전기 변환장치 제조업 외 3종,051-832-2110
10431,태양전자공업,"부산광역시 금정구 공단동로41번길 10,  보림팩토피아 708호 (금사동)",그 외 기타 전자부품 제조업 외 1종,051-522-0932
10432,태양정밀,부산광역시 금정구 공단동로41번길 21 (금사동),그 외 자동차용 신품 부품 제조업 외 3종,051-531-2292
10433,태양정밀조명,부산광역시 금정구 범어천로52번길 20 (남산동),운송장비용 조명장치 제조업 외 1종,051-582-5950
10434,태양지업(주),"부산광역시 사상구 사상로447번길 40 (모라동, (주)태양지업)",인쇄용 및 필기용 원지 제조업 외 4종,051-302-2991
10435,태양화학,부산광역시 강서구 제도로1092번다길 111-10 (강동동),기타 신발 제조업,051-714-5059
10436,태양후렘,부산광역시 금정구 공단동로55번길 1 (금사동),간판 및 광고물 제조업 외 5종,051-526-3556
10437,태양후렘제작소,"부산광역시 사상구 새벽로91번길 27 (학장동, 아주디자인산업(주))",간판 및 광고물 제조업 외 7종,051-327-5478
10438,태언기전,"부산광역시 영도구 남항서로 6-10 (남항동3가, 태언기전공장)",선박 구성 부분품 제조업,051-413-6454
10439,태연기계(주)  ,부산광역시 기장군 정관읍 산단4로 103,디지털 적층 성형기계 제조업,051-720-3823
10440,태영금속,부산광역시 사상구 학장로 237-20 (학장동),선철주물 주조업,051-324-6752
10441,태영기업,부산광역시 강서구 낙동북로138번길 86-18 (강동동),그 외 기타 금속가공업,051-301-2021
10442,태영기업사,부산광역시 강서구 녹산산단262로59번길 31 (송정동),강관 제조업 외 1종,051-831-1671
10443,태영디엔씨(주),부산광역시 강서구 대저로63번길 70-5(대저1동),그 외 기타 플라스틱 제품 제조업,미등록
10444,태영메탈(주),부산광역시 강서구 녹산산단290로 27-22 (송정동),강주물 주조업 외 2종,051-972-0100
10445,태영산업,부산광역시 강서구 녹산산업중로 32-21 (송정동),그 외 기타 고무제품 제조업,051-973-2562
10446,태영산업,부산광역시 강서구 과학산단2로43번길 50 (지사동),"금속 문, 창, 셔터 및 관련제품 제조업",051-832-5554
10447,태영산업,부산광역시 사하구 감천항로190번길 42 (구평동),날붙이 제조업,051-265-9202
10448,태영스텐니플,"부산광역시 사상구 낙동대로960번길 48 (감전동, 태영스텐니플)",그 외 기타 분류 안된 금속 가공 제품 제조업 외 1종,051-326-2816
10449,태영스틸 주식회사,부산광역시 강서구 미음국제4로 47 (미음동),절삭가공 및 유사처리업,051-941-1460
10450,태영엔지니어링,부산광역시 영도구 대평남로 56 (대평동2가),선박 구성 부분품 제조업,051-414-2827
10451,태영엔텍,부산광역시 사하구 다산로175번길 35 (다대동),선박 구성 부분품 제조업,051-261-3405
10452,태영정밀,부산광역시 강서구 낙동북로138번길 31 (강동동),주형 및 금형 제조업,051-301-6817
10453,태영정밀,부산광역시 사상구 모덕로95번길 6 (모라동),절삭가공 및 유사처리업,051-327-9710
10454,태영정밀,"부산광역시 강서구 녹산산업중로 113, 3호동 B호 (송정동)",그 외 기타 특수목적용 기계 제조업 외 1종,051-831-8210
10455,태영종합열처리(주),부산광역시 사하구 다산로78번길 24 (다대동),금속 열처리업,051-264-1991
10456,태영종합열처리(주),부산광역시 사하구 다산로78번길 21 (다대동),금속 열처리업 외 1종,051-266-8791
10457,태영케미컬(주),부산광역시 사상구 사상로426번길 13 (모라동),기타 기초 무기 화학물질 제조업 외 4종,051-301-1245
10458,태영코퍼레이션 주식회사,부산광역시 강서구 녹산화전로 126-13 (화전동),"탭, 밸브 및 유사장치 제조업",051-831-1671
10459,태영코퍼레이션(주),부산광역시 강서구 미음국제5로마길 7 (미음동) 태영코퍼레이션,"탭, 밸브 및 유사장치 제조업",051-831-1671
10460,태영테크,부산광역시 강서구 녹산산단361로 39 (송정동),도장 및 기타 피막처리업,051-831-3550
10461,태왕상사,부산광역시 강서구 낙동북로126번길 16-31 (강동동),기타 신발 제조업,미등록
10462,태우섬유,부산광역시 강서구 녹산산단382로 13-17 (송정동),"직물, 편조원단 및 의복류 염색 가공업",051-305-4888
10463,태욱섬유,부산광역시 사하구 신산로29번길 28 (신평동),화학섬유직물 직조업,051-292-9106
10464,태운,부산광역시 강서구 공작길 75 (강동동),주형 및 금형 제조업,051-322-7822
10465,태웅 ENG,부산광역시 강서구 평강로229번길 112-26 (대저1동),"증류기, 열교환기 및 가스발생기 제조업",051-831-1224
10466,태웅M&I,부산광역시 강서구 낙동북로108번길 50 (강동동),그 외 기타 플라스틱 제품 제조업,미등록
10467,태웅기업,부산광역시 강서구 상덕로97번길 113 (강동동),어망 및 기타 끈 가공품 제조업,051-973-2550
10468,태웅기업,부산광역시 강서구 가락대로 1371-1 (봉림동),어망 및 기타 끈 가공품 제조업,미등록
10469,태웅엠피,부산광역시 강서구 낙동북로108번길 48 (강동동),그 외 자동차용 신품 부품 제조업 외 3종,051-313-3061
10470,태원,부산광역시 강서구 과학산단로 194-11 (지사동),선박 구성 부분품 제조업,미등록
10471,태원금속,부산광역시 사상구 낙동대로1428번길 27 (삼락동),강주물 주조업,051-301-6877
10472,태원기계,"부산광역시 사상구 장인로37번길 13-25 (감전동, 태원기계)",그 외 기타 특수목적용 기계 제조업 외 1종,051-316-2793
10473,태원산업(주),부산광역시 사하구 다산로 232 (장림동),도금업,051-265-8323
10474,태원엔지니어링,부산광역시 영도구 해양로 69 (청학동),선박 구성 부분품 제조업,051-418-8885
10475,태원테크,부산광역시 강서구 세산길 402-1 (미음동),그 외 자동차용 신품 부품 제조업 외 3종,051-972-8973
10476,태원화학,부산광역시 강서구 녹산산단231로 70 (송정동),계면활성제 제조업 외 2종,051-831-3210
10477,태인이엔지,부산광역시 강서구 미음산단4로 190(미음동),자동차 엔진용 신품 부품 제조업,051-832-0165
10478,태인종합상사,부산광역시 영도구 청학동 217-107번지,금속선 가공제품 제조업,051-415-1194
10479,태인철강,부산광역시 강서구 녹산산단262로49번길 56 (송정동),그 외 기타 1차 철강 제조업,051-831-5440
10480,태일공업사,부산광역시 사상구 낙동대로1310번길 55 (삼락동),강관 제조업 외 1종,051-311-8605
10481,태일금속(주),부산광역시 사상구 낙동대로1318번길 20 (삼락동),그 외 기타 분류 안된 금속 가공 제품 제조업,051-311-1171
10482,태일기공,"부산광역시 사상구 대동로239번길 40 (학장동, 태일기공)",선박 구성 부분품 제조업,051-327-3434
10483,태일스프링,부산광역시 강서구 신호산단3로88번길 17 (신호동),금속 스프링 제조업,051-261-9495
10484,태일이엔지 ,부산광역시 사상구 학장로63번길 29 (학장동),음ㆍ식료품 및 담배 가공기계 제조업 외 1종,051-312-8177
10485,태전사,부산광역시 강서구 화전산단6로90번길 20 (화전동),변압기 제조업,051-271-1755
10486,태정아이앤티(주),부산광역시 기장군 정관읍 정관로 923-22,기타 기계.장비 조립용 플라스틱 제품 제조업,051-727-5171
10487,태정테크,부산광역시 강서구 미음국제5로가길 19 (미음동),절삭가공 및 유사처리업,051-831-0042
10488,태종부라쉬,부산광역시 강서구 공항로811번나길 71 (대저2동),비 및 솔 제조업,미등록
10489,태진,부산광역시 기장군 장안읍 반룡산단3로 40,그 외 자동차용 신품 부품 제조업,051-727-7976
10490,태진금속,부산광역시 강서구 낙동남로583번길 66 (녹산동),강관 제조업 외 1종,051-973-5977
10491,태진금속열처리,부산광역시 강서구 과학산단2로19번길 112 (지사동),금속 열처리업,051-971-6412
10492,태진산업전기,부산광역시 기장군 정관읍 산단5로 36-14,전구 및 램프 제조업 외 3종,052-267-6868
10493,태진선박공업사,부산광역시 영도구 대평로28번길 7 (대평동1가),선박 구성 부분품 제조업,051-418-2883
10494,태진엔지니어링   ,부산광역시 기장군 장안읍 장안산단1로 92,액체 여과기 제조업,051-721-8161
10495,태진정공,부산광역시 사하구 다산로105번길 20 (다대동),기타 기관 및 터빈 제조업,051-261-8662
10496,태진정밀,"부산광역시 사상구 낙동대로960번길 52 (감전동, 태진정밀)",그 외 기타 분류 안된 금속 가공 제품 제조업 외 1종,051-325-2471
10497,태창,부산광역시 사하구 신산북로 9 (신평동),비주거용 건물 임대업,051-204-4883
10498,태창산업,부산광역시 강서구 맥도길205번길 163 (대저2동),금속탱크 및 저장용기 제조업 외 5종,미등록
10499,태창정공(주),"부산광역시 강서구 녹산산단261로14번길 51,  (송정동,1612-4) (송정동)",절삭가공 및 유사처리업 외 2종,051-831-5005
10500,태창정밀,"부산광역시 사상구 사상로439번길 20 (모라동, 태창정밀)",그 외 자동차용 신품 부품 제조업 외 9종,051-302-4249
10501,태한(주),부산광역시 사상구 가야대로103번길 12 (감전동),그 외 기타 1차 철강 제조업 외 49종,051-714-1295
10502,태한(주),"부산광역시 사상구 가야대로103번길 10(감전동, 태한 ST)",그 외 기타 1차 철강 제조업 외 48종,051-714-1295
10503,태한산업주식회사,부산광역시 기장군 정관읍 산단5로 100-295,그 외 자동차용 신품 부품 제조업 외 3종,미등록
10504,태한주식회사,부산광역시 강서구 가리새2로13번길 14(생곡동),그 외 기타 1차 철강 제조업 외 31종,051-316-1235
10505,태현기계,부산광역시 강서구 녹산산업중로 113 (송정동),컨베이어장치 제조업 외 1종,051-831-0844
10506,태화E&P,부산광역시 강서구 녹산산단262로49번길 24 (송정동),그 외 기타 분류 안된 금속 가공 제품 제조업 외 1종,051-831-9944
10507,태화ENG,부산광역시 강서구 죽동길405번길 45-9 (죽동동),기체 여과기 제조업,070-4247-0121
10508,태화금속공업사,부산광역시 강서구 녹산산단261로31번길 28 (송정동),도금업,051-832-0515
10509,태화기계,부산광역시 사상구 낙동대로960번길 61 (감전동),육상 금속 골조 구조재 제조업 외 1종,051-324-2714
10510,태화냉동,"부산광역시 영도구 남항서로82번길 29-13(남항동2가, 태화냉동설비)",선박 구성 부분품 제조업,051-415-3077
10511,태화목형,부산광역시 강서구 가락대로1397번길 103 (봉림동),주형 및 금형 제조업,051-831-9054
10512,태화산업,부산광역시 강서구 호계로103번길 7 (죽동동),절삭가공 및 유사처리업,051-972-9761
10513,태화산업사,"부산광역시 수영구 좌수영로179번길 9 (망미동, 태화산업사)","박판, 합판 및 유사 적층판 제조업",051-754-3288
10514,태화어구,부산광역시 부산진구 중앙대로824번길 32-13 (전포동),낚시 및 수렵용구 제조업,051-808-9887
10515,태화정밀,부산광역시 강서구 낙동북로153번길 119 (강동동),자동차용 금속 압형제품 제조업 외 6종,051-973-7974
10516,태화정밀,부산광역시 강서구 낙동북로126번길 28 (강동동),그 외 자동차용 신품 부품 제조업 외 3종,미등록
10517,태화정밀,"부산광역시 사상구 사상로333번길 9 (덕포동, 태화정밀)",그 외 자동차용 신품 부품 제조업 외 3종,051-302-2231
10518,태화정밀공업(주),부산광역시 강서구 미음국제4로 40 (미음동),자동차용 금속 압형제품 제조업 외 1종,051-801-1800
10519,태화프라스틱,"부산광역시 강서구 녹산산단290로 27-7, (송정동, 1729-12) (송정동) (총 2 필지)",운송장비 조립용 플라스틱제품 제조업 외 1종,051-831-4331
10520,태화프라스틱(주),부산광역시 강서구 녹산산단290로 27-6 (송정동),운송장비 조립용 플라스틱제품 제조업 외 5종,051-831-4331
10521,태화피앤엠,부산광역시 강서구 미음국제5로다길 18(미음동),그 외 자동차용 신품 부품 제조업 외 1종,미등록
10522,태환테크,부산광역시 사상구 새벽로45번길 26(학장동),절삭가공 및 유사처리업,051-711-1690
10523,태흥O&S,부산광역시 강서구 낙동북로60번길 4-1 (강동동),"금속 문, 창, 셔터 및 관련제품 제조업",051-316-3461
10524,태흥금속,"부산광역시 사상구 낙동대로970번길 55,  외1필지 (감전동)",볼트 및 너트류 제조업 외 2종,051-311-5803
10525,태흥메탈(주),부산광역시 강서구 녹산산단382로49번길 40 (송정동),절삭가공 및 유사처리업,051-325-4261
10526,태흥산업,부산광역시 강서구 대저중앙로347번길 56 (대저1동),주형 및 금형 제조업,051-302-9837
10527,태흥산업,"부산광역시 사상구 사상로319번길 62 (덕포동, 태흥산업)",운송장비 조립용 플라스틱제품 제조업 외 2종,051-302-9837
10528,태흥수산,"부산광역시 사하구 다대로605번길 9, 2층, 3호 (다대동)",기타 수산동물 가공 및 저장 처리업,051-261-0735
10529,태흥이기공업사,부산광역시 사하구 장평로 261 (신평동),톱 및 호환성 공구 제조업,051-523-8496
10530,태흥이기공업사,부산광역시 기장군 정관면 농공길 2-57,톱 및 호환성 공구 제조업,051-523-8496
10531,태흥정공,"부산광역시 사상구 대동로179번길 52 (학장동, 태흥정공)",그 외 기타 일반목적용 기계 제조업 외 1종,051-324-3024
10532,태흥케이블조명,"부산광역시 동래구 안락로 101 (안락동, 킹마트)",전시 및 광고용 조명장치 제조업 외 1종,051-524-0824
10533,택트전자(주),부산광역시 기장군 정관면 산단1로 66-3 (택트전자(주)),그 외 기타 전자부품 제조업 외 1종,051-728-6471
10534,탱커토탈서비스,부산광역시 사하구 감천항로 221-9 (구평동),선박 구성 부분품 제조업,미등록
10535,탱크테크(주),부산광역시 사하구 구평로16번길 11 (구평동),선박 구성 부분품 제조업,051-979-1600
10536,탱크테크(주),부산광역시 강서구 녹산산단27로 127 (송정동),분사기 및 소화기 제조업,051-979-1600
10537,탱크테크(주),부산광역시 사하구 구평로16번길 11 (구평동),선박 구성 부분품 제조업,051-979-1600
10538,탱크테크(주) 2공장,부산광역시 강서구 낙동남로533번길 14 (녹산동),강선 건조업,051-979-1611
10539,터보파워텍(주),부산광역시 사하구 다산로105번길 20 (다대동),기타 기관 및 터빈 제조업 외 1종,051-264-2950
10540,터보파워텍(주),부산광역시 사하구 다산로 117 (다대동),기타 기관 및 터빈 제조업 외 1종,051-264-2950
10541,터보파워텍(주),부산광역시 사하구 다산로 107 (다대동),기타 기관 및 터빈 제조업 외 3종,051-264-2950
10542,터보파워텍(주),부산광역시 사하구 다산로105번길 20,기타 기관 및 터빈 제조업,051-264-2950
10543,테란,부산광역시 강서구 낙동북로138번길 86-27 (강동동),그 외 기타 특수목적용 기계 제조업,미등록
10544,테오텍주식회사,부산광역시 사하구 다산로 177 (다대동),선박 구성 부분품 제조업,미등록
10545,테이스티플랫폼,부산광역시 기장군 일광면 곡천길 371-5,가금류 가공 및 저장 처리업,051-512-2288
10546,테크윤,부산광역시 강서구 체육공원로6번길 161-14 (대저1동),산업용 송풍기 및 배기장치 제조업,051-313-3182
10547,테호로프스코리아(주),부산광역시 강서구 미음산단4로 146 (미음동),금속선 가공제품 제조업,미등록
10548,텐퍼센트 로스터스,부산광역시 기장군 장안읍 오리산단로 185,커피 가공업,051-995-7779
10549,토국기업,부산광역시 기장군 장안읍 하근3길 27,그 외 기타 특수목적용 기계 제조업 외 2종,051-727-3278
10550,토리전자,"부산광역시 금정구 부산대학로63번길 2, 효원산학협동관 304-B동(장전동, 부산대학교)",그 외 기타 전자부품 제조업,051-802-2083
10551,토마스코퍼레이션(주),"부산광역시 동구 중앙대로286번길 7-3, 1,2층 (초량동)",선박 구성 부분품 제조업,051-441-8088
10552,토마토전자(주),"부산광역시 부산진구 전포대로223번길 15, 309호 (전포동)",교통 신호장치 제조업 외 3종,051-809-8366
10553,토미테크,부산광역시 사하구 다대로354번안길 72 (장림동),운송장비 조립용 플라스틱제품 제조업 외 1종,051-261-8783
10554,토비모르 아시아 유한회사,부산광역시 기장군 장안읍 장안산단2로 53,그 외 기타 특수목적용 기계 제조업,051-728-3966
10555,토속마을,부산광역시 기장군 일광면 화용길 44-8,장류 제조업,미등록
10556,토에이엔지니어링코리아(주),부산광역시 강서구 녹산산단261로31번길 19 (송정동),도금업 외 1종,051-831-4789
10557,토탈마린주식회사,부산광역시 영도구 해양로 61 (청학동),철강선 제조업,051-413-9787
10558,토탈서비스 주식회사,부산광역시 영도구 해양로 22(청학동),기타 일반 기계 및 장비 수리업,055-311-477
10559,토탈엠에이티(주),"부산광역시 금정구 공단동로41번길 10, 6층 602 (금사동)",기타 무선 통신장비 제조업 외 5종,051-521-8338
10560,토탈플러스,부산광역시 부산진구 신암로85번길 48 (범천동),기타 인쇄관련 산업,051-806-4441
10561,토효,부산광역시 강서구 평강로 227-32 (대저1동),그 외 기타 나무제품 제조업,미등록
10562,톡스프레스테크닉(주),부산광역시 강서구 신호산단3로 98 (신호동),디지털 적층 성형기계 제조업 외 1종,051-832-1274
10563,투라인레벨,"부산광역시 부산진구 전포대로 226-4, 지하1층(전포동)",기기용 자동측정 및 제어장치 제조업,051-807-4774
10564,투와이테크 주식회사,부산광역시 강서구 미음국제4로 10 (미음동),농업 및 임업용 기계 제조업,051-914-0095
10565,튜브락,부산광역시 강서구 신포길 135 (명지동),신발 부분품 제조업,051-895-8934
10566,트렐레보그마린시스템즈코리아(주),"부산광역시 해운대구 센텀동로 99, 14층 1405~1407호 (재송동, 벽산e센텀클래스원)","레이더, 항행용 무선기기 및 측량기구 제조업",051-751-2330
10567,트리플에이,부산광역시 기장군 장안읍 좌천로 119,남자용 겉옷 제조업,051-1111-1111
10568,티.엔.에스(T.N.S),"부산광역시 영도구 태종로 289,  A동 2층 (청학동)",그 외 기타 달리 분류되지 않은 제품 제조업 외 2종,051-743-2272
10569,티씨머티리얼즈(주) 중전기,부산광역시 기장군 장안읍 명례산단3로 60,전동기 및 발전기 제조업 외 1종,052-705-0212
10570,티씨케미칼,"부산광역시 부산진구 범전로33번길 16,  외 2필지 (범전동)",그 외 기타 플라스틱 제품 제조업,051-803-8225
10571,티에스마린(주),부산광역시 사하구 구평로 21-4 (구평동),선박 구성 부분품 제조업 외 2종,051-418-8289
10572,티에스엠,부산광역시 사상구 장인로77번길 15 (학장동),그 외 기타 일반목적용 기계 제조업,051-325-9878
10573,티에이치티(주),부산광역시 강서구 미음산단2로 62 (구랑동),"전기회로 개폐, 보호장치 제조업 외 2종",051-832-1530
10574,티엔,부산광역시 강서구 공항로393번길 60-24 (대저2동),절삭가공 및 유사처리업,051-263-8993
10575,티엔케미칼,부산광역시 강서구 과학산단1로103번길 38 (지사동),합성수지 및 기타 플라스틱 물질 제조업,미등록
10576,티엘엔지니어링(주),부산광역시 수영구 민락본동로 29-1 (민락동),"금속 문, 창, 셔터 및 관련제품 제조업 외 4종",051-623-3999
10577,티엘엔지니어링(주),"부산광역시 남구 신선로 365,  종합실습관 108, 113호 (용당동)",전시용 모형 제조업 외 6종,051-623-3999
10578,티엠오토메이션,"부산광역시 사하구 비봉로 23, 1층 (신평동)",교통 신호장치 제조업 외 3종,070-7717-0561
10579,티엠케이(T.M.K),부산광역시 사상구 가야대로195번길 47 (주례동),기어 및 동력전달장치 제조업 외 6종,051-314-8090
10580,티엠테크,"부산광역시 강서구 녹산산단382로59번길 53, (송정동 1771-9) (송정동)",절삭가공 및 유사처리업,미등록
10581,티와이선박,부산광역시 영도구 대평북로 49 (대평동2가),배전반 및 전기 자동제어반 제조업 외 4종,051-412-9957
10582,티와이티에스(주),"부산광역시 남구 신선로 365, 한미르관 1208-B (용당동, 부경대학교)",메모리용 전자집적회로 제조업,070-4241-6287
10583,티이티(주),부산광역시 강서구 녹산산단261로14번길 45-23 (송정동),음ㆍ식료품 및 담배 가공기계 제조업 외 4종,051-900-4330
10584,티제이전기산업,부산광역시 영도구 태종로89번길 41(봉래동2가),선박 구성 부분품 제조업,미등록
10585,티케이(T.K)테크,부산광역시 사상구 농산물시장로26번길 54 (엄궁동),"천막, 텐트 및 유사 제품 제조업 외 44종",051-303-5134
10586,티케이(T.K)테크,부산광역시 사상구 모덕로27번길 20 (삼락동),"천막, 텐트 및 유사 제품 제조업 외 19종",051-303-5134
10587,티케이더블유앤피(주),부산광역시 강서구 미음산단로76번길 6 (구랑동),절삭가공 및 유사처리업 외 1종,051-803-6583
10588,티케이디(주),부산광역시 기장군 정관읍 정관상곡1길 47 ((주)티케이디),"탭, 밸브 및 유사장치 제조업",051-728-4171
10589,티케이브이(TKV),부산광역시 강서구 녹산산업중로 106 (송정동),"탭, 밸브 및 유사장치 제조업",051-204-2256
10590,티케이지에코머티리얼 주식회사,부산광역시 강서구 녹산산단382로49번길 11 (송정동),"직물, 편조원단 및 의복류 염색 가공업 외 4종",051-960-3101
10591,티튜브(주),부산광역시 강서구 미음산단4로 46 (미음동),냉간 압연 및 압출 제품 제조업 외 1종,051-792-9000
10592,팀에이스,부산광역시 강서구 공항앞길51번길 49 (대저2동),반려동물용 사료 제조업 외 2종,051-971-0126
10593,파낙스이엠 주식회사,부산광역시 금정구 개좌로 181 (회동동),그 외 기타 분류 안된 화학제품 제조업 외 1종,051-526-4497
10594,파도소리 주식회사,부산광역시 사하구 감천항로190번길 57 (구평동),수산동물 냉동품 제조업,051-262-5013
10595,파세코,부산광역시 강서구 미음산단3로 27 (미음동),액체 여과기 제조업,051-972-1204
10596,파세코,부산광역시 강서구 녹산산단17로 42 (송정동),액체 여과기 제조업,051-972-1204
10597,파스웰,부산광역시 강서구 미음국제5로마길 20 (미음동),기타 구조용 금속제품 제조업 외 2종,051-941-9020
10598,파시온,"부산광역시 금정구 기찰로 69, , B1(부곡동)",그 외 기타 분류 안된 섬유제품 제조업 외 21종,미등록
10599,파워테스터,"부산광역시 해운대구 센텀중앙로 97, A동 2707호 (재송동)","전자기 측정, 시험 및 분석기구 제조업 외 2종",051-744-3018
10600,파워텍에너지 주식회사,"부산광역시 강서구 공항앞길 108, 가동(대저2동)",전동기 및 발전기 제조업 외 1종,051-803-5662
10601,파워텍에너지(주),부산광역시 강서구 공항앞길85번길 125 (대저2동),전동기 및 발전기 제조업,051-325-0012
10602,파워펌프 주식회사,"부산광역시 강서구 미음산단4로62번길 12, 2층(미음동)",액체 펌프 제조업,055-330-5995
10603,파이,"부산광역시 동래구 동래로134번길 25, 지하 1층  (복천동)","레이더, 항행용 무선기기 및 측량기구 제조업",051-512-8906
10604,파이널위즈,부산광역시 금정구 수원지로22번길 54 (회동동),방송장비 제조업 외 1종,070-7017-7725
10605,파이브스틸(주),부산광역시 사하구 다산로175번길 12 (다대동),기타 구조용 금속제품 제조업,051-266-1001
10606,파이정밀,부산광역시 강서구 미음산단3로 172(미음동),절삭가공 및 유사처리업,미등록
10607,파이힐(주),"부산광역시 남구 신선로 365, 수산가공연구센터 104호(용당동, 부경대학교용당캠퍼스)",수산식물 가공 및 저장 처리업 외 2종,051-611-5847
10608,파인머트리얼즈 주식회사,"부산광역시 강서구 녹산산단261로14번길 45-13,(송정동1610-5) (송정동)",합성수지 및 기타 플라스틱 물질 제조업,051-891-2984
10609,파인테크,부산광역시 영도구 해양로 69 (청학동),선박 구성 부분품 제조업,051-246-2153
10610,파트너사무가구,"부산광역시 사상구 학감대로 157-1 (학장동, 파트너OA가구 학장공장)",기타 목재가구 제조업 외 3종,051-324-8383
10611,팔금로라조각공업사,부산광역시 강서구 녹산산단261로59번길 19 (송정동),주형 및 금형 제조업,051-831-0995
10612,팔도목재,부산광역시 강서구 세산길 318 (미음동),"목재 포장용 상자, 드럼 및 유사용기 제조업",051-973-3265
10613,팔용농산,부산광역시 강서구 새진목길 33-5 (명지동),기타 과실ㆍ채소 가공 및 저장 처리업,미등록
10614,팔팔수중개발,부산광역시 사하구 감천항로405번길 121(구평동),선박 구성 부분품 제조업 외 1종,051-412-8808
10615,팔팔정공,"부산광역시 강서구 화전산단2로 127 (화전동, 팔팔정공)",철도차량 부품 및 관련 장치물 제조업,051-316-0245
10616,패스코(주),부산광역시 강서구 녹산산업중로 401 (송정동),금속탱크 및 저장용기 제조업 외 5종,051-831-1473
10617,팩코,"부산광역시 사하구 을숙도대로755번길 45, 2층 (구평동)","플라스틱 포대, 봉투 및 유사제품 제조업",070-4202-8104
10618,팩코리아,부산광역시 강서구 대저로155번가길 33 (대저1동),"플라스틱 포대, 봉투 및 유사제품 제조업",051-973-2522
10619,팬택엔지니어링(주),부산광역시 사하구 을숙도대로748번길 28 (구평동),선박 구성 부분품 제조업,051-415-0842
10620,퍼스텍,부산광역시 강서구 녹산산단77로22번길 6 (송정동),절삭가공 및 유사처리업,051-941-6894
10621,퍼스트씨씨엠,부산광역시 강서구 과학산단1로 145 (지사동),선박 구성 부분품 제조업,051-714-2611
10622,퍼시픽어구공업사,"부산광역시 금정구 공단로49번길 21 (금사동, 창신기계)",낚시 및 수렵용구 제조업,051-904-2999
10623,퍼시픽워터,"부산광역시 영도구 해양로 90, 1층(청학동)",선박 구성 부분품 제조업,051-412-7062
10624,퍼펙트부영단조2공장,부산광역시 사하구 신산로13번길 13 (신평동),금속 단조제품 제조업 외 3종,051-315-1917
10625,페이프테크,부산광역시 강서구 대저동서로 83 (대저1동),문구용 종이제품 제조업 외 1종,051-973-0220
10626,펜타스틸산업,"부산광역시 사하구 신산로 120, 2층 214호 (신평동)",그 외 기타 분류 안된 금속 가공 제품 제조업,미등록
10627,펨텍,"부산광역시 금정구 공단동로41번길 10, 2층 210호 (금사동)","탭, 밸브 및 유사장치 제조업",051-522-8815
10628,평강,부산광역시 강서구 공항로811번가길 29 (대저2동),그 외 기타 1차 철강 제조업,051-941-3045
10629,평강우드주식회사,부산광역시 강서구 호계로103번길 39 (죽동동),구조용 금속 판제품 및 공작물 제조업 외 1종,051-531-0933
10630,평산정밀,부산광역시 강서구 식만로247번길 48 (식만동),그 외 기타 금속가공업,미등록
10631,평원스틸,부산광역시 강서구 가리새1로25번길 14(생곡동),그 외 기타 1차 철강 제조업,051-972-3801
10632,평화산업사,부산광역시 사하구 하신중앙로27번길 9 (장림동),기타 운동 및 경기용구 제조업,051-265-7007
10633,평화엔지니어링 주식회사,부산광역시 영도구 대평남로31번길 21 (대평동1가),선박 구성 부분품 제조업,051-418-6080
10634,평화용사촌복지공장,"부산광역시 동래구 시실로167번길 69, 평화용사촌복지공장 (명장동) (총 2 필지)","근무복, 작업복 및 유사의복 제조업 외 18종",051-521-2525
10635,평화정밀,"부산광역시 강서구 미음산단3로 120, 평화정밀(미음동)",구조용 금속 판제품 및 공작물 제조업 외 69종,051-941-8491
10636,포레시아제이아이티앤드시퀀싱코리아(유),부산광역시 강서구 과학산단로333번길 50 (지사동),자동차 엔진용 신품 부품 제조업 외 1종,051-791-0111
10637,포메라스포츠,"부산광역시 금정구 금사로 116, 2층(금사동)",셔츠 및 블라우스 제조업 외 1종,051-523-9290
10638,포섹테크놀로지,부산광역시 기장군 장안읍 명례산단5로 73,그 외 기타 1차 철강 제조업 외 2종,미등록
10639,포스텍,부산광역시 강서구 맥도길415번길 70 (대저2동),항공기용 부품 제조업,055-314-8344
10640,포스텍,부산광역시 강서구 제도로1041번길 517 (강동동),주형 및 금형 제조업 외 3종,051-831-3437
10641,포스틸(주),"부산광역시 사상구 강변대로456번길 34-31 (엄궁동, 포스텍)",그 외 기타 1차 철강 제조업,051-314-5959
10642,포원(주),"부산광역시 사상구 사상로356번길 41-10, 3층(덕포동, 수테크)",속도계 및 적산계기 제조업 외 2종,051-301-2278
10643,포이닉스,부산광역시 기장군 일광읍 화전2길 86-22,주방용 및 음식점용 목재가구 제조업,미등록
10644,포철금속,부산광역시 강서구 미음산단5로 26 (미음동),그 외 기타 1차 철강 제조업 외 1종,051-832-2356
10645,포코중공업(주),부산광역시 사하구 감천항로405번길 21 (구평동),강선 건조업 외 13종,051-200-8960
10646,폴마켓,부산광역시 사하구 감천항로419번길 58 (구평동),그 외 기타 분류 안된 금속 가공 제품 제조업 외 8종,051-261-6060
10647,폴마켓,부산광역시 사하구 감천항로429번길 47 (구평동),그 외 기타 분류 안된 금속 가공 제품 제조업 외 5종,051-261-4977
10648,푸드부뜨막,부산광역시 기장군 정관읍 정관4로 59,육류 기타 가공 및 저장처리업 (가금류 제외),미등록
10649,푸른화학,"부산광역시 금정구 동천로7번길 7 (회동동, 유일금속)","플라스틱 포대, 봉투 및 유사제품 제조업",051-621-8476
10650,푸름,부산광역시 기장군 일광면 원리 18-4번지,떡류 제조업,미등록
10651,풀문하우스,"부산광역시 기장군 정관읍 정관1로 51, 103호(상가동)",빵류 제조업 외 1종,051-915-4149
10652,풋헬스(주),부산광역시 강서구 녹산산단27로 105-14 (송정동),신발 부분품 제조업,053-628-0118
10653,풍강금속,"부산광역시 사상구 새벽로77번길 23 (학장동, 풍광금속)",기타 비철금속 주조업,051-316-0495
10654,풍강산업(주),부산광역시 강서구 녹산산단17로 42 (송정동),자동차용 금속 압형제품 제조업 외 1종,051-831-3443
10655,풍미어장,부산광역시 서구 원양로 71 (암남동),기타 수산동물 가공 및 저장 처리업,051-256-8234
10656,풍미푸드,"부산광역시 사상구 삼락천로 322, 1층 (모라동)",천연 및 혼합조제 조미료 제조업,051-301-1218
10657,풍산기전,"부산광역시 사하구 신산로 120, 2층 212호 (신평동)",배전반 및 전기 자동제어반 제조업,미등록
10658,풍산마린기전,"부산광역시 영도구 남항서로82번길 29-13, 3층(남항동2가, 태화냉동설비)",선박 구성 부분품 제조업,051-417-8466
10659,풍산산업,부산광역시 강서구 낙동북로108번길 51 (강동동),플라스틱 필름 제조업 외 1종,051-972-7960
10660,풍성사,부산광역시 강서구 미음국제5로나길 7(미음동),주형 및 금형 제조업,051-972-4824
10661,풍성정공,"부산광역시 사상구 사상로447번길 12 (모라동, 풍성정공)",그 외 자동차용 신품 부품 제조업 외 11종,051-302-2438
10662,풍양정밀,부산광역시 사상구 학장로135번길 87 (학장동),자동차용 금속 압형제품 제조업 외 1종,051-326-7902
10663,풍양정밀공업사,부산광역시 기장군 정관읍 산단4로 8-39 (풍양정밀),볼트 및 너트류 제조업 외 2종,051-728-3426
10664,풍원섬유,부산광역시 강서구 대저중앙로348번길 15-6 (대저1동),면직물 직조업 외 2종,051-303-3904
10665,풍일산업,부산광역시 강서구 녹산산단362로 8 (송정동),그 외 기타 금속가공업,051-972-6539
10666,풍전금속공업사,부산광역시 사하구 다산로226번길 11 (장림동),비주거용 건물 임대업,051-264-1020
10667,풍조산업기계,부산광역시 사상구 낙동대로943번길 75-25 (감전동),산업용 송풍기 및 배기장치 제조업,051-316-0037
10668,풍조식품,부산광역시 사하구 장림로 92 (장림동) (총 2 필지),기타 수산동물 가공 및 저장 처리업 외 1종,051-266-6751
10669,풍진금속(주),부산광역시 사하구 장평로138번길 13 (장림동),"탭, 밸브 및 유사장치 제조업",051-261-3221
10670,풍진식품기계,부산광역시 강서구 미음산단로199번길 47 (미음동),수동식 식품 가공기기 및 금속 주방용기 제조업 외 6종,051-831-1466
10671,프라임오토(주),부산광역시 기장군 정관읍 정관상곡2길 33-48,자동차용 금속 압형제품 제조업,051-831-7533
10672,프랑크린 오프쇼어 코리아(주),부산광역시 강서구 미음산단6로 57(미음동),금속 스프링 제조업,051-832-0156
10673,프로메디칼,부산광역시 금정구 개좌로 191 (회동동),기타 직물제품 제조업,051-465-5419
10674,프로몰엔지니어링(주),부산광역시 기장군 정관면 산단4로 33 (프로몰엔지니어링(주)),건설 및 채광용 기계장비 제조업,051-727-3441
10675,프로엔.C,부산광역시 강서구 식만로85번길 26 (죽림동),주형 및 금형 제조업,051-302-9027
10676,프로엠 주식회사,부산광역시 영도구 해양로 33-9 (청학동),선박 구성 부분품 제조업,051-418-1782
10677,프로키친 새한,부산광역시 강서구 평강로171번길 42-2 (대저1동),주방용 및 음식점용 목재가구 제조업,미등록
10678,프로테크,"부산광역시 사상구 모라로110번길 73, 4층 401호실(모라동, 중소기업협업화공단)",철도차량 부품 및 관련 장치물 제조업 외 2종,051-806-2711
10679,프로테크,부산광역시 사상구 낙동대로 799-8(엄궁동),주형 및 금형 제조업,051-325-2045
10680,프로테크,"부산광역시 사상구 대동로180번길 17 (학장동, 유연ENS)",주형 및 금형 제조업 외 2종,051-301-6672
10681,프로테크 ,"부산광역시 해운대구 반송로513번길 66-47, 3층 302 (석대동)",인쇄회로기판용 적층판 제조업 외 3종,070-4010-8653
10682,프론티어식품(주)  ,부산광역시 기장군 장안읍 오리산단로 174,육류 기타 가공 및 저장처리업 (가금류 제외),051-442-1116
10683,프리메탈,"부산광역시 사상구 모덕로95번길 82-6 (모라동, 프리메탈)",구조용 금속 판제품 및 공작물 제조업 외 3종,051-302-7264
10684,프리어패럴,"부산광역시 사하구 장림로196번길 20, 2층 (장림동)",셔츠 및 블라우스 제조업,051-263-0392
10685,플러스데크,부산광역시 강서구 낙동남로1013번길 42-1 (명지동),절삭가공 및 유사처리업 외 2종,051-313-0960
10686,플러스텍,부산광역시 기장군 정관읍 예림1로 76-5,주형 및 금형 제조업,051-728-4867
10687,플루토스사,부산광역시 사상구 감전천로 75 (감전동),그 외 기타 고무제품 제조업,051-322-0017
10688,플리카,부산광역시 기장군 정관읍 예림리 843번지,기타 운동 및 경기용구 제조업,051-783-3448
10689,피앤룩스 주식회사,"부산광역시 남구 신선로 365, 3공학관 106A호(용당동)",전기경보 및 신호장치 제조업 외 5종,051-416-9845
10690,피앤비,"부산광역시 금정구 서동로73번길 48, 지하1층 (부곡동)",기타 직물제품 제조업 외 20종,051-900-2500
10691,피앤비,"부산광역시 동래구 명안로26번길 90, 2층 (안락동)",방송장비 제조업 외 12종,051-900-2500
10692,피앤피인더스터리,부산광역시 강서구 녹산산업중로 421 (송정동),절삭가공 및 유사처리업,051-832-8870
10693,피엠에스 마린서비스,부산광역시 강서구 신호산단3로88번길 36 (신호동),내연기관 제조업,051-416-9740
10694,피유코리아,"부산광역시 강서구 녹산화전로 23, c-4(송정동)",그 외 기타 금속가공업,미등록
10695,피제이엠(주),부산광역시 강서구 녹산산업북로 478 (송정동),기타 비철금속 주조업,051-831-9688
10696,피케이인터내쇼날,부산광역시 강서구 득천2길 10 (강동동),신발 부분품 제조업,051-972-7255
10697,피플&시스템,부산광역시 금정구 개좌로 15 (서동),간판 및 광고물 제조업 외 1종,051-525-8959
10698,피플테크,부산광역시 사상구 강변대로456번길 15-17(엄궁동),"동 압연, 압출 및 연신제품 제조업",051-328-8890
10699,필채움퍼니처,부산광역시 강서구 죽동길106번길 12 (죽동동),기타 목재가구 제조업,미등록
10700,핑크하우스,부산광역시 해운대구 재반로103번길 20 (재송동),침구 및 관련제품 제조업 외 1종,051-784-0778
10701,하나금속,"부산광역시 사상구 새벽로91번길 31 (학장동, 하나금속)",도금업,051-328-7107
10702,하나기전,부산광역시 영도구 대평로6번길 10-4 (남항동1가),유압기기 제조업,051-415-1210
10703,하나로PACK산업,부산광역시 기장군 일광면 화전리 33-2번지,경 인쇄업,미등록
10704,하나미산업,"부산광역시 사상구 낙동대로1348번길 69 (삼락동, 하나미산업)",금속 가구 제조업 외 1종,051-305-5588
10705,하나시스텍(주),부산광역시 기장군 정관읍 가동옛길 47-8,주형 및 금형 제조업,051-582-3600
10706,하나이엔씨(주),부산광역시 강서구 대저동서로229번길 17 (대저2동),액체 여과기 제조업,미등록
10707,하나정밀,부산광역시 강서구 낙동남로533번길 14 (녹산동),금속 단조제품 제조업,051-305-2330
10708,하나테크,부산광역시 강서구 낙동남로456번길 25-10 (녹산동),금속탱크 및 저장용기 제조업 외 1종,051-861-8881
10709,하나테크,"부산광역시 사상구 대동로 303, 517호 (감전동, 부산디지털밸리아파트형공장)",고무패킹류 제조업 외 3종,051-329-7402
10710,하남공업(주),부산광역시 기장군 정관면 산단5로 100-295 (하남공업(주)),그 외 자동차용 신품 부품 제조업 외 3종,051-728-5400
10711,하늘연시스템,"부산광역시 사상구 모라로 22, 7층 716호(부산벤처타워) (모라동)",배전반 및 전기 자동제어반 제조업,070-8249-5930
10712,하늬통상,부산광역시 강서구 녹산산단361로 12 (송정동),경 인쇄업,070-4128-3486
10713,하니마을주식회사,부산광역시 기장군 정관읍 용수공단1길 36,한의약품 제조업,051-727-7540
10714,하닉스,부산광역시 기장군 정관읍 산단3로 101-32,그 외 기타 특수목적용 기계 제조업,051-727-6937
10715,하드스포츠,"부산광역시 사하구 낙동남로 1422 (하단동, 청경빌딩)",기타 운동 및 경기용구 제조업,051-502-7007
10716,하랑 주식회사,부산광역시 기장군 장안읍 의과학1로 91,전동기 및 발전기 제조업 외 2종,ARS-1811-9731
10717,하림산업,부산광역시 강서구 낙동남로622번길 51-1 (녹산동),철도차량 부품 및 관련 장치물 제조업,051-302-1310
10718,하모열기술 주식회사,부산광역시 강서구 낙동남로622번길 62 (녹산동),"증류기, 열교환기 및 가스발생기 제조업",051-516-8591
10719,하성정밀,부산광역시 강서구 경전철로188번길 145-19 (대저1동),그 외 기타 금속가공업,051-302-1627
10720,하스테크(주),부산광역시 강서구 녹산산단46로 85 (송정동),항공기용 부품 제조업,051-974-6558
10721,하얀코끼리LED,부산광역시 강서구 낙동북로188번길 29-18 (대저1동),전시 및 광고용 조명장치 제조업 외 3종,ARS-1833-7989
10722,하이눈정보통신,"부산광역시 연제구 거제대로252번길 32,  2층 (거제동)",비디오 및 기타 영상기기 제조업 외 3종,051-866-0377
10723,하이드로코리아(주),부산광역시 사하구 감천항로405번길 11 (구평동),유압기기 제조업,051-262-3510
10724,하이록코리아(주),부산광역시 강서구 녹산산단27로 92 (송정동),절삭가공 및 유사처리업,051-970-0837
10725,하이록코리아(주),부산광역시 사하구 다대로 176 (신평동),"탭, 밸브 및 유사장치 제조업",051-970-0828
10726,하이록코리아(주),"부산광역시 강서구 녹산산단27로 97, (송정동1467-1) (송정동)","탭, 밸브 및 유사장치 제조업",051-970-0837
10727,하이록코리아(주),부산광역시 강서구 녹산산업중로61번길 33 (송정동),도장 및 기타 피막처리업,051-970-0800
10728,하이맥스,부산광역시 해운대구 삼어로 169 (반여동),주철관 제조업,051-905-5566
10729,하이머신,부산광역시 영도구 남항서로92번길 26 (남항동2가),선박 구성 부분품 제조업,051-418-1213
10730,하이셀(주),부산광역시 강서구 녹산산단290로 43 (송정동),폴리스티렌 발포 성형제품 제조업 외 1종,051-743-1776
10731,하이셀(주) 2공장,부산광역시 강서구 녹산산단290로 27(송정동),기타 플라스틱 발포 성형제품 제조업,051-711-7920
10732,하이쎈(주),부산광역시 사상구 새벽로 210 (괘법동),배전반 및 전기 자동제어반 제조업 외 1종,051-328-3118
10733,하이씨텍 주식회사,부산광역시 영도구 해양로 121 (청학동),내연기관 제조업,051-417-5588
10734,하이에어코리아(주),부산광역시 강서구 미음산단로105번길 17 (구랑동),선박 구성 부분품 제조업 외 4종,055-340-5030
10735,하이원텍 주식회사,"부산광역시 영도구 해양로 121 (청학동, 유진선박의장)",선박 구성 부분품 제조업,051-415-0073
10736,하이즈항공(주),부산광역시 강서구 가리새2로 44 (범방동),항공기용 부품 제조업,055-850-8800
10737,하이코,부산광역시 사하구 장평로195번길 76 (장림동),"탭, 밸브 및 유사장치 제조업",051-265-0645
10738,하이콤 주식회사,"부산광역시 연제구 연안로13번길 57, 3층 (연산동)",유선 통신장비 제조업 외 16종,051-638-3500
10739,하이테코 주식회사,부산광역시 강서구 강동중곡3길 135 (강동동),낚시 및 수렵용구 제조업,051-314-1072
10740,하이테크씰 주식회사,부산광역시 사하구 홍티로 103 (다대동),기타 기관 및 터빈 제조업,051-262-2955
10741,하이투젠,"부산광역시 해운대구 재반로112번길 9, 지하1층 (재송동, 법률사무소)",그 외 기타 봉제의복 제조업,미등록
10742,하이펙(주),부산광역시 사상구 낙동대로1310번길 41(삼락동),그 외 기타 일반목적용 기계 제조업 외 28종,051-323-5336
10743,하이플라이밸브(주),부산광역시 사하구 을숙도대로677번길 11 (신평동),"탭, 밸브 및 유사장치 제조업",051-831-8482
10744,하현테크,부산광역시 사하구 구평로 29-1 (구평동),선박 구성 부분품 제조업,미등록
10745,한강스틸(주),부산광역시 강서구 미음국제6로 11  (미음동),그 외 기타 1차 철강 제조업,051-323-9693
10746,한결 주식회사,부산광역시 강서구 낙동북로76번길 21-5 (강동동),"플라스틱 선, 봉, 관 및 호스 제조업 외 1종",051-255-2023
10747,한결 주식회사,"부산광역시 사하구 하신중앙로27번길 17, 4층 408호 (장림동, 에이스밀)",그 외 기타 분류 안된 금속 가공 제품 제조업 외 2종,051-255-2023
10748,한결산업(주),부산광역시 사하구 감천로 3 (감천동),기타 신발 제조업 외 1종,051-291-1315
10749,한국CASTER산업,부산광역시 사상구 가야대로176번길 77(학장동),그 외 기타 달리 분류되지 않은 운송장비 제조업,051-323-8873
10750,한국CASTER산업,부산광역시 사상구 학감대로 184-19 (학장동),그 외 기타 달리 분류되지 않은 운송장비 제조업,051-323-8873
10751,한국CRANE,부산광역시 강서구 녹산산업중로 112 (송정동),기타 물품 취급장비 제조업,051-831-5535
10752,한국금기,부산광역시 강서구 화전산단5로98번길 22 (화전동),주형 및 금형 제조업,051-327-8600
10753,한국금속,"부산광역시 사상구 학장로 237-11 (학장동, 한국금속)",도장 및 기타 피막처리업,051-325-9001
10754,한국금속레이저,"부산광역시 사상구 새벽로 22 (학장동, 한국금속레이저)",그 외 기타 분류 안된 금속 가공 제품 제조업 외 1종,051-327-8111
10755,한국기업,부산광역시 강서구 맥도강변길171번길 69 (대저2동),철도차량 부품 및 관련 장치물 제조업,051-314-3611
10756,한국나노 주식회사,부산광역시 강서구 대부길 231 (강동동),그 외 기타 전기장비 제조업,051-972-5999
10757,한국냉열공사,부산광역시 강서구 대저로3번길 176-1 (대저1동),산업용 냉장 및 냉동 장비 제조업 외 4종,051-241-4575
10758,한국냉열공사,부산광역시 서구 구덕로250번길 14-1(부용동1가),가정용 및 산업용 공기 조화장치 제조업 외 2종,051-241-4575
10759,한국대동지공업(주),부산광역시 강서구 과학산단로 477 (지사동),기체 여과기 제조업,051-831-7122
10760,한국디자인포장센터,부산광역시 강서구 대저중앙로347번길 27 (대저1동) (총 2 필지),골판지 제조업 외 1종,051-973-1511
10761,한국레이저,부산광역시 사상구 가야대로 65 (감전동),구조용 금속 판제품 및 공작물 제조업 외 1종,051-317-7348
10762,한국마카시(주),부산광역시 기장군 장안읍 반룡산단2로 42,컴퓨터 제조업,051-558-7004
10763,한국메탈기계(주),부산광역시 영도구 남항남로9번길 11 (남항동3가),구름베어링 제조업 외 1종,051-417-7008
10764,한국멧슈공업(주),"부산광역시 사상구 새벽로 94 (학장동, 세운정밀)",금속 표시판 제조업,051-314-1374
10765,한국미세먼지연구소 주식회사,"부산광역시 사하구 낙동대로550번길 37, 산학관 424호(하단동, 동아대학교)",기체 여과기 제조업 외 3종,051-714-0723
10766,한국바란싱,부산광역시 사상구 가야대로 64 (학장동),"기타 측정, 시험, 항해, 제어 및 정밀기기 제조업",051-311-0325
10767,한국베로(주),"부산광역시 해운대구 센텀중앙로 48, 17층 1711 (우동)",그 외 기타 전자부품 제조업 외 1종,051-621-5981
10768,한국비철금속(주),부산광역시 강서구 생곡산단2로11번길 30 (생곡동),컨베이어장치 제조업 외 1종,051-939-0011
10769,한국산업,부산광역시 강서구 녹산산업중로 67 (송정동),"탭, 밸브 및 유사장치 제조업 외 2종",051-972-4800
10770,한국산업가스(주),부산광역시 사하구 을숙도대로677번길 13 (신평동),수소 제조업 외 1종,051-201-1611
10771,한국산전(주)  ,부산광역시 해운대구 반송로525번길 53 (석대동),배전반 및 전기 자동제어반 제조업 외 5종,051-523-9411
10772,한국삼화패킹공업(주),부산광역시 강서구 화전산단5로 22 (화전동),자동차용 금속 압형제품 제조업,051-941-0770
10773,한국선등공업사,부산광역시 영도구 대교로 34-6 (봉래동2가),선박 구성 부분품 제조업,051-414-9255
10774,한국선박공업사,부산광역시 영도구 해양로87번길 14 (청학동),선박 구성 부분품 제조업,051-412-5341
10775,한국선재(주),부산광역시 사하구 하신번영로 27 (신평동),철강선 제조업,051-202-1991
10776,한국선재(주),부산광역시 강서구 화전산단1로 135(화전동),철강선 제조업,051-200-4424
10777,한국선재(주),부산광역시 강서구 녹산산업북로 460 (송정동) (총 2 필지),철강선 제조업,051-202-1991
10778,한국선재(주),부산광역시 강서구 미음산단1로15번길 37 (구랑동),철강선 제조업,051-200-4421
10779,한국선재(주)학장공장,"부산광역시 사상구 새벽로45번길 35 (학장동, 한국선재(주))",열간 압연 및 압출 제품 제조업,051-322-0416
10780,한국성형테크,"부산광역시 사상구 사상로333번길 51 (덕포동, 한국성형)",포장용 플라스틱 성형용기 제조업,051-302-3324
10781,한국솔빗,"부산광역시 기장군 정관읍 용수공단2길 64-4, 2층",기타 직물제품 제조업 외 1종,051-728-0521
10782,한국솔빗,부산광역시 기장군 정관읍 산단7로 99-16,그 외 기타 분류 안된 비금속 광물제품 제조업,051-728-0521
10783,한국수원,부산광역시 사상구 학장로169번길 17 (학장동),"탭, 밸브 및 유사장치 제조업 외 1종",미등록
10784,한국수축포장공사,부산광역시 사하구 장평로 120 (장림동),"용기 세척, 포장 및 충전기 제조업",051-261-3943
10785,한국쉘석유주식회사,"부산광역시 남구 신선로 250 (용당동, 한국쉘석유)",윤활유 및 그리스 제조업,051-624-7113
10786,한국씨앤에스(주),부산광역시 사하구 신산로29번길 34 (신평동),"직물, 편조원단 및 의복류 염색 가공업",051-363-3730
10787,한국알곤&레이저,부산광역시 사상구 강변대로456번길 25 (엄궁동),그 외 기타 금속가공업,051-312-8233
10788,한국에머슨마린솔루션즈 주식회사,부산광역시 사하구 장평로 223 (신평동),배전반 및 전기 자동제어반 제조업,051-602-5555
10789,한국열처리,"부산광역시 사상구 사상로456번길 24 (모라동, 동서정밀)",금속 열처리업,051-301-4281
10790,한국우시오(주),부산광역시 기장군 장안읍 반룡산단1로 15,승강기 제조업,051-727-4619
10791,한국우시오(주),부산광역시 기장군 장안읍 장안산단7로 128,승강기 제조업,055-945-4619
10792,한국웰드몰드(주),"부산광역시 사상구 낙동대로 1328 (삼락동, (주)한국웰드몰드)",그 외 기타 금속가공업 외 9종,051-301-2991
10793,한국웰드텍(주),부산광역시 기장군 장안읍 명례산단1로 31,그 외 기타 분류 안된 금속 가공 제품 제조업 외 1종,051-727-5588
10794,한국유공압시스템,"부산광역시 남구 신선로 428, 334호 (용당동, 동명대학교)",유압기기 제조업,미등록
10795,한국유수압,부산광역시 강서구 녹산산단289로 37 (송정동),선박 구성 부분품 제조업 외 23종,051-832-1100
10796,한국유켄공업(주)부산공장,부산광역시 강서구 생곡산단1로24번길 52 (생곡동),유압기기 제조업,02-2675-2110
10797,한국유텍(주),부산광역시 강서구 낙동북로138번길 120-7 (강동동),기타 일반 기계 및 장비 수리업,055-366-5740
10798,한국이미지시스템(주),부산광역시 강서구 낙동남로533번길 95 (녹산동),방송장비 제조업 외 19종,051-305-7631
10799,한국이미지시스템(주),부산광역시 사상구 낙동대로1412번길 16 (삼락동),교통 신호장치 제조업 외 31종,051-305-7631
10800,한국인서트,부산광역시 강서구 평강로434번가길 16 (대저1동),그 외 금속 압형제품 제조업 외 1종,051-303-0187
10801,한국일동화학,부산광역시 사하구 장평로 81 (장림동),표면광택제 및 실내가향제 제조업,051-261-4412
10802,한국장애인공존협회 공존직업재활센터,부산광역시 기장군 정관읍 예림1로 82,기타 직물제품 제조업,051-711-8815
10803,한국적재함,부산광역시 강서구 호계로79번길 33 (죽동동),차체 및 특장차 제조업 외 1종,051-973-3798
10804,한국전기절감원(주),"부산광역시 사상구 사상로 453, 3층 (모라동)",배전반 및 전기 자동제어반 제조업,051-363-0458
10805,한국정공,"부산광역시 사상구 사상로374번길 27 (덕포동, 한국정공)","탭, 밸브 및 유사장치 제조업",051-303-4811
10806,한국정밀목형,부산광역시 강서구 상덕로119번가길 17 (강동동),주형 및 금형 제조업,051-311-7044
10807,한국조선해양기자재공업협동조합,부산광역시 강서구 녹산산업중로 23 (송정동),비주거용 건물 임대업 외 1종,02-783-6954
10808,한국주철관공업(주),부산광역시 사하구 을숙도대로 525 (신평동),주철관 제조업,051-291-5481
10809,한국철강,부산광역시 강서구 미음산단로295번길 14 (미음동),그 외 기타 1차 철강 제조업,051-941-2314
10810,한국카처 주식회사,부산광역시 강서구 미음국제7로가길 8  (미음동),그 외 기타 특수목적용 기계 제조업,051-832-6588
10811,한국컴포짓 주식회사,부산광역시 영도구 해양로57번길 17 (청학동) 한국컴포짓주식회사 공장,오락 및 스포츠용 보트 건조업,051-704-4778
10812,한국콩스버그마리타임(주),부산광역시 강서구 녹산산업북로 197 (송정동),선박 구성 부분품 제조업,051-749-8600
10813,한국콩스버그마리타임(주),부산광역시 기장군 정관읍 산단3로 9-7,선박 구성 부분품 제조업,051-749-8600
10814,한국크레인,부산광역시 강서구 녹산산단27로 27 (송정동),기타 물품 취급장비 제조업,051-831-5535
10815,한국타프로기(주),부산광역시 강서구 미음국제4로 69 (미음동),액체 여과기 제조업 외 2종,051-831-9069
10816,한국타프로기(주),부산광역시 강서구 미음국제4로 69 (미음동),액체 여과기 제조업 외 2종,051-831-9069
10817,한국타프로기(주),부산광역시 강서구 미음산단6로 42 (미음동),강관 제조업 외 2종,051-831-9066
10818,한국테크,부산광역시 사상구 장인로77번길 132 (학장동),절삭가공 및 유사처리업,051-971-0815
10819,한국통산(주),부산광역시 사하구 신산로 110 (신평동),"동 압연, 압출 및 연신제품 제조업",051-293-4423
10820,한국통산(주) 미음공장,부산광역시 강서구 미음산단로 130 (구랑동),"동 압연, 압출 및 연신제품 제조업",051-293-1900
10821,한국특수강(주),부산광역시 사하구 다산로175번길 12 (다대동),"산업용 섬유 세척, 염색, 정리 및 가공 기계 제조업 외 1종",051-327-0120
10822,한국특수포장공업사,부산광역시 강서구 강동동 35-70번지,직물포대 제조업,051-973-1492
10823,한국특수형강(주),"부산광역시 사상구 장인로77번길 52 (학장동, (주)한국특수형강)",열간 압연 및 압출 제품 제조업,051-323-2611
10824,한국특허상품기술개발원,부산광역시 사상구 학장로 213-6 (학장동),수동식 식품 가공기기 및 금속 주방용기 제조업 외 1종,051-311-6572
10825,한국파워오엔엠(주),부산광역시 사상구 낙동대로1396번길 14 (삼락동),기타 구조용 금속제품 제조업 외 2종,055-266-2702
10826,한국포장센터,부산광역시 강서구 대저중앙로357번길 26-1 (대저1동),골판지 제조업 외 1종,051-897-7464
10827,한국포장센터,부산광역시 강서구 대저중앙로357번길 26 (대저1동),골판지 제조업 외 1종,051-897-7464
10828,한국포재 주식회사,부산광역시 강서구 제도로1092번나길 128-33 (강동동),"플라스틱 포대, 봉투 및 유사제품 제조업 외 2종",051-973-1492
10829,한국퓨마에어센타,"부산광역시 사상구 학감대로 197 (학장동, 무학빌딩)",기체 펌프 및 압축기 제조업,051-314-4601
10830,한국합금밸브공업(주),부산광역시 강서구 평강로 215 (대저1동),기체 펌프 및 압축기 제조업,051-973-7931
10831,한국해양개발식품,부산광역시 강서구 평강로 227-15 (대저1동),천연 및 혼합조제 조미료 제조업,051-311-6782
10832,한국해양바이오클러스터 주식회사,"부산광역시 영도구 태종로 727, 한국해양대 해양산업연구동(아산관) 동삼동 (동삼동)",그 외 기타 분류 안된 화학제품 제조업 외 2종,051-405-1228
10833,한국해양바이오클러스터(주),부산광역시 기장군 장안읍 반룡산단2로 72,그 외 자동차용 신품 부품 제조업 외 3종,051-405-1228
10834,한국해양바이오클러스터(주)   ,부산광역시 기장군 장안읍 반룡산단2로 66,그 외 기타 식료품 제조업 외 3종,051-405-1228
10835,한국호진공업(주),부산광역시 사하구 신산로13번길 59 (신평동),"금속 문, 창, 셔터 및 관련제품 제조업",051-301-4531
10836,한국화스너,부산광역시 사상구 가야대로 121 (감전동),볼트 및 너트류 제조업 외 2종,051-328-7200
10837,한국환경기계(주),부산광역시 강서구 녹산산단261로 83 (송정동),액체 여과기 제조업,051-831-0031
10838,한국회가내스(주),부산광역시 강서구 미음산단1로16번길 59 (구랑동),기타 제철 및 제강업 외 1종,02-511-4344
10839,한국후렉시블,부산광역시 사상구 가야대로103번길 20 (감전동),구조용 금속 판제품 및 공작물 제조업,051-508-6291
10840,한국후직(주),부산광역시 강서구 녹산산업중로192번길 25 (송정동),화학섬유직물 직조업 외 5종,051-831-4037
10841,한글그라픽스,부산광역시 부산진구 신천대로65번길 41 (범천동),기타 인쇄업 외 3종,051-632-7842
10842,한길공업사,부산광역시 강서구 제도로1002번길 24 (강동동),볼트 및 너트류 제조업 외 2종,051-972-3435
10843,한길정공,부산광역시 강서구 녹산산단261로 84 (송정동),분사기 및 소화기 제조업,051-831-4141
10844,한길정공,부산광역시 강서구 생곡로 258 (생곡동),동력식 수지공구 제조업 외 1종,051-831-4141
10845,한길토건(주),부산광역시 강서구 금호순서길282번나길 5 (대저2동),합성수지 및 기타 플라스틱 물질 제조업,051-802-0536
10846,한길화스너,부산광역시 강서구 제도로1002번길 24-1 (강동동),볼트 및 너트류 제조업 외 2종,051-972-3437
10847,한남정공사,부산광역시 강서구 대저중앙로348번길 15 (대저1동),고무패킹류 제조업 외 1종,051-304-9984
10848,한덕TSO,"부산광역시 사상구 모라로192번길 9, 604호 (모라동, 모라아파트형공장)",그 외 기타 전자부품 제조업 외 1종,051-302-7500
10849,한독금속,부산광역시 사하구 비봉로21번길 15 (신평동),건설 및 채광용 기계장비 제조업,051-206-1968
10850,한독금속(주),부산광역시 사하구 다산로105번길 64 (다대동),금속 단조제품 제조업 외 1종,051-206-1968
10851,한독메디칼 ,"부산광역시 금정구 개좌로 273-20, 5층 508,509 (회동동)",그 외 기타 의료용 기기 제조업,051-816-7085
10852,한독전기,부산광역시 사하구 장평로138번길 26 (장림동),"전기회로 개폐, 보호장치 제조업 외 1종",051-263-4740
10853,한독정공,부산광역시 사상구 새벽로 83-12 (학장동),기타 가공 공작기계 제조업,051-328-6714
10854,한독특수산업,부산광역시 강서구 녹산화전로 23 (송정동),컨베이어장치 제조업 외 1종,051-831-2365
10855,한독파워테크,부산광역시 기장군 장안읍 명례산단3로 106,그 외 기타 분류 안된 금속 가공 제품 제조업,051-209-2240
10856,한독화학주식회사,부산광역시 기장군 정관면 정관상곡1길 27-48,그 외 기타 플라스틱 제품 제조업 외 1종,051-727-8880
10857,한동냉장,"부산광역시 사상구 새벽시장로 16 (감전동, 한동냉장(주))",얼음 제조업,051-324-5575
10858,한두산업,부산광역시 사하구 다산로53번길 6 (다대동),끈 및 로프 제조업 외 1종,051-266-1815
10859,한라IMS(주),부산광역시 강서구 화전산단5로 15 (화전동),전기경보 및 신호장치 제조업 외 1종,051-601-7000
10860,한라IMS(주),부산광역시 강서구 가리새3로 73 (범방동),선박 구성 부분품 제조업 외 6종,051-601-7046
10861,한라IMS(주),부산광역시 강서구 화전산단1로 115 (화전동),전기경보 및 신호장치 제조업 외 8종,051-601-7050
10862,한라메탈,부산광역시 강서구 녹산산업북로 378 (송정동),강주물 주조업,051-974-8880
10863,한라산업(주),부산광역시 사하구 다대로354번길 20 (장림동),액체 펌프 제조업 외 1종,051-264-2201
10864,한라시스템,부산광역시 영도구 대평로 37-3 (대평동2가),선박 구성 부분품 제조업,051-416-7626
10865,한라엘이디 주식회사,부산광역시 강서구 금호순서길89번길 10 (대저2동),일반용 전기 조명장치 제조업,051-501-0008
10866,한라정공(주),부산광역시 기장군 장안읍 장안산단2로 17,육상 금속 골조 구조재 제조업 외 56종,051-723-1188
10867,한미공업사,부산광역시 강서구 녹산산단382로49번길 54(송정동),구조용 금속 판제품 및 공작물 제조업,051-324-4530
10868,한미케이블,"부산광역시 사상구 모라로192번길 9, 404호 (모라동, 모라아파트형공장)",그 외 자동차용 신품 부품 제조업 외 7종,051-302-0175
10869,한미케이블,부산광역시 강서구 과학산단1로103번길 38 (지사동),그 외 기타 분류 안된 섬유제품 제조업,051-972-7153
10870,한미케이블(주),부산광역시 강서구 녹산산단382로14번가길 9 (송정동),"플라스틱 선, 봉, 관 및 호스 제조업 외 5종",051-831-7151
10871,한미케이블(주),부산광역시 강서구 녹산산단382로14번가길 7 (송정동),운송장비 조립용 플라스틱제품 제조업 외 1종,051-831-7151
10872,한미프라스틱(주),부산광역시 강서구 녹산산단262로13번길 8 (송정동),운송장비 조립용 플라스틱제품 제조업 외 1종,051-832-1800
10873,한보조침공업사,부산광역시 사하구 장평로 61 (장림동),낚시 및 수렵용구 제조업,051-261-8321
10874,한봄식품 주식회사,부산광역시 사하구 다대로 284(장림동),떡류 제조업,051-266-3002
10875,한부금속,부산광역시 강서구 대저중앙로347번길 48-2 (대저1동),주형 및 금형 제조업,051-809-4873
10876,한비마린테크,부산광역시 영도구 대평남로 6-7 (대평동1가),선박 구성 부분품 제조업,051-416-9205
10877,한빈테크,부산광역시 강서구 신호산단3로88번길 60 (신호동),절삭가공 및 유사처리업,051-322-5732
10878,한빛기전,부산광역시 사상구 사상로368번길 49 (덕포동),배전반 및 전기 자동제어반 제조업,051-301-8870
10879,한빛산업(주),부산광역시 사하구 을숙도대로569번길 18 (신평동),골판지 제조업 외 1종,051-201-4901
10880,한빛상사,부산광역시 강서구 미음국제5로나길 29 (미음동) 윤주상공장,산업용 송풍기 및 배기장치 제조업,미등록
10881,한빛솔리드,"부산광역시 강서구 과학산단1로60번길 30, 1동 104호 (지사동)",기타 전기 변환장치 제조업,미등록
10882,한빛솔텍,부산광역시 강서구 공항로339번길 137-11 (대저2동),자동차용 금속 압형제품 제조업 외 1종,051-941-6458
10883,한빛테크,부산광역시 강서구 금호순서길282번가길 194-17 (대저2동),"증류기, 열교환기 및 가스발생기 제조업",051-832-2202
10884,한샘공업사,부산광역시 강서구 공항앞길85번길 107-1 (대저2동),그 외 기타 특수목적용 기계 제조업 외 1종,미등록
10885,한서정공,"부산광역시 사하구 다대동 1504-5,6번지",배전반 및 전기 자동제어반 제조업,051-264-2052
10886,한서정공,부산광역시 사상구 모덕로 40 (삼락동),그 외 자동차용 신품 부품 제조업 외 24종,051-303-5111
10887,한서정밀,부산광역시 강서구 식만로279번길 207 (식만동),주형 및 금형 제조업,055-321-3724
10888,한선엔지니어링(주),부산광역시 강서구 녹산산단335로 24-17 (송정동),"탭, 밸브 및 유사장치 제조업",051-899-6700
10889,한선엔지니어링(주),부산광역시 강서구 녹산산단361로 27 (송정동) (총 2 필지),"탭, 밸브 및 유사장치 제조업",051-899-6700
10890,한성공업,부산광역시 강서구 범방2로9번길 7 (범방동),내연기관 제조업 외 1종,051-413-0302
10891,한성공조산업,부산광역시 강서구 울만로322번길 19 (대저2동),구조용 금속 판제품 및 공작물 제조업,미등록
10892,한성금속,부산광역시 강서구 미음산단로92번길 20 (구랑동),변압기 제조업,051-831-6012
10893,한성금속,부산광역시 강서구 녹산산단261로87번길 17 (송정동),자동차용 금속 압형제품 제조업 외 1종,051-328-4668
10894,한성금속공업사,"부산광역시 사상구 낙동대로988번길 39 (감전동, 한성금속)",강주물 주조업 외 1종,051-314-0536
10895,한성기계공업사,부산광역시 강서구 녹산산단77로 19 (송정동),기타 선박 건조업,051-831-7028
10896,한성기업사,"부산광역시 사상구 낙동대로1318번길 64 (삼락동, 영동합포(유))",금속탱크 및 저장용기 제조업 외 1종,051-303-5767
10897,한성냉동엔지니어링,부산광역시 영도구 대평로27번길 23 (대평동1가),산업용 냉장 및 냉동 장비 제조업,051-413-9712
10898,한성벨트산업,부산광역시 강서구 대저중앙로 220-1 (대저1동),컨베이어장치 제조업,051-897-8700
10899,한성볼트,부산광역시 강서구 공항로1409번길 61-11 (대저1동),볼트 및 너트류 제조업 외 2종,051-303-5311
10900,한성산업,부산광역시 사하구 다대로170번길 94 (신평동),운송장비 조립용 플라스틱제품 제조업 외 2종,051-204-4386
10901,한성산업,부산광역시 사하구 다산로225번길 30 (장림동),도금업,미등록
10902,한성산업,부산광역시 사상구 낙동대로1264번길 23 (삼락동),금속 절삭기계 제조업,051-303-3305
10903,한성산업,부산광역시 사하구 장평로138번길 17-1 (장림동),그 외 기타 분류 안된 금속 가공 제품 제조업 외 1종,051-266-4855
10904,한성산업(주),"부산광역시 사상구 낙동대로915번길 12 (감전동, 한성산업(주))",수소 제조업 외 1종,051-324-7001
10905,한성산업사,"부산광역시 사상구 사상로341번길 70 (덕포동, 한성산업사)",플라스틱 필름 제조업 외 1종,051-303-6066
10906,한성산업사,부산광역시 사상구 감전천로 213 (감전동),일반 제재업,051-315-0217
10907,한성선박공업사,부산광역시 영도구 대평로19번길 20 (대평동1가),선박 구성 부분품 제조업,051-414-7792
10908,한성씰산업,부산광역시 사상구 낙동대로1348번길 77 (삼락동),고무패킹류 제조업 외 20종,051-319-2211
10909,한성씰산업,"부산광역시 사상구 낙동대로1348번길 73 (삼락동, 한성산업)",고무패킹류 제조업 외 19종,051-303-7922
10910,한성에이치티유한회사,부산광역시 사상구 장인로37번길 53 (감전동),선박 구성 부분품 제조업 외 1종,051-316-0485
10911,한성에이치티유한회사,부산광역시 강서구 미음국제6로 7 (미음동),그 외 기타 금속가공업,051-316-0485
10912,한성엔지니어링,부산광역시 강서구 제도로1092번가길 37 (강동동),액체 펌프 제조업 외 4종,051-508-4891
10913,한성엔진,부산광역시 강서구 공항로 345 (대저2동),내연기관 제조업,미등록
10914,한성인슈,"부산광역시 사상구 낙동대로1002번길 46, 2층 (감전동)","1차 유리제품, 유리섬유 및 광학용 유리 제조업",051-324-3773
10915,한성인터내셔널(주),부산광역시 강서구 녹산산단27로 23 (송정동),그 외 기타 금속가공업,051-831-3415
10916,한성전조,"부산광역시 사상구 사상로368번길 31 (덕포동, 한성전조)",볼트 및 너트류 제조업 외 2종,051-302-2749
10917,한성정공,부산광역시 사하구 다대로354번길 61 (장림동),자동차용 금속 압형제품 제조업 외 33종,051-262-2258
10918,한성정밀,부산광역시 강서구 녹산산업북로 263 (송정동),주형 및 금형 제조업,미등록
10919,한성정밀,부산광역시 강서구 과학산단로369번길 6 (지사동),내연기관 제조업 외 32종,051-973-7317
10920,한성종합상사,부산광역시 서구 원양로 96 (암남동),수산동물 냉동품 제조업 외 3종,미등록
10921,한성테크(주),부산광역시 사상구 낙동대로1348번길 77 (삼락동),고무패킹류 제조업 외 3종,051-319-2211
10922,한성텍,부산광역시 강서구 낙동남로622번길 57 (녹산동),그 외 자동차용 신품 부품 제조업 외 3종,051-328-4668
10923,한성패브릭,"부산광역시 금정구 개좌로 158-20, 2층 (회동동)",침구 및 관련제품 제조업,051-505-5601
10924,한성하이텍,부산광역시 사상구 모덕로96번길 60 (덕포동),유압기기 제조업,051-791-0778
10925,한성화학공업사,"부산광역시 사상구 사상로469번다길 11 (모라동, 한성화학)",플라스틱 필름 제조업 외 14종,051-305-0856
10926,한솔C.N.C.정밀,부산광역시 강서구 과학산단2로3번길 42 (지사동),그 외 기타 금속가공업,051-832-2011
10927,한솔DS,부산광역시 사상구 사상로 539 (모라동),접착제 및 젤라틴 제조업,051-301-3338
10928,한솔지류(주),"부산광역시 사상구 낙동대로1420번길 41,  102,106호 (삼락동)",기타 인쇄업 외 1종,051-303-2229
10929,한솔환경,부산광역시 강서구 녹산산업중로167번길 12 (송정동),무기안료용 금속 산화물 및 관련 제품 제조업,051-831-4167
10930,한송엠택스(주),부산광역시 강서구 신덕길2번길 39 (대저1동),특수 직물 및 기타 직물 직조업 외 1종,051-324-4565
10931,한수기공(주),부산광역시 강서구 미음국제5로라길 38 (미음동),그 외 기타 특수목적용 기계 제조업,미등록
10932,한스오토메이션,부산광역시 영도구 동삼동 1번지 해양대학교 S319호,유압기기 제조업,051-410-4894
10933,한승산업(주),부산광역시 기장군 정관면 용수1길 16-31,의료용 가구 제조업 외 2종,051-728-0855
10934,한신ENG,"부산광역시 북구 만덕3로16번길 1, ２０８호(만덕동, 부산이노비즈센터)",산업용 냉장 및 냉동 장비 제조업,미등록
10935,한신공업(주),"부산광역시 사상구 모덕로 3 (삼락동, 한일기계)",유선 통신장비 제조업 외 8종,051-302-2277
10936,한신기계,부산광역시 강서구 녹산산업북로 54 (송정동),절삭가공 및 유사처리업,051-832-1097
10937,한신명판사,부산광역시 사상구 낙동대로1404번길 82 (삼락동),기타 인쇄업 외 1종,051-341-4976
10938,한신실리텍(주),부산광역시 사하구 을숙도대로 637 (신평동),그 외 기타 분류 안된 화학제품 제조업 외 1종,051-291-9999
10939,한신씨푸드,"부산광역시 서구 충무대로 146, 희창빌딩 504호 (남부민동)",기타 수산동물 가공 및 저장 처리업,051-253-8295
10940,한신엔지니어링,부산광역시 사상구 가야대로11번길 68 (감전동),액체 펌프 제조업 외 2종,051-325-6406
10941,한신염공,부산광역시 사하구 하신번영로107번길 2 (신평동),솜 및 실 염색가공업,051-208-2821
10942,한신유압시스템,부산광역시 사하구 두송로 262 (구평동),유압기기 제조업 외 25종,051-317-7851
10943,한신유압시스템,부산광역시 사상구 사상로425번길 51 (모라동),유압기기 제조업 외 26종,051-317-7851
10944,한신전기(주),부산광역시 기장군 정관읍 산단3로 120 (삼성강건사),배전반 및 전기 자동제어반 제조업 외 1종,051-714-7279
10945,한신전자(주),부산광역시 영도구 남항남로 45 (영선동4가),유선 통신장비 제조업 외 2종,051-412-5551
10946,한신정공,부산광역시 기장군 정관면 산단4로 58,자동차용 신품 동력전달장치 제조업 외 1종,051-728-9223
10947,한아름산업 주식회사,부산광역시 강서구 송정동 1622-9,위생용 종이제품 제조업,051-831-6621
10948,한아름산업(주),부산광역시 강서구 생곡산단1로 29 (생곡동),위생용 종이제품 제조업,051-831-6621
10949,한아툴스(주),부산광역시 사하구 장림번영로104번길 55 (장림동),톱 및 호환성 공구 제조업,051-262-3467
10950,한양밸브공업(주),부산광역시 강서구 미음산단2로16번길 19(구랑동),"탭, 밸브 및 유사장치 제조업",051-263-6790
10951,한양식품(주)장림지점,부산광역시 사하구 다산로225번길 59 (장림동),"수산동물 훈제, 조리 및 유사 조제식품 제조업 외 1종",051-262-6697
10952,한양식품공업사,"부산광역시 사상구 학장로83번길 34 (학장동, 한양식품공업사)",수산동물 건조 및 염장품 제조업,051-317-6677
10953,한양화학공업 유한회사,부산광역시 사상구 학감대로163번길 27(학장동),그 외 기타 분류 안된 화학제품 제조업 외 1종,051-322-8833
10954,한양화학공업사,부산광역시 사상구 학감대로163번길 27 (학장동),그 외 기타 분류 안된 화학제품 제조업 외 1종,051-322-8833
10955,한영기계 ,부산광역시 사상구 새벽로63번길 53(학장동),그 외 기타 일반목적용 기계 제조업 외 16종,미등록
10956,한영기업(주),부산광역시 영도구 해양로 206 (동삼동),선박 구성 부분품 제조업 외 2종,051-403-4787
10957,한영밸브,부산광역시 강서구 화전산단5로38번길 25 (화전동),"탭, 밸브 및 유사장치 제조업",051-304-4216
10958,한영산업,"부산광역시 사상구 학감대로163번길 13-21 (학장동, 한영산업)",도금업,051-323-6170
10959,한영산업(주),부산광역시 강서구 낙동남로533번길 36 (녹산동),부직포 및 펠트 제조업 외 2종,051-302-1925
10960,한영식품,부산광역시 사하구 신평제1동 568-23번지,과자류 및 코코아 제품 제조업,051-206-2142
10961,한영신세틱(주),"부산광역시 사상구 대동로283번길 11 (감전동, 한영신세틱(주))",부직포 및 펠트 제조업,051-326-6465
10962,한영종합기계,부산광역시 사상구 낙동대로1348번길 83 (삼락동),금속 절삭기계 제조업,051-304-6747
10963,한올데코,부산광역시 사상구 낙동대로 992-7 (감전동),침구 및 관련제품 제조업,051-951-9995
10964,한울,부산광역시 강서구 식만로259번길 70 (식만동),"탭, 밸브 및 유사장치 제조업",070-4299-0881
10965,한울산업,부산광역시 강서구 과학산단2로3번길 34 (지사동),자동차 엔진용 신품 부품 제조업 외 11종,051-314-4842
10966,한울항공기계(주),부산광역시 강서구 과학산단2로3번길 34 (지사동),자동차 엔진용 신품 부품 제조업 외 11종,051-314-4842
10967,한유테크주식회사,부산광역시 사하구 감천항로 253-11 (구평동),선박 구성 부분품 제조업,051-417-7757
10968,한음산업,부산광역시 강서구 대저중앙로 314-5 (대저1동),"치약, 비누 및 기타 세제 제조업",미등록
10969,한일,부산광역시 사하구 다산로 30 (다대동),내연기관 제조업,051-209-2240
10970,한일DUCT산업,"부산광역시 북구 사상로 610-1 (구포동, 한일닥트산업)",산업용 송풍기 및 배기장치 제조업,051-343-3500
10971,한일ENG,부산광역시 사하구 다산로 182 (다대동),선박 구성 부분품 제조업,미등록
10972,한일I.M.T,부산광역시 강서구 상덕로119번길 41 (강동동),주형 및 금형 제조업,051-941-0501
10973,한일공업사,부산광역시 사상구 낙동대로901번길 25-23(감전동),그 외 기타 금속가공업,051-305-3435
10974,한일공업사,부산광역시 사상구 사상로402번길 31 (덕포동),그 외 기타 일반목적용 기계 제조업 외 1종,051-305-3441
10975,한일광학,부산광역시 영도구 청학남로59번길 32 (청학동),안경 및 안경렌즈 제조업,미등록
10976,한일금속 ,부산광역시 기장군 정관면 산단5로 76-45,"금속 문, 창, 셔터 및 관련제품 제조업",051-728-7030
10977,한일기공사,부산광역시 사상구 낙동대로1404번길 88 (삼락동),그 외 기타 특수목적용 기계 제조업 외 1종,051-301-6325
10978,한일기업,"부산광역시 부산진구 당감서로 175, 401호 (당감동, 백양빌딩)",그 외 기타 특수목적용 기계 제조업 외 4종,051-505-9100
10979,한일냉장(주),부산광역시 사하구 원양로 314 (감천동) (총 3 필지),수산동물 냉동품 제조업,051-293-7500
10980,한일레인보우,부산광역시 강서구 녹산산단382로59번길 21 (송정동),비주거용 건물 임대업,051-831-8340
10981,한일물산(주),부산광역시 기장군 기장읍 죽성리 770번지,여자용 겉옷 제조업 외 2종,051-721-2150
10982,한일미디어텍,"부산광역시 동래구 아시아드대로208번길 57, 한일빌딩 3층 (온천동)",방송장비 제조업 외 9종,051-866-6200
10983,한일방식(주),부산광역시 강서구 미음산단3로 82 (미음동),"알루미늄 제련, 정련 및 합금 제조업 외 3종",051-974-1070
10984,한일산업,부산광역시 동래구 중앙대로1277번길 92 (사직동),자수제품 및 자수용재료 제조업 외 1종,051-507-5301
10985,한일산업,부산광역시 사하구 을숙도대로569번길 6 (신평동),플라스틱 접착처리 제품 제조업 외 3종,051-264-3660
10986,한일산업,부산광역시 사하구 장평로138번길 17-1 (장림동),육상 금속 골조 구조재 제조업 외 1종,051-261-1518
10987,한일선박기계(주),부산광역시 사하구 감천항로 201-5 (구평동),음ㆍ식료품 및 담배 가공기계 제조업,051-261-1965
10988,한일스틸(주),"부산광역시 사상구 가야대로48번길 53 (학장동, 한일스틸)",금속선 가공제품 제조업,051-326-3351
10989,한일스프링공업사,부산광역시 강서구 대저중앙로286번길 100 (대저1동),금속 스프링 제조업,051-972-4877
10990,한일시멘트(주)부산공장,"부산광역시 사상구 삼덕로 96 (덕포동, 한일시멘트주식회사)",시멘트 제조업 외 1종,051-305-9160
10991,한일엔지니어링,부산광역시 사상구 낙동대로1404번길 88 (삼락동),그 외 기타 특수목적용 기계 제조업 외 1종,051-301-6325
10992,한일인터내셔널(주),"부산광역시 사상구 가야대로64번길 34 (학장동, 한일인터내셔날)",냉간 압연 및 압출 제품 제조업,051-326-3351
10993,한일전기,부산광역시 해운대구 해운대로177번길 16 (재송동),그 외 기타 전자부품 제조업,051-804-8700
10994,한일전기(주),"부산광역시 사상구 모덕로96번길 89 (덕포동, 한일전기(주))",배전반 및 전기 자동제어반 제조업,051-304-1828
10995,한일조각(주),부산광역시 사하구 보덕포1길 107 (장림동),제판 및 조판업 외 1종,051-265-1466
10996,한일종합해사,부산광역시 영도구 남항서로 4 (남항동3가),선박 구성 부분품 제조업 외 1종,051-417-0008
10997,한일테크,부산광역시 강서구 제도로 721 (강동동),가정용 전기 난방기기 제조업,051-337-8494
10998,한일파이프,부산광역시 강서구 가달2로16번길 18 (생곡동),그 외 기타 1차 철강 제조업,051-313-8758
10999,한일플라스틱(주),부산광역시 사하구 장평로76번길 7 (장림동),폴리스티렌 발포 성형제품 제조업 외 3종,051-263-7208
11000,한전열시스템,"부산광역시 사상구 새벽시장로29번길 16-11 (감전동, 한전열시스템)",그 외 기타 일반목적용 기계 제조업 외 3종,051-312-1152
11001,한주레벨,부산광역시 강서구 맥도길 587 (대저2동),"탭, 밸브 및 유사장치 제조업 외 1종",051-303-0538
11002,한준산업,"부산광역시 사상구 학장로 301 (주례동, 하경산업)",고무패킹류 제조업 외 1종,051-311-2337
11003,한지정밀,부산광역시 강서구 식만로 207-31 (식만동),그 외 자동차용 신품 부품 제조업 외 3종,051-972-0822
11004,한진공업(주),부산광역시 사하구 다산로105번길 43 (다대동),기어 및 동력전달장치 제조업 외 2종,051-265-0561
11005,한진상사,"부산광역시 영도구 태종로50번길 39,  외 1필지 (대교동1가)",선박 구성 부분품 제조업,051-416-1866
11006,한진섬유,부산광역시 강서구 과학산단2로43번길 14 (지사동),편조원단 제조업,051-971-9737
11007,한진열처리,"부산광역시 사상구 모라로6번길 21 (삼락동, 한진열처리)",금속 열처리업,051-301-7958
11008,한진전기공업주식회사,부산광역시 강서구 대저동서로 53 (대저1동),배전반 및 전기 자동제어반 제조업,051-941-9496
11009,한진종합산업(주),부산광역시 영도구 해양로 63 (청학동),철강선 제조업 외 1종,051-418-5421
11010,한진종합서비스,부산광역시 영도구 남항서로70번길 30 (남항동3가),선박 구성 부분품 제조업,051-417-2692
11011,한진테크,부산광역시 강서구 미음산단3로 166 (미음동),선박 구성 부분품 제조업,051-714-6116
11012,한진테크윈,부산광역시 금정구 반송로490번길 36 (금사동),플라스틱 필름 제조업 외 1종,051-524-2444
11013,한진항해전기,부산광역시 영도구 대평로 25-1 (대평동1가),"레이더, 항행용 무선기기 및 측량기구 제조업 외 1종",051-418-3078
11014,한진화학,부산광역시 영도구 일산봉로37번길 17 (청학동),그 외 기타 플라스틱 제품 제조업 외 1종,051-417-6448
11015,한진화학,"부산광역시 사상구 사상로401번길 38 (덕포동, 한진화학)",그 외 기타 고무제품 제조업,051-305-0130
11016,한창목재,부산광역시 사상구 사상로433번길 34 (모라동),일반 제재업,051-301-0199
11017,한창산업사,"부산광역시 사상구 사상로342번길 9 (덕포동, 한창산업사)","플라스틱 선, 봉, 관 및 호스 제조업 외 1종",051-304-2366
11018,한창특수정밀고무,부산광역시 사상구 새벽시장로9번길 40 (감전동),그 외 기타 고무제품 제조업,051-313-7570
11019,한초 신 BIO,부산광역시 강서구 낙동북로76번길 22-1 (강동동),기타 비알코올 음료 제조업,미등록
11020,한텍,부산광역시 강서구 식만로 29 (죽림동),기타 구조용 금속제품 제조업,051-973-2350
11021,한톨식품,부산광역시 금정구 중앙대로1944번길 35 (구서동),천연 및 혼합조제 조미료 제조업,051-515-1360
11022,한통레미콘주식회사,부산광역시 남구 용당동  206-56 ,레미콘 제조업,051-627-3300
11023,한화스틸,부산광역시 강서구 식만로 13-46 (죽림동),육상 금속 골조 구조재 제조업 외 1종,051-261-7754
11024,한화스틸2공장,부산광역시 강서구 식만로 13-47 (죽림동),그 외 기타 분류 안된 금속 가공 제품 제조업,051-261-7754
11025,한화유압기계,부산광역시 사하구 다산로78번길 11 (다대동),유압기기 제조업,051-264-8981
11026,한화유압기계,"부산광역시 사상구 모덕로 46 (삼락동, 한화유압기계)",육상 금속 골조 구조재 제조업 외 56종,051-325-6665
11027,한화파워시스템 주식회사,부산광역시 강서구 과학산단2로 31 (지사동),기타 기관 및 터빈 제조업 외 2종,055-260-2100
11028,함양 ENG,부산광역시 강서구 강동중곡3길 80 (강동동),"탭, 밸브 및 유사장치 제조업",051-973-1725
11029,함양 ENG,부산광역시 강서구 강동중곡3길 80-1 (강동동),선박 구성 부분품 제조업,051-973-1725
11030,합동용접기,부산광역시 사하구 보덕포1길 106 (장림동),그 외 기타 일반목적용 기계 제조업 외 1종,051-266-8307
11031,합성염색공업사,부산광역시 사하구 하신번영로107번길 8 (신평동),솜 및 실 염색가공업,051-201-0754
11032,합천수산,"부산광역시 서구 충무대로 140,  동양섬유(주)송도지점 3층 (남부민동)",기타 수산동물 가공 및 저장 처리업,051-207-2076
11033,항공산업,부산광역시 강서구 식만로93번길 17-1 (죽림동),항공기용 부품 제조업,051-941-3007
11034,항공산업,부산광역시 강서구 식만로93번길 17 (죽림동),항공기용 부품 제조업,051-941-3007
11035,항도 M/T,부산광역시 강서구 대저로171번가길 57-1 (대저1동),합성수지 및 기타 플라스틱 물질 제조업,051-303-2437
11036,항도공업(주),"부산광역시 사상구 낙동대로1338번길 60 (삼락동, (주)항도공업)",주형 및 금형 제조업 외 2종,051-301-1779
11037,항도레미콘(주),부산광역시 사하구 하신중앙로53번길 60 (신평동),레미콘 제조업 외 1종,051-203-6661
11038,항도산업,부산광역시 강서구 대부길 27-20 (강동동),주형 및 금형 제조업,051-314-6744
11039,항도산업개발(주),부산광역시 사하구 감천항로 253-6 (구평동),비금속광물 분쇄물 생산업 외 1종,051-266-0100
11040,항도수산,부산광역시 사하구 감천항로429번길 34 (구평동),수산동물 냉동품 제조업,051-246-9693
11041,항도스카이어닝천막사,부산광역시 기장군 기장읍 동뫼길 20,"천막, 텐트 및 유사 제품 제조업",미등록
11042,항도아스콘(주),부산광역시 사하구 을숙도대로 569 (신평동),아스팔트 콘크리트 및 혼합제품 제조업,051-293-9953
11043,항도유압기계,부산광역시 영도구 대평남로 26 (대평동1가),선박 구성 부분품 제조업,051-412-6124
11044,항도제일특수부라쉬,부산광역시 강서구 공항앞길163번길 37 (대저2동),비 및 솔 제조업,051-315-4012
11045,항성산업사,부산광역시 강서구 과학산단로 425 (지사동),그 외 자동차용 신품 부품 제조업 외 4종,051-972-9935
11046,해강 ENG,부산광역시 강서구 대저중앙로286번길 133 (대저1동),산업용 송풍기 및 배기장치 제조업,미등록
11047,해강기술(주),부산광역시 강서구 미음산단4로 150 (미음동),전기회로 접속장치 제조업 외 3종,051-831-6630
11048,해강냉장,부산광역시 사하구 하신중앙로3번길 108 (장림동),수산동물 냉동품 제조업 외 1종,051-265-1471
11049,해강테크,"부산광역시 영도구 산업로 23 (청학동, 일신빌딩)",선박 구성 부분품 제조업,미등록
11050,해경정밀,부산광역시 사하구 사하로68번길 51 (구평동),그 외 자동차용 신품 부품 제조업 외 7종,051-204-7708
11051,해관금속공업사,부산광역시 금정구 반송로489번길 24 (금사동),금속 위생용품 제조업,051-523-9519
11052,해광기술산업,"부산광역시 기장군 정관읍 산단1로 66-60, 1동 전체","산업용 오븐, 노 및 노용 버너 제조업",051-742-5200
11053,해광수산(주),부산광역시 사하구 다대로497번길 25 (다대동) (총 2 필지),기타 수산동물 가공 및 저장 처리업,051-263-2525
11054,해광중건기주식회사,부산광역시 강서구 공작길 86 (강동동),건설 및 채광용 기계장비 제조업,051-313-6988
11055,해광터보,부산광역시 영도구 남항남로19번길 62 (남항동2가),선박 구성 부분품 제조업,051-418-8392
11056,해광테크,부산광역시 기장군 정관면 산단5로 84 (해광테크),그 외 기타 특수목적용 기계 제조업 외 1종,051-727-6465
11057,해광토탈,부산광역시 영도구 해양로182번길 16 (청학동),선박 구성 부분품 제조업,미등록
11058,해나라수산,부산광역시 사하구 다대로1066번길 50(장림동),기타 수산동물 가공 및 저장 처리업,051-254-9488
11059,해누리푸드(정진),부산광역시 사하구 다대동로6번길 13 (다대동),기타 수산동물 가공 및 저장 처리업,051-264-6268
11060,해동,부산광역시 강서구 녹산산업북로 295 (송정동),기타 선박 건조업,미등록
11061,해동,부산광역시 기장군 장안읍 오리산단3로 88,"치약, 비누 및 기타 세제 제조업",미등록
11062,해동,부산광역시 사상구 사상로426번길 26 (모라동),기타 가정용 전기기기 제조업 외 1종,051-302-2214
11063,해동그린파워펌프,부산광역시 연제구 월드컵대로188번길 33 (거제동),액체 펌프 제조업 외 1종,051-863-3600
11064,해동금속공업사,부산광역시 강서구 녹산산업북로 255 (송정동),자동차 차체용 신품 부품 제조업 외 2종,051-831-1771
11065,해동금속공업사 2공장,부산광역시 강서구 미음산단로199번길 55 (미음동),자동차 차체용 신품 부품 제조업,051-831-1731
11066,해동기계,부산광역시 강서구 낙동북로 46-18 (강동동),절삭가공 및 유사처리업,051-305-3019
11067,해동마린써비스 주식회사,부산광역시 강서구 녹산화전로 23 (송정동),선박 구성 부분품 제조업,051-418-2062
11068,해동마린써비스 주식회사,부산광역시 영도구 대평로53번길 6 (대평동2가),강선 건조업 외 1종,051-418-2062
11069,해동메탈(주),부산광역시 강서구 미음산단3로 82 (미음동),"연 및 아연 제련, 정련 및 합금 제조업 외 5종",051-974-1061
11070,해동산업,"부산광역시 사상구 낙동대로901번길 25-30 (감전동, 해동산업)",절삭가공 및 유사처리업,051-316-5600
11071,해동산업,부산광역시 부산진구 가야대로681번길 64-6 (당감동),고무패킹류 제조업 외 3종,051-898-4431
11072,해동산업(주),"부산광역시 사상구 낙동대로 1052 (감전동, 해동산업)",그 외 기타 일반목적용 기계 제조업 외 2종,051-312-0770
11073,해동아이앤디,부산광역시 사상구 사상로401번길 22 (덕포동),그 외 기타 플라스틱 제품 제조업,051-304-3400
11074,해동우드,부산광역시 강서구 낙동북로126번길 24 (강동동),목재 깔판류 및 기타 적재판 제조업,051-972-4239
11075,해동유압산기,부산광역시 강서구 대저중앙로348번길 24-12 (대저1동),유압기기 제조업,051-315-3347
11076,해동정공,부산광역시 영도구 대평남로 36 (대평동2가),선박 구성 부분품 제조업 외 2종,051-412-3054
11077,해동정기,부산광역시 강서구 대저로89번가길 22-1(대저1동),그 외 기타 특수목적용 기계 제조업 외 3종,미등록
11078,해동정기,부산광역시 사하구 장평로132번길 8 (장림동),그 외 기타 특수목적용 기계 제조업 외 3종,051-266-7975
11079,해동종합 주식회사,부산광역시 영도구 해양로 186 (청학동),금속선 가공제품 제조업,051-415-2452
11080,해동중공업(주),"부산광역시 사상구 낙동대로1048번길 7, 외 1필지 (감전동)",그 외 기타 일반목적용 기계 제조업 외 3종,051-312-0770
11081,해동직물,부산광역시 기장군 기장읍 반송로 1552 (디아쇼파공장),어망 및 기타 끈 가공품 제조업,051-722-1262
11082,해동콘크리트,"부산광역시 강서구 낙동북로13번길 122, 해동콘크리트 (강동동)",콘크리트 관 및 기타 구조용 콘크리트 제품 제조업 외 1종,051-972-6543
11083,해륙식품,부산광역시 강서구 평강로 20 (강동동),과자류 및 코코아 제품 제조업,051-205-3648
11084,해림산업,부산광역시 사하구 홍티로 13 (다대동),어망 및 기타 끈 가공품 제조업,미등록
11085,해마로,부산광역시 기장군 일광면 청원길 8,기타 목재가구 제조업,미등록
11086,해맑은식품(주),부산광역시 사하구 다대로1066번길 53 (장림동),"수산동물 훈제, 조리 및 유사 조제식품 제조업",051-266-0808
11087,해상유압,"부산광역시 영도구 대평로 36-1, 1층 (대평동2가)",선박 구성 부분품 제조업,051-416-1556
11088,해성공업,부산광역시 사하구 다산로 177 (다대동),선박 구성 부분품 제조업,051-264-8103
11089,해성공업,부산광역시 강서구 화전산단2로133번길 34 (화전동),선박 구성 부분품 제조업 외 27종,051-264-8103
11090,해성공업사,부산광역시 영도구 남항서로70번길 24 (남항동3가),선박 구성 부분품 제조업,051-417-4657
11091,해성넷 주식회사,"부산광역시 서구 원양로 1, B동 3층 307 (암남동, 수산가공선진화단지)",기타 수산동물 가공 및 저장 처리업 외 1종,02-403-2432
11092,해성벤딩,"부산광역시 사상구 감전천로 83 (감전동, 해성벤딩)",기타 구조용 금속제품 제조업 외 1종,051-323-5116
11093,해성산업,부산광역시 사상구 새벽시장로45번길 46 (감전동),절삭가공 및 유사처리업,051-317-5872
11094,해성엔터프라이즈,부산광역시 강서구 녹산산단381로12번길 77-19 (송정동),낚시 및 수렵용구 제조업 외 1종,051-831-1400
11095,해성엔터프라이즈(주),부산광역시 강서구 녹산산단381로12번길 77-24 (송정동),낚시 및 수렵용구 제조업 외 1종,051-831-1400
11096,해성이엔지  ,부산광역시 기장군 장안읍 반룡리 898-4번지,"증류기, 열교환기 및 가스발생기 제조업",051-941-2278
11097,해성전기공업사,부산광역시 영도구 대평로45번길 7 (대평동2가),선박 구성 부분품 제조업,051-412-4795
11098,해성정밀,부산광역시 강서구 공항로767번다길 30-2 (대저2동),절삭가공 및 유사처리업,미등록
11099,해성정밀,부산광역시 금정구 공단로 68-21 (금사동),자동차 엔진용 신품 부품 제조업,051-522-0950
11100,해성포장기술,부산광역시 강서구 송정길100번길 8 (송정동),"목재 포장용 상자, 드럼 및 유사용기 제조업",051-972-3878
11101,해송판넬,부산광역시 금정구 동천로 11 (회동동),벽 및 바닥 피복용 플라스틱제품 제조업,051-937-0022
11102,해수산,부산광역시 사하구 다산로225번길 49 (장림동),기타 수산동물 가공 및 저장 처리업,미등록
11103,해신철강(주) 부산공장,부산광역시 기장군 정관읍 산단4로 103,기타 제철 및 제강업,051-720-3823
11104,해안수출포장,부산광역시 강서구 대저중앙로286번길 104-3 (대저1동),골판지 제조업 외 1종,051-971-7056
11105,해양ENG,부산광역시 사상구 새벽시장로45번길 46 (감전동),절삭가공 및 유사처리업,051-317-3916
11106,해양금속(주),부산광역시 강서구 녹산산업중로168번길 23 (송정동),선박 구성 부분품 제조업,051-831-4591
11107,해양금속(주),부산광역시 강서구 녹산산단261로59번길 13 (송정동),선박 구성 부분품 제조업 외 1종,051-831-4591
11108,해양산업명판,"부산광역시 사하구 장평로15번길 14, 2층 (장림동)",스크린 인쇄업 외 2종,051-265-8522
11109,해양수산물가공업협동조합,"부산광역시 사하구 다대동로6번길 17, 101호 (다대동)",수산동물 냉동품 제조업,051-791-2202
11110,해양엔지니어링,부산광역시 사하구 감천항로419번길 22 (구평동),선박 구성 부분품 제조업,051-266-7800
11111,해양전기,"부산광역시 영도구 대평로19번길 12,  대동아파트 110호 111호 (대평동1가)",선박 구성 부분품 제조업,051-415-0352
11112,해양조선주식회사,부산광역시 사하구 감천항로 165-7 (구평동),강선 건조업 외 3종,051-264-0882
11113,해양케미칼(주),부산광역시 강서구 녹산산단165로14번길 16 (송정동),도장 및 기타 피막처리업,051-832-7000
11114,해인산업(주),부산광역시 사하구 구평로 27 (구평동),선박 구성 부분품 제조업 외 5종,051-265-6444
11115,해인식품,부산광역시 강서구 가락대로1397번길 266 (봉림동),김치류 제조업 외 1종,051-325-8311
11116,해일공업사,부산광역시 사하구 다산로78번길 13 (다대동),선박 구성 부분품 제조업,051-323-4881
11117,해일산업,부산광역시 영도구 산업로 15 (청학동),선박 구성 부분품 제조업,051-418-6263
11118,해종엔지니어링,부산광역시 영도구 남항남로19번길 2 (남항동3가),기타 일반 기계 및 장비 수리업,051-415-1641
11119,해주마린엔진,부산광역시 영도구 대평남로 38 (대평동2가),선박 구성 부분품 제조업,051-417-9955
11120,해주씨푸드 주식회사,"부산광역시 사하구 장평로 70, 1층~3층 (장림동)",수산동물 냉동품 제조업,051-262-5363
11121,해주철강,부산광역시 강서구 신덕길2번길 41 (대저1동),기타 구조용 금속제품 제조업,051-971-9618
11122,해창공업사,"부산광역시 금정구 개좌로 189-1 (회동동, 해창공업사)",연사 및 가공사 제조업 외 1종,051-522-9205
11123,해창정밀 ,부산광역시 금정구 개좌로 274 (회동동),주형 및 금형 제조업,051-527-2095
11124,해천바이오주식회사,부산광역시 사하구 하신중앙로3번가길 36 (장림동),복합비료 및 기타 화학비료 제조업,미등록
11125,해천전기공업사,부산광역시 영도구 남항서로70번길 49 (남항동3가),선박 구성 부분품 제조업,051-415-4368
11126,해태에이치티비(주),부산광역시 사하구 다대로170번길 14 (신평동),골판지 제조업 외 1종,051-207-8695
11127,해피웍플레이스 주식회사,"부산광역시 연제구 토현로 6, 가상가 105호(연산동, 망미주공아파트)",구조용 금속 판제품 및 공작물 제조업,051-866-0775
11128,해피존,"부산광역시 강서구 과학산단1로60번길 31, 기계센터장비동 3층 303 (지사동)",기타 무선 통신장비 제조업,ARS-1588-0570
11129,행한선박ENG,부산광역시 영도구 봉래나루로 184 (봉래동2가),선박 구성 부분품 제조업,미등록
11130,향미식품,부산광역시 사하구 을숙도대로755번길 15-8 (구평동),떡류 제조업,051-244-1779
11131,헤드코메탈스코리아 유한회사,부산광역시 강서구 과학산단2로19번길 50(지사동),기타 1차 비철금속 제조업,031-675-6061
11132,헤코(주),"부산광역시 부산진구 가야대로 539-1, 1층 (가야동)","체조, 육상 및 체력단련용 장비 제조업 외 3종",051-892-3650
11133,헤코(주)사상지점,"부산광역시 사상구 학장로248번길 68 (학장동, 태양공업사)","체조, 육상 및 체력단련용 장비 제조업 외 4종",051-892-3650
11134,헬루케이블코리아(주)    ,부산광역시 기장군 정관읍 산단5로 79,절연 코드세트 및 기타 도체 제조업 외 1종,051-728-5004
11135,혁성감속기기계(주),부산광역시 사상구 대동로193번길 17 (학장동),기어 및 동력전달장치 제조업,051-328-3366
11136,혁신철강상사,"부산광역시 사상구 감전천로 95 (감전동, 혁신철강)",그 외 기타 1차 철강 제조업 외 2종,051-315-8746
11137,현광전기 주식회사,부산광역시 영도구 남항서로70번길 8 (남항동3가),"전기회로 개폐, 보호장치 제조업 외 1종",051-412-0334
11138,현광전기산업,부산광역시 영도구 해양로 33-50 (청학동),배전반 및 전기 자동제어반 제조업,051-415-6246
11139,현금전자산업,부산광역시 영도구 대평로34번길 5-17 (대평동2가),기타 무선 통신장비 제조업,051-416-4244
11140,현대공업사,부산광역시 기장군 정관면 용수공단1길 7 (현대강철),금속 가구 제조업,051-728-4452
11141,현대공업사,"부산광역시 사상구 낙동대로1348번길 15 (삼락동, 경동열처리)",그 외 기타 일반목적용 기계 제조업 외 1종,051-301-2009
11142,현대글로벌기술서비스(주),"부산광역시 금정구 개좌로 274(회동동, 영진실업주식회사)",배전반 및 전기 자동제어반 제조업,052-204-7940
11143,현대금속,부산광역시 기장군 정관읍 산단2로 16-5,구조용 금속 판제품 및 공작물 제조업 외 1종,051-529-4264
11144,현대금속,부산광역시 강서구 미음국제5로가길 5 (미음동) 현대금속,기타 가공 공작기계 제조업,미등록
11145,현대금속,부산광역시 사상구 낙동대로815번길 50-14 (감전동),볼트 및 너트류 제조업 외 3종,051-313-1106
11146,현대기전사,부산광역시 강서구 유통단지1로132번길 38 (대저2동),배전반 및 전기 자동제어반 제조업 외 2종,051-313-8100
11147,현대단조,부산광역시 사하구 다산로53번길 49 (다대동),금속 단조제품 제조업,050-326-1704
11148,현대디폴산기,부산광역시 강서구 녹산산단77로 32 (송정동),철도차량 부품 및 관련 장치물 제조업 외 4종,051-831-6691
11149,현대마그네트,부산광역시 사상구 가야대로11번길 7-3 (감전동),그 외 기타 분류 안된 금속 가공 제품 제조업 외 1종,051-323-7245
11150,현대메디칼,부산광역시 강서구 신호산단3로 102 (신호동),가정용 전기 난방기기 제조업,051-205-3669
11151,현대미디어,부산광역시 연제구 월드컵대로 34-1 (연산동),방송및무선통신기기제조업 외 9종,051-868-2022
11152,현대부러쉬,부산광역시 사상구 학감대로222번길 29 (감전동),비 및 솔 제조업,051-317-0020
11153,현대산업,"부산광역시 사하구 장평로132번길 17, 2층 (장림동)","천막, 텐트 및 유사 제품 제조업 외 35종",051-646-1470
11154,현대산업사,부산광역시 강서구 범방3로 13 (미음동),수동식 식품 가공기기 및 금속 주방용기 제조업,051-971-7768
11155,현대산업사,부산광역시 동구 중앙대로 498 (범일동),그 외 기타 플라스틱 제품 제조업,051-644-7770
11156,현대쇼트,"부산광역시 사상구 낙동대로1468번길 42 (삼락동, 현대쇼트)",그 외 기타 금속가공업,051-303-5804
11157,현대수산사료(주),부산광역시 강서구 녹산산업중로 432 (송정동),반려동물용 사료 제조업 외 2종,051-831-6612
11158,현대애드기획,부산광역시 동래구 연안로58번길 39 (안락동),간판 및 광고물 제조업,미등록
11159,현대앰앤피,부산광역시 강서구 체육공원로6번길 181-20 (대저1동),그 외 자동차용 신품 부품 제조업 외 3종,051-973-3584
11160,현대에스이에스,부산광역시 강서구 대저중앙로 122 (대저1동),기타 일반 기계 및 장비 수리업,051-961-2008
11161,현대유브이산업,부산광역시 사상구 장인로37번길 59 (감전동),신발 부분품 제조업,051-322-6146
11162,현대전기,부산광역시 사하구 감천항로429번길 38 (구평동),기타 조명장치 제조업 외 1종,051-412-9282
11163,현대정밀,부산광역시 강서구 유통단지1로132번길 20 (대저2동),그 외 기타 분류 안된 금속 가공 제품 제조업 외 1종,051-417-0882
11164,현대정밀가스켓,"부산광역시 사상구 가야대로175번길 29, 1동 (감전동)",자동차 엔진용 신품 부품 제조업 외 18종,051-802-7662
11165,현대제경산업,부산광역시 사상구 하신번영로 475 (엄궁동),안전유리 제조업 외 1종,051-325-3200
11166,현대종합금속(주),부산광역시 강서구 미음국제3로 88 (미음동),액체 여과기 제조업 외 1종,054-260-0634
11167,현대종합상사,"부산광역시 영도구 해양로195번길 30 (동삼동, 현대종합)",선박 구성 부분품 제조업,051-414-9542
11168,현대종합식품,부산광역시 강서구 공항로1309번길 95-15 (대저1동),천연 및 혼합조제 조미료 제조업 외 1종,051-941-6306
11169,현대특수강,부산광역시 강서구 미음산단3로 124 (미음동),금속탱크 및 저장용기 제조업 외 1종,055-343-9860
11170,현대특수인쇄,부산광역시 사상구 가야대로133번길 66-7(감전동),인쇄 및 제책용 기계 제조업,051-324-3548
11171,현대프라엔(주),부산광역시 강서구 녹산산업북로 295 (송정동),"고무, 화학섬유 및 플라스틱 성형기 제조업 외 4종",051-831-2101
11172,현대피할공업사,부산광역시 강서구 대저중앙로 360-25 (대저1동),신발 부분품 제조업,051-972-9084
11173,현대화학,부산광역시 사하구 신산북로 30 (신평동),그 외 기타 플라스틱 제품 제조업,051-207-2744
11174,현대후렘,"부산광역시 수영구 좌수영로210번길 36 (망미동, 현대후램)",구조용 금속 판제품 및 공작물 제조업 외 4종,051-751-0488
11175,현동정밀,"부산광역시 사상구 사상로447번길 74 (모라동, 현동정밀)",주형 및 금형 제조업,051-301-7593
11176,현서엘리베이터(주),부산광역시 사하구 을숙도대로755번길 17(구평동),승강기 제조업,051-203-1331
11177,현성,부산광역시 강서구 낙동남로605번길 46-10 (녹산동),산업용 트럭 및 적재기 제조업,미등록
11178,현성전기,부산광역시 강서구 화전산단5로98번길 17 (화전동),기타 전기 변환장치 제조업 외 1종,051-323-6850
11179,현송콘트롤스 주식회사,부산광역시 강서구 미음국제4로 74 (미음동),선박 구성 부분품 제조업,051-514-9951
11180,현스틸,부산광역시 강서구 식만로 13-27 (죽림동),그 외 기타 금속가공업,051-972-0447
11181,현승산업,부산광역시 강서구 녹산산단290로 27-17 (송정동),절삭가공 및 유사처리업,051-831-9795
11182,현승지앤티,부산광역시 강서구 화전산단6로32번길 9 (화전동),절삭가공 및 유사처리업,051-831-7080
11183,현오테크,부산광역시 강서구 맥도길473번길 38-5 (대저2동),"탭, 밸브 및 유사장치 제조업",미등록
11184,현우ENG,부산광역시 강서구 녹산산업북로313번길 54 (송정동),절삭가공 및 유사처리업,051-714-1147
11185,현우TC,부산광역시 강서구 상덕로119번가길 53 (강동동),고무패킹류 제조업 외 1종,051-341-5996
11186,현우TECH,부산광역시 강서구 맥도강변길 965-3 (대저2동),절삭가공 및 유사처리업,미등록
11187,현우수산,부산광역시 사하구 다산로 261 (장림동),기타 수산동물 가공 및 저장 처리업,051-265-5314
11188,현은시스템,부산광역시 강서구 녹산산단46로 85 (송정동),그 외 기타 특수목적용 기계 제조업,051-941-7477
11189,현이냉동(주),부산광역시 사하구 감천항로 240 (구평동),수산동물 냉동품 제조업,051-264-6101
11190,현이푸드(주),부산광역시 사하구 을숙도대로755번길 6 (구평동),기타 수산동물 가공 및 저장 처리업 외 1종,051-265-8768
11191,현이푸드빌(주),부산광역시 사하구 을숙도대로755번길 6 (구평동),수산동물 냉동품 제조업,051-256-8817
11192,현일공업사,부산광역시 강서구 대저중앙로 355-1 (대저1동),스크린 인쇄업,051-302-8132
11193,현주테크,부산광역시 사상구 낙동대로 992-26(감전동),그 외 기타 플라스틱 제품 제조업,미등록
11194,현진,부산광역시 사하구 다산로53번길 44(다대동),유압기기 제조업,051-265-3263
11195,현진공업사,부산광역시 금정구 동천로7번길 48-14 (회동동),자동차 차체용 신품 부품 제조업 외 1종,051-531-4166
11196,현진그린텍,부산광역시 강서구 미음국제5로나길 25(미음동),그 외 기타 특수목적용 기계 제조업,051-941-9774
11197,현진기업사    ,부산광역시 기장군 정관읍 산단3로 101-24,그 외 자동차용 신품 부품 제조업,051-728-7691
11198,현진메탈,"부산광역시 사상구 모라로 22, 9층 902호(부산벤처타워) (모라동)",절삭가공 및 유사처리업,051-832-0845
11199,현진소재(주),부산광역시 강서구 과학산단로 391(지사동),그 외 기타 금속가공업,051-602-7700
11200,현진스틸,부산광역시 사하구 다대로170번길 19 (신평동),구조용 금속 판제품 및 공작물 제조업,051-202-0797
11201,현진정밀,부산광역시 사상구 학감대로 170-7 (학장동),주형 및 금형 제조업,051-323-9964
11202,현진크린텍,부산광역시 기장군 기장읍 배산로56번길 35 (현진크렌텍),플라스틱 필름 제조업 외 1종,051-723-0014
11203,현창ENG,부산광역시 강서구 녹산산단261로14번길 17-23 (송정동),그 외 기타 금속가공업,051-832-1288
11204,현텍코 주식회사,부산광역시 강서구 낙동북로125번길 116 (강동동),육상 금속 골조 구조재 제조업 외 1종,미등록
11205,현항공산업(주),부산광역시 강서구 녹산산단46로 91 (송정동) (총 3 필지),항공기용 부품 제조업,051-832-0270
11206,현항공산업(주),부산광역시 강서구 녹산산단27로 138 (송정동),항공기용 부품 제조업,051-974-6512
11207,현항공산업(주),부산광역시 강서구 녹산산단46로 97 (송정동),항공기용 부품 제조업,051-974-6500
11208,현홍테크,부산광역시 강서구 신호산단3로88번길 70(신호동),액체 여과기 제조업,051-271-1558
11209,협동사,부산광역시 사하구 하신중앙로3번길 110 (장림동),"도금, 착색 및 기타 표면처리강재 제조업",051-261-0580
11210,협동조합 매일매일즐거워,"부산광역시 동래구 충렬대로202번길 14, 상가 라동 1, 2호(수안동, 해바라기아파트)",농업 및 임업용 기계 제조업,미등록
11211,협력공업사,부산광역시 영도구 대평로27번길 21 (대평동1가),그 외 기타 금속가공업,051-413-0276
11212,협성공업사,부산광역시 사하구 다산로225번길 27 (장림동),도장 및 기타 피막처리업,051-262-8244
11213,협성금속,부산광역시 강서구 미음산단6로 26 (미음동),"탭, 밸브 및 유사장치 제조업",051-323-7799
11214,협성기계,부산광역시 강서구 녹산산업중로 51-7 (송정동),디지털 적층 성형기계 제조업 외 1종,051-831-2323
11215,협성기업,부산광역시 강서구 녹산산업북로313번길 81 (송정동),금속 캔 및 기타 포장용기 제조업,051-831-9604
11216,협성기업,부산광역시 영도구 남항서로 76-4 (남항동3가),선박 구성 부분품 제조업,미등록
11217,협성산업,부산광역시 사하구 하신중앙로3번길 60-4 (장림동),기타 건축용 플라스틱 조립제품 제조업,051-262-6890
11218,협성산업사,부산광역시 사상구 대동로269번길 46 (감전동),신발 부분품 제조업,051-324-1600
11219,협성엔지니어링,"부산광역시 사상구 낙동대로1356번길 25 (삼락동, 협성철광 제2공장)","탭, 밸브 및 유사장치 제조업 외 5종",051-302-6272
11220,협성정밀,부산광역시 강서구 대저동서로229번길 13-1 (대저2동),볼트 및 너트류 제조업 외 2종,051-311-2537
11221,협성철광공업사,부산광역시 강서구 녹산산업중로 215 (송정동),그 외 기타 일반목적용 기계 제조업 외 1종,051-302-2456
11222,협성철광주식회사,"부산광역시 사상구 낙동대로1356번길 25 (삼락동, 협성철광 제2공장)","탭, 밸브 및 유사장치 제조업 외 6종",051-302-2456
11223,협성철광주식회사,부산광역시 사상구 낙동대로1356번길 17 (삼락동),"탭, 밸브 및 유사장치 제조업 외 6종",051-302-2456
11224,협신기계(주),부산광역시 강서구 가락대로 702 (생곡동),기체 펌프 및 압축기 제조업 외 1종,051-326-1830
11225,협신연마,부산광역시 사상구 낙동대로901번길 25-11 (감전동),절삭가공 및 유사처리업,051-326-3800
11226,협신정밀,"부산광역시 사상구 모덕로95번길 83 (모라동, 협신정밀)","탭, 밸브 및 유사장치 제조업 외 44종",051-304-6886
11227,협신정밀,부산광역시 강서구 낙동북로138번길 14 (강동동),그 외 기타 일반목적용 기계 제조업 외 1종,미등록
11228,협신크랭크,부산광역시 강서구 녹산산업중로 199 (송정동),선박 구성 부분품 제조업 외 15종,051-832-1334
11229,협진공업사,"부산광역시 영도구 해양로195번길 66 (동삼동, 협진공업사)",선박 구성 부분품 제조업,051-0405-6249
11230,협진양행,부산광역시 강서구 신덕길2번길 13-3 (대저1동),,051-973-6601
11231,협창package,부산광역시 강서구 가락대로1397번길 137 (봉림동),"플라스틱 포대, 봉투 및 유사제품 제조업",051-973-2955
11232,협창산업사,"부산광역시 금정구 개좌로 91 (금사동, 협창산업사)",신발 부분품 제조업,051-524-4750
11233,형제공업사,부산광역시 사상구 낙동대로881번길 9 (감전동),그 외 기타 금속가공업,051-322-2249
11234,형제기공사,부산광역시 강서구 화전산단5로98번길 14 (화전동),기어 및 동력전달장치 제조업,051-324-6600
11235,형제기공사,"부산광역시 사상구 사상로 45 (주례동, 형제기공사)",기어 및 동력전달장치 제조업,051-314-6600
11236,형제산업사,부산광역시 사하구 하신중앙로3번길 10-3 (장림동),그 외 기타 금속가공업,051-264-5707
11237,형제쇼트,"부산광역시 사상구 낙동대로943번길 45 (감전동, 형제쇼트)",그 외 기타 금속가공업,051-322-3220
11238,형제엔지니어링,부산광역시 영도구 해양로 33-28 (청학동),선박 구성 부분품 제조업,051-415-0616
11239,형제정공,"부산광역시 사상구 새벽로121번길 97 (감전동, 형제정공)",주형 및 금형 제조업,051-326-2224
11240,형제테크(주),부산광역시 사하구 다산로105번길 56 (다대동),그 외 기타 특수목적용 기계 제조업 외 1종,051-261-2585
11241,형제특수포금  ,부산광역시 사상구 새벽로77번길 79(학장동),기타 비철금속 주조업,051-323-4156
11242,형제화학공업사,부산광역시 사하구 다산로225번길 25 (장림동),도금업,051-262-8479
11243,형제흑판사,부산광역시 연제구 거제대로 294 (거제동),사무 및 회화용품 제조업 외 1종,051-864-7802
11244,형조산업,"부산광역시 남구 신선로 365, 산학협력관 422호 (용당동, 부경대학교)","근무복, 작업복 및 유사의복 제조업 외 2종",070-4820-4236
11245,형통기업,"부산광역시 사상구 모덕로67번길 143 (모라동, 형통기업)",선박 구성 부분품 제조업,051-303-6694
11246,혜강산업,부산광역시 해운대구 재반로256번길 58 (반여동),셔츠 및 블라우스 제조업,051-784-3650
11247,혜림티엔씨,부산광역시 강서구 미음국제5로가길 5 (미음동) 현대금속,그 외 기타 금속가공업,미등록
11248,혜성ENG,부산광역시 사하구 을숙도대로 591 (신평동),선박 구성 부분품 제조업 외 1종,051-204-6269
11249,혜성SR주식회사,부산광역시 사하구 다대로354번안길 88 (장림동),"플라스틱 선, 봉, 관 및 호스 제조업",051-266-8490
11250,혜성테크빅(주),부산광역시 사하구 다대로 148 (신평동),기타 음향기기 제조업,051-205-3365
11251,혜원정밀,부산광역시 강서구 공항앞길85번길 74 (대저2동),주형 및 금형 제조업,미등록
11252,혜인선박공업사,부산광역시 영도구 대평남로51번길 8-5 (대평동2가),강선 건조업 외 2종,051-418-1988
11253,혜진,부산광역시 강서구 미음국제5로라길 30 (미음동),금속 성형기계 제조업,미등록
11254,혜진엔택,부산광역시 사상구 장인로 16 (감전동),고무패킹류 제조업 외 6종,051-323-0910
11255,혜창테크,부산광역시 사하구 장평로 69 (장림동),"물질 검사, 측정 및 분석기구 제조업",051-262-7151
11256,호건실업,"부산광역시 영도구 와치로 163,  1층 (동삼동)",어망 및 기타 끈 가공품 제조업,051-417-4875
11257,호서테크,부산광역시 강서구 미음산단로76번길 6 (구랑동),그 외 기타 일반목적용 기계 제조업,051-710-3854
11258,호성금속,부산광역시 사하구 다산로225번길 30 (장림동),도금업,051-263-4942
11259,호성기업,부산광역시 강서구 가락대로1397번길 109 (봉림동),선박 구성 부분품 제조업,051-832-0641
11260,호성기업,부산광역시 강서구 미음산단로295번길 7 (미음동),수동식 식품 가공기기 및 금속 주방용기 제조업,051-832-0641
11261,호성정밀,부산광역시 사하구 하신중앙로3번길 58 (장림동),주형 및 금형 제조업 외 4종,051-264-0387
11262,호성테크,부산광역시 강서구 호계로79번길 50-2 (죽동동),볼트 및 너트류 제조업 외 2종,미등록
11263,호승기계,부산광역시 강서구 과학산단로 381(지사동),건설 및 채광용 기계장비 제조업,055-329-6350
11264,호승쇼트기계,부산광역시 강서구 신호산단1로 220-16 (신호동),그 외 기타 특수목적용 기계 제조업,051-831-6384
11265,호영기계,부산광역시 강서구 녹산산단407로 45 (송정동),금속 절삭기계 제조업,051-831-6986
11266,호원P&D,부산광역시 강서구 식만로179번가길 39 (식만동),금속선 가공제품 제조업,051-302-0520
11267,호원정수공업사,부산광역시 서구 구덕로200번길 15 (부민동1가),액체 여과기 제조업,051-246-2401
11268,홍림수산냉동(주),부산광역시 사하구 원양로 340 (감천동),"수산동물 훈제, 조리 및 유사 조제식품 제조업 외 1종",051-292-8896
11269,홍부광고산업,부산광역시 금정구 부곡로 162-8 (부곡동),간판 및 광고물 제조업 외 1종,051-516-0007
11270,홍익공업사,부산광역시 강서구 수봉3길 14 (강동동),,051-973-7797
11271,홍일식품 ,부산광역시 기장군 장안읍 오리산단2로 19,장류 제조업,051-724-7575
11272,홍일식품 부산2공장,부산광역시 기장군 장안읍 오리산단로 124,장류 제조업 외 1종,051-724-7575
11273,홍종사,부산광역시 기장군 정관면 용수공단1길 14 (홍당사),기타 비철금속 주조업,051-728-5718
11274,홍진시스콘,"부산광역시 영도구 대평로 16, 제1동 제24호 (대평동1가, 대동대교맨션아파트)",선박 구성 부분품 제조업,051-417-8933
11275,홍징자원(주),부산광역시 강서구 생곡산단1로24번길 45 (생곡동),유압기기 제조업,051-832-2240
11276,화경물산,부산광역시 사하구 장평로 151 (장림동),수산동물 건조 및 염장품 제조업,051-265-7035
11277,화광테크,부산광역시 사상구 낙동대로882번길 7-24 (감전동),"금속 문, 창, 셔터 및 관련제품 제조업 외 8종",051-311-0686
11278,화남정밀공업사,부산광역시 강서구 대저중앙로 346 (대저1동),,051-971-4270
11279,화랑자원,부산광역시 강서구 생곡산단2로11번길 44 (생곡동),절삭가공 및 유사처리업,070-4124-0553
11280,화랑중기,부산광역시 강서구 녹산산단165로 36-19 (송정동),그 외 기타 특수목적용 기계 제조업,051-831-0309
11281,화성,"부산광역시 사하구 하신중앙로27번길 17, 1동 2층 1 (장림동, 에이스밀)",배전반 및 전기 자동제어반 제조업,미등록
11282,화성공업사,부산광역시 강서구 대저동서로212번길 20 (대저2동),그 외 자동차용 신품 부품 제조업 외 3종,051-941-0222
11283,화성금속공업(주),부산광역시 강서구 미음산단3로 159 (미음동),합금철 제조업,051-714-3846
11284,화성산업,부산광역시 강서구 녹산산단361로 20(송정동),기어 및 동력전달장치 제조업,미등록
11285,화성이엔지,부산광역시 강서구 녹산산단262로59번길 19 (송정동),구조용 금속 판제품 및 공작물 제조업 외 1종,051-715-7758
11286,화성철망공업사,"부산광역시 사상구 사상로375번길 23 (덕포동, 화성철망공업사)",금속 표시판 제조업,051-303-3388
11287,화성테크,"부산광역시 영도구 해양로195번길 68(동삼동, 씨티에스)",선박 구성 부분품 제조업,051-414-4851
11288,화승금속,부산광역시 강서구 제도로1041번길 296-7 (강동동),볼트 및 너트류 제조업 외 2종,051-323-6351
11289,화승스틸,부산광역시 강서구 낙동북로102번길 74 (강동동),"금속 문, 창, 셔터 및 관련제품 제조업",051-971-5501
11290,화신기계공업(주),부산광역시 기장군 정관읍 산단4로 2-80 ((주)화신기계공업),기타 인쇄업 외 2종,051-727-8815
11291,화신기계공업(주)  ,부산광역시 기장군 정관읍 산단4로 53,그 외 기타 달리 분류되지 않은 운송장비 제조업 외 1종,051-727-8815
11292,화신기어,"부산광역시 사상구 학감대로163번길 19 (학장동, 화신기어)",절삭가공 및 유사처리업,051-327-9637
11293,화신산업,부산광역시 기장군 장안읍 구기길 23-33,끈 및 로프 제조업,미등록
11294,화신패키지,부산광역시 강서구 녹산산업중로 410 (송정동),판지 상자 및 용기 제조업 외 2종,051-262-3700
11295,화신피혁,부산광역시 사하구 다산로 270 (장림동),모피 및 가죽 제조업,051-266-2797
11296,화인.캡,부산광역시 사하구 다대로354번안길 80 (장림동),기타 식품 첨가물 제조업 외 1종,051-262-1141
11297,화인골드마린스,부산광역시 사하구 원양로 407-11 (감천동),기타 수산동물 가공 및 저장 처리업,051-205-6928
11298,화인기계,"부산광역시 사상구 새벽시장로 8,  외1필지 (감전동)",절삭가공 및 유사처리업 외 1종,051-324-1850
11299,화인방화문,부산광역시 사상구 낙동대로 923 (감전동),"금속 문, 창, 셔터 및 관련제품 제조업",051-322-1474
11300,화인산업,부산광역시 해운대구 반송로 589 (석대동),플라스틱 창호 제조업,051-755-3534
11301,화인엔지니어링,부산광역시 강서구 신호산단4로 95 (신호동),절삭가공 및 유사처리업,051-831-3986
11302,화인전자,"부산광역시 해운대구 센텀동로 35, 3층 5 (우동, 센텀SH밸리)",기타 무선 통신장비 제조업,051-782-8107
11303,화인정밀,"부산광역시 강서구 과학산단1로60번길 30, 실험동 402호 (지사동)",알루미늄주물 주조업,051-974-9346
11304,화인정밀,부산광역시 사상구 낙동대로 1260 (삼락동),주형 및 금형 제조업 외 5종,051-301-1213
11305,화인정밀(주),부산광역시 사하구 다산로175번길 62 (다대동),항공기용 부품 제조업 외 3종,051-301-1213
11306,화전,부산광역시 강서구 금호순서길89번길 24-16 (대저2동),"산업용 오븐, 노 및 노용 버너 제조업 외 1종",051-255-0220
11307,화전공장,부산광역시 강서구 녹산화전로 126-25 (화전동),절삭가공 및 유사처리업,051-322-2533
11308,화진기계공업사,부산광역시 강서구 신호산단3로88번길 59 (신호동),절삭가공 및 유사처리업,051-831-6624
11309,화진기업(주),부산광역시 강서구 미음산단2로 21 (구랑동),기기용 자동측정 및 제어장치 제조업 외 1종,051-831-9447
11310,화진기업(주),부산광역시 강서구 미음산단2로 25 (구랑동),"물질 검사, 측정 및 분석기구 제조업 외 2종",051-831-9447
11311,화진물산,부산광역시 사하구 하신중앙로54번길 28 (장림동),기초 의약 물질 제조업 외 5종,051-261-3710
11312,화진볼트공업,부산광역시 강서구 공항앞길85번길 22-1 (대저2동),기타 구조용 금속제품 제조업,051-312-0167
11313,화진산업,부산광역시 강서구 식만로 51-20 (죽림동),육상 금속 골조 구조재 제조업 외 2종,051-796-0455
11314,화진산업,부산광역시 사하구 다산로 255 (장림동),도금업,051-263-6780
11315,화진산업,부산광역시 사하구 신산로13번길 26 (신평동),"직물, 편조원단 및 의복류 염색 가공업",051-206-1492
11316,화진산업 제2공장,부산광역시 사하구 신산로13번길 30 (신평동),"직물, 편조원단 및 의복류 염색 가공업",051-206-1492
11317,화진전기공업사,부산광역시 영도구 대평남로 42-1 (대평동2가) (총 2 필지),선박 구성 부분품 제조업,051-416-7272
11318,화창금속,부산광역시 강서구 녹산산단261로31번길 11 (송정동),도금업,051-831-5161
11319,화천정공,부산광역시 사상구 낙동대로1348번길 83 (삼락동),금속 절삭기계 제조업,051-305-9052
11320,화평중기,부산광역시 기장군 일광면 기장대로 1243,건설 및 채광용 기계장비 제조업,미등록
11321,환성기업,부산광역시 강서구 미음산단로 361 (미음동),금속탱크 및 저장용기 제조업 외 1종,051-972-8043
11322,환영정공,부산광역시 강서구 상덕로97번길 81 (강동동),절삭가공 및 유사처리업,051-971-4567
11323,환호테크,"부산광역시 사상구 가야대로103번길 10(감전동, 태한 ST)",기타 구조용 금속제품 제조업 외 36종,051-328-3412
11324,환호테크,"부산광역시 사상구 낙동대로988번길 15(감전동, 대성금형)",기타 구조용 금속제품 제조업 외 22종,051-328-3412
11325,황귀기업사,부산광역시 강서구 녹산산업북로 303 (송정동),기타 종이 상자 및 용기 제조업,051-756-2081
11326,황금도가니,부산광역시 사상구 대동로 216-5 (학장동),절삭가공 및 유사처리업,051-325-3362
11327,황보정밀,"부산광역시 사상구 사상로319번길 52 (덕포동, 황보정밀)",그 외 자동차용 신품 부품 제조업 외 3종,051-303-7032
11328,황해포장,부산광역시 강서구 영강길 120-6 (명지동),골판지 제조업 외 1종,051-324-8181
11329,회성이엔지,부산광역시 사상구 낙동대로988번길 27 (감전동),액체 여과기 제조업 외 3종,070-5015-1196
11330,회진정밀,부산광역시 사상구 가야대로133번길 41 (감전동),주형 및 금형 제조업,051-326-7185
11331,효민ENG,부산광역시 강서구 대저중앙로348번길 24-18 (대저1동),선박 구성 부분품 제조업,미등록
11332,효민디앤피,"부산광역시 부산진구 신천대로102번길 17, 1층 (부전동, 효민사옥)",경 인쇄업 외 3종,051-807-5100
11333,효산엔지니어링,"부산광역시 사상구 사상로401번길 22 (덕포동, 효성엔지니어링)",그 외 기타 일반목적용 기계 제조업 외 1종,051-343-7365
11334,효성상사,부산광역시 강서구 대저중앙로285번길 88(대저1동),그 외 기타 분류 안된 섬유제품 제조업,미등록
11335,효성전기,부산광역시 강서구 낙동남로483번길 42 (녹산동),배전반 및 전기 자동제어반 제조업,051-266-0959
11336,효성전기(주),부산광역시 기장군 장안읍 장안산단9로 190,그 외 자동차용 신품 부품 제조업 외 3종,051-720-6300
11337,효성전장,"부산광역시 북구 금곡대로616번길 9, 지하 (금곡동)",그 외 자동차용 신품 부품 제조업,051-343-0570
11338,효성중공업부산대리점,부산광역시 사상구 학감대로163번길 21 (학장동),배전반 및 전기 자동제어반 제조업,051-809-3388
11339,효성테크,부산광역시 강서구 녹산산단261로13번길 41 (송정동),그 외 기타 금속가공업,051-973-8748
11340,효우엔지니어링,부산광역시 사상구 새벽로215번길 7 (괘법동),컨베이어장치 제조업 외 4종,051-316-0778
11341,효원HM,부산광역시 강서구 미음산단로37번길 5 (구랑동),선박 구성 부분품 제조업 외 1종,051-612-6124
11342,효원금속(주),부산광역시 강서구 가달2로 67 (생곡동),그 외 기타 1차 철강 제조업,051-941-6764
11343,효원산업,부산광역시 강서구 녹산산단381로 13 (송정동),목재문 및 관련제품 제조업 외 2종,051-831-3000
11344,효원엔지니어링,부산광역시 강서구 화전산단5로98번길 13 (화전동),절삭가공 및 유사처리업,051-831-9435
11345,효원제책사,"부산광역시 사상구 낙동대로1420번길 41,  306,307,308호 (삼락동)",기타 인쇄업 외 1종,051-304-0017
11346,효자식품,부산광역시 사상구 사상로433번길 70 (모라동),기타 곡물 가공품 제조업,051-301-7100
11347,효전산업,부산광역시 강서구 식만로 33-30 (죽림동),선박 구성 부분품 제조업,051-972-3803
11348,효진메디칼    ,"부산광역시 금정구 개좌로 273-20, 4층 411호    (회동동)",그 외 기타 의료용 기기 제조업,051-532-5817
11349,효진정밀,부산광역시 사하구 장평로190번길 25 (장림동),금속 위생용품 제조업,051-266-1697
11350,효창프라스틱,부산광역시 사하구 다대로354번길 55 (장림동),그 외 자동차용 신품 부품 제조업 외 4종,051-266-5290
11351,효한전기(주),"부산광역시 사상구 낙동대로1338번길 78, 2층 (삼락동)",전동기 및 발전기 제조업,051-468-0937
11352,후소산기(주),"부산광역시 사상구 학장로95번길 30 (학장동, 동신유압(주))",기타 가공 공작기계 제조업 외 1종,051-302-1771
11353,훈성산업사,부산광역시 금정구 공단로49번길 14 (금사동),포장용 플라스틱 성형용기 제조업,051-523-1506
11354,훼미리식품(주) 부산공장,부산광역시 사하구 하신중앙로 140 (신평동) (총 2 필지),아이스크림 및 기타 식용빙과류 제조업,051-207-0850
11355,휘광전기,부산광역시 영도구 절영로94번길 4 (남항동3가),선박 구성 부분품 제조업,051-412-6227
11356,휘성섬유,부산광역시 기장군 정관면 매학리 531-5번지 외 1필지,모 방적업,051-727-7556
11357,휠브로,부산광역시 사상구 장인로 6(감전동),그 외 자동차용 신품 부품 제조업,미등록
11358,휴먼아이티에스(주),부산광역시 기장군 기장읍 차성로389번길 6 ((주)휴먼아이티에스),교통 신호장치 제조업 외 4종,051-851-8110
11359,휴먼코어젠주식회사,부산광역시 연제구 쌍미천로84번길 85 (연산동),비 및 솔 제조업 외 4종,미등록
11360,휴텍스,부산광역시 강서구 녹산산단362로 41 (송정동),섬유제품 기타 정리 및 마무리 가공업 외 1종,051-832-1850
11361,흥국엔지니어링,부산광역시 사상구 가야대로 309 (주례동),기체 펌프 및 압축기 제조업 외 1종,051-322-1919
11362,흥국이엔씨,부산광역시 강서구 제도로 823 (강동동),자동차용 금속 압형제품 제조업 외 3종,051-328-5567
11363,흥성공업사,부산광역시 사하구 장평로138번길 17-2 (장림동),그 외 자동차용 신품 부품 제조업 외 3종,051-264-5825
11364,흥아금속,부산광역시 사상구 낙동대로1330번길 60 (삼락동),강주물 주조업,051-311-9679
11365,흥일금속,부산광역시 사상구 낙동대로1048번길 6 (감전동),구조용 금속 판제품 및 공작물 제조업 외 9종,051-327-1313
11366,흥일기업,"부산광역시 영도구 대평남로31번길 21, 1층 (대평동1가)",선박 구성 부분품 제조업 외 1종,051-416-9797
11367,흥일정공,"부산광역시 사상구 사상로401번길 53 (덕포동, 흥일정공)",그 외 기타 일반목적용 기계 제조업 외 1종,051-304-3015
11368,흥진산업,부산광역시 사하구 비봉로21번길 25 (신평동),식품 위생용 종이 상자 및 용기 제조업 외 1종,051-206-5673
11369,흥진산업(주),부산광역시 사하구 다산로 125 (다대동),건설 및 채광용 기계장비 제조업,051-266-0253
11370,흥진산업(주),부산광역시 사하구 다산로 81 (다대동),건설 및 채광용 기계장비 제조업 외 1종,051-266-0253
11371,희림상사,"부산광역시 동래구 시실로167번길 75, 1층 (명장동)",침구 및 관련제품 제조업 외 14종,032-508-5600
11372,희림상사,"부산광역시 금정구 금사로107번길 24, 지하1층, 1층좌 (금사동)",침구 및 관련제품 제조업 외 14종,032-508-5600
11373,희성기연,부산광역시 강서구 녹산산업중로 432 (송정동),금속 주조 및 기타 야금용 기계 제조업,051-266-2472
11374,희성어패럴,"부산광역시 사하구 다대로 148, 2층(신평동)","근무복, 작업복 및 유사의복 제조업 외 5종",미등록
11375,희성전열,부산광역시 사상구 새벽시장로63번길 37(감전동),전자감지장치 제조업 외 1종,051-314-3173
11376,희정산업,부산광역시 강서구 신호산단4로 85 (신호동),구조용 금속 판제품 및 공작물 제조업,051-831-6924
11377,희창물산(주),부산광역시 서구 충무대로 146 (남부민동),수산동물 냉동품 제조업,051-241-0881
11378,히아브크레인(주),부산광역시 강서구 범방2로 36 (미음동),기타 물품 취급장비 제조업,051-973-9010
11379,히타엔지니어링,부산광역시 강서구 대저로155번길 105-18 (대저1동),"산업용 오븐, 노 및 노용 버너 제조업 외 1종",051-816-8107
11380,힐탑산기,부산광역시 강서구 미음국제5로라길 24 (미음동),산업용 송풍기 및 배기장치 제조업,051-941-9411
11381,힐튼디자인,"부산광역시 사하구 하신중앙로27번길 17, 410호(장림동, 에이스밀)",소파 및 기타 내장가구 제조업,070-7578-0370
11382,힐튼퍼니쳐,"부산광역시 사하구 장평로 122-2, 1층 (장림동)",소파 및 기타 내장가구 제조업,미등록
11383,힐티코리아(주),부산광역시 강서구 낙동남로533번길 74 (녹산동),절삭가공 및 유사처리업,02-2007-2783
11384,힘코이엔지,부산광역시 강서구 체육공원로26번길 64 (대저1동),기어 및 동력전달장치 제조업,051-303-3161
11385,힘텍,부산광역시 강서구 녹산산단27로 9 (송정동),선박 구성 부분품 제조업,051-553-0009
11386,힙텍,부산광역시 강서구 대저중앙로348번길 17-2 (대저1동),그 외 기타 특수목적용 기계 제조업 외 1종,051-304-3316
